"Program","Year","Period","Week Ending","Geo Level","State","State ANSI","Ag District","Ag District Code","County","County ANSI","Zip Code","Region","watershed_code","Watershed","Commodity","Data Item","Domain","Domain Category","Value","CV (%)"
"SURVEY","2024","YEAR","","COUNTY","ILLINOIS","17","","99","OTHER COUNTIES","","","","00000000","","CORN","CORN - ACRES PLANTED","TOTAL","NOT SPECIFIED","3,779,700","0.0"
"SURVEY","2024","YEAR","","COUNTY","ILLINOIS","17","CENTRAL","40","LOGAN","107","","","00000000","","CORN","CORN - ACRES PLANTED","TOTAL","NOT SPECIFIED","175,000","0.0"
"SURVEY","2024","YEAR","","COUNTY","ILLINOIS","17","CENTRAL","40","MACON","115","","","00000000","","CORN","CORN - ACRES PLANTED","TOTAL","NOT SPECIFIED","144,000","0.0"
"SURVEY","2024","YEAR","","COUNTY","ILLINOIS","17","CENTRAL","40","MCLEAN","113","","","00000000","","CORN","CORN - ACRES PLANTED","TOTAL","NOT SPECIFIED","312,000","0.0"
"SURVEY","2024","YEAR","","COUNTY","ILLINOIS","17","CENTRAL","40","MENARD","129","","","00000000","","CORN","CORN - ACRES PLANTED","TOTAL","NOT SPECIFIED","71,700","0.0"
"SURVEY","2024","YEAR","","COUNTY","ILLINOIS","17","CENTRAL","40","PEORIA","143","","","00000000","","CORN","CORN - ACRES PLANTED","TOTAL","NOT SPECIFIED","102,500","0.0"
"SURVEY","2024","YEAR","","COUNTY","ILLINOIS","17","CENTRAL","40","STARK","175","","","00000000","","CORN","CORN - ACRES PLANTED","TOTAL","NOT SPECIFIED","86,000","0.0"
"SURVEY","2024","YEAR","","COUNTY","ILLINOIS","17","CENTRAL","40","TAZEWELL","179","","","00000000","","CORN","CORN - ACRES PLANTED","TOTAL","NOT SPECIFIED","142,000","0.0"
"SURVEY","2024","YEAR","","COUNTY","ILLINOIS","17","EAST","50","IROQUOIS","075","","","00000000","","CORN","CORN - ACRES PLANTED","TOTAL","NOT SPECIFIED","312,500","0.1"
"SURVEY","2024","YEAR","","COUNTY","ILLINOIS","17","EAST","50","LIVINGSTON","105","","","00000000","","CORN","CORN - ACRES PLANTED","TOTAL","NOT SPECIFIED","295,000","0.0"
"SURVEY","2024","YEAR","","COUNTY","ILLINOIS","17","EAST","50","PIATT","147","","","00000000","","CORN","CORN - ACRES PLANTED","TOTAL","NOT SPECIFIED","122,500","0.0"
"SURVEY","2024","YEAR","","COUNTY","ILLINOIS","17","EAST","50","VERMILION","183","","","00000000","","CORN","CORN - ACRES PLANTED","TOTAL","NOT SPECIFIED","220,500","0.0"
"SURVEY","2024","YEAR","","COUNTY","ILLINOIS","17","EAST SOUTHEAST","70","CLARK","023","","","00000000","","CORN","CORN - ACRES PLANTED","TOTAL","NOT SPECIFIED","88,900","0.0"
"SURVEY","2024","YEAR","","COUNTY","ILLINOIS","17","EAST SOUTHEAST","70","CLAY","025","","","00000000","","CORN","CORN - ACRES PLANTED","TOTAL","NOT SPECIFIED","58,700","0.0"
"SURVEY","2024","YEAR","","COUNTY","ILLINOIS","17","EAST SOUTHEAST","70","COLES","029","","","00000000","","CORN","CORN - ACRES PLANTED","TOTAL","NOT SPECIFIED","113,000","0.0"
"SURVEY","2024","YEAR","","COUNTY","ILLINOIS","17","EAST SOUTHEAST","70","CRAWFORD","033","","","00000000","","CORN","CORN - ACRES PLANTED","TOTAL","NOT SPECIFIED","77,900","0.0"
"SURVEY","2024","YEAR","","COUNTY","ILLINOIS","17","EAST SOUTHEAST","70","CUMBERLAND","035","","","00000000","","CORN","CORN - ACRES PLANTED","TOTAL","NOT SPECIFIED","62,500","0.0"
"SURVEY","2024","YEAR","","COUNTY","ILLINOIS","17","EAST SOUTHEAST","70","DOUGLAS","041","","","00000000","","CORN","CORN - ACRES PLANTED","TOTAL","NOT SPECIFIED","110,000","0.0"
"SURVEY","2024","YEAR","","COUNTY","ILLINOIS","17","EAST SOUTHEAST","70","EDGAR","045","","","00000000","","CORN","CORN - ACRES PLANTED","TOTAL","NOT SPECIFIED","154,000","0.0"
"SURVEY","2024","YEAR","","COUNTY","ILLINOIS","17","EAST SOUTHEAST","70","EFFINGHAM","049","","","00000000","","CORN","CORN - ACRES PLANTED","TOTAL","NOT SPECIFIED","85,600","0.0"
"SURVEY","2024","YEAR","","COUNTY","ILLINOIS","17","EAST SOUTHEAST","70","LAWRENCE","101","","","00000000","","CORN","CORN - ACRES PLANTED","TOTAL","NOT SPECIFIED","69,900","0.0"
"SURVEY","2024","YEAR","","COUNTY","ILLINOIS","17","EAST SOUTHEAST","70","MARION","121","","","00000000","","CORN","CORN - ACRES PLANTED","TOTAL","NOT SPECIFIED","68,200","0.0"
"SURVEY","2024","YEAR","","COUNTY","ILLINOIS","17","EAST SOUTHEAST","70","RICHLAND","159","","","00000000","","CORN","CORN - ACRES PLANTED","TOTAL","NOT SPECIFIED","64,100","0.0"
"SURVEY","2024","YEAR","","COUNTY","ILLINOIS","17","NORTHEAST","20","BOONE","007","","","00000000","","CORN","CORN - ACRES PLANTED","TOTAL","NOT SPECIFIED","64,900","0.0"
"SURVEY","2024","YEAR","","COUNTY","ILLINOIS","17","NORTHEAST","20","KANE","089","","","00000000","","CORN","CORN - ACRES PLANTED","TOTAL","NOT SPECIFIED","72,600","0.0"
"SURVEY","2024","YEAR","","COUNTY","ILLINOIS","17","NORTHEAST","20","LA SALLE","099","","","00000000","","CORN","CORN - ACRES PLANTED","TOTAL","NOT SPECIFIED","281,000","0.0"
"SURVEY","2024","YEAR","","COUNTY","ILLINOIS","17","NORTHEAST","20","LAKE","097","","","00000000","","CORN","CORN - ACRES PLANTED","TOTAL","NOT SPECIFIED","7,100","0.0"
"SURVEY","2024","YEAR","","COUNTY","ILLINOIS","17","NORTHEAST","20","WILL","197","","","00000000","","CORN","CORN - ACRES PLANTED","TOTAL","NOT SPECIFIED","91,300","0.0"
"SURVEY","2024","YEAR","","COUNTY","ILLINOIS","17","NORTHWEST","10","BUREAU","011","","","00000000","","CORN","CORN - ACRES PLANTED","TOTAL","NOT SPECIFIED","246,000","0.0"
"SURVEY","2024","YEAR","","COUNTY","ILLINOIS","17","NORTHWEST","10","CARROLL","015","","","00000000","","CORN","CORN - ACRES PLANTED","TOTAL","NOT SPECIFIED","125,500","0.0"
"SURVEY","2024","YEAR","","COUNTY","ILLINOIS","17","NORTHWEST","10","JO DAVIESS","085","","","00000000","","CORN","CORN - ACRES PLANTED","TOTAL","NOT SPECIFIED","96,200","0.0"
"SURVEY","2024","YEAR","","COUNTY","ILLINOIS","17","NORTHWEST","10","OGLE","141","","","00000000","","CORN","CORN - ACRES PLANTED","TOTAL","NOT SPECIFIED","218,000","0.0"
"SURVEY","2024","YEAR","","COUNTY","ILLINOIS","17","NORTHWEST","10","STEPHENSON","177","","","00000000","","CORN","CORN - ACRES PLANTED","TOTAL","NOT SPECIFIED","159,500","0.0"
"SURVEY","2024","YEAR","","COUNTY","ILLINOIS","17","NORTHWEST","10","WHITESIDE","195","","","00000000","","CORN","CORN - ACRES PLANTED","TOTAL","NOT SPECIFIED","211,000","0.0"
"SURVEY","2024","YEAR","","COUNTY","ILLINOIS","17","NORTHWEST","10","WINNEBAGO","201","","","00000000","","CORN","CORN - ACRES PLANTED","TOTAL","NOT SPECIFIED","84,700","0.0"
"SURVEY","2024","YEAR","","COUNTY","ILLINOIS","17","SOUTHEAST","90","EDWARDS","047","","","00000000","","CORN","CORN - ACRES PLANTED","TOTAL","NOT SPECIFIED","41,600","0.0"
"SURVEY","2024","YEAR","","COUNTY","ILLINOIS","17","SOUTHEAST","90","FRANKLIN","055","","","00000000","","CORN","CORN - ACRES PLANTED","TOTAL","NOT SPECIFIED","31,200","0.0"
"SURVEY","2024","YEAR","","COUNTY","ILLINOIS","17","SOUTHEAST","90","JEFFERSON","081","","","00000000","","CORN","CORN - ACRES PLANTED","TOTAL","NOT SPECIFIED","40,100","0.0"
"SURVEY","2024","YEAR","","COUNTY","ILLINOIS","17","SOUTHEAST","90","POPE","151","","","00000000","","CORN","CORN - ACRES PLANTED","TOTAL","NOT SPECIFIED","6,000","0.0"
"SURVEY","2024","YEAR","","COUNTY","ILLINOIS","17","SOUTHEAST","90","WABASH","185","","","00000000","","CORN","CORN - ACRES PLANTED","TOTAL","NOT SPECIFIED","49,400","0.0"
"SURVEY","2024","YEAR","","COUNTY","ILLINOIS","17","SOUTHEAST","90","WAYNE","191","","","00000000","","CORN","CORN - ACRES PLANTED","TOTAL","NOT SPECIFIED","110,000","0.0"
"SURVEY","2024","YEAR","","COUNTY","ILLINOIS","17","SOUTHEAST","90","WHITE","193","","","00000000","","CORN","CORN - ACRES PLANTED","TOTAL","NOT SPECIFIED","82,200","0.0"
"SURVEY","2024","YEAR","","COUNTY","ILLINOIS","17","SOUTHWEST","80","CLINTON","027","","","00000000","","CORN","CORN - ACRES PLANTED","TOTAL","NOT SPECIFIED","96,000","0.0"
"SURVEY","2024","YEAR","","COUNTY","ILLINOIS","17","SOUTHWEST","80","JACKSON","077","","","00000000","","CORN","CORN - ACRES PLANTED","TOTAL","NOT SPECIFIED","32,600","0.0"
"SURVEY","2024","YEAR","","COUNTY","ILLINOIS","17","SOUTHWEST","80","MONROE","133","","","00000000","","CORN","CORN - ACRES PLANTED","TOTAL","NOT SPECIFIED","50,000","0.0"
"SURVEY","2024","YEAR","","COUNTY","ILLINOIS","17","SOUTHWEST","80","PULASKI","153","","","00000000","","CORN","CORN - ACRES PLANTED","TOTAL","NOT SPECIFIED","13,400","0.0"
"SURVEY","2024","YEAR","","COUNTY","ILLINOIS","17","SOUTHWEST","80","RANDOLPH","157","","","00000000","","CORN","CORN - ACRES PLANTED","TOTAL","NOT SPECIFIED","59,200","0.0"
"SURVEY","2024","YEAR","","COUNTY","ILLINOIS","17","SOUTHWEST","80","ST CLAIR","163","","","00000000","","CORN","CORN - ACRES PLANTED","TOTAL","NOT SPECIFIED","87,500","0.0"
"SURVEY","2024","YEAR","","COUNTY","ILLINOIS","17","SOUTHWEST","80","WASHINGTON","189","","","00000000","","CORN","CORN - ACRES PLANTED","TOTAL","NOT SPECIFIED","103,000","0.0"
"SURVEY","2024","YEAR","","COUNTY","ILLINOIS","17","SOUTHWEST","80","WILLIAMSON","199","","","00000000","","CORN","CORN - ACRES PLANTED","TOTAL","NOT SPECIFIED","15,700","0.0"
"SURVEY","2024","YEAR","","COUNTY","ILLINOIS","17","WEST","30","BROWN","009","","","00000000","","CORN","CORN - ACRES PLANTED","TOTAL","NOT SPECIFIED","34,700","0.0"
"SURVEY","2024","YEAR","","COUNTY","ILLINOIS","17","WEST","30","FULTON","057","","","00000000","","CORN","CORN - ACRES PLANTED","TOTAL","NOT SPECIFIED","134,500","0.0"
"SURVEY","2024","YEAR","","COUNTY","ILLINOIS","17","WEST","30","HANCOCK","067","","","00000000","","CORN","CORN - ACRES PLANTED","TOTAL","NOT SPECIFIED","165,500","0.0"
"SURVEY","2024","YEAR","","COUNTY","ILLINOIS","17","WEST","30","KNOX","095","","","00000000","","CORN","CORN - ACRES PLANTED","TOTAL","NOT SPECIFIED","149,000","0.0"
"SURVEY","2024","YEAR","","COUNTY","ILLINOIS","17","WEST SOUTHWEST","60","GREENE","061","","","00000000","","CORN","CORN - ACRES PLANTED","TOTAL","NOT SPECIFIED","106,500","0.0"
"SURVEY","2024","YEAR","","COUNTY","ILLINOIS","17","WEST SOUTHWEST","60","JERSEY","083","","","00000000","","CORN","CORN - ACRES PLANTED","TOTAL","NOT SPECIFIED","55,600","0.0"
"SURVEY","2024","YEAR","","COUNTY","ILLINOIS","17","WEST SOUTHWEST","60","MACOUPIN","117","","","00000000","","CORN","CORN - ACRES PLANTED","TOTAL","NOT SPECIFIED","171,000","0.0"
"SURVEY","2024","YEAR","","COUNTY","ILLINOIS","17","WEST SOUTHWEST","60","MADISON","119","","","00000000","","CORN","CORN - ACRES PLANTED","TOTAL","NOT SPECIFIED","105,500","0.0"
"SURVEY","2024","YEAR","","COUNTY","ILLINOIS","17","WEST SOUTHWEST","60","MONTGOMERY","135","","","00000000","","CORN","CORN - ACRES PLANTED","TOTAL","NOT SPECIFIED","161,000","0.0"
"SURVEY","2024","YEAR","","COUNTY","ILLINOIS","17","WEST SOUTHWEST","60","MORGAN","137","","","00000000","","CORN","CORN - ACRES PLANTED","TOTAL","NOT SPECIFIED","128,000","0.0"
"SURVEY","2024","YEAR","","COUNTY","ILLINOIS","17","WEST SOUTHWEST","60","PIKE","149","","","00000000","","CORN","CORN - ACRES PLANTED","TOTAL","NOT SPECIFIED","152,000","0.0"
"SURVEY","2024","YEAR","","COUNTY","ILLINOIS","17","WEST SOUTHWEST","60","SANGAMON","167","","","00000000","","CORN","CORN - ACRES PLANTED","TOTAL","NOT SPECIFIED","191,500","0.2"
"SURVEY","2024","YEAR","","COUNTY","ILLINOIS","17","WEST SOUTHWEST","60","SCOTT","171","","","00000000","","CORN","CORN - ACRES PLANTED","TOTAL","NOT SPECIFIED","53,300","0.0"
"SURVEY","2023","YEAR","","COUNTY","ILLINOIS","17","","99","OTHER COUNTIES","","","","00000000","","CORN","CORN - ACRES PLANTED","TOTAL","NOT SPECIFIED","689,500","0.2"
"SURVEY","2023","YEAR","","COUNTY","ILLINOIS","17","CENTRAL","40","LOGAN","107","","","00000000","","CORN","CORN - ACRES PLANTED","TOTAL","NOT SPECIFIED","177,000","0.2"
"SURVEY","2023","YEAR","","COUNTY","ILLINOIS","17","CENTRAL","40","MACON","115","","","00000000","","CORN","CORN - ACRES PLANTED","TOTAL","NOT SPECIFIED","138,500","0.2"
"SURVEY","2023","YEAR","","COUNTY","ILLINOIS","17","CENTRAL","40","MASON","125","","","00000000","","CORN","CORN - ACRES PLANTED","TOTAL","NOT SPECIFIED","126,000","0.2"
"SURVEY","2023","YEAR","","COUNTY","ILLINOIS","17","CENTRAL","40","MCLEAN","113","","","00000000","","CORN","CORN - ACRES PLANTED","TOTAL","NOT SPECIFIED","318,500","5.2"
"SURVEY","2023","YEAR","","COUNTY","ILLINOIS","17","CENTRAL","40","MENARD","129","","","00000000","","CORN","CORN - ACRES PLANTED","TOTAL","NOT SPECIFIED","77,500","0.2"
"SURVEY","2023","YEAR","","COUNTY","ILLINOIS","17","CENTRAL","40","PEORIA","143","","","00000000","","CORN","CORN - ACRES PLANTED","TOTAL","NOT SPECIFIED","104,000","0.2"
"SURVEY","2023","YEAR","","COUNTY","ILLINOIS","17","CENTRAL","40","STARK","175","","","00000000","","CORN","CORN - ACRES PLANTED","TOTAL","NOT SPECIFIED","86,400","0.2"
"SURVEY","2023","YEAR","","COUNTY","ILLINOIS","17","CENTRAL","40","TAZEWELL","179","","","00000000","","CORN","CORN - ACRES PLANTED","TOTAL","NOT SPECIFIED","141,500","0.2"
"SURVEY","2023","YEAR","","COUNTY","ILLINOIS","17","CENTRAL","40","WOODFORD","203","","","00000000","","CORN","CORN - ACRES PLANTED","TOTAL","NOT SPECIFIED","120,000","0.2"
"SURVEY","2023","YEAR","","COUNTY","ILLINOIS","17","EAST","50","CHAMPAIGN","019","","","00000000","","CORN","CORN - ACRES PLANTED","TOTAL","NOT SPECIFIED","267,500","0.2"
"SURVEY","2023","YEAR","","COUNTY","ILLINOIS","17","EAST","50","FORD","053","","","00000000","","CORN","CORN - ACRES PLANTED","TOTAL","NOT SPECIFIED","138,000","0.2"
"SURVEY","2023","YEAR","","COUNTY","ILLINOIS","17","EAST","50","IROQUOIS","075","","","00000000","","CORN","CORN - ACRES PLANTED","TOTAL","NOT SPECIFIED","316,500","0.2"
"SURVEY","2023","YEAR","","COUNTY","ILLINOIS","17","EAST","50","KANKAKEE","091","","","00000000","","CORN","CORN - ACRES PLANTED","TOTAL","NOT SPECIFIED","172,500","0.2"
"SURVEY","2023","YEAR","","COUNTY","ILLINOIS","17","EAST","50","LIVINGSTON","105","","","00000000","","CORN","CORN - ACRES PLANTED","TOTAL","NOT SPECIFIED","292,500","0.2"
"SURVEY","2023","YEAR","","COUNTY","ILLINOIS","17","EAST","50","PIATT","147","","","00000000","","CORN","CORN - ACRES PLANTED","TOTAL","NOT SPECIFIED","125,000","0.2"
"SURVEY","2023","YEAR","","COUNTY","ILLINOIS","17","EAST","50","VERMILION","183","","","00000000","","CORN","CORN - ACRES PLANTED","TOTAL","NOT SPECIFIED","217,500","0.2"
"SURVEY","2023","YEAR","","COUNTY","ILLINOIS","17","EAST SOUTHEAST","70","CLARK","023","","","00000000","","CORN","CORN - ACRES PLANTED","TOTAL","NOT SPECIFIED","93,200","0.2"
"SURVEY","2023","YEAR","","COUNTY","ILLINOIS","17","EAST SOUTHEAST","70","CLAY","025","","","00000000","","CORN","CORN - ACRES PLANTED","TOTAL","NOT SPECIFIED","79,800","0.2"
"SURVEY","2023","YEAR","","COUNTY","ILLINOIS","17","EAST SOUTHEAST","70","COLES","029","","","00000000","","CORN","CORN - ACRES PLANTED","TOTAL","NOT SPECIFIED","117,500","0.2"
"SURVEY","2023","YEAR","","COUNTY","ILLINOIS","17","EAST SOUTHEAST","70","CRAWFORD","033","","","00000000","","CORN","CORN - ACRES PLANTED","TOTAL","NOT SPECIFIED","84,700","0.2"
"SURVEY","2023","YEAR","","COUNTY","ILLINOIS","17","EAST SOUTHEAST","70","CUMBERLAND","035","","","00000000","","CORN","CORN - ACRES PLANTED","TOTAL","NOT SPECIFIED","69,800","0.2"
"SURVEY","2023","YEAR","","COUNTY","ILLINOIS","17","EAST SOUTHEAST","70","DOUGLAS","041","","","00000000","","CORN","CORN - ACRES PLANTED","TOTAL","NOT SPECIFIED","113,000","0.2"
"SURVEY","2023","YEAR","","COUNTY","ILLINOIS","17","EAST SOUTHEAST","70","EDGAR","045","","","00000000","","CORN","CORN - ACRES PLANTED","TOTAL","NOT SPECIFIED","161,500","0.2"
"SURVEY","2023","YEAR","","COUNTY","ILLINOIS","17","EAST SOUTHEAST","70","EFFINGHAM","049","","","00000000","","CORN","CORN - ACRES PLANTED","TOTAL","NOT SPECIFIED","86,900","0.2"
"SURVEY","2023","YEAR","","COUNTY","ILLINOIS","17","EAST SOUTHEAST","70","FAYETTE","051","","","00000000","","CORN","CORN - ACRES PLANTED","TOTAL","NOT SPECIFIED","124,000","0.2"
"SURVEY","2023","YEAR","","COUNTY","ILLINOIS","17","EAST SOUTHEAST","70","JASPER","079","","","00000000","","CORN","CORN - ACRES PLANTED","TOTAL","NOT SPECIFIED","105,000","0.2"
"SURVEY","2023","YEAR","","COUNTY","ILLINOIS","17","EAST SOUTHEAST","70","LAWRENCE","101","","","00000000","","CORN","CORN - ACRES PLANTED","TOTAL","NOT SPECIFIED","78,700","0.2"
"SURVEY","2023","YEAR","","COUNTY","ILLINOIS","17","EAST SOUTHEAST","70","MARION","121","","","00000000","","CORN","CORN - ACRES PLANTED","TOTAL","NOT SPECIFIED","86,100","0.2"
"SURVEY","2023","YEAR","","COUNTY","ILLINOIS","17","EAST SOUTHEAST","70","MOULTRIE","139","","","00000000","","CORN","CORN - ACRES PLANTED","TOTAL","NOT SPECIFIED","84,900","0.2"
"SURVEY","2023","YEAR","","COUNTY","ILLINOIS","17","EAST SOUTHEAST","70","RICHLAND","159","","","00000000","","CORN","CORN - ACRES PLANTED","TOTAL","NOT SPECIFIED","75,300","0.2"
"SURVEY","2023","YEAR","","COUNTY","ILLINOIS","17","EAST SOUTHEAST","70","SHELBY","173","","","00000000","","CORN","CORN - ACRES PLANTED","TOTAL","NOT SPECIFIED","167,500","0.2"
"SURVEY","2023","YEAR","","COUNTY","ILLINOIS","17","NORTHEAST","20","BOONE","007","","","00000000","","CORN","CORN - ACRES PLANTED","TOTAL","NOT SPECIFIED","70,500","0.2"
"SURVEY","2023","YEAR","","COUNTY","ILLINOIS","17","NORTHEAST","20","DE KALB","037","","","00000000","","CORN","CORN - ACRES PLANTED","TOTAL","NOT SPECIFIED","194,000","0.2"
"SURVEY","2023","YEAR","","COUNTY","ILLINOIS","17","NORTHEAST","20","KANE","089","","","00000000","","CORN","CORN - ACRES PLANTED","TOTAL","NOT SPECIFIED","73,800","0.2"
"SURVEY","2023","YEAR","","COUNTY","ILLINOIS","17","NORTHEAST","20","KENDALL","093","","","00000000","","CORN","CORN - ACRES PLANTED","TOTAL","NOT SPECIFIED","71,600","0.2"
"SURVEY","2023","YEAR","","COUNTY","ILLINOIS","17","NORTHEAST","20","LA SALLE","099","","","00000000","","CORN","CORN - ACRES PLANTED","TOTAL","NOT SPECIFIED","280,500","1.0"
"SURVEY","2023","YEAR","","COUNTY","ILLINOIS","17","NORTHEAST","20","LAKE","097","","","00000000","","CORN","CORN - ACRES PLANTED","TOTAL","NOT SPECIFIED","9,100","0.2"
"SURVEY","2023","YEAR","","COUNTY","ILLINOIS","17","NORTHEAST","20","WILL","197","","","00000000","","CORN","CORN - ACRES PLANTED","TOTAL","NOT SPECIFIED","91,000","0.2"
"SURVEY","2023","YEAR","","COUNTY","ILLINOIS","17","NORTHWEST","10","BUREAU","011","","","00000000","","CORN","CORN - ACRES PLANTED","TOTAL","NOT SPECIFIED","252,000","0.2"
"SURVEY","2023","YEAR","","COUNTY","ILLINOIS","17","NORTHWEST","10","CARROLL","015","","","00000000","","CORN","CORN - ACRES PLANTED","TOTAL","NOT SPECIFIED","127,000","0.2"
"SURVEY","2023","YEAR","","COUNTY","ILLINOIS","17","NORTHWEST","10","HENRY","073","","","00000000","","CORN","CORN - ACRES PLANTED","TOTAL","NOT SPECIFIED","228,000","0.2"
"SURVEY","2023","YEAR","","COUNTY","ILLINOIS","17","NORTHWEST","10","JO DAVIESS","085","","","00000000","","CORN","CORN - ACRES PLANTED","TOTAL","NOT SPECIFIED","96,800","0.2"
"SURVEY","2023","YEAR","","COUNTY","ILLINOIS","17","NORTHWEST","10","LEE","103","","","00000000","","CORN","CORN - ACRES PLANTED","TOTAL","NOT SPECIFIED","234,000","0.2"
"SURVEY","2023","YEAR","","COUNTY","ILLINOIS","17","NORTHWEST","10","MERCER","131","","","00000000","","CORN","CORN - ACRES PLANTED","TOTAL","NOT SPECIFIED","139,000","0.2"
"SURVEY","2023","YEAR","","COUNTY","ILLINOIS","17","NORTHWEST","10","OGLE","141","","","00000000","","CORN","CORN - ACRES PLANTED","TOTAL","NOT SPECIFIED","218,000","0.2"
"SURVEY","2023","YEAR","","COUNTY","ILLINOIS","17","NORTHWEST","10","PUTNAM","155","","","00000000","","CORN","CORN - ACRES PLANTED","TOTAL","NOT SPECIFIED","31,200","0.2"
"SURVEY","2023","YEAR","","COUNTY","ILLINOIS","17","NORTHWEST","10","ROCK ISLAND","161","","","00000000","","CORN","CORN - ACRES PLANTED","TOTAL","NOT SPECIFIED","67,800","0.2"
"SURVEY","2023","YEAR","","COUNTY","ILLINOIS","17","NORTHWEST","10","STEPHENSON","177","","","00000000","","CORN","CORN - ACRES PLANTED","TOTAL","NOT SPECIFIED","163,500","0.2"
"SURVEY","2023","YEAR","","COUNTY","ILLINOIS","17","NORTHWEST","10","WHITESIDE","195","","","00000000","","CORN","CORN - ACRES PLANTED","TOTAL","NOT SPECIFIED","213,000","0.2"
"SURVEY","2023","YEAR","","COUNTY","ILLINOIS","17","NORTHWEST","10","WINNEBAGO","201","","","00000000","","CORN","CORN - ACRES PLANTED","TOTAL","NOT SPECIFIED","89,200","0.2"
"SURVEY","2023","YEAR","","COUNTY","ILLINOIS","17","SOUTHEAST","90","EDWARDS","047","","","00000000","","CORN","CORN - ACRES PLANTED","TOTAL","NOT SPECIFIED","44,300","0.2"
"SURVEY","2023","YEAR","","COUNTY","ILLINOIS","17","SOUTHEAST","90","FRANKLIN","055","","","00000000","","CORN","CORN - ACRES PLANTED","TOTAL","NOT SPECIFIED","39,900","0.2"
"SURVEY","2023","YEAR","","COUNTY","ILLINOIS","17","SOUTHEAST","90","JEFFERSON","081","","","00000000","","CORN","CORN - ACRES PLANTED","TOTAL","NOT SPECIFIED","55,400","0.2"
"SURVEY","2023","YEAR","","COUNTY","ILLINOIS","17","SOUTHEAST","90","MASSAC","127","","","00000000","","CORN","CORN - ACRES PLANTED","TOTAL","NOT SPECIFIED","24,800","0.2"
"SURVEY","2023","YEAR","","COUNTY","ILLINOIS","17","SOUTHEAST","90","POPE","151","","","00000000","","CORN","CORN - ACRES PLANTED","TOTAL","NOT SPECIFIED","7,700","0.2"
"SURVEY","2023","YEAR","","COUNTY","ILLINOIS","17","SOUTHEAST","90","SALINE","165","","","00000000","","CORN","CORN - ACRES PLANTED","TOTAL","NOT SPECIFIED","51,700","0.2"
"SURVEY","2023","YEAR","","COUNTY","ILLINOIS","17","SOUTHEAST","90","WABASH","185","","","00000000","","CORN","CORN - ACRES PLANTED","TOTAL","NOT SPECIFIED","50,200","0.2"
"SURVEY","2023","YEAR","","COUNTY","ILLINOIS","17","SOUTHEAST","90","WAYNE","191","","","00000000","","CORN","CORN - ACRES PLANTED","TOTAL","NOT SPECIFIED","126,500","0.2"
"SURVEY","2023","YEAR","","COUNTY","ILLINOIS","17","SOUTHEAST","90","WHITE","193","","","00000000","","CORN","CORN - ACRES PLANTED","TOTAL","NOT SPECIFIED","95,300","0.2"
"SURVEY","2023","YEAR","","COUNTY","ILLINOIS","17","SOUTHWEST","80","CLINTON","027","","","00000000","","CORN","CORN - ACRES PLANTED","TOTAL","NOT SPECIFIED","100,000","0.2"
"SURVEY","2023","YEAR","","COUNTY","ILLINOIS","17","SOUTHWEST","80","JACKSON","077","","","00000000","","CORN","CORN - ACRES PLANTED","TOTAL","NOT SPECIFIED","35,400","0.2"
"SURVEY","2023","YEAR","","COUNTY","ILLINOIS","17","SOUTHWEST","80","JOHNSON","087","","","00000000","","CORN","CORN - ACRES PLANTED","TOTAL","NOT SPECIFIED","9,300","0.2"
"SURVEY","2023","YEAR","","COUNTY","ILLINOIS","17","SOUTHWEST","80","MONROE","133","","","00000000","","CORN","CORN - ACRES PLANTED","TOTAL","NOT SPECIFIED","50,500","0.2"
"SURVEY","2023","YEAR","","COUNTY","ILLINOIS","17","SOUTHWEST","80","PERRY","145","","","00000000","","CORN","CORN - ACRES PLANTED","TOTAL","NOT SPECIFIED","51,600","0.2"
"SURVEY","2023","YEAR","","COUNTY","ILLINOIS","17","SOUTHWEST","80","PULASKI","153","","","00000000","","CORN","CORN - ACRES PLANTED","TOTAL","NOT SPECIFIED","16,200","0.2"
"SURVEY","2023","YEAR","","COUNTY","ILLINOIS","17","SOUTHWEST","80","RANDOLPH","157","","","00000000","","CORN","CORN - ACRES PLANTED","TOTAL","NOT SPECIFIED","64,600","0.2"
"SURVEY","2023","YEAR","","COUNTY","ILLINOIS","17","SOUTHWEST","80","ST CLAIR","163","","","00000000","","CORN","CORN - ACRES PLANTED","TOTAL","NOT SPECIFIED","94,400","0.2"
"SURVEY","2023","YEAR","","COUNTY","ILLINOIS","17","SOUTHWEST","80","UNION","181","","","00000000","","CORN","CORN - ACRES PLANTED","TOTAL","NOT SPECIFIED","12,500","0.2"
"SURVEY","2023","YEAR","","COUNTY","ILLINOIS","17","SOUTHWEST","80","WASHINGTON","189","","","00000000","","CORN","CORN - ACRES PLANTED","TOTAL","NOT SPECIFIED","104,500","0.3"
"SURVEY","2023","YEAR","","COUNTY","ILLINOIS","17","SOUTHWEST","80","WILLIAMSON","199","","","00000000","","CORN","CORN - ACRES PLANTED","TOTAL","NOT SPECIFIED","20,800","0.2"
"SURVEY","2023","YEAR","","COUNTY","ILLINOIS","17","WEST","30","ADAMS","001","","","00000000","","CORN","CORN - ACRES PLANTED","TOTAL","NOT SPECIFIED","154,000","0.2"
"SURVEY","2023","YEAR","","COUNTY","ILLINOIS","17","WEST","30","BROWN","009","","","00000000","","CORN","CORN - ACRES PLANTED","TOTAL","NOT SPECIFIED","39,100","0.3"
"SURVEY","2023","YEAR","","COUNTY","ILLINOIS","17","WEST","30","FULTON","057","","","00000000","","CORN","CORN - ACRES PLANTED","TOTAL","NOT SPECIFIED","134,500","0.2"
"SURVEY","2023","YEAR","","COUNTY","ILLINOIS","17","WEST","30","HANCOCK","067","","","00000000","","CORN","CORN - ACRES PLANTED","TOTAL","NOT SPECIFIED","164,000","0.3"
"SURVEY","2023","YEAR","","COUNTY","ILLINOIS","17","WEST","30","HENDERSON","071","","","00000000","","CORN","CORN - ACRES PLANTED","TOTAL","NOT SPECIFIED","92,800","0.2"
"SURVEY","2023","YEAR","","COUNTY","ILLINOIS","17","WEST","30","KNOX","095","","","00000000","","CORN","CORN - ACRES PLANTED","TOTAL","NOT SPECIFIED","154,000","0.2"
"SURVEY","2023","YEAR","","COUNTY","ILLINOIS","17","WEST","30","MCDONOUGH","109","","","00000000","","CORN","CORN - ACRES PLANTED","TOTAL","NOT SPECIFIED","132,500","0.2"
"SURVEY","2023","YEAR","","COUNTY","ILLINOIS","17","WEST","30","SCHUYLER","169","","","00000000","","CORN","CORN - ACRES PLANTED","TOTAL","NOT SPECIFIED","62,800","0.2"
"SURVEY","2023","YEAR","","COUNTY","ILLINOIS","17","WEST SOUTHWEST","60","BOND","005","","","00000000","","CORN","CORN - ACRES PLANTED","TOTAL","NOT SPECIFIED","75,500","0.2"
"SURVEY","2023","YEAR","","COUNTY","ILLINOIS","17","WEST SOUTHWEST","60","CALHOUN","013","","","00000000","","CORN","CORN - ACRES PLANTED","TOTAL","NOT SPECIFIED","21,300","0.2"
"SURVEY","2023","YEAR","","COUNTY","ILLINOIS","17","WEST SOUTHWEST","60","CASS","017","","","00000000","","CORN","CORN - ACRES PLANTED","TOTAL","NOT SPECIFIED","80,700","0.2"
"SURVEY","2023","YEAR","","COUNTY","ILLINOIS","17","WEST SOUTHWEST","60","CHRISTIAN","021","","","00000000","","CORN","CORN - ACRES PLANTED","TOTAL","NOT SPECIFIED","200,000","0.2"
"SURVEY","2023","YEAR","","COUNTY","ILLINOIS","17","WEST SOUTHWEST","60","GREENE","061","","","00000000","","CORN","CORN - ACRES PLANTED","TOTAL","NOT SPECIFIED","109,000","0.2"
"SURVEY","2023","YEAR","","COUNTY","ILLINOIS","17","WEST SOUTHWEST","60","JERSEY","083","","","00000000","","CORN","CORN - ACRES PLANTED","TOTAL","NOT SPECIFIED","57,000","0.2"
"SURVEY","2023","YEAR","","COUNTY","ILLINOIS","17","WEST SOUTHWEST","60","MACOUPIN","117","","","00000000","","CORN","CORN - ACRES PLANTED","TOTAL","NOT SPECIFIED","178,000","0.2"
"SURVEY","2023","YEAR","","COUNTY","ILLINOIS","17","WEST SOUTHWEST","60","MADISON","119","","","00000000","","CORN","CORN - ACRES PLANTED","TOTAL","NOT SPECIFIED","108,500","0.2"
"SURVEY","2023","YEAR","","COUNTY","ILLINOIS","17","WEST SOUTHWEST","60","MONTGOMERY","135","","","00000000","","CORN","CORN - ACRES PLANTED","TOTAL","NOT SPECIFIED","157,000","0.2"
"SURVEY","2023","YEAR","","COUNTY","ILLINOIS","17","WEST SOUTHWEST","60","MORGAN","137","","","00000000","","CORN","CORN - ACRES PLANTED","TOTAL","NOT SPECIFIED","130,500","0.2"
"SURVEY","2023","YEAR","","COUNTY","ILLINOIS","17","WEST SOUTHWEST","60","PIKE","149","","","00000000","","CORN","CORN - ACRES PLANTED","TOTAL","NOT SPECIFIED","155,500","0.2"
"SURVEY","2023","YEAR","","COUNTY","ILLINOIS","17","WEST SOUTHWEST","60","SANGAMON","167","","","00000000","","CORN","CORN - ACRES PLANTED","TOTAL","NOT SPECIFIED","201,000","0.2"
"SURVEY","2023","YEAR","","COUNTY","ILLINOIS","17","WEST SOUTHWEST","60","SCOTT","171","","","00000000","","CORN","CORN - ACRES PLANTED","TOTAL","NOT SPECIFIED","50,400","0.2"
"SURVEY","2022","YEAR","","COUNTY","ILLINOIS","17","","99","OTHER COUNTIES","","","","00000000","","CORN","CORN - ACRES PLANTED","TOTAL","NOT SPECIFIED","541,000","0.1"
"SURVEY","2022","YEAR","","COUNTY","ILLINOIS","17","CENTRAL","40","DE WITT","039","","","00000000","","CORN","CORN - ACRES PLANTED","TOTAL","NOT SPECIFIED","102,500","0.2"
"SURVEY","2022","YEAR","","COUNTY","ILLINOIS","17","CENTRAL","40","LOGAN","107","","","00000000","","CORN","CORN - ACRES PLANTED","TOTAL","NOT SPECIFIED","178,500","0.1"
"SURVEY","2022","YEAR","","COUNTY","ILLINOIS","17","CENTRAL","40","MACON","115","","","00000000","","CORN","CORN - ACRES PLANTED","TOTAL","NOT SPECIFIED","142,500","0.1"
"SURVEY","2022","YEAR","","COUNTY","ILLINOIS","17","CENTRAL","40","MARSHALL","123","","","00000000","","CORN","CORN - ACRES PLANTED","TOTAL","NOT SPECIFIED","91,600","0.1"
"SURVEY","2022","YEAR","","COUNTY","ILLINOIS","17","CENTRAL","40","MASON","125","","","00000000","","CORN","CORN - ACRES PLANTED","TOTAL","NOT SPECIFIED","114,500","0.1"
"SURVEY","2022","YEAR","","COUNTY","ILLINOIS","17","CENTRAL","40","MCLEAN","113","","","00000000","","CORN","CORN - ACRES PLANTED","TOTAL","NOT SPECIFIED","312,000","0.3"
"SURVEY","2022","YEAR","","COUNTY","ILLINOIS","17","CENTRAL","40","MENARD","129","","","00000000","","CORN","CORN - ACRES PLANTED","TOTAL","NOT SPECIFIED","72,600","0.2"
"SURVEY","2022","YEAR","","COUNTY","ILLINOIS","17","CENTRAL","40","PEORIA","143","","","00000000","","CORN","CORN - ACRES PLANTED","TOTAL","NOT SPECIFIED","101,500","0.1"
"SURVEY","2022","YEAR","","COUNTY","ILLINOIS","17","CENTRAL","40","STARK","175","","","00000000","","CORN","CORN - ACRES PLANTED","TOTAL","NOT SPECIFIED","86,200","0.2"
"SURVEY","2022","YEAR","","COUNTY","ILLINOIS","17","CENTRAL","40","TAZEWELL","179","","","00000000","","CORN","CORN - ACRES PLANTED","TOTAL","NOT SPECIFIED","139,500","0.1"
"SURVEY","2022","YEAR","","COUNTY","ILLINOIS","17","CENTRAL","40","WOODFORD","203","","","00000000","","CORN","CORN - ACRES PLANTED","TOTAL","NOT SPECIFIED","125,000","0.1"
"SURVEY","2022","YEAR","","COUNTY","ILLINOIS","17","EAST","50","CHAMPAIGN","019","","","00000000","","CORN","CORN - ACRES PLANTED","TOTAL","NOT SPECIFIED","268,000","0.1"
"SURVEY","2022","YEAR","","COUNTY","ILLINOIS","17","EAST","50","FORD","053","","","00000000","","CORN","CORN - ACRES PLANTED","TOTAL","NOT SPECIFIED","137,500","0.5"
"SURVEY","2022","YEAR","","COUNTY","ILLINOIS","17","EAST","50","IROQUOIS","075","","","00000000","","CORN","CORN - ACRES PLANTED","TOTAL","NOT SPECIFIED","309,500","0.7"
"SURVEY","2022","YEAR","","COUNTY","ILLINOIS","17","EAST","50","KANKAKEE","091","","","00000000","","CORN","CORN - ACRES PLANTED","TOTAL","NOT SPECIFIED","176,000","0.3"
"SURVEY","2022","YEAR","","COUNTY","ILLINOIS","17","EAST","50","LIVINGSTON","105","","","00000000","","CORN","CORN - ACRES PLANTED","TOTAL","NOT SPECIFIED","294,000","0.3"
"SURVEY","2022","YEAR","","COUNTY","ILLINOIS","17","EAST","50","PIATT","147","","","00000000","","CORN","CORN - ACRES PLANTED","TOTAL","NOT SPECIFIED","123,500","0.8"
"SURVEY","2022","YEAR","","COUNTY","ILLINOIS","17","EAST","50","VERMILION","183","","","00000000","","CORN","CORN - ACRES PLANTED","TOTAL","NOT SPECIFIED","215,500","0.1"
"SURVEY","2022","YEAR","","COUNTY","ILLINOIS","17","EAST SOUTHEAST","70","CLARK","023","","","00000000","","CORN","CORN - ACRES PLANTED","TOTAL","NOT SPECIFIED","90,500","0.1"
"SURVEY","2022","YEAR","","COUNTY","ILLINOIS","17","EAST SOUTHEAST","70","CLAY","025","","","00000000","","CORN","CORN - ACRES PLANTED","TOTAL","NOT SPECIFIED","70,600","0.1"
"SURVEY","2022","YEAR","","COUNTY","ILLINOIS","17","EAST SOUTHEAST","70","CRAWFORD","033","","","00000000","","CORN","CORN - ACRES PLANTED","TOTAL","NOT SPECIFIED","78,800","0.1"
"SURVEY","2022","YEAR","","COUNTY","ILLINOIS","17","EAST SOUTHEAST","70","CUMBERLAND","035","","","00000000","","CORN","CORN - ACRES PLANTED","TOTAL","NOT SPECIFIED","61,400","0.4"
"SURVEY","2022","YEAR","","COUNTY","ILLINOIS","17","EAST SOUTHEAST","70","DOUGLAS","041","","","00000000","","CORN","CORN - ACRES PLANTED","TOTAL","NOT SPECIFIED","108,500","0.3"
"SURVEY","2022","YEAR","","COUNTY","ILLINOIS","17","EAST SOUTHEAST","70","EDGAR","045","","","00000000","","CORN","CORN - ACRES PLANTED","TOTAL","NOT SPECIFIED","155,000","1.5"
"SURVEY","2022","YEAR","","COUNTY","ILLINOIS","17","EAST SOUTHEAST","70","EFFINGHAM","049","","","00000000","","CORN","CORN - ACRES PLANTED","TOTAL","NOT SPECIFIED","83,200","0.1"
"SURVEY","2022","YEAR","","COUNTY","ILLINOIS","17","EAST SOUTHEAST","70","JASPER","079","","","00000000","","CORN","CORN - ACRES PLANTED","TOTAL","NOT SPECIFIED","93,500","0.1"
"SURVEY","2022","YEAR","","COUNTY","ILLINOIS","17","EAST SOUTHEAST","70","LAWRENCE","101","","","00000000","","CORN","CORN - ACRES PLANTED","TOTAL","NOT SPECIFIED","67,800","0.2"
"SURVEY","2022","YEAR","","COUNTY","ILLINOIS","17","EAST SOUTHEAST","70","MARION","121","","","00000000","","CORN","CORN - ACRES PLANTED","TOTAL","NOT SPECIFIED","78,200","0.1"
"SURVEY","2022","YEAR","","COUNTY","ILLINOIS","17","EAST SOUTHEAST","70","MOULTRIE","139","","","00000000","","CORN","CORN - ACRES PLANTED","TOTAL","NOT SPECIFIED","85,600","0.1"
"SURVEY","2022","YEAR","","COUNTY","ILLINOIS","17","EAST SOUTHEAST","70","SHELBY","173","","","00000000","","CORN","CORN - ACRES PLANTED","TOTAL","NOT SPECIFIED","173,500","2.1"
"SURVEY","2022","YEAR","","COUNTY","ILLINOIS","17","NORTHEAST","20","BOONE","007","","","00000000","","CORN","CORN - ACRES PLANTED","TOTAL","NOT SPECIFIED","68,700","0.2"
"SURVEY","2022","YEAR","","COUNTY","ILLINOIS","17","NORTHEAST","20","DE KALB","037","","","00000000","","CORN","CORN - ACRES PLANTED","TOTAL","NOT SPECIFIED","186,000","0.2"
"SURVEY","2022","YEAR","","COUNTY","ILLINOIS","17","NORTHEAST","20","DU PAGE","043","","","00000000","","CORN","CORN - ACRES PLANTED","TOTAL","NOT SPECIFIED","1,600","2.8"
"SURVEY","2022","YEAR","","COUNTY","ILLINOIS","17","NORTHEAST","20","GRUNDY","063","","","00000000","","CORN","CORN - ACRES PLANTED","TOTAL","NOT SPECIFIED","94,500","0.1"
"SURVEY","2022","YEAR","","COUNTY","ILLINOIS","17","NORTHEAST","20","KANE","089","","","00000000","","CORN","CORN - ACRES PLANTED","TOTAL","NOT SPECIFIED","69,700","0.1"
"SURVEY","2022","YEAR","","COUNTY","ILLINOIS","17","NORTHEAST","20","KENDALL","093","","","00000000","","CORN","CORN - ACRES PLANTED","TOTAL","NOT SPECIFIED","70,300","0.1"
"SURVEY","2022","YEAR","","COUNTY","ILLINOIS","17","NORTHEAST","20","LA SALLE","099","","","00000000","","CORN","CORN - ACRES PLANTED","TOTAL","NOT SPECIFIED","279,000","0.9"
"SURVEY","2022","YEAR","","COUNTY","ILLINOIS","17","NORTHEAST","20","LAKE","097","","","00000000","","CORN","CORN - ACRES PLANTED","TOTAL","NOT SPECIFIED","7,700","0.6"
"SURVEY","2022","YEAR","","COUNTY","ILLINOIS","17","NORTHEAST","20","WILL","197","","","00000000","","CORN","CORN - ACRES PLANTED","TOTAL","NOT SPECIFIED","89,300","0.1"
"SURVEY","2022","YEAR","","COUNTY","ILLINOIS","17","NORTHWEST","10","BUREAU","011","","","00000000","","CORN","CORN - ACRES PLANTED","TOTAL","NOT SPECIFIED","245,500","0.2"
"SURVEY","2022","YEAR","","COUNTY","ILLINOIS","17","NORTHWEST","10","CARROLL","015","","","00000000","","CORN","CORN - ACRES PLANTED","TOTAL","NOT SPECIFIED","124,500","0.1"
"SURVEY","2022","YEAR","","COUNTY","ILLINOIS","17","NORTHWEST","10","HENRY","073","","","00000000","","CORN","CORN - ACRES PLANTED","TOTAL","NOT SPECIFIED","217,000","0.1"
"SURVEY","2022","YEAR","","COUNTY","ILLINOIS","17","NORTHWEST","10","JO DAVIESS","085","","","00000000","","CORN","CORN - ACRES PLANTED","TOTAL","NOT SPECIFIED","91,200","0.1"
"SURVEY","2022","YEAR","","COUNTY","ILLINOIS","17","NORTHWEST","10","LEE","103","","","00000000","","CORN","CORN - ACRES PLANTED","TOTAL","NOT SPECIFIED","228,000","0.1"
"SURVEY","2022","YEAR","","COUNTY","ILLINOIS","17","NORTHWEST","10","MERCER","131","","","00000000","","CORN","CORN - ACRES PLANTED","TOTAL","NOT SPECIFIED","136,500","0.1"
"SURVEY","2022","YEAR","","COUNTY","ILLINOIS","17","NORTHWEST","10","OGLE","141","","","00000000","","CORN","CORN - ACRES PLANTED","TOTAL","NOT SPECIFIED","203,000","0.1"
"SURVEY","2022","YEAR","","COUNTY","ILLINOIS","17","NORTHWEST","10","PUTNAM","155","","","00000000","","CORN","CORN - ACRES PLANTED","TOTAL","NOT SPECIFIED","31,300","0.4"
"SURVEY","2022","YEAR","","COUNTY","ILLINOIS","17","NORTHWEST","10","ROCK ISLAND","161","","","00000000","","CORN","CORN - ACRES PLANTED","TOTAL","NOT SPECIFIED","66,700","0.1"
"SURVEY","2022","YEAR","","COUNTY","ILLINOIS","17","NORTHWEST","10","STEPHENSON","177","","","00000000","","CORN","CORN - ACRES PLANTED","TOTAL","NOT SPECIFIED","156,500","0.1"
"SURVEY","2022","YEAR","","COUNTY","ILLINOIS","17","NORTHWEST","10","WHITESIDE","195","","","00000000","","CORN","CORN - ACRES PLANTED","TOTAL","NOT SPECIFIED","211,000","0.1"
"SURVEY","2022","YEAR","","COUNTY","ILLINOIS","17","NORTHWEST","10","WINNEBAGO","201","","","00000000","","CORN","CORN - ACRES PLANTED","TOTAL","NOT SPECIFIED","85,600","0.1"
"SURVEY","2022","YEAR","","COUNTY","ILLINOIS","17","SOUTHEAST","90","EDWARDS","047","","","00000000","","CORN","CORN - ACRES PLANTED","TOTAL","NOT SPECIFIED","41,400","0.1"
"SURVEY","2022","YEAR","","COUNTY","ILLINOIS","17","SOUTHEAST","90","FRANKLIN","055","","","00000000","","CORN","CORN - ACRES PLANTED","TOTAL","NOT SPECIFIED","34,700","0.2"
"SURVEY","2022","YEAR","","COUNTY","ILLINOIS","17","SOUTHEAST","90","GALLATIN","059","","","00000000","","CORN","CORN - ACRES PLANTED","TOTAL","NOT SPECIFIED","54,700","0.1"
"SURVEY","2022","YEAR","","COUNTY","ILLINOIS","17","SOUTHEAST","90","HAMILTON","065","","","00000000","","CORN","CORN - ACRES PLANTED","TOTAL","NOT SPECIFIED","66,000","0.1"
"SURVEY","2022","YEAR","","COUNTY","ILLINOIS","17","SOUTHEAST","90","JEFFERSON","081","","","00000000","","CORN","CORN - ACRES PLANTED","TOTAL","NOT SPECIFIED","47,900","0.1"
"SURVEY","2022","YEAR","","COUNTY","ILLINOIS","17","SOUTHEAST","90","MASSAC","127","","","00000000","","CORN","CORN - ACRES PLANTED","TOTAL","NOT SPECIFIED","24,000","0.2"
"SURVEY","2022","YEAR","","COUNTY","ILLINOIS","17","SOUTHEAST","90","SALINE","165","","","00000000","","CORN","CORN - ACRES PLANTED","TOTAL","NOT SPECIFIED","43,100","0.1"
"SURVEY","2022","YEAR","","COUNTY","ILLINOIS","17","SOUTHEAST","90","WABASH","185","","","00000000","","CORN","CORN - ACRES PLANTED","TOTAL","NOT SPECIFIED","48,100","0.1"
"SURVEY","2022","YEAR","","COUNTY","ILLINOIS","17","SOUTHEAST","90","WAYNE","191","","","00000000","","CORN","CORN - ACRES PLANTED","TOTAL","NOT SPECIFIED","118,500","0.1"
"SURVEY","2022","YEAR","","COUNTY","ILLINOIS","17","SOUTHEAST","90","WHITE","193","","","00000000","","CORN","CORN - ACRES PLANTED","TOTAL","NOT SPECIFIED","83,500","0.1"
"SURVEY","2022","YEAR","","COUNTY","ILLINOIS","17","SOUTHWEST","80","ALEXANDER","003","","","00000000","","CORN","CORN - ACRES PLANTED","TOTAL","NOT SPECIFIED","5,000","2.4"
"SURVEY","2022","YEAR","","COUNTY","ILLINOIS","17","SOUTHWEST","80","CLINTON","027","","","00000000","","CORN","CORN - ACRES PLANTED","TOTAL","NOT SPECIFIED","99,400","0.1"
"SURVEY","2022","YEAR","","COUNTY","ILLINOIS","17","SOUTHWEST","80","JACKSON","077","","","00000000","","CORN","CORN - ACRES PLANTED","TOTAL","NOT SPECIFIED","30,500","0.2"
"SURVEY","2022","YEAR","","COUNTY","ILLINOIS","17","SOUTHWEST","80","JOHNSON","087","","","00000000","","CORN","CORN - ACRES PLANTED","TOTAL","NOT SPECIFIED","5,900","1.7"
"SURVEY","2022","YEAR","","COUNTY","ILLINOIS","17","SOUTHWEST","80","MONROE","133","","","00000000","","CORN","CORN - ACRES PLANTED","TOTAL","NOT SPECIFIED","46,300","0.1"
"SURVEY","2022","YEAR","","COUNTY","ILLINOIS","17","SOUTHWEST","80","PERRY","145","","","00000000","","CORN","CORN - ACRES PLANTED","TOTAL","NOT SPECIFIED","42,700","0.2"
"SURVEY","2022","YEAR","","COUNTY","ILLINOIS","17","SOUTHWEST","80","PULASKI","153","","","00000000","","CORN","CORN - ACRES PLANTED","TOTAL","NOT SPECIFIED","14,100","0.4"
"SURVEY","2022","YEAR","","COUNTY","ILLINOIS","17","SOUTHWEST","80","RANDOLPH","157","","","00000000","","CORN","CORN - ACRES PLANTED","TOTAL","NOT SPECIFIED","59,100","0.1"
"SURVEY","2022","YEAR","","COUNTY","ILLINOIS","17","SOUTHWEST","80","ST CLAIR","163","","","00000000","","CORN","CORN - ACRES PLANTED","TOTAL","NOT SPECIFIED","90,000","0.1"
"SURVEY","2022","YEAR","","COUNTY","ILLINOIS","17","SOUTHWEST","80","UNION","181","","","00000000","","CORN","CORN - ACRES PLANTED","TOTAL","NOT SPECIFIED","11,200","0.6"
"SURVEY","2022","YEAR","","COUNTY","ILLINOIS","17","SOUTHWEST","80","WASHINGTON","189","","","00000000","","CORN","CORN - ACRES PLANTED","TOTAL","NOT SPECIFIED","104,500","0.2"
"SURVEY","2022","YEAR","","COUNTY","ILLINOIS","17","SOUTHWEST","80","WILLIAMSON","199","","","00000000","","CORN","CORN - ACRES PLANTED","TOTAL","NOT SPECIFIED","19,100","0.3"
"SURVEY","2022","YEAR","","COUNTY","ILLINOIS","17","WEST","30","ADAMS","001","","","00000000","","CORN","CORN - ACRES PLANTED","TOTAL","NOT SPECIFIED","148,000","0.2"
"SURVEY","2022","YEAR","","COUNTY","ILLINOIS","17","WEST","30","BROWN","009","","","00000000","","CORN","CORN - ACRES PLANTED","TOTAL","NOT SPECIFIED","33,700","0.5"
"SURVEY","2022","YEAR","","COUNTY","ILLINOIS","17","WEST","30","FULTON","057","","","00000000","","CORN","CORN - ACRES PLANTED","TOTAL","NOT SPECIFIED","132,500","0.1"
"SURVEY","2022","YEAR","","COUNTY","ILLINOIS","17","WEST","30","HANCOCK","067","","","00000000","","CORN","CORN - ACRES PLANTED","TOTAL","NOT SPECIFIED","166,000","0.5"
"SURVEY","2022","YEAR","","COUNTY","ILLINOIS","17","WEST","30","HENDERSON","071","","","00000000","","CORN","CORN - ACRES PLANTED","TOTAL","NOT SPECIFIED","92,400","0.1"
"SURVEY","2022","YEAR","","COUNTY","ILLINOIS","17","WEST","30","KNOX","095","","","00000000","","CORN","CORN - ACRES PLANTED","TOTAL","NOT SPECIFIED","151,000","0.3"
"SURVEY","2022","YEAR","","COUNTY","ILLINOIS","17","WEST","30","MCDONOUGH","109","","","00000000","","CORN","CORN - ACRES PLANTED","TOTAL","NOT SPECIFIED","138,000","0.2"
"SURVEY","2022","YEAR","","COUNTY","ILLINOIS","17","WEST","30","SCHUYLER","169","","","00000000","","CORN","CORN - ACRES PLANTED","TOTAL","NOT SPECIFIED","58,900","0.1"
"SURVEY","2022","YEAR","","COUNTY","ILLINOIS","17","WEST","30","WARREN","187","","","00000000","","CORN","CORN - ACRES PLANTED","TOTAL","NOT SPECIFIED","146,500","0.2"
"SURVEY","2022","YEAR","","COUNTY","ILLINOIS","17","WEST SOUTHWEST","60","BOND","005","","","00000000","","CORN","CORN - ACRES PLANTED","TOTAL","NOT SPECIFIED","70,800","0.1"
"SURVEY","2022","YEAR","","COUNTY","ILLINOIS","17","WEST SOUTHWEST","60","CALHOUN","013","","","00000000","","CORN","CORN - ACRES PLANTED","TOTAL","NOT SPECIFIED","14,900","1.6"
"SURVEY","2022","YEAR","","COUNTY","ILLINOIS","17","WEST SOUTHWEST","60","CASS","017","","","00000000","","CORN","CORN - ACRES PLANTED","TOTAL","NOT SPECIFIED","79,200","0.1"
"SURVEY","2022","YEAR","","COUNTY","ILLINOIS","17","WEST SOUTHWEST","60","CHRISTIAN","021","","","00000000","","CORN","CORN - ACRES PLANTED","TOTAL","NOT SPECIFIED","185,000","0.7"
"SURVEY","2022","YEAR","","COUNTY","ILLINOIS","17","WEST SOUTHWEST","60","GREENE","061","","","00000000","","CORN","CORN - ACRES PLANTED","TOTAL","NOT SPECIFIED","103,000","0.1"
"SURVEY","2022","YEAR","","COUNTY","ILLINOIS","17","WEST SOUTHWEST","60","JERSEY","083","","","00000000","","CORN","CORN - ACRES PLANTED","TOTAL","NOT SPECIFIED","53,800","0.1"
"SURVEY","2022","YEAR","","COUNTY","ILLINOIS","17","WEST SOUTHWEST","60","MACOUPIN","117","","","00000000","","CORN","CORN - ACRES PLANTED","TOTAL","NOT SPECIFIED","166,500","0.4"
"SURVEY","2022","YEAR","","COUNTY","ILLINOIS","17","WEST SOUTHWEST","60","MADISON","119","","","00000000","","CORN","CORN - ACRES PLANTED","TOTAL","NOT SPECIFIED","101,500","0.1"
"SURVEY","2022","YEAR","","COUNTY","ILLINOIS","17","WEST SOUTHWEST","60","MONTGOMERY","135","","","00000000","","CORN","CORN - ACRES PLANTED","TOTAL","NOT SPECIFIED","157,000","0.3"
"SURVEY","2022","YEAR","","COUNTY","ILLINOIS","17","WEST SOUTHWEST","60","MORGAN","137","","","00000000","","CORN","CORN - ACRES PLANTED","TOTAL","NOT SPECIFIED","127,500","0.1"
"SURVEY","2022","YEAR","","COUNTY","ILLINOIS","17","WEST SOUTHWEST","60","SANGAMON","167","","","00000000","","CORN","CORN - ACRES PLANTED","TOTAL","NOT SPECIFIED","192,000","0.8"
"SURVEY","2022","YEAR","","COUNTY","ILLINOIS","17","WEST SOUTHWEST","60","SCOTT","171","","","00000000","","CORN","CORN - ACRES PLANTED","TOTAL","NOT SPECIFIED","50,500","0.1"
"SURVEY","2021","YEAR","","COUNTY","ILLINOIS","17","","99","OTHER COUNTIES","","","","00000000","","CORN","CORN - ACRES PLANTED","TOTAL","NOT SPECIFIED","2,015,600","0.1"
"SURVEY","2021","YEAR","","COUNTY","ILLINOIS","17","CENTRAL","40","DE WITT","039","","","00000000","","CORN","CORN - ACRES PLANTED","TOTAL","NOT SPECIFIED","100,300","0.3"
"SURVEY","2021","YEAR","","COUNTY","ILLINOIS","17","CENTRAL","40","LOGAN","107","","","00000000","","CORN","CORN - ACRES PLANTED","TOTAL","NOT SPECIFIED","167,500","0.2"
"SURVEY","2021","YEAR","","COUNTY","ILLINOIS","17","CENTRAL","40","MACON","115","","","00000000","","CORN","CORN - ACRES PLANTED","TOTAL","NOT SPECIFIED","135,000","0.3"
"SURVEY","2021","YEAR","","COUNTY","ILLINOIS","17","CENTRAL","40","MARSHALL","123","","","00000000","","CORN","CORN - ACRES PLANTED","TOTAL","NOT SPECIFIED","94,400","0.3"
"SURVEY","2021","YEAR","","COUNTY","ILLINOIS","17","CENTRAL","40","MASON","125","","","00000000","","CORN","CORN - ACRES PLANTED","TOTAL","NOT SPECIFIED","118,000","0.2"
"SURVEY","2021","YEAR","","COUNTY","ILLINOIS","17","CENTRAL","40","MCLEAN","113","","","00000000","","CORN","CORN - ACRES PLANTED","TOTAL","NOT SPECIFIED","316,000","0.6"
"SURVEY","2021","YEAR","","COUNTY","ILLINOIS","17","CENTRAL","40","MENARD","129","","","00000000","","CORN","CORN - ACRES PLANTED","TOTAL","NOT SPECIFIED","76,400","0.3"
"SURVEY","2021","YEAR","","COUNTY","ILLINOIS","17","CENTRAL","40","PEORIA","143","","","00000000","","CORN","CORN - ACRES PLANTED","TOTAL","NOT SPECIFIED","102,500","0.3"
"SURVEY","2021","YEAR","","COUNTY","ILLINOIS","17","CENTRAL","40","STARK","175","","","00000000","","CORN","CORN - ACRES PLANTED","TOTAL","NOT SPECIFIED","86,100","0.4"
"SURVEY","2021","YEAR","","COUNTY","ILLINOIS","17","CENTRAL","40","TAZEWELL","179","","","00000000","","CORN","CORN - ACRES PLANTED","TOTAL","NOT SPECIFIED","143,000","0.2"
"SURVEY","2021","YEAR","","COUNTY","ILLINOIS","17","CENTRAL","40","WOODFORD","203","","","00000000","","CORN","CORN - ACRES PLANTED","TOTAL","NOT SPECIFIED","117,500","0.2"
"SURVEY","2021","YEAR","","COUNTY","ILLINOIS","17","EAST","50","CHAMPAIGN","019","","","00000000","","CORN","CORN - ACRES PLANTED","TOTAL","NOT SPECIFIED","264,500","0.1"
"SURVEY","2021","YEAR","","COUNTY","ILLINOIS","17","EAST","50","FORD","053","","","00000000","","CORN","CORN - ACRES PLANTED","TOTAL","NOT SPECIFIED","135,000","0.3"
"SURVEY","2021","YEAR","","COUNTY","ILLINOIS","17","EAST","50","IROQUOIS","075","","","00000000","","CORN","CORN - ACRES PLANTED","TOTAL","NOT SPECIFIED","317,000","0.1"
"SURVEY","2021","YEAR","","COUNTY","ILLINOIS","17","EAST","50","KANKAKEE","091","","","00000000","","CORN","CORN - ACRES PLANTED","TOTAL","NOT SPECIFIED","175,500","0.2"
"SURVEY","2021","YEAR","","COUNTY","ILLINOIS","17","EAST","50","LIVINGSTON","105","","","00000000","","CORN","CORN - ACRES PLANTED","TOTAL","NOT SPECIFIED","289,000","0.1"
"SURVEY","2021","YEAR","","COUNTY","ILLINOIS","17","EAST","50","PIATT","147","","","00000000","","CORN","CORN - ACRES PLANTED","TOTAL","NOT SPECIFIED","124,000","0.5"
"SURVEY","2021","YEAR","","COUNTY","ILLINOIS","17","EAST","50","VERMILION","183","","","00000000","","CORN","CORN - ACRES PLANTED","TOTAL","NOT SPECIFIED","213,000","0.1"
"SURVEY","2021","YEAR","","COUNTY","ILLINOIS","17","EAST SOUTHEAST","70","CLARK","023","","","00000000","","CORN","CORN - ACRES PLANTED","TOTAL","NOT SPECIFIED","90,700","0.4"
"SURVEY","2021","YEAR","","COUNTY","ILLINOIS","17","EAST SOUTHEAST","70","CLAY","025","","","00000000","","CORN","CORN - ACRES PLANTED","TOTAL","NOT SPECIFIED","74,900","0.4"
"SURVEY","2021","YEAR","","COUNTY","ILLINOIS","17","EAST SOUTHEAST","70","COLES","029","","","00000000","","CORN","CORN - ACRES PLANTED","TOTAL","NOT SPECIFIED","117,000","0.3"
"SURVEY","2021","YEAR","","COUNTY","ILLINOIS","17","EAST SOUTHEAST","70","CRAWFORD","033","","","00000000","","CORN","CORN - ACRES PLANTED","TOTAL","NOT SPECIFIED","83,400","0.4"
"SURVEY","2021","YEAR","","COUNTY","ILLINOIS","17","EAST SOUTHEAST","70","EDGAR","045","","","00000000","","CORN","CORN - ACRES PLANTED","TOTAL","NOT SPECIFIED","161,000","0.2"
"SURVEY","2021","YEAR","","COUNTY","ILLINOIS","17","EAST SOUTHEAST","70","EFFINGHAM","049","","","00000000","","CORN","CORN - ACRES PLANTED","TOTAL","NOT SPECIFIED","86,400","0.4"
"SURVEY","2021","YEAR","","COUNTY","ILLINOIS","17","EAST SOUTHEAST","70","FAYETTE","051","","","00000000","","CORN","CORN - ACRES PLANTED","TOTAL","NOT SPECIFIED","114,500","0.3"
"SURVEY","2021","YEAR","","COUNTY","ILLINOIS","17","EAST SOUTHEAST","70","LAWRENCE","101","","","00000000","","CORN","CORN - ACRES PLANTED","TOTAL","NOT SPECIFIED","75,800","0.5"
"SURVEY","2021","YEAR","","COUNTY","ILLINOIS","17","EAST SOUTHEAST","70","MARION","121","","","00000000","","CORN","CORN - ACRES PLANTED","TOTAL","NOT SPECIFIED","79,600","0.4"
"SURVEY","2021","YEAR","","COUNTY","ILLINOIS","17","EAST SOUTHEAST","70","MOULTRIE","139","","","00000000","","CORN","CORN - ACRES PLANTED","TOTAL","NOT SPECIFIED","82,100","0.4"
"SURVEY","2021","YEAR","","COUNTY","ILLINOIS","17","EAST SOUTHEAST","70","SHELBY","173","","","00000000","","CORN","CORN - ACRES PLANTED","TOTAL","NOT SPECIFIED","164,500","0.2"
"SURVEY","2021","YEAR","","COUNTY","ILLINOIS","17","NORTHEAST","20","BOONE","007","","","00000000","","CORN","CORN - ACRES PLANTED","TOTAL","NOT SPECIFIED","75,100","0.5"
"SURVEY","2021","YEAR","","COUNTY","ILLINOIS","17","NORTHEAST","20","COOK","031","","","00000000","","CORN","CORN - ACRES PLANTED","TOTAL","NOT SPECIFIED","2,900","9.2"
"SURVEY","2021","YEAR","","COUNTY","ILLINOIS","17","NORTHEAST","20","DE KALB","037","","","00000000","","CORN","CORN - ACRES PLANTED","TOTAL","NOT SPECIFIED","192,500","0.4"
"SURVEY","2021","YEAR","","COUNTY","ILLINOIS","17","NORTHEAST","20","GRUNDY","063","","","00000000","","CORN","CORN - ACRES PLANTED","TOTAL","NOT SPECIFIED","103,000","0.4"
"SURVEY","2021","YEAR","","COUNTY","ILLINOIS","17","NORTHEAST","20","KANE","089","","","00000000","","CORN","CORN - ACRES PLANTED","TOTAL","NOT SPECIFIED","71,900","0.5"
"SURVEY","2021","YEAR","","COUNTY","ILLINOIS","17","NORTHEAST","20","KENDALL","093","","","00000000","","CORN","CORN - ACRES PLANTED","TOTAL","NOT SPECIFIED","70,400","0.5"
"SURVEY","2021","YEAR","","COUNTY","ILLINOIS","17","NORTHEAST","20","LAKE","097","","","00000000","","CORN","CORN - ACRES PLANTED","TOTAL","NOT SPECIFIED","6,400","7.2"
"SURVEY","2021","YEAR","","COUNTY","ILLINOIS","17","NORTHEAST","20","WILL","197","","","00000000","","CORN","CORN - ACRES PLANTED","TOTAL","NOT SPECIFIED","89,200","0.4"
"SURVEY","2021","YEAR","","COUNTY","ILLINOIS","17","NORTHWEST","10","BUREAU","011","","","00000000","","CORN","CORN - ACRES PLANTED","TOTAL","NOT SPECIFIED","250,500","0.5"
"SURVEY","2021","YEAR","","COUNTY","ILLINOIS","17","NORTHWEST","10","CARROLL","015","","","00000000","","CORN","CORN - ACRES PLANTED","TOTAL","NOT SPECIFIED","127,000","0.2"
"SURVEY","2021","YEAR","","COUNTY","ILLINOIS","17","NORTHWEST","10","HENRY","073","","","00000000","","CORN","CORN - ACRES PLANTED","TOTAL","NOT SPECIFIED","227,000","0.4"
"SURVEY","2021","YEAR","","COUNTY","ILLINOIS","17","NORTHWEST","10","JO DAVIESS","085","","","00000000","","CORN","CORN - ACRES PLANTED","TOTAL","NOT SPECIFIED","98,800","0.2"
"SURVEY","2021","YEAR","","COUNTY","ILLINOIS","17","NORTHWEST","10","LEE","103","","","00000000","","CORN","CORN - ACRES PLANTED","TOTAL","NOT SPECIFIED","227,500","0.4"
"SURVEY","2021","YEAR","","COUNTY","ILLINOIS","17","NORTHWEST","10","OGLE","141","","","00000000","","CORN","CORN - ACRES PLANTED","TOTAL","NOT SPECIFIED","216,500","0.2"
"SURVEY","2021","YEAR","","COUNTY","ILLINOIS","17","NORTHWEST","10","PUTNAM","155","","","00000000","","CORN","CORN - ACRES PLANTED","TOTAL","NOT SPECIFIED","32,200","0.7"
"SURVEY","2021","YEAR","","COUNTY","ILLINOIS","17","NORTHWEST","10","ROCK ISLAND","161","","","00000000","","CORN","CORN - ACRES PLANTED","TOTAL","NOT SPECIFIED","67,500","0.4"
"SURVEY","2021","YEAR","","COUNTY","ILLINOIS","17","NORTHWEST","10","STEPHENSON","177","","","00000000","","CORN","CORN - ACRES PLANTED","TOTAL","NOT SPECIFIED","159,500","0.2"
"SURVEY","2021","YEAR","","COUNTY","ILLINOIS","17","NORTHWEST","10","WHITESIDE","195","","","00000000","","CORN","CORN - ACRES PLANTED","TOTAL","NOT SPECIFIED","216,500","0.2"
"SURVEY","2021","YEAR","","COUNTY","ILLINOIS","17","NORTHWEST","10","WINNEBAGO","201","","","00000000","","CORN","CORN - ACRES PLANTED","TOTAL","NOT SPECIFIED","85,200","0.3"
"SURVEY","2021","YEAR","","COUNTY","ILLINOIS","17","SOUTHEAST","90","EDWARDS","047","","","00000000","","CORN","CORN - ACRES PLANTED","TOTAL","NOT SPECIFIED","43,600","0.5"
"SURVEY","2021","YEAR","","COUNTY","ILLINOIS","17","SOUTHEAST","90","FRANKLIN","055","","","00000000","","CORN","CORN - ACRES PLANTED","TOTAL","NOT SPECIFIED","38,500","0.5"
"SURVEY","2021","YEAR","","COUNTY","ILLINOIS","17","SOUTHEAST","90","GALLATIN","059","","","00000000","","CORN","CORN - ACRES PLANTED","TOTAL","NOT SPECIFIED","60,200","0.3"
"SURVEY","2021","YEAR","","COUNTY","ILLINOIS","17","SOUTHEAST","90","HARDIN","069","","","00000000","","CORN","CORN - ACRES PLANTED","TOTAL","NOT SPECIFIED","1,100","16.1"
"SURVEY","2021","YEAR","","COUNTY","ILLINOIS","17","SOUTHEAST","90","JEFFERSON","081","","","00000000","","CORN","CORN - ACRES PLANTED","TOTAL","NOT SPECIFIED","51,400","0.4"
"SURVEY","2021","YEAR","","COUNTY","ILLINOIS","17","SOUTHEAST","90","SALINE","165","","","00000000","","CORN","CORN - ACRES PLANTED","TOTAL","NOT SPECIFIED","49,200","0.4"
"SURVEY","2021","YEAR","","COUNTY","ILLINOIS","17","SOUTHEAST","90","WABASH","185","","","00000000","","CORN","CORN - ACRES PLANTED","TOTAL","NOT SPECIFIED","48,700","0.4"
"SURVEY","2021","YEAR","","COUNTY","ILLINOIS","17","SOUTHEAST","90","WHITE","193","","","00000000","","CORN","CORN - ACRES PLANTED","TOTAL","NOT SPECIFIED","94,700","0.2"
"SURVEY","2021","YEAR","","COUNTY","ILLINOIS","17","SOUTHWEST","80","CLINTON","027","","","00000000","","CORN","CORN - ACRES PLANTED","TOTAL","NOT SPECIFIED","96,700","0.2"
"SURVEY","2021","YEAR","","COUNTY","ILLINOIS","17","SOUTHWEST","80","JACKSON","077","","","00000000","","CORN","CORN - ACRES PLANTED","TOTAL","NOT SPECIFIED","32,900","0.5"
"SURVEY","2021","YEAR","","COUNTY","ILLINOIS","17","SOUTHWEST","80","MONROE","133","","","00000000","","CORN","CORN - ACRES PLANTED","TOTAL","NOT SPECIFIED","51,400","0.3"
"SURVEY","2021","YEAR","","COUNTY","ILLINOIS","17","SOUTHWEST","80","PULASKI","153","","","00000000","","CORN","CORN - ACRES PLANTED","TOTAL","NOT SPECIFIED","16,600","1.3"
"SURVEY","2021","YEAR","","COUNTY","ILLINOIS","17","SOUTHWEST","80","RANDOLPH","157","","","00000000","","CORN","CORN - ACRES PLANTED","TOTAL","NOT SPECIFIED","65,900","0.2"
"SURVEY","2021","YEAR","","COUNTY","ILLINOIS","17","SOUTHWEST","80","ST CLAIR","163","","","00000000","","CORN","CORN - ACRES PLANTED","TOTAL","NOT SPECIFIED","92,300","0.2"
"SURVEY","2021","YEAR","","COUNTY","ILLINOIS","17","SOUTHWEST","80","UNION","181","","","00000000","","CORN","CORN - ACRES PLANTED","TOTAL","NOT SPECIFIED","11,700","1.7"
"SURVEY","2021","YEAR","","COUNTY","ILLINOIS","17","SOUTHWEST","80","WASHINGTON","189","","","00000000","","CORN","CORN - ACRES PLANTED","TOTAL","NOT SPECIFIED","104,500","0.2"
"SURVEY","2021","YEAR","","COUNTY","ILLINOIS","17","WEST","30","BROWN","009","","","00000000","","CORN","CORN - ACRES PLANTED","TOTAL","NOT SPECIFIED","38,100","0.6"
"SURVEY","2021","YEAR","","COUNTY","ILLINOIS","17","WEST","30","FULTON","057","","","00000000","","CORN","CORN - ACRES PLANTED","TOTAL","NOT SPECIFIED","131,000","0.2"
"SURVEY","2021","YEAR","","COUNTY","ILLINOIS","17","WEST","30","HANCOCK","067","","","00000000","","CORN","CORN - ACRES PLANTED","TOTAL","NOT SPECIFIED","164,500","0.2"
"SURVEY","2021","YEAR","","COUNTY","ILLINOIS","17","WEST","30","KNOX","095","","","00000000","","CORN","CORN - ACRES PLANTED","TOTAL","NOT SPECIFIED","156,500","0.3"
"SURVEY","2021","YEAR","","COUNTY","ILLINOIS","17","WEST","30","SCHUYLER","169","","","00000000","","CORN","CORN - ACRES PLANTED","TOTAL","NOT SPECIFIED","60,700","0.5"
"SURVEY","2021","YEAR","","COUNTY","ILLINOIS","17","WEST SOUTHWEST","60","BOND","005","","","00000000","","CORN","CORN - ACRES PLANTED","TOTAL","NOT SPECIFIED","72,200","0.3"
"SURVEY","2021","YEAR","","COUNTY","ILLINOIS","17","WEST SOUTHWEST","60","CALHOUN","013","","","00000000","","CORN","CORN - ACRES PLANTED","TOTAL","NOT SPECIFIED","19,900","1.5"
"SURVEY","2021","YEAR","","COUNTY","ILLINOIS","17","WEST SOUTHWEST","60","CASS","017","","","00000000","","CORN","CORN - ACRES PLANTED","TOTAL","NOT SPECIFIED","80,000","0.3"
"SURVEY","2021","YEAR","","COUNTY","ILLINOIS","17","WEST SOUTHWEST","60","CHRISTIAN","021","","","00000000","","CORN","CORN - ACRES PLANTED","TOTAL","NOT SPECIFIED","190,000","0.2"
"SURVEY","2021","YEAR","","COUNTY","ILLINOIS","17","WEST SOUTHWEST","60","GREENE","061","","","00000000","","CORN","CORN - ACRES PLANTED","TOTAL","NOT SPECIFIED","107,000","0.2"
"SURVEY","2021","YEAR","","COUNTY","ILLINOIS","17","WEST SOUTHWEST","60","MACOUPIN","117","","","00000000","","CORN","CORN - ACRES PLANTED","TOTAL","NOT SPECIFIED","177,000","0.3"
"SURVEY","2021","YEAR","","COUNTY","ILLINOIS","17","WEST SOUTHWEST","60","MADISON","119","","","00000000","","CORN","CORN - ACRES PLANTED","TOTAL","NOT SPECIFIED","105,500","0.2"
"SURVEY","2021","YEAR","","COUNTY","ILLINOIS","17","WEST SOUTHWEST","60","MONTGOMERY","135","","","00000000","","CORN","CORN - ACRES PLANTED","TOTAL","NOT SPECIFIED","155,500","0.2"
"SURVEY","2021","YEAR","","COUNTY","ILLINOIS","17","WEST SOUTHWEST","60","SANGAMON","167","","","00000000","","CORN","CORN - ACRES PLANTED","TOTAL","NOT SPECIFIED","193,000","0.2"
"SURVEY","2021","YEAR","","COUNTY","ILLINOIS","17","WEST SOUTHWEST","60","SCOTT","171","","","00000000","","CORN","CORN - ACRES PLANTED","TOTAL","NOT SPECIFIED","49,900","0.4"
"SURVEY","2020","YEAR","","COUNTY","ILLINOIS","17","","99","OTHER COUNTIES","","","","00000000","","CORN","CORN - ACRES PLANTED","TOTAL","NOT SPECIFIED","6,500","0.7"
"SURVEY","2020","YEAR","","COUNTY","ILLINOIS","17","CENTRAL","40","DE WITT","039","","","00000000","","CORN","CORN - ACRES PLANTED","TOTAL","NOT SPECIFIED","102,500","0.1"
"SURVEY","2020","YEAR","","COUNTY","ILLINOIS","17","CENTRAL","40","LOGAN","107","","","00000000","","CORN","CORN - ACRES PLANTED","TOTAL","NOT SPECIFIED","186,500","0.2"
"SURVEY","2020","YEAR","","COUNTY","ILLINOIS","17","CENTRAL","40","MACON","115","","","00000000","","CORN","CORN - ACRES PLANTED","TOTAL","NOT SPECIFIED","149,000","0.1"
"SURVEY","2020","YEAR","","COUNTY","ILLINOIS","17","CENTRAL","40","MARSHALL","123","","","00000000","","CORN","CORN - ACRES PLANTED","TOTAL","NOT SPECIFIED","93,600","0.2"
"SURVEY","2020","YEAR","","COUNTY","ILLINOIS","17","CENTRAL","40","MASON","125","","","00000000","","CORN","CORN - ACRES PLANTED","TOTAL","NOT SPECIFIED","122,000","0.1"
"SURVEY","2020","YEAR","","COUNTY","ILLINOIS","17","CENTRAL","40","MCLEAN","113","","","00000000","","CORN","CORN - ACRES PLANTED","TOTAL","NOT SPECIFIED","315,500","0.8"
"SURVEY","2020","YEAR","","COUNTY","ILLINOIS","17","CENTRAL","40","MENARD","129","","","00000000","","CORN","CORN - ACRES PLANTED","TOTAL","NOT SPECIFIED","78,600","0.5"
"SURVEY","2020","YEAR","","COUNTY","ILLINOIS","17","CENTRAL","40","PEORIA","143","","","00000000","","CORN","CORN - ACRES PLANTED","TOTAL","NOT SPECIFIED","107,000","0.1"
"SURVEY","2020","YEAR","","COUNTY","ILLINOIS","17","CENTRAL","40","STARK","175","","","00000000","","CORN","CORN - ACRES PLANTED","TOTAL","NOT SPECIFIED","88,300","0.3"
"SURVEY","2020","YEAR","","COUNTY","ILLINOIS","17","CENTRAL","40","TAZEWELL","179","","","00000000","","CORN","CORN - ACRES PLANTED","TOTAL","NOT SPECIFIED","141,000","0.1"
"SURVEY","2020","YEAR","","COUNTY","ILLINOIS","17","CENTRAL","40","WOODFORD","203","","","00000000","","CORN","CORN - ACRES PLANTED","TOTAL","NOT SPECIFIED","124,000","0.1"
"SURVEY","2020","YEAR","","COUNTY","ILLINOIS","17","EAST","50","CHAMPAIGN","019","","","00000000","","CORN","CORN - ACRES PLANTED","TOTAL","NOT SPECIFIED","275,000","0.1"
"SURVEY","2020","YEAR","","COUNTY","ILLINOIS","17","EAST","50","FORD","053","","","00000000","","CORN","CORN - ACRES PLANTED","TOTAL","NOT SPECIFIED","136,500","0.2"
"SURVEY","2020","YEAR","","COUNTY","ILLINOIS","17","EAST","50","IROQUOIS","075","","","00000000","","CORN","CORN - ACRES PLANTED","TOTAL","NOT SPECIFIED","317,500","0.3"
"SURVEY","2020","YEAR","","COUNTY","ILLINOIS","17","EAST","50","KANKAKEE","091","","","00000000","","CORN","CORN - ACRES PLANTED","TOTAL","NOT SPECIFIED","176,500","0.1"
"SURVEY","2020","YEAR","","COUNTY","ILLINOIS","17","EAST","50","LIVINGSTON","105","","","00000000","","CORN","CORN - ACRES PLANTED","TOTAL","NOT SPECIFIED","293,500","0.1"
"SURVEY","2020","YEAR","","COUNTY","ILLINOIS","17","EAST","50","PIATT","147","","","00000000","","CORN","CORN - ACRES PLANTED","TOTAL","NOT SPECIFIED","122,500","0.2"
"SURVEY","2020","YEAR","","COUNTY","ILLINOIS","17","EAST","50","VERMILION","183","","","00000000","","CORN","CORN - ACRES PLANTED","TOTAL","NOT SPECIFIED","218,500","0.1"
"SURVEY","2020","YEAR","","COUNTY","ILLINOIS","17","EAST SOUTHEAST","70","CLARK","023","","","00000000","","CORN","CORN - ACRES PLANTED","TOTAL","NOT SPECIFIED","95,700","0.1"
"SURVEY","2020","YEAR","","COUNTY","ILLINOIS","17","EAST SOUTHEAST","70","CLAY","025","","","00000000","","CORN","CORN - ACRES PLANTED","TOTAL","NOT SPECIFIED","72,900","0.1"
"SURVEY","2020","YEAR","","COUNTY","ILLINOIS","17","EAST SOUTHEAST","70","COLES","029","","","00000000","","CORN","CORN - ACRES PLANTED","TOTAL","NOT SPECIFIED","115,000","0.1"
"SURVEY","2020","YEAR","","COUNTY","ILLINOIS","17","EAST SOUTHEAST","70","CRAWFORD","033","","","00000000","","CORN","CORN - ACRES PLANTED","TOTAL","NOT SPECIFIED","82,900","0.1"
"SURVEY","2020","YEAR","","COUNTY","ILLINOIS","17","EAST SOUTHEAST","70","CUMBERLAND","035","","","00000000","","CORN","CORN - ACRES PLANTED","TOTAL","NOT SPECIFIED","62,400","0.1"
"SURVEY","2020","YEAR","","COUNTY","ILLINOIS","17","EAST SOUTHEAST","70","DOUGLAS","041","","","00000000","","CORN","CORN - ACRES PLANTED","TOTAL","NOT SPECIFIED","110,000","0.1"
"SURVEY","2020","YEAR","","COUNTY","ILLINOIS","17","EAST SOUTHEAST","70","EDGAR","045","","","00000000","","CORN","CORN - ACRES PLANTED","TOTAL","NOT SPECIFIED","159,500","0.1"
"SURVEY","2020","YEAR","","COUNTY","ILLINOIS","17","EAST SOUTHEAST","70","EFFINGHAM","049","","","00000000","","CORN","CORN - ACRES PLANTED","TOTAL","NOT SPECIFIED","84,400","0.1"
"SURVEY","2020","YEAR","","COUNTY","ILLINOIS","17","EAST SOUTHEAST","70","FAYETTE","051","","","00000000","","CORN","CORN - ACRES PLANTED","TOTAL","NOT SPECIFIED","115,500","0.1"
"SURVEY","2020","YEAR","","COUNTY","ILLINOIS","17","EAST SOUTHEAST","70","JASPER","079","","","00000000","","CORN","CORN - ACRES PLANTED","TOTAL","NOT SPECIFIED","98,200","0.1"
"SURVEY","2020","YEAR","","COUNTY","ILLINOIS","17","EAST SOUTHEAST","70","LAWRENCE","101","","","00000000","","CORN","CORN - ACRES PLANTED","TOTAL","NOT SPECIFIED","72,700","0.1"
"SURVEY","2020","YEAR","","COUNTY","ILLINOIS","17","EAST SOUTHEAST","70","MARION","121","","","00000000","","CORN","CORN - ACRES PLANTED","TOTAL","NOT SPECIFIED","78,800","0.1"
"SURVEY","2020","YEAR","","COUNTY","ILLINOIS","17","EAST SOUTHEAST","70","MOULTRIE","139","","","00000000","","CORN","CORN - ACRES PLANTED","TOTAL","NOT SPECIFIED","86,200","0.1"
"SURVEY","2020","YEAR","","COUNTY","ILLINOIS","17","EAST SOUTHEAST","70","RICHLAND","159","","","00000000","","CORN","CORN - ACRES PLANTED","TOTAL","NOT SPECIFIED","74,300","0.1"
"SURVEY","2020","YEAR","","COUNTY","ILLINOIS","17","EAST SOUTHEAST","70","SHELBY","173","","","00000000","","CORN","CORN - ACRES PLANTED","TOTAL","NOT SPECIFIED","174,500","0.3"
"SURVEY","2020","YEAR","","COUNTY","ILLINOIS","17","NORTHEAST","20","BOONE","007","","","00000000","","CORN","CORN - ACRES PLANTED","TOTAL","NOT SPECIFIED","76,300","0.1"
"SURVEY","2020","YEAR","","COUNTY","ILLINOIS","17","NORTHEAST","20","DE KALB","037","","","00000000","","CORN","CORN - ACRES PLANTED","TOTAL","NOT SPECIFIED","205,000","0.2"
"SURVEY","2020","YEAR","","COUNTY","ILLINOIS","17","NORTHEAST","20","GRUNDY","063","","","00000000","","CORN","CORN - ACRES PLANTED","TOTAL","NOT SPECIFIED","97,800","0.1"
"SURVEY","2020","YEAR","","COUNTY","ILLINOIS","17","NORTHEAST","20","KANE","089","","","00000000","","CORN","CORN - ACRES PLANTED","TOTAL","NOT SPECIFIED","75,900","0.1"
"SURVEY","2020","YEAR","","COUNTY","ILLINOIS","17","NORTHEAST","20","KENDALL","093","","","00000000","","CORN","CORN - ACRES PLANTED","TOTAL","NOT SPECIFIED","69,600","0.1"
"SURVEY","2020","YEAR","","COUNTY","ILLINOIS","17","NORTHEAST","20","LA SALLE","099","","","00000000","","CORN","CORN - ACRES PLANTED","TOTAL","NOT SPECIFIED","287,000","2.2"
"SURVEY","2020","YEAR","","COUNTY","ILLINOIS","17","NORTHEAST","20","LAKE","097","","","00000000","","CORN","CORN - ACRES PLANTED","TOTAL","NOT SPECIFIED","8,500","0.5"
"SURVEY","2020","YEAR","","COUNTY","ILLINOIS","17","NORTHEAST","20","MCHENRY","111","","","00000000","","CORN","CORN - ACRES PLANTED","TOTAL","NOT SPECIFIED","88,600","0.1"
"SURVEY","2020","YEAR","","COUNTY","ILLINOIS","17","NORTHEAST","20","WILL","197","","","00000000","","CORN","CORN - ACRES PLANTED","TOTAL","NOT SPECIFIED","90,800","0.1"
"SURVEY","2020","YEAR","","COUNTY","ILLINOIS","17","NORTHWEST","10","BUREAU","011","","","00000000","","CORN","CORN - ACRES PLANTED","TOTAL","NOT SPECIFIED","260,000","0.8"
"SURVEY","2020","YEAR","","COUNTY","ILLINOIS","17","NORTHWEST","10","CARROLL","015","","","00000000","","CORN","CORN - ACRES PLANTED","TOTAL","NOT SPECIFIED","133,500","0.1"
"SURVEY","2020","YEAR","","COUNTY","ILLINOIS","17","NORTHWEST","10","HENRY","073","","","00000000","","CORN","CORN - ACRES PLANTED","TOTAL","NOT SPECIFIED","228,000","0.1"
"SURVEY","2020","YEAR","","COUNTY","ILLINOIS","17","NORTHWEST","10","JO DAVIESS","085","","","00000000","","CORN","CORN - ACRES PLANTED","TOTAL","NOT SPECIFIED","106,000","0.1"
"SURVEY","2020","YEAR","","COUNTY","ILLINOIS","17","NORTHWEST","10","LEE","103","","","00000000","","CORN","CORN - ACRES PLANTED","TOTAL","NOT SPECIFIED","246,000","0.5"
"SURVEY","2020","YEAR","","COUNTY","ILLINOIS","17","NORTHWEST","10","MERCER","131","","","00000000","","CORN","CORN - ACRES PLANTED","TOTAL","NOT SPECIFIED","148,000","0.1"
"SURVEY","2020","YEAR","","COUNTY","ILLINOIS","17","NORTHWEST","10","OGLE","141","","","00000000","","CORN","CORN - ACRES PLANTED","TOTAL","NOT SPECIFIED","235,000","0.6"
"SURVEY","2020","YEAR","","COUNTY","ILLINOIS","17","NORTHWEST","10","PUTNAM","155","","","00000000","","CORN","CORN - ACRES PLANTED","TOTAL","NOT SPECIFIED","33,100","0.4"
"SURVEY","2020","YEAR","","COUNTY","ILLINOIS","17","NORTHWEST","10","ROCK ISLAND","161","","","00000000","","CORN","CORN - ACRES PLANTED","TOTAL","NOT SPECIFIED","66,600","0.1"
"SURVEY","2020","YEAR","","COUNTY","ILLINOIS","17","NORTHWEST","10","STEPHENSON","177","","","00000000","","CORN","CORN - ACRES PLANTED","TOTAL","NOT SPECIFIED","166,000","0.1"
"SURVEY","2020","YEAR","","COUNTY","ILLINOIS","17","NORTHWEST","10","WHITESIDE","195","","","00000000","","CORN","CORN - ACRES PLANTED","TOTAL","NOT SPECIFIED","226,500","0.1"
"SURVEY","2020","YEAR","","COUNTY","ILLINOIS","17","NORTHWEST","10","WINNEBAGO","201","","","00000000","","CORN","CORN - ACRES PLANTED","TOTAL","NOT SPECIFIED","92,200","0.1"
"SURVEY","2020","YEAR","","COUNTY","ILLINOIS","17","SOUTHEAST","90","EDWARDS","047","","","00000000","","CORN","CORN - ACRES PLANTED","TOTAL","NOT SPECIFIED","43,000","0.1"
"SURVEY","2020","YEAR","","COUNTY","ILLINOIS","17","SOUTHEAST","90","FRANKLIN","055","","","00000000","","CORN","CORN - ACRES PLANTED","TOTAL","NOT SPECIFIED","35,900","0.1"
"SURVEY","2020","YEAR","","COUNTY","ILLINOIS","17","SOUTHEAST","90","GALLATIN","059","","","00000000","","CORN","CORN - ACRES PLANTED","TOTAL","NOT SPECIFIED","63,500","0.1"
"SURVEY","2020","YEAR","","COUNTY","ILLINOIS","17","SOUTHEAST","90","HAMILTON","065","","","00000000","","CORN","CORN - ACRES PLANTED","TOTAL","NOT SPECIFIED","71,300","0.1"
"SURVEY","2020","YEAR","","COUNTY","ILLINOIS","17","SOUTHEAST","90","JEFFERSON","081","","","00000000","","CORN","CORN - ACRES PLANTED","TOTAL","NOT SPECIFIED","51,000","0.1"
"SURVEY","2020","YEAR","","COUNTY","ILLINOIS","17","SOUTHEAST","90","MASSAC","127","","","00000000","","CORN","CORN - ACRES PLANTED","TOTAL","NOT SPECIFIED","22,400","0.2"
"SURVEY","2020","YEAR","","COUNTY","ILLINOIS","17","SOUTHEAST","90","POPE","151","","","00000000","","CORN","CORN - ACRES PLANTED","TOTAL","NOT SPECIFIED","6,600","0.6"
"SURVEY","2020","YEAR","","COUNTY","ILLINOIS","17","SOUTHEAST","90","SALINE","165","","","00000000","","CORN","CORN - ACRES PLANTED","TOTAL","NOT SPECIFIED","46,600","0.1"
"SURVEY","2020","YEAR","","COUNTY","ILLINOIS","17","SOUTHEAST","90","WABASH","185","","","00000000","","CORN","CORN - ACRES PLANTED","TOTAL","NOT SPECIFIED","51,300","0.1"
"SURVEY","2020","YEAR","","COUNTY","ILLINOIS","17","SOUTHEAST","90","WAYNE","191","","","00000000","","CORN","CORN - ACRES PLANTED","TOTAL","NOT SPECIFIED","130,000","0.1"
"SURVEY","2020","YEAR","","COUNTY","ILLINOIS","17","SOUTHEAST","90","WHITE","193","","","00000000","","CORN","CORN - ACRES PLANTED","TOTAL","NOT SPECIFIED","94,400","0.1"
"SURVEY","2020","YEAR","","COUNTY","ILLINOIS","17","SOUTHWEST","80","ALEXANDER","003","","","00000000","","CORN","CORN - ACRES PLANTED","TOTAL","NOT SPECIFIED","7,900","0.6"
"SURVEY","2020","YEAR","","COUNTY","ILLINOIS","17","SOUTHWEST","80","CLINTON","027","","","00000000","","CORN","CORN - ACRES PLANTED","TOTAL","NOT SPECIFIED","99,700","0.1"
"SURVEY","2020","YEAR","","COUNTY","ILLINOIS","17","SOUTHWEST","80","JACKSON","077","","","00000000","","CORN","CORN - ACRES PLANTED","TOTAL","NOT SPECIFIED","32,400","0.1"
"SURVEY","2020","YEAR","","COUNTY","ILLINOIS","17","SOUTHWEST","80","JOHNSON","087","","","00000000","","CORN","CORN - ACRES PLANTED","TOTAL","NOT SPECIFIED","6,900","0.8"
"SURVEY","2020","YEAR","","COUNTY","ILLINOIS","17","SOUTHWEST","80","MONROE","133","","","00000000","","CORN","CORN - ACRES PLANTED","TOTAL","NOT SPECIFIED","49,700","0.1"
"SURVEY","2020","YEAR","","COUNTY","ILLINOIS","17","SOUTHWEST","80","PERRY","145","","","00000000","","CORN","CORN - ACRES PLANTED","TOTAL","NOT SPECIFIED","46,700","0.1"
"SURVEY","2020","YEAR","","COUNTY","ILLINOIS","17","SOUTHWEST","80","PULASKI","153","","","00000000","","CORN","CORN - ACRES PLANTED","TOTAL","NOT SPECIFIED","15,300","0.2"
"SURVEY","2020","YEAR","","COUNTY","ILLINOIS","17","SOUTHWEST","80","RANDOLPH","157","","","00000000","","CORN","CORN - ACRES PLANTED","TOTAL","NOT SPECIFIED","63,000","0.1"
"SURVEY","2020","YEAR","","COUNTY","ILLINOIS","17","SOUTHWEST","80","ST CLAIR","163","","","00000000","","CORN","CORN - ACRES PLANTED","TOTAL","NOT SPECIFIED","95,200","0.1"
"SURVEY","2020","YEAR","","COUNTY","ILLINOIS","17","SOUTHWEST","80","UNION","181","","","00000000","","CORN","CORN - ACRES PLANTED","TOTAL","NOT SPECIFIED","11,800","0.3"
"SURVEY","2020","YEAR","","COUNTY","ILLINOIS","17","SOUTHWEST","80","WASHINGTON","189","","","00000000","","CORN","CORN - ACRES PLANTED","TOTAL","NOT SPECIFIED","104,000","0.1"
"SURVEY","2020","YEAR","","COUNTY","ILLINOIS","17","SOUTHWEST","80","WILLIAMSON","199","","","00000000","","CORN","CORN - ACRES PLANTED","TOTAL","NOT SPECIFIED","18,800","0.3"
"SURVEY","2020","YEAR","","COUNTY","ILLINOIS","17","WEST","30","ADAMS","001","","","00000000","","CORN","CORN - ACRES PLANTED","TOTAL","NOT SPECIFIED","156,000","0.1"
"SURVEY","2020","YEAR","","COUNTY","ILLINOIS","17","WEST","30","BROWN","009","","","00000000","","CORN","CORN - ACRES PLANTED","TOTAL","NOT SPECIFIED","35,900","1.0"
"SURVEY","2020","YEAR","","COUNTY","ILLINOIS","17","WEST","30","FULTON","057","","","00000000","","CORN","CORN - ACRES PLANTED","TOTAL","NOT SPECIFIED","134,500","0.1"
"SURVEY","2020","YEAR","","COUNTY","ILLINOIS","17","WEST","30","HANCOCK","067","","","00000000","","CORN","CORN - ACRES PLANTED","TOTAL","NOT SPECIFIED","168,000","0.3"
"SURVEY","2020","YEAR","","COUNTY","ILLINOIS","17","WEST","30","HENDERSON","071","","","00000000","","CORN","CORN - ACRES PLANTED","TOTAL","NOT SPECIFIED","98,000","0.1"
"SURVEY","2020","YEAR","","COUNTY","ILLINOIS","17","WEST","30","KNOX","095","","","00000000","","CORN","CORN - ACRES PLANTED","TOTAL","NOT SPECIFIED","156,500","0.1"
"SURVEY","2020","YEAR","","COUNTY","ILLINOIS","17","WEST","30","MCDONOUGH","109","","","00000000","","CORN","CORN - ACRES PLANTED","TOTAL","NOT SPECIFIED","140,500","0.1"
"SURVEY","2020","YEAR","","COUNTY","ILLINOIS","17","WEST","30","SCHUYLER","169","","","00000000","","CORN","CORN - ACRES PLANTED","TOTAL","NOT SPECIFIED","61,900","0.2"
"SURVEY","2020","YEAR","","COUNTY","ILLINOIS","17","WEST","30","WARREN","187","","","00000000","","CORN","CORN - ACRES PLANTED","TOTAL","NOT SPECIFIED","152,000","0.1"
"SURVEY","2020","YEAR","","COUNTY","ILLINOIS","17","WEST SOUTHWEST","60","BOND","005","","","00000000","","CORN","CORN - ACRES PLANTED","TOTAL","NOT SPECIFIED","71,500","0.2"
"SURVEY","2020","YEAR","","COUNTY","ILLINOIS","17","WEST SOUTHWEST","60","CALHOUN","013","","","00000000","","CORN","CORN - ACRES PLANTED","TOTAL","NOT SPECIFIED","18,700","6.7"
"SURVEY","2020","YEAR","","COUNTY","ILLINOIS","17","WEST SOUTHWEST","60","CASS","017","","","00000000","","CORN","CORN - ACRES PLANTED","TOTAL","NOT SPECIFIED","81,700","0.1"
"SURVEY","2020","YEAR","","COUNTY","ILLINOIS","17","WEST SOUTHWEST","60","CHRISTIAN","021","","","00000000","","CORN","CORN - ACRES PLANTED","TOTAL","NOT SPECIFIED","190,000","0.2"
"SURVEY","2020","YEAR","","COUNTY","ILLINOIS","17","WEST SOUTHWEST","60","GREENE","061","","","00000000","","CORN","CORN - ACRES PLANTED","TOTAL","NOT SPECIFIED","111,500","0.1"
"SURVEY","2020","YEAR","","COUNTY","ILLINOIS","17","WEST SOUTHWEST","60","JERSEY","083","","","00000000","","CORN","CORN - ACRES PLANTED","TOTAL","NOT SPECIFIED","58,000","0.3"
"SURVEY","2020","YEAR","","COUNTY","ILLINOIS","17","WEST SOUTHWEST","60","MACOUPIN","117","","","00000000","","CORN","CORN - ACRES PLANTED","TOTAL","NOT SPECIFIED","181,500","0.2"
"SURVEY","2020","YEAR","","COUNTY","ILLINOIS","17","WEST SOUTHWEST","60","MADISON","119","","","00000000","","CORN","CORN - ACRES PLANTED","TOTAL","NOT SPECIFIED","106,000","0.1"
"SURVEY","2020","YEAR","","COUNTY","ILLINOIS","17","WEST SOUTHWEST","60","MONTGOMERY","135","","","00000000","","CORN","CORN - ACRES PLANTED","TOTAL","NOT SPECIFIED","162,500","0.1"
"SURVEY","2020","YEAR","","COUNTY","ILLINOIS","17","WEST SOUTHWEST","60","MORGAN","137","","","00000000","","CORN","CORN - ACRES PLANTED","TOTAL","NOT SPECIFIED","134,000","0.1"
"SURVEY","2020","YEAR","","COUNTY","ILLINOIS","17","WEST SOUTHWEST","60","PIKE","149","","","00000000","","CORN","CORN - ACRES PLANTED","TOTAL","NOT SPECIFIED","158,500","0.1"
"SURVEY","2020","YEAR","","COUNTY","ILLINOIS","17","WEST SOUTHWEST","60","SANGAMON","167","","","00000000","","CORN","CORN - ACRES PLANTED","TOTAL","NOT SPECIFIED","223,000","0.4"
"SURVEY","2020","YEAR","","COUNTY","ILLINOIS","17","WEST SOUTHWEST","60","SCOTT","171","","","00000000","","CORN","CORN - ACRES PLANTED","TOTAL","NOT SPECIFIED","54,500","0.4"
"SURVEY","2019","YEAR","","COUNTY","ILLINOIS","17","CENTRAL","40","LOGAN","107","","","00000000","","CORN","CORN - ACRES PLANTED","TOTAL","NOT SPECIFIED","181,500",""
"SURVEY","2019","YEAR","","COUNTY","ILLINOIS","17","CENTRAL","40","MACON","115","","","00000000","","CORN","CORN - ACRES PLANTED","TOTAL","NOT SPECIFIED","148,000",""
"SURVEY","2019","YEAR","","COUNTY","ILLINOIS","17","CENTRAL","40","MARSHALL","123","","","00000000","","CORN","CORN - ACRES PLANTED","TOTAL","NOT SPECIFIED","97,300",""
"SURVEY","2019","YEAR","","COUNTY","ILLINOIS","17","CENTRAL","40","MASON","125","","","00000000","","CORN","CORN - ACRES PLANTED","TOTAL","NOT SPECIFIED","128,000",""
"SURVEY","2019","YEAR","","COUNTY","ILLINOIS","17","CENTRAL","40","MCLEAN","113","","","00000000","","CORN","CORN - ACRES PLANTED","TOTAL","NOT SPECIFIED","325,000",""
"SURVEY","2019","YEAR","","COUNTY","ILLINOIS","17","CENTRAL","40","OTHER (COMBINED) COUNTIES","","","","00000000","","CORN","CORN - ACRES PLANTED","TOTAL","NOT SPECIFIED","182,700",""
"SURVEY","2019","YEAR","","COUNTY","ILLINOIS","17","CENTRAL","40","PEORIA","143","","","00000000","","CORN","CORN - ACRES PLANTED","TOTAL","NOT SPECIFIED","100,500",""
"SURVEY","2019","YEAR","","COUNTY","ILLINOIS","17","CENTRAL","40","STARK","175","","","00000000","","CORN","CORN - ACRES PLANTED","TOTAL","NOT SPECIFIED","91,000",""
"SURVEY","2019","YEAR","","COUNTY","ILLINOIS","17","CENTRAL","40","TAZEWELL","179","","","00000000","","CORN","CORN - ACRES PLANTED","TOTAL","NOT SPECIFIED","141,000",""
"SURVEY","2019","YEAR","","COUNTY","ILLINOIS","17","CENTRAL","40","WOODFORD","203","","","00000000","","CORN","CORN - ACRES PLANTED","TOTAL","NOT SPECIFIED","122,000",""
"SURVEY","2019","YEAR","","COUNTY","ILLINOIS","17","EAST","50","CHAMPAIGN","019","","","00000000","","CORN","CORN - ACRES PLANTED","TOTAL","NOT SPECIFIED","275,000",""
"SURVEY","2019","YEAR","","COUNTY","ILLINOIS","17","EAST","50","FORD","053","","","00000000","","CORN","CORN - ACRES PLANTED","TOTAL","NOT SPECIFIED","137,500",""
"SURVEY","2019","YEAR","","COUNTY","ILLINOIS","17","EAST","50","IROQUOIS","075","","","00000000","","CORN","CORN - ACRES PLANTED","TOTAL","NOT SPECIFIED","306,000",""
"SURVEY","2019","YEAR","","COUNTY","ILLINOIS","17","EAST","50","LIVINGSTON","105","","","00000000","","CORN","CORN - ACRES PLANTED","TOTAL","NOT SPECIFIED","267,500",""
"SURVEY","2019","YEAR","","COUNTY","ILLINOIS","17","EAST","50","OTHER (COMBINED) COUNTIES","","","","00000000","","CORN","CORN - ACRES PLANTED","TOTAL","NOT SPECIFIED","353,500",""
"SURVEY","2019","YEAR","","COUNTY","ILLINOIS","17","EAST","50","PIATT","147","","","00000000","","CORN","CORN - ACRES PLANTED","TOTAL","NOT SPECIFIED","132,500",""
"SURVEY","2019","YEAR","","COUNTY","ILLINOIS","17","EAST SOUTHEAST","70","CLAY","025","","","00000000","","CORN","CORN - ACRES PLANTED","TOTAL","NOT SPECIFIED","65,500",""
"SURVEY","2019","YEAR","","COUNTY","ILLINOIS","17","EAST SOUTHEAST","70","COLES","029","","","00000000","","CORN","CORN - ACRES PLANTED","TOTAL","NOT SPECIFIED","118,500",""
"SURVEY","2019","YEAR","","COUNTY","ILLINOIS","17","EAST SOUTHEAST","70","CRAWFORD","033","","","00000000","","CORN","CORN - ACRES PLANTED","TOTAL","NOT SPECIFIED","78,000",""
"SURVEY","2019","YEAR","","COUNTY","ILLINOIS","17","EAST SOUTHEAST","70","CUMBERLAND","035","","","00000000","","CORN","CORN - ACRES PLANTED","TOTAL","NOT SPECIFIED","66,200",""
"SURVEY","2019","YEAR","","COUNTY","ILLINOIS","17","EAST SOUTHEAST","70","DOUGLAS","041","","","00000000","","CORN","CORN - ACRES PLANTED","TOTAL","NOT SPECIFIED","115,500",""
"SURVEY","2019","YEAR","","COUNTY","ILLINOIS","17","EAST SOUTHEAST","70","EFFINGHAM","049","","","00000000","","CORN","CORN - ACRES PLANTED","TOTAL","NOT SPECIFIED","82,600",""
"SURVEY","2019","YEAR","","COUNTY","ILLINOIS","17","EAST SOUTHEAST","70","FAYETTE","051","","","00000000","","CORN","CORN - ACRES PLANTED","TOTAL","NOT SPECIFIED","98,900",""
"SURVEY","2019","YEAR","","COUNTY","ILLINOIS","17","EAST SOUTHEAST","70","JASPER","079","","","00000000","","CORN","CORN - ACRES PLANTED","TOTAL","NOT SPECIFIED","98,500",""
"SURVEY","2019","YEAR","","COUNTY","ILLINOIS","17","EAST SOUTHEAST","70","LAWRENCE","101","","","00000000","","CORN","CORN - ACRES PLANTED","TOTAL","NOT SPECIFIED","70,900",""
"SURVEY","2019","YEAR","","COUNTY","ILLINOIS","17","EAST SOUTHEAST","70","MARION","121","","","00000000","","CORN","CORN - ACRES PLANTED","TOTAL","NOT SPECIFIED","65,600",""
"SURVEY","2019","YEAR","","COUNTY","ILLINOIS","17","EAST SOUTHEAST","70","MOULTRIE","139","","","00000000","","CORN","CORN - ACRES PLANTED","TOTAL","NOT SPECIFIED","87,600",""
"SURVEY","2019","YEAR","","COUNTY","ILLINOIS","17","EAST SOUTHEAST","70","OTHER (COMBINED) COUNTIES","","","","00000000","","CORN","CORN - ACRES PLANTED","TOTAL","NOT SPECIFIED","313,700",""
"SURVEY","2019","YEAR","","COUNTY","ILLINOIS","17","EAST SOUTHEAST","70","SHELBY","173","","","00000000","","CORN","CORN - ACRES PLANTED","TOTAL","NOT SPECIFIED","167,500",""
"SURVEY","2019","YEAR","","COUNTY","ILLINOIS","17","NORTHEAST","20","BOONE","007","","","00000000","","CORN","CORN - ACRES PLANTED","TOTAL","NOT SPECIFIED","64,700",""
"SURVEY","2019","YEAR","","COUNTY","ILLINOIS","17","NORTHEAST","20","COOK","031","","","00000000","","CORN","CORN - ACRES PLANTED","TOTAL","NOT SPECIFIED","1,000",""
"SURVEY","2019","YEAR","","COUNTY","ILLINOIS","17","NORTHEAST","20","DE KALB","037","","","00000000","","CORN","CORN - ACRES PLANTED","TOTAL","NOT SPECIFIED","157,000",""
"SURVEY","2019","YEAR","","COUNTY","ILLINOIS","17","NORTHEAST","20","GRUNDY","063","","","00000000","","CORN","CORN - ACRES PLANTED","TOTAL","NOT SPECIFIED","85,700",""
"SURVEY","2019","YEAR","","COUNTY","ILLINOIS","17","NORTHEAST","20","KANE","089","","","00000000","","CORN","CORN - ACRES PLANTED","TOTAL","NOT SPECIFIED","56,300",""
"SURVEY","2019","YEAR","","COUNTY","ILLINOIS","17","NORTHEAST","20","KENDALL","093","","","00000000","","CORN","CORN - ACRES PLANTED","TOTAL","NOT SPECIFIED","60,200",""
"SURVEY","2019","YEAR","","COUNTY","ILLINOIS","17","NORTHEAST","20","LA SALLE","099","","","00000000","","CORN","CORN - ACRES PLANTED","TOTAL","NOT SPECIFIED","250,000",""
"SURVEY","2019","YEAR","","COUNTY","ILLINOIS","17","NORTHEAST","20","LAKE","097","","","00000000","","CORN","CORN - ACRES PLANTED","TOTAL","NOT SPECIFIED","4,900",""
"SURVEY","2019","YEAR","","COUNTY","ILLINOIS","17","NORTHEAST","20","OTHER (COMBINED) COUNTIES","","","","00000000","","CORN","CORN - ACRES PLANTED","TOTAL","NOT SPECIFIED","143,200",""
"SURVEY","2019","YEAR","","COUNTY","ILLINOIS","17","NORTHWEST","10","BUREAU","011","","","00000000","","CORN","CORN - ACRES PLANTED","TOTAL","NOT SPECIFIED","213,500",""
"SURVEY","2019","YEAR","","COUNTY","ILLINOIS","17","NORTHWEST","10","CARROLL","015","","","00000000","","CORN","CORN - ACRES PLANTED","TOTAL","NOT SPECIFIED","133,000",""
"SURVEY","2019","YEAR","","COUNTY","ILLINOIS","17","NORTHWEST","10","HENRY","073","","","00000000","","CORN","CORN - ACRES PLANTED","TOTAL","NOT SPECIFIED","197,000",""
"SURVEY","2019","YEAR","","COUNTY","ILLINOIS","17","NORTHWEST","10","JO DAVIESS","085","","","00000000","","CORN","CORN - ACRES PLANTED","TOTAL","NOT SPECIFIED","102,000",""
"SURVEY","2019","YEAR","","COUNTY","ILLINOIS","17","NORTHWEST","10","LEE","103","","","00000000","","CORN","CORN - ACRES PLANTED","TOTAL","NOT SPECIFIED","211,500",""
"SURVEY","2019","YEAR","","COUNTY","ILLINOIS","17","NORTHWEST","10","MERCER","131","","","00000000","","CORN","CORN - ACRES PLANTED","TOTAL","NOT SPECIFIED","138,500",""
"SURVEY","2019","YEAR","","COUNTY","ILLINOIS","17","NORTHWEST","10","OGLE","141","","","00000000","","CORN","CORN - ACRES PLANTED","TOTAL","NOT SPECIFIED","210,000",""
"SURVEY","2019","YEAR","","COUNTY","ILLINOIS","17","NORTHWEST","10","OTHER (COMBINED) COUNTIES","","","","00000000","","CORN","CORN - ACRES PLANTED","TOTAL","NOT SPECIFIED","94,500",""
"SURVEY","2019","YEAR","","COUNTY","ILLINOIS","17","NORTHWEST","10","STEPHENSON","177","","","00000000","","CORN","CORN - ACRES PLANTED","TOTAL","NOT SPECIFIED","166,000",""
"SURVEY","2019","YEAR","","COUNTY","ILLINOIS","17","NORTHWEST","10","WHITESIDE","195","","","00000000","","CORN","CORN - ACRES PLANTED","TOTAL","NOT SPECIFIED","192,000",""
"SURVEY","2019","YEAR","","COUNTY","ILLINOIS","17","NORTHWEST","10","WINNEBAGO","201","","","00000000","","CORN","CORN - ACRES PLANTED","TOTAL","NOT SPECIFIED","83,000",""
"SURVEY","2019","YEAR","","COUNTY","ILLINOIS","17","SOUTHEAST","90","FRANKLIN","055","","","00000000","","CORN","CORN - ACRES PLANTED","TOTAL","NOT SPECIFIED","26,300",""
"SURVEY","2019","YEAR","","COUNTY","ILLINOIS","17","SOUTHEAST","90","GALLATIN","059","","","00000000","","CORN","CORN - ACRES PLANTED","TOTAL","NOT SPECIFIED","64,500",""
"SURVEY","2019","YEAR","","COUNTY","ILLINOIS","17","SOUTHEAST","90","JEFFERSON","081","","","00000000","","CORN","CORN - ACRES PLANTED","TOTAL","NOT SPECIFIED","30,400",""
"SURVEY","2019","YEAR","","COUNTY","ILLINOIS","17","SOUTHEAST","90","MASSAC","127","","","00000000","","CORN","CORN - ACRES PLANTED","TOTAL","NOT SPECIFIED","22,600",""
"SURVEY","2019","YEAR","","COUNTY","ILLINOIS","17","SOUTHEAST","90","OTHER (COMBINED) COUNTIES","","","","00000000","","CORN","CORN - ACRES PLANTED","TOTAL","NOT SPECIFIED","245,900",""
"SURVEY","2019","YEAR","","COUNTY","ILLINOIS","17","SOUTHEAST","90","WABASH","185","","","00000000","","CORN","CORN - ACRES PLANTED","TOTAL","NOT SPECIFIED","44,500",""
"SURVEY","2019","YEAR","","COUNTY","ILLINOIS","17","SOUTHEAST","90","WHITE","193","","","00000000","","CORN","CORN - ACRES PLANTED","TOTAL","NOT SPECIFIED","74,800",""
"SURVEY","2019","YEAR","","COUNTY","ILLINOIS","17","SOUTHWEST","80","ALEXANDER","003","","","00000000","","CORN","CORN - ACRES PLANTED","TOTAL","NOT SPECIFIED","3,500",""
"SURVEY","2019","YEAR","","COUNTY","ILLINOIS","17","SOUTHWEST","80","CLINTON","027","","","00000000","","CORN","CORN - ACRES PLANTED","TOTAL","NOT SPECIFIED","87,100",""
"SURVEY","2019","YEAR","","COUNTY","ILLINOIS","17","SOUTHWEST","80","JACKSON","077","","","00000000","","CORN","CORN - ACRES PLANTED","TOTAL","NOT SPECIFIED","27,300",""
"SURVEY","2019","YEAR","","COUNTY","ILLINOIS","17","SOUTHWEST","80","MONROE","133","","","00000000","","CORN","CORN - ACRES PLANTED","TOTAL","NOT SPECIFIED","37,100",""
"SURVEY","2019","YEAR","","COUNTY","ILLINOIS","17","SOUTHWEST","80","OTHER (COMBINED) COUNTIES","","","","00000000","","CORN","CORN - ACRES PLANTED","TOTAL","NOT SPECIFIED","44,000",""
"SURVEY","2019","YEAR","","COUNTY","ILLINOIS","17","SOUTHWEST","80","PULASKI","153","","","00000000","","CORN","CORN - ACRES PLANTED","TOTAL","NOT SPECIFIED","13,800",""
"SURVEY","2019","YEAR","","COUNTY","ILLINOIS","17","SOUTHWEST","80","RANDOLPH","157","","","00000000","","CORN","CORN - ACRES PLANTED","TOTAL","NOT SPECIFIED","54,200",""
"SURVEY","2019","YEAR","","COUNTY","ILLINOIS","17","SOUTHWEST","80","ST CLAIR","163","","","00000000","","CORN","CORN - ACRES PLANTED","TOTAL","NOT SPECIFIED","85,900",""
"SURVEY","2019","YEAR","","COUNTY","ILLINOIS","17","SOUTHWEST","80","UNION","181","","","00000000","","CORN","CORN - ACRES PLANTED","TOTAL","NOT SPECIFIED","8,400",""
"SURVEY","2019","YEAR","","COUNTY","ILLINOIS","17","SOUTHWEST","80","WASHINGTON","189","","","00000000","","CORN","CORN - ACRES PLANTED","TOTAL","NOT SPECIFIED","86,600",""
"SURVEY","2019","YEAR","","COUNTY","ILLINOIS","17","SOUTHWEST","80","WILLIAMSON","199","","","00000000","","CORN","CORN - ACRES PLANTED","TOTAL","NOT SPECIFIED","15,100",""
"SURVEY","2019","YEAR","","COUNTY","ILLINOIS","17","WEST","30","ADAMS","001","","","00000000","","CORN","CORN - ACRES PLANTED","TOTAL","NOT SPECIFIED","133,000",""
"SURVEY","2019","YEAR","","COUNTY","ILLINOIS","17","WEST","30","FULTON","057","","","00000000","","CORN","CORN - ACRES PLANTED","TOTAL","NOT SPECIFIED","129,500",""
"SURVEY","2019","YEAR","","COUNTY","ILLINOIS","17","WEST","30","HENDERSON","071","","","00000000","","CORN","CORN - ACRES PLANTED","TOTAL","NOT SPECIFIED","91,500",""
"SURVEY","2019","YEAR","","COUNTY","ILLINOIS","17","WEST","30","KNOX","095","","","00000000","","CORN","CORN - ACRES PLANTED","TOTAL","NOT SPECIFIED","155,500",""
"SURVEY","2019","YEAR","","COUNTY","ILLINOIS","17","WEST","30","MCDONOUGH","109","","","00000000","","CORN","CORN - ACRES PLANTED","TOTAL","NOT SPECIFIED","136,000",""
"SURVEY","2019","YEAR","","COUNTY","ILLINOIS","17","WEST","30","OTHER (COMBINED) COUNTIES","","","","00000000","","CORN","CORN - ACRES PLANTED","TOTAL","NOT SPECIFIED","191,200",""
"SURVEY","2019","YEAR","","COUNTY","ILLINOIS","17","WEST","30","SCHUYLER","169","","","00000000","","CORN","CORN - ACRES PLANTED","TOTAL","NOT SPECIFIED","55,800",""
"SURVEY","2019","YEAR","","COUNTY","ILLINOIS","17","WEST","30","WARREN","187","","","00000000","","CORN","CORN - ACRES PLANTED","TOTAL","NOT SPECIFIED","154,500",""
"SURVEY","2019","YEAR","","COUNTY","ILLINOIS","17","WEST SOUTHWEST","60","BOND","005","","","00000000","","CORN","CORN - ACRES PLANTED","TOTAL","NOT SPECIFIED","62,000",""
"SURVEY","2019","YEAR","","COUNTY","ILLINOIS","17","WEST SOUTHWEST","60","CALHOUN","013","","","00000000","","CORN","CORN - ACRES PLANTED","TOTAL","NOT SPECIFIED","18,500",""
"SURVEY","2019","YEAR","","COUNTY","ILLINOIS","17","WEST SOUTHWEST","60","CASS","017","","","00000000","","CORN","CORN - ACRES PLANTED","TOTAL","NOT SPECIFIED","81,600",""
"SURVEY","2019","YEAR","","COUNTY","ILLINOIS","17","WEST SOUTHWEST","60","CHRISTIAN","021","","","00000000","","CORN","CORN - ACRES PLANTED","TOTAL","NOT SPECIFIED","195,000",""
"SURVEY","2019","YEAR","","COUNTY","ILLINOIS","17","WEST SOUTHWEST","60","GREENE","061","","","00000000","","CORN","CORN - ACRES PLANTED","TOTAL","NOT SPECIFIED","106,500",""
"SURVEY","2019","YEAR","","COUNTY","ILLINOIS","17","WEST SOUTHWEST","60","JERSEY","083","","","00000000","","CORN","CORN - ACRES PLANTED","TOTAL","NOT SPECIFIED","58,300",""
"SURVEY","2019","YEAR","","COUNTY","ILLINOIS","17","WEST SOUTHWEST","60","MACOUPIN","117","","","00000000","","CORN","CORN - ACRES PLANTED","TOTAL","NOT SPECIFIED","182,500",""
"SURVEY","2019","YEAR","","COUNTY","ILLINOIS","17","WEST SOUTHWEST","60","MADISON","119","","","00000000","","CORN","CORN - ACRES PLANTED","TOTAL","NOT SPECIFIED","99,200",""
"SURVEY","2019","YEAR","","COUNTY","ILLINOIS","17","WEST SOUTHWEST","60","MONTGOMERY","135","","","00000000","","CORN","CORN - ACRES PLANTED","TOTAL","NOT SPECIFIED","153,000",""
"SURVEY","2019","YEAR","","COUNTY","ILLINOIS","17","WEST SOUTHWEST","60","MORGAN","137","","","00000000","","CORN","CORN - ACRES PLANTED","TOTAL","NOT SPECIFIED","132,500",""
"SURVEY","2019","YEAR","","COUNTY","ILLINOIS","17","WEST SOUTHWEST","60","OTHER (COMBINED) COUNTIES","","","","00000000","","CORN","CORN - ACRES PLANTED","TOTAL","NOT SPECIFIED","185,900",""
"SURVEY","2019","YEAR","","COUNTY","ILLINOIS","17","WEST SOUTHWEST","60","SANGAMON","167","","","00000000","","CORN","CORN - ACRES PLANTED","TOTAL","NOT SPECIFIED","224,000",""
"SURVEY","2018","YEAR","","COUNTY","ILLINOIS","17","CENTRAL","40","DE WITT","039","","","00000000","","CORN","CORN - ACRES PLANTED","TOTAL","NOT SPECIFIED","102,000",""
"SURVEY","2018","YEAR","","COUNTY","ILLINOIS","17","CENTRAL","40","LOGAN","107","","","00000000","","CORN","CORN - ACRES PLANTED","TOTAL","NOT SPECIFIED","177,000",""
"SURVEY","2018","YEAR","","COUNTY","ILLINOIS","17","CENTRAL","40","MACON","115","","","00000000","","CORN","CORN - ACRES PLANTED","TOTAL","NOT SPECIFIED","149,000",""
"SURVEY","2018","YEAR","","COUNTY","ILLINOIS","17","CENTRAL","40","MARSHALL","123","","","00000000","","CORN","CORN - ACRES PLANTED","TOTAL","NOT SPECIFIED","96,200",""
"SURVEY","2018","YEAR","","COUNTY","ILLINOIS","17","CENTRAL","40","MCLEAN","113","","","00000000","","CORN","CORN - ACRES PLANTED","TOTAL","NOT SPECIFIED","314,500",""
"SURVEY","2018","YEAR","","COUNTY","ILLINOIS","17","CENTRAL","40","OTHER (COMBINED) COUNTIES","","","","00000000","","CORN","CORN - ACRES PLANTED","TOTAL","NOT SPECIFIED","188,800",""
"SURVEY","2018","YEAR","","COUNTY","ILLINOIS","17","CENTRAL","40","PEORIA","143","","","00000000","","CORN","CORN - ACRES PLANTED","TOTAL","NOT SPECIFIED","104,000",""
"SURVEY","2018","YEAR","","COUNTY","ILLINOIS","17","CENTRAL","40","STARK","175","","","00000000","","CORN","CORN - ACRES PLANTED","TOTAL","NOT SPECIFIED","87,000",""
"SURVEY","2018","YEAR","","COUNTY","ILLINOIS","17","CENTRAL","40","TAZEWELL","179","","","00000000","","CORN","CORN - ACRES PLANTED","TOTAL","NOT SPECIFIED","139,500",""
"SURVEY","2018","YEAR","","COUNTY","ILLINOIS","17","CENTRAL","40","WOODFORD","203","","","00000000","","CORN","CORN - ACRES PLANTED","TOTAL","NOT SPECIFIED","124,000",""
"SURVEY","2018","YEAR","","COUNTY","ILLINOIS","17","EAST","50","CHAMPAIGN","019","","","00000000","","CORN","CORN - ACRES PLANTED","TOTAL","NOT SPECIFIED","276,000",""
"SURVEY","2018","YEAR","","COUNTY","ILLINOIS","17","EAST","50","FORD","053","","","00000000","","CORN","CORN - ACRES PLANTED","TOTAL","NOT SPECIFIED","142,500",""
"SURVEY","2018","YEAR","","COUNTY","ILLINOIS","17","EAST","50","IROQUOIS","075","","","00000000","","CORN","CORN - ACRES PLANTED","TOTAL","NOT SPECIFIED","316,000",""
"SURVEY","2018","YEAR","","COUNTY","ILLINOIS","17","EAST","50","KANKAKEE","091","","","00000000","","CORN","CORN - ACRES PLANTED","TOTAL","NOT SPECIFIED","179,000",""
"SURVEY","2018","YEAR","","COUNTY","ILLINOIS","17","EAST","50","LIVINGSTON","105","","","00000000","","CORN","CORN - ACRES PLANTED","TOTAL","NOT SPECIFIED","297,500",""
"SURVEY","2018","YEAR","","COUNTY","ILLINOIS","17","EAST","50","PIATT","147","","","00000000","","CORN","CORN - ACRES PLANTED","TOTAL","NOT SPECIFIED","123,000",""
"SURVEY","2018","YEAR","","COUNTY","ILLINOIS","17","EAST","50","VERMILION","183","","","00000000","","CORN","CORN - ACRES PLANTED","TOTAL","NOT SPECIFIED","217,000",""
"SURVEY","2018","YEAR","","COUNTY","ILLINOIS","17","EAST SOUTHEAST","70","CLARK","023","","","00000000","","CORN","CORN - ACRES PLANTED","TOTAL","NOT SPECIFIED","92,400",""
"SURVEY","2018","YEAR","","COUNTY","ILLINOIS","17","EAST SOUTHEAST","70","CLAY","025","","","00000000","","CORN","CORN - ACRES PLANTED","TOTAL","NOT SPECIFIED","67,500",""
"SURVEY","2018","YEAR","","COUNTY","ILLINOIS","17","EAST SOUTHEAST","70","COLES","029","","","00000000","","CORN","CORN - ACRES PLANTED","TOTAL","NOT SPECIFIED","115,000",""
"SURVEY","2018","YEAR","","COUNTY","ILLINOIS","17","EAST SOUTHEAST","70","CRAWFORD","033","","","00000000","","CORN","CORN - ACRES PLANTED","TOTAL","NOT SPECIFIED","80,900",""
"SURVEY","2018","YEAR","","COUNTY","ILLINOIS","17","EAST SOUTHEAST","70","DOUGLAS","041","","","00000000","","CORN","CORN - ACRES PLANTED","TOTAL","NOT SPECIFIED","109,500",""
"SURVEY","2018","YEAR","","COUNTY","ILLINOIS","17","EAST SOUTHEAST","70","EDGAR","045","","","00000000","","CORN","CORN - ACRES PLANTED","TOTAL","NOT SPECIFIED","159,000",""
"SURVEY","2018","YEAR","","COUNTY","ILLINOIS","17","EAST SOUTHEAST","70","EFFINGHAM","049","","","00000000","","CORN","CORN - ACRES PLANTED","TOTAL","NOT SPECIFIED","81,900",""
"SURVEY","2018","YEAR","","COUNTY","ILLINOIS","17","EAST SOUTHEAST","70","JASPER","079","","","00000000","","CORN","CORN - ACRES PLANTED","TOTAL","NOT SPECIFIED","95,800",""
"SURVEY","2018","YEAR","","COUNTY","ILLINOIS","17","EAST SOUTHEAST","70","LAWRENCE","101","","","00000000","","CORN","CORN - ACRES PLANTED","TOTAL","NOT SPECIFIED","71,000",""
"SURVEY","2018","YEAR","","COUNTY","ILLINOIS","17","EAST SOUTHEAST","70","MARION","121","","","00000000","","CORN","CORN - ACRES PLANTED","TOTAL","NOT SPECIFIED","61,200",""
"SURVEY","2018","YEAR","","COUNTY","ILLINOIS","17","EAST SOUTHEAST","70","MOULTRIE","139","","","00000000","","CORN","CORN - ACRES PLANTED","TOTAL","NOT SPECIFIED","87,500",""
"SURVEY","2018","YEAR","","COUNTY","ILLINOIS","17","EAST SOUTHEAST","70","OTHER (COMBINED) COUNTIES","","","","00000000","","CORN","CORN - ACRES PLANTED","TOTAL","NOT SPECIFIED","172,200",""
"SURVEY","2018","YEAR","","COUNTY","ILLINOIS","17","EAST SOUTHEAST","70","RICHLAND","159","","","00000000","","CORN","CORN - ACRES PLANTED","TOTAL","NOT SPECIFIED","69,600",""
"SURVEY","2018","YEAR","","COUNTY","ILLINOIS","17","EAST SOUTHEAST","70","SHELBY","173","","","00000000","","CORN","CORN - ACRES PLANTED","TOTAL","NOT SPECIFIED","170,500",""
"SURVEY","2018","YEAR","","COUNTY","ILLINOIS","17","NORTHEAST","20","BOONE","007","","","00000000","","CORN","CORN - ACRES PLANTED","TOTAL","NOT SPECIFIED","72,300",""
"SURVEY","2018","YEAR","","COUNTY","ILLINOIS","17","NORTHEAST","20","DE KALB","037","","","00000000","","CORN","CORN - ACRES PLANTED","TOTAL","NOT SPECIFIED","204,000",""
"SURVEY","2018","YEAR","","COUNTY","ILLINOIS","17","NORTHEAST","20","GRUNDY","063","","","00000000","","CORN","CORN - ACRES PLANTED","TOTAL","NOT SPECIFIED","100,500",""
"SURVEY","2018","YEAR","","COUNTY","ILLINOIS","17","NORTHEAST","20","KANE","089","","","00000000","","CORN","CORN - ACRES PLANTED","TOTAL","NOT SPECIFIED","75,100",""
"SURVEY","2018","YEAR","","COUNTY","ILLINOIS","17","NORTHEAST","20","KENDALL","093","","","00000000","","CORN","CORN - ACRES PLANTED","TOTAL","NOT SPECIFIED","74,100",""
"SURVEY","2018","YEAR","","COUNTY","ILLINOIS","17","NORTHEAST","20","LA SALLE","099","","","00000000","","CORN","CORN - ACRES PLANTED","TOTAL","NOT SPECIFIED","282,000",""
"SURVEY","2018","YEAR","","COUNTY","ILLINOIS","17","NORTHEAST","20","MCHENRY","111","","","00000000","","CORN","CORN - ACRES PLANTED","TOTAL","NOT SPECIFIED","90,300",""
"SURVEY","2018","YEAR","","COUNTY","ILLINOIS","17","NORTHEAST","20","OTHER (COMBINED) COUNTIES","","","","00000000","","CORN","CORN - ACRES PLANTED","TOTAL","NOT SPECIFIED","14,300",""
"SURVEY","2018","YEAR","","COUNTY","ILLINOIS","17","NORTHEAST","20","WILL","197","","","00000000","","CORN","CORN - ACRES PLANTED","TOTAL","NOT SPECIFIED","92,400",""
"SURVEY","2018","YEAR","","COUNTY","ILLINOIS","17","NORTHWEST","10","BUREAU","011","","","00000000","","CORN","CORN - ACRES PLANTED","TOTAL","NOT SPECIFIED","264,000",""
"SURVEY","2018","YEAR","","COUNTY","ILLINOIS","17","NORTHWEST","10","CARROLL","015","","","00000000","","CORN","CORN - ACRES PLANTED","TOTAL","NOT SPECIFIED","134,000",""
"SURVEY","2018","YEAR","","COUNTY","ILLINOIS","17","NORTHWEST","10","HENRY","073","","","00000000","","CORN","CORN - ACRES PLANTED","TOTAL","NOT SPECIFIED","226,500",""
"SURVEY","2018","YEAR","","COUNTY","ILLINOIS","17","NORTHWEST","10","JO DAVIESS","085","","","00000000","","CORN","CORN - ACRES PLANTED","TOTAL","NOT SPECIFIED","98,500",""
"SURVEY","2018","YEAR","","COUNTY","ILLINOIS","17","NORTHWEST","10","LEE","103","","","00000000","","CORN","CORN - ACRES PLANTED","TOTAL","NOT SPECIFIED","236,500",""
"SURVEY","2018","YEAR","","COUNTY","ILLINOIS","17","NORTHWEST","10","MERCER","131","","","00000000","","CORN","CORN - ACRES PLANTED","TOTAL","NOT SPECIFIED","141,000",""
"SURVEY","2018","YEAR","","COUNTY","ILLINOIS","17","NORTHWEST","10","OGLE","141","","","00000000","","CORN","CORN - ACRES PLANTED","TOTAL","NOT SPECIFIED","217,000",""
"SURVEY","2018","YEAR","","COUNTY","ILLINOIS","17","NORTHWEST","10","PUTNAM","155","","","00000000","","CORN","CORN - ACRES PLANTED","TOTAL","NOT SPECIFIED","32,300",""
"SURVEY","2018","YEAR","","COUNTY","ILLINOIS","17","NORTHWEST","10","ROCK ISLAND","161","","","00000000","","CORN","CORN - ACRES PLANTED","TOTAL","NOT SPECIFIED","68,400",""
"SURVEY","2018","YEAR","","COUNTY","ILLINOIS","17","NORTHWEST","10","STEPHENSON","177","","","00000000","","CORN","CORN - ACRES PLANTED","TOTAL","NOT SPECIFIED","166,500",""
"SURVEY","2018","YEAR","","COUNTY","ILLINOIS","17","NORTHWEST","10","WHITESIDE","195","","","00000000","","CORN","CORN - ACRES PLANTED","TOTAL","NOT SPECIFIED","226,000",""
"SURVEY","2018","YEAR","","COUNTY","ILLINOIS","17","NORTHWEST","10","WINNEBAGO","201","","","00000000","","CORN","CORN - ACRES PLANTED","TOTAL","NOT SPECIFIED","92,300",""
"SURVEY","2018","YEAR","","COUNTY","ILLINOIS","17","SOUTHEAST","90","EDWARDS","047","","","00000000","","CORN","CORN - ACRES PLANTED","TOTAL","NOT SPECIFIED","41,600",""
"SURVEY","2018","YEAR","","COUNTY","ILLINOIS","17","SOUTHEAST","90","FRANKLIN","055","","","00000000","","CORN","CORN - ACRES PLANTED","TOTAL","NOT SPECIFIED","27,800",""
"SURVEY","2018","YEAR","","COUNTY","ILLINOIS","17","SOUTHEAST","90","GALLATIN","059","","","00000000","","CORN","CORN - ACRES PLANTED","TOTAL","NOT SPECIFIED","55,600",""
"SURVEY","2018","YEAR","","COUNTY","ILLINOIS","17","SOUTHEAST","90","HAMILTON","065","","","00000000","","CORN","CORN - ACRES PLANTED","TOTAL","NOT SPECIFIED","69,200",""
"SURVEY","2018","YEAR","","COUNTY","ILLINOIS","17","SOUTHEAST","90","JEFFERSON","081","","","00000000","","CORN","CORN - ACRES PLANTED","TOTAL","NOT SPECIFIED","41,700",""
"SURVEY","2018","YEAR","","COUNTY","ILLINOIS","17","SOUTHEAST","90","OTHER (COMBINED) COUNTIES","","","","00000000","","CORN","CORN - ACRES PLANTED","TOTAL","NOT SPECIFIED","77,700",""
"SURVEY","2018","YEAR","","COUNTY","ILLINOIS","17","SOUTHEAST","90","SALINE","165","","","00000000","","CORN","CORN - ACRES PLANTED","TOTAL","NOT SPECIFIED","38,400",""
"SURVEY","2018","YEAR","","COUNTY","ILLINOIS","17","SOUTHEAST","90","WAYNE","191","","","00000000","","CORN","CORN - ACRES PLANTED","TOTAL","NOT SPECIFIED","114,500",""
"SURVEY","2018","YEAR","","COUNTY","ILLINOIS","17","SOUTHEAST","90","WHITE","193","","","00000000","","CORN","CORN - ACRES PLANTED","TOTAL","NOT SPECIFIED","83,500",""
"SURVEY","2018","YEAR","","COUNTY","ILLINOIS","17","SOUTHWEST","80","ALEXANDER","003","","","00000000","","CORN","CORN - ACRES PLANTED","TOTAL","NOT SPECIFIED","6,900",""
"SURVEY","2018","YEAR","","COUNTY","ILLINOIS","17","SOUTHWEST","80","CLINTON","027","","","00000000","","CORN","CORN - ACRES PLANTED","TOTAL","NOT SPECIFIED","95,900",""
"SURVEY","2018","YEAR","","COUNTY","ILLINOIS","17","SOUTHWEST","80","JACKSON","077","","","00000000","","CORN","CORN - ACRES PLANTED","TOTAL","NOT SPECIFIED","26,400",""
"SURVEY","2018","YEAR","","COUNTY","ILLINOIS","17","SOUTHWEST","80","MONROE","133","","","00000000","","CORN","CORN - ACRES PLANTED","TOTAL","NOT SPECIFIED","49,700",""
"SURVEY","2018","YEAR","","COUNTY","ILLINOIS","17","SOUTHWEST","80","OTHER (COMBINED) COUNTIES","","","","00000000","","CORN","CORN - ACRES PLANTED","TOTAL","NOT SPECIFIED","27,100",""
"SURVEY","2018","YEAR","","COUNTY","ILLINOIS","17","SOUTHWEST","80","PERRY","145","","","00000000","","CORN","CORN - ACRES PLANTED","TOTAL","NOT SPECIFIED","42,500",""
"SURVEY","2018","YEAR","","COUNTY","ILLINOIS","17","SOUTHWEST","80","RANDOLPH","157","","","00000000","","CORN","CORN - ACRES PLANTED","TOTAL","NOT SPECIFIED","59,200",""
"SURVEY","2018","YEAR","","COUNTY","ILLINOIS","17","SOUTHWEST","80","ST CLAIR","163","","","00000000","","CORN","CORN - ACRES PLANTED","TOTAL","NOT SPECIFIED","91,000",""
"SURVEY","2018","YEAR","","COUNTY","ILLINOIS","17","SOUTHWEST","80","WASHINGTON","189","","","00000000","","CORN","CORN - ACRES PLANTED","TOTAL","NOT SPECIFIED","96,100",""
"SURVEY","2018","YEAR","","COUNTY","ILLINOIS","17","SOUTHWEST","80","WILLIAMSON","199","","","00000000","","CORN","CORN - ACRES PLANTED","TOTAL","NOT SPECIFIED","17,200",""
"SURVEY","2018","YEAR","","COUNTY","ILLINOIS","17","WEST","30","ADAMS","001","","","00000000","","CORN","CORN - ACRES PLANTED","TOTAL","NOT SPECIFIED","149,000",""
"SURVEY","2018","YEAR","","COUNTY","ILLINOIS","17","WEST","30","BROWN","009","","","00000000","","CORN","CORN - ACRES PLANTED","TOTAL","NOT SPECIFIED","35,100",""
"SURVEY","2018","YEAR","","COUNTY","ILLINOIS","17","WEST","30","FULTON","057","","","00000000","","CORN","CORN - ACRES PLANTED","TOTAL","NOT SPECIFIED","135,000",""
"SURVEY","2018","YEAR","","COUNTY","ILLINOIS","17","WEST","30","HANCOCK","067","","","00000000","","CORN","CORN - ACRES PLANTED","TOTAL","NOT SPECIFIED","172,000",""
"SURVEY","2018","YEAR","","COUNTY","ILLINOIS","17","WEST","30","HENDERSON","071","","","00000000","","CORN","CORN - ACRES PLANTED","TOTAL","NOT SPECIFIED","93,500",""
"SURVEY","2018","YEAR","","COUNTY","ILLINOIS","17","WEST","30","KNOX","095","","","00000000","","CORN","CORN - ACRES PLANTED","TOTAL","NOT SPECIFIED","159,000",""
"SURVEY","2018","YEAR","","COUNTY","ILLINOIS","17","WEST","30","MCDONOUGH","109","","","00000000","","CORN","CORN - ACRES PLANTED","TOTAL","NOT SPECIFIED","138,500",""
"SURVEY","2018","YEAR","","COUNTY","ILLINOIS","17","WEST","30","SCHUYLER","169","","","00000000","","CORN","CORN - ACRES PLANTED","TOTAL","NOT SPECIFIED","63,400",""
"SURVEY","2018","YEAR","","COUNTY","ILLINOIS","17","WEST","30","WARREN","187","","","00000000","","CORN","CORN - ACRES PLANTED","TOTAL","NOT SPECIFIED","149,500",""
"SURVEY","2018","YEAR","","COUNTY","ILLINOIS","17","WEST SOUTHWEST","60","CASS","017","","","00000000","","CORN","CORN - ACRES PLANTED","TOTAL","NOT SPECIFIED","82,500",""
"SURVEY","2018","YEAR","","COUNTY","ILLINOIS","17","WEST SOUTHWEST","60","CHRISTIAN","021","","","00000000","","CORN","CORN - ACRES PLANTED","TOTAL","NOT SPECIFIED","181,000",""
"SURVEY","2018","YEAR","","COUNTY","ILLINOIS","17","WEST SOUTHWEST","60","GREENE","061","","","00000000","","CORN","CORN - ACRES PLANTED","TOTAL","NOT SPECIFIED","109,500",""
"SURVEY","2018","YEAR","","COUNTY","ILLINOIS","17","WEST SOUTHWEST","60","MACOUPIN","117","","","00000000","","CORN","CORN - ACRES PLANTED","TOTAL","NOT SPECIFIED","173,500",""
"SURVEY","2018","YEAR","","COUNTY","ILLINOIS","17","WEST SOUTHWEST","60","MADISON","119","","","00000000","","CORN","CORN - ACRES PLANTED","TOTAL","NOT SPECIFIED","103,000",""
"SURVEY","2018","YEAR","","COUNTY","ILLINOIS","17","WEST SOUTHWEST","60","MONTGOMERY","135","","","00000000","","CORN","CORN - ACRES PLANTED","TOTAL","NOT SPECIFIED","157,000",""
"SURVEY","2018","YEAR","","COUNTY","ILLINOIS","17","WEST SOUTHWEST","60","MORGAN","137","","","00000000","","CORN","CORN - ACRES PLANTED","TOTAL","NOT SPECIFIED","131,000",""
"SURVEY","2018","YEAR","","COUNTY","ILLINOIS","17","WEST SOUTHWEST","60","OTHER (COMBINED) COUNTIES","","","","00000000","","CORN","CORN - ACRES PLANTED","TOTAL","NOT SPECIFIED","190,000",""
"SURVEY","2018","YEAR","","COUNTY","ILLINOIS","17","WEST SOUTHWEST","60","PIKE","149","","","00000000","","CORN","CORN - ACRES PLANTED","TOTAL","NOT SPECIFIED","149,500",""
"SURVEY","2018","YEAR","","COUNTY","ILLINOIS","17","WEST SOUTHWEST","60","SANGAMON","167","","","00000000","","CORN","CORN - ACRES PLANTED","TOTAL","NOT SPECIFIED","191,000",""
"SURVEY","2017","YEAR","","COUNTY","ILLINOIS","17","CENTRAL","40","DE WITT","039","","","00000000","","CORN","CORN - ACRES PLANTED","TOTAL","NOT SPECIFIED","101,000",""
"SURVEY","2017","YEAR","","COUNTY","ILLINOIS","17","CENTRAL","40","LOGAN","107","","","00000000","","CORN","CORN - ACRES PLANTED","TOTAL","NOT SPECIFIED","185,000",""
"SURVEY","2017","YEAR","","COUNTY","ILLINOIS","17","CENTRAL","40","MACON","115","","","00000000","","CORN","CORN - ACRES PLANTED","TOTAL","NOT SPECIFIED","145,000",""
"SURVEY","2017","YEAR","","COUNTY","ILLINOIS","17","CENTRAL","40","MARSHALL","123","","","00000000","","CORN","CORN - ACRES PLANTED","TOTAL","NOT SPECIFIED","98,500",""
"SURVEY","2017","YEAR","","COUNTY","ILLINOIS","17","CENTRAL","40","MASON","125","","","00000000","","CORN","CORN - ACRES PLANTED","TOTAL","NOT SPECIFIED","118,500",""
"SURVEY","2017","YEAR","","COUNTY","ILLINOIS","17","CENTRAL","40","MCLEAN","113","","","00000000","","CORN","CORN - ACRES PLANTED","TOTAL","NOT SPECIFIED","309,500",""
"SURVEY","2017","YEAR","","COUNTY","ILLINOIS","17","CENTRAL","40","MENARD","129","","","00000000","","CORN","CORN - ACRES PLANTED","TOTAL","NOT SPECIFIED","78,900",""
"SURVEY","2017","YEAR","","COUNTY","ILLINOIS","17","CENTRAL","40","PEORIA","143","","","00000000","","CORN","CORN - ACRES PLANTED","TOTAL","NOT SPECIFIED","105,500",""
"SURVEY","2017","YEAR","","COUNTY","ILLINOIS","17","CENTRAL","40","STARK","175","","","00000000","","CORN","CORN - ACRES PLANTED","TOTAL","NOT SPECIFIED","93,100",""
"SURVEY","2017","YEAR","","COUNTY","ILLINOIS","17","CENTRAL","40","TAZEWELL","179","","","00000000","","CORN","CORN - ACRES PLANTED","TOTAL","NOT SPECIFIED","145,000",""
"SURVEY","2017","YEAR","","COUNTY","ILLINOIS","17","CENTRAL","40","WOODFORD","203","","","00000000","","CORN","CORN - ACRES PLANTED","TOTAL","NOT SPECIFIED","130,000",""
"SURVEY","2017","YEAR","","COUNTY","ILLINOIS","17","EAST","50","CHAMPAIGN","019","","","00000000","","CORN","CORN - ACRES PLANTED","TOTAL","NOT SPECIFIED","274,000",""
"SURVEY","2017","YEAR","","COUNTY","ILLINOIS","17","EAST","50","FORD","053","","","00000000","","CORN","CORN - ACRES PLANTED","TOTAL","NOT SPECIFIED","138,000",""
"SURVEY","2017","YEAR","","COUNTY","ILLINOIS","17","EAST","50","IROQUOIS","075","","","00000000","","CORN","CORN - ACRES PLANTED","TOTAL","NOT SPECIFIED","326,000",""
"SURVEY","2017","YEAR","","COUNTY","ILLINOIS","17","EAST","50","KANKAKEE","091","","","00000000","","CORN","CORN - ACRES PLANTED","TOTAL","NOT SPECIFIED","185,000",""
"SURVEY","2017","YEAR","","COUNTY","ILLINOIS","17","EAST","50","LIVINGSTON","105","","","00000000","","CORN","CORN - ACRES PLANTED","TOTAL","NOT SPECIFIED","294,500",""
"SURVEY","2017","YEAR","","COUNTY","ILLINOIS","17","EAST","50","PIATT","147","","","00000000","","CORN","CORN - ACRES PLANTED","TOTAL","NOT SPECIFIED","134,500",""
"SURVEY","2017","YEAR","","COUNTY","ILLINOIS","17","EAST","50","VERMILION","183","","","00000000","","CORN","CORN - ACRES PLANTED","TOTAL","NOT SPECIFIED","217,000",""
"SURVEY","2017","YEAR","","COUNTY","ILLINOIS","17","EAST SOUTHEAST","70","CLARK","023","","","00000000","","CORN","CORN - ACRES PLANTED","TOTAL","NOT SPECIFIED","90,700",""
"SURVEY","2017","YEAR","","COUNTY","ILLINOIS","17","EAST SOUTHEAST","70","CLAY","025","","","00000000","","CORN","CORN - ACRES PLANTED","TOTAL","NOT SPECIFIED","73,100",""
"SURVEY","2017","YEAR","","COUNTY","ILLINOIS","17","EAST SOUTHEAST","70","COLES","029","","","00000000","","CORN","CORN - ACRES PLANTED","TOTAL","NOT SPECIFIED","115,000",""
"SURVEY","2017","YEAR","","COUNTY","ILLINOIS","17","EAST SOUTHEAST","70","CRAWFORD","033","","","00000000","","CORN","CORN - ACRES PLANTED","TOTAL","NOT SPECIFIED","84,700",""
"SURVEY","2017","YEAR","","COUNTY","ILLINOIS","17","EAST SOUTHEAST","70","CUMBERLAND","035","","","00000000","","CORN","CORN - ACRES PLANTED","TOTAL","NOT SPECIFIED","63,100",""
"SURVEY","2017","YEAR","","COUNTY","ILLINOIS","17","EAST SOUTHEAST","70","DOUGLAS","041","","","00000000","","CORN","CORN - ACRES PLANTED","TOTAL","NOT SPECIFIED","115,000",""
"SURVEY","2017","YEAR","","COUNTY","ILLINOIS","17","EAST SOUTHEAST","70","EDGAR","045","","","00000000","","CORN","CORN - ACRES PLANTED","TOTAL","NOT SPECIFIED","161,500",""
"SURVEY","2017","YEAR","","COUNTY","ILLINOIS","17","EAST SOUTHEAST","70","EFFINGHAM","049","","","00000000","","CORN","CORN - ACRES PLANTED","TOTAL","NOT SPECIFIED","88,100",""
"SURVEY","2017","YEAR","","COUNTY","ILLINOIS","17","EAST SOUTHEAST","70","FAYETTE","051","","","00000000","","CORN","CORN - ACRES PLANTED","TOTAL","NOT SPECIFIED","109,000",""
"SURVEY","2017","YEAR","","COUNTY","ILLINOIS","17","EAST SOUTHEAST","70","JASPER","079","","","00000000","","CORN","CORN - ACRES PLANTED","TOTAL","NOT SPECIFIED","102,500",""
"SURVEY","2017","YEAR","","COUNTY","ILLINOIS","17","EAST SOUTHEAST","70","LAWRENCE","101","","","00000000","","CORN","CORN - ACRES PLANTED","TOTAL","NOT SPECIFIED","77,700",""
"SURVEY","2017","YEAR","","COUNTY","ILLINOIS","17","EAST SOUTHEAST","70","MARION","121","","","00000000","","CORN","CORN - ACRES PLANTED","TOTAL","NOT SPECIFIED","73,300",""
"SURVEY","2017","YEAR","","COUNTY","ILLINOIS","17","EAST SOUTHEAST","70","MOULTRIE","139","","","00000000","","CORN","CORN - ACRES PLANTED","TOTAL","NOT SPECIFIED","86,000",""
"SURVEY","2017","YEAR","","COUNTY","ILLINOIS","17","EAST SOUTHEAST","70","RICHLAND","159","","","00000000","","CORN","CORN - ACRES PLANTED","TOTAL","NOT SPECIFIED","77,300",""
"SURVEY","2017","YEAR","","COUNTY","ILLINOIS","17","EAST SOUTHEAST","70","SHELBY","173","","","00000000","","CORN","CORN - ACRES PLANTED","TOTAL","NOT SPECIFIED","169,000",""
"SURVEY","2017","YEAR","","COUNTY","ILLINOIS","17","NORTHEAST","20","BOONE","007","","","00000000","","CORN","CORN - ACRES PLANTED","TOTAL","NOT SPECIFIED","62,300",""
"SURVEY","2017","YEAR","","COUNTY","ILLINOIS","17","NORTHEAST","20","DE KALB","037","","","00000000","","CORN","CORN - ACRES PLANTED","TOTAL","NOT SPECIFIED","211,500",""
"SURVEY","2017","YEAR","","COUNTY","ILLINOIS","17","NORTHEAST","20","GRUNDY","063","","","00000000","","CORN","CORN - ACRES PLANTED","TOTAL","NOT SPECIFIED","102,500",""
"SURVEY","2017","YEAR","","COUNTY","ILLINOIS","17","NORTHEAST","20","KANE","089","","","00000000","","CORN","CORN - ACRES PLANTED","TOTAL","NOT SPECIFIED","72,600",""
"SURVEY","2017","YEAR","","COUNTY","ILLINOIS","17","NORTHEAST","20","KENDALL","093","","","00000000","","CORN","CORN - ACRES PLANTED","TOTAL","NOT SPECIFIED","74,000",""
"SURVEY","2017","YEAR","","COUNTY","ILLINOIS","17","NORTHEAST","20","LA SALLE","099","","","00000000","","CORN","CORN - ACRES PLANTED","TOTAL","NOT SPECIFIED","282,500",""
"SURVEY","2017","YEAR","","COUNTY","ILLINOIS","17","NORTHEAST","20","LAKE","097","","","00000000","","CORN","CORN - ACRES PLANTED","TOTAL","NOT SPECIFIED","8,100",""
"SURVEY","2017","YEAR","","COUNTY","ILLINOIS","17","NORTHEAST","20","MCHENRY","111","","","00000000","","CORN","CORN - ACRES PLANTED","TOTAL","NOT SPECIFIED","88,600",""
"SURVEY","2017","YEAR","","COUNTY","ILLINOIS","17","NORTHEAST","20","OTHER (COMBINED) COUNTIES","","","","00000000","","CORN","CORN - ACRES PLANTED","TOTAL","NOT SPECIFIED","5,600",""
"SURVEY","2017","YEAR","","COUNTY","ILLINOIS","17","NORTHEAST","20","WILL","197","","","00000000","","CORN","CORN - ACRES PLANTED","TOTAL","NOT SPECIFIED","87,300",""
"SURVEY","2017","YEAR","","COUNTY","ILLINOIS","17","NORTHWEST","10","BUREAU","011","","","00000000","","CORN","CORN - ACRES PLANTED","TOTAL","NOT SPECIFIED","264,000",""
"SURVEY","2017","YEAR","","COUNTY","ILLINOIS","17","NORTHWEST","10","CARROLL","015","","","00000000","","CORN","CORN - ACRES PLANTED","TOTAL","NOT SPECIFIED","148,000",""
"SURVEY","2017","YEAR","","COUNTY","ILLINOIS","17","NORTHWEST","10","HENRY","073","","","00000000","","CORN","CORN - ACRES PLANTED","TOTAL","NOT SPECIFIED","229,500",""
"SURVEY","2017","YEAR","","COUNTY","ILLINOIS","17","NORTHWEST","10","JO DAVIESS","085","","","00000000","","CORN","CORN - ACRES PLANTED","TOTAL","NOT SPECIFIED","97,500",""
"SURVEY","2017","YEAR","","COUNTY","ILLINOIS","17","NORTHWEST","10","LEE","103","","","00000000","","CORN","CORN - ACRES PLANTED","TOTAL","NOT SPECIFIED","241,000",""
"SURVEY","2017","YEAR","","COUNTY","ILLINOIS","17","NORTHWEST","10","MERCER","131","","","00000000","","CORN","CORN - ACRES PLANTED","TOTAL","NOT SPECIFIED","138,500",""
"SURVEY","2017","YEAR","","COUNTY","ILLINOIS","17","NORTHWEST","10","OGLE","141","","","00000000","","CORN","CORN - ACRES PLANTED","TOTAL","NOT SPECIFIED","219,000",""
"SURVEY","2017","YEAR","","COUNTY","ILLINOIS","17","NORTHWEST","10","PUTNAM","155","","","00000000","","CORN","CORN - ACRES PLANTED","TOTAL","NOT SPECIFIED","34,500",""
"SURVEY","2017","YEAR","","COUNTY","ILLINOIS","17","NORTHWEST","10","ROCK ISLAND","161","","","00000000","","CORN","CORN - ACRES PLANTED","TOTAL","NOT SPECIFIED","65,000",""
"SURVEY","2017","YEAR","","COUNTY","ILLINOIS","17","NORTHWEST","10","STEPHENSON","177","","","00000000","","CORN","CORN - ACRES PLANTED","TOTAL","NOT SPECIFIED","175,500",""
"SURVEY","2017","YEAR","","COUNTY","ILLINOIS","17","NORTHWEST","10","WHITESIDE","195","","","00000000","","CORN","CORN - ACRES PLANTED","TOTAL","NOT SPECIFIED","227,500",""
"SURVEY","2017","YEAR","","COUNTY","ILLINOIS","17","NORTHWEST","10","WINNEBAGO","201","","","00000000","","CORN","CORN - ACRES PLANTED","TOTAL","NOT SPECIFIED","76,000",""
"SURVEY","2017","YEAR","","COUNTY","ILLINOIS","17","SOUTHEAST","90","EDWARDS","047","","","00000000","","CORN","CORN - ACRES PLANTED","TOTAL","NOT SPECIFIED","38,900",""
"SURVEY","2017","YEAR","","COUNTY","ILLINOIS","17","SOUTHEAST","90","FRANKLIN","055","","","00000000","","CORN","CORN - ACRES PLANTED","TOTAL","NOT SPECIFIED","35,000",""
"SURVEY","2017","YEAR","","COUNTY","ILLINOIS","17","SOUTHEAST","90","GALLATIN","059","","","00000000","","CORN","CORN - ACRES PLANTED","TOTAL","NOT SPECIFIED","67,500",""
"SURVEY","2017","YEAR","","COUNTY","ILLINOIS","17","SOUTHEAST","90","HAMILTON","065","","","00000000","","CORN","CORN - ACRES PLANTED","TOTAL","NOT SPECIFIED","73,200",""
"SURVEY","2017","YEAR","","COUNTY","ILLINOIS","17","SOUTHEAST","90","JEFFERSON","081","","","00000000","","CORN","CORN - ACRES PLANTED","TOTAL","NOT SPECIFIED","44,900",""
"SURVEY","2017","YEAR","","COUNTY","ILLINOIS","17","SOUTHEAST","90","MASSAC","127","","","00000000","","CORN","CORN - ACRES PLANTED","TOTAL","NOT SPECIFIED","21,500",""
"SURVEY","2017","YEAR","","COUNTY","ILLINOIS","17","SOUTHEAST","90","OTHER (COMBINED) COUNTIES","","","","00000000","","CORN","CORN - ACRES PLANTED","TOTAL","NOT SPECIFIED","8,100",""
"SURVEY","2017","YEAR","","COUNTY","ILLINOIS","17","SOUTHEAST","90","SALINE","165","","","00000000","","CORN","CORN - ACRES PLANTED","TOTAL","NOT SPECIFIED","42,900",""
"SURVEY","2017","YEAR","","COUNTY","ILLINOIS","17","SOUTHEAST","90","WABASH","185","","","00000000","","CORN","CORN - ACRES PLANTED","TOTAL","NOT SPECIFIED","47,900",""
"SURVEY","2017","YEAR","","COUNTY","ILLINOIS","17","SOUTHEAST","90","WAYNE","191","","","00000000","","CORN","CORN - ACRES PLANTED","TOTAL","NOT SPECIFIED","111,500",""
"SURVEY","2017","YEAR","","COUNTY","ILLINOIS","17","SOUTHEAST","90","WHITE","193","","","00000000","","CORN","CORN - ACRES PLANTED","TOTAL","NOT SPECIFIED","79,600",""
"SURVEY","2017","YEAR","","COUNTY","ILLINOIS","17","SOUTHWEST","80","ALEXANDER","003","","","00000000","","CORN","CORN - ACRES PLANTED","TOTAL","NOT SPECIFIED","5,800",""
"SURVEY","2017","YEAR","","COUNTY","ILLINOIS","17","SOUTHWEST","80","CLINTON","027","","","00000000","","CORN","CORN - ACRES PLANTED","TOTAL","NOT SPECIFIED","94,400",""
"SURVEY","2017","YEAR","","COUNTY","ILLINOIS","17","SOUTHWEST","80","JACKSON","077","","","00000000","","CORN","CORN - ACRES PLANTED","TOTAL","NOT SPECIFIED","24,800",""
"SURVEY","2017","YEAR","","COUNTY","ILLINOIS","17","SOUTHWEST","80","JOHNSON","087","","","00000000","","CORN","CORN - ACRES PLANTED","TOTAL","NOT SPECIFIED","5,700",""
"SURVEY","2017","YEAR","","COUNTY","ILLINOIS","17","SOUTHWEST","80","MONROE","133","","","00000000","","CORN","CORN - ACRES PLANTED","TOTAL","NOT SPECIFIED","48,900",""
"SURVEY","2017","YEAR","","COUNTY","ILLINOIS","17","SOUTHWEST","80","PERRY","145","","","00000000","","CORN","CORN - ACRES PLANTED","TOTAL","NOT SPECIFIED","45,800",""
"SURVEY","2017","YEAR","","COUNTY","ILLINOIS","17","SOUTHWEST","80","PULASKI","153","","","00000000","","CORN","CORN - ACRES PLANTED","TOTAL","NOT SPECIFIED","13,700",""
"SURVEY","2017","YEAR","","COUNTY","ILLINOIS","17","SOUTHWEST","80","RANDOLPH","157","","","00000000","","CORN","CORN - ACRES PLANTED","TOTAL","NOT SPECIFIED","63,600",""
"SURVEY","2017","YEAR","","COUNTY","ILLINOIS","17","SOUTHWEST","80","ST CLAIR","163","","","00000000","","CORN","CORN - ACRES PLANTED","TOTAL","NOT SPECIFIED","88,300",""
"SURVEY","2017","YEAR","","COUNTY","ILLINOIS","17","SOUTHWEST","80","UNION","181","","","00000000","","CORN","CORN - ACRES PLANTED","TOTAL","NOT SPECIFIED","10,200",""
"SURVEY","2017","YEAR","","COUNTY","ILLINOIS","17","SOUTHWEST","80","WASHINGTON","189","","","00000000","","CORN","CORN - ACRES PLANTED","TOTAL","NOT SPECIFIED","103,500",""
"SURVEY","2017","YEAR","","COUNTY","ILLINOIS","17","SOUTHWEST","80","WILLIAMSON","199","","","00000000","","CORN","CORN - ACRES PLANTED","TOTAL","NOT SPECIFIED","14,300",""
"SURVEY","2017","YEAR","","COUNTY","ILLINOIS","17","WEST","30","ADAMS","001","","","00000000","","CORN","CORN - ACRES PLANTED","TOTAL","NOT SPECIFIED","153,500",""
"SURVEY","2017","YEAR","","COUNTY","ILLINOIS","17","WEST","30","BROWN","009","","","00000000","","CORN","CORN - ACRES PLANTED","TOTAL","NOT SPECIFIED","37,700",""
"SURVEY","2017","YEAR","","COUNTY","ILLINOIS","17","WEST","30","FULTON","057","","","00000000","","CORN","CORN - ACRES PLANTED","TOTAL","NOT SPECIFIED","123,000",""
"SURVEY","2017","YEAR","","COUNTY","ILLINOIS","17","WEST","30","HANCOCK","067","","","00000000","","CORN","CORN - ACRES PLANTED","TOTAL","NOT SPECIFIED","162,500",""
"SURVEY","2017","YEAR","","COUNTY","ILLINOIS","17","WEST","30","HENDERSON","071","","","00000000","","CORN","CORN - ACRES PLANTED","TOTAL","NOT SPECIFIED","95,000",""
"SURVEY","2017","YEAR","","COUNTY","ILLINOIS","17","WEST","30","KNOX","095","","","00000000","","CORN","CORN - ACRES PLANTED","TOTAL","NOT SPECIFIED","153,000",""
"SURVEY","2017","YEAR","","COUNTY","ILLINOIS","17","WEST","30","MCDONOUGH","109","","","00000000","","CORN","CORN - ACRES PLANTED","TOTAL","NOT SPECIFIED","146,500",""
"SURVEY","2017","YEAR","","COUNTY","ILLINOIS","17","WEST","30","SCHUYLER","169","","","00000000","","CORN","CORN - ACRES PLANTED","TOTAL","NOT SPECIFIED","66,300",""
"SURVEY","2017","YEAR","","COUNTY","ILLINOIS","17","WEST","30","WARREN","187","","","00000000","","CORN","CORN - ACRES PLANTED","TOTAL","NOT SPECIFIED","155,500",""
"SURVEY","2017","YEAR","","COUNTY","ILLINOIS","17","WEST SOUTHWEST","60","BOND","005","","","00000000","","CORN","CORN - ACRES PLANTED","TOTAL","NOT SPECIFIED","70,000",""
"SURVEY","2017","YEAR","","COUNTY","ILLINOIS","17","WEST SOUTHWEST","60","CALHOUN","013","","","00000000","","CORN","CORN - ACRES PLANTED","TOTAL","NOT SPECIFIED","18,000",""
"SURVEY","2017","YEAR","","COUNTY","ILLINOIS","17","WEST SOUTHWEST","60","CASS","017","","","00000000","","CORN","CORN - ACRES PLANTED","TOTAL","NOT SPECIFIED","90,700",""
"SURVEY","2017","YEAR","","COUNTY","ILLINOIS","17","WEST SOUTHWEST","60","CHRISTIAN","021","","","00000000","","CORN","CORN - ACRES PLANTED","TOTAL","NOT SPECIFIED","191,500",""
"SURVEY","2017","YEAR","","COUNTY","ILLINOIS","17","WEST SOUTHWEST","60","GREENE","061","","","00000000","","CORN","CORN - ACRES PLANTED","TOTAL","NOT SPECIFIED","111,500",""
"SURVEY","2017","YEAR","","COUNTY","ILLINOIS","17","WEST SOUTHWEST","60","JERSEY","083","","","00000000","","CORN","CORN - ACRES PLANTED","TOTAL","NOT SPECIFIED","63,000",""
"SURVEY","2017","YEAR","","COUNTY","ILLINOIS","17","WEST SOUTHWEST","60","MACOUPIN","117","","","00000000","","CORN","CORN - ACRES PLANTED","TOTAL","NOT SPECIFIED","183,000",""
"SURVEY","2017","YEAR","","COUNTY","ILLINOIS","17","WEST SOUTHWEST","60","MADISON","119","","","00000000","","CORN","CORN - ACRES PLANTED","TOTAL","NOT SPECIFIED","111,000",""
"SURVEY","2017","YEAR","","COUNTY","ILLINOIS","17","WEST SOUTHWEST","60","MONTGOMERY","135","","","00000000","","CORN","CORN - ACRES PLANTED","TOTAL","NOT SPECIFIED","159,500",""
"SURVEY","2017","YEAR","","COUNTY","ILLINOIS","17","WEST SOUTHWEST","60","MORGAN","137","","","00000000","","CORN","CORN - ACRES PLANTED","TOTAL","NOT SPECIFIED","133,500",""
"SURVEY","2017","YEAR","","COUNTY","ILLINOIS","17","WEST SOUTHWEST","60","PIKE","149","","","00000000","","CORN","CORN - ACRES PLANTED","TOTAL","NOT SPECIFIED","152,000",""
"SURVEY","2017","YEAR","","COUNTY","ILLINOIS","17","WEST SOUTHWEST","60","SANGAMON","167","","","00000000","","CORN","CORN - ACRES PLANTED","TOTAL","NOT SPECIFIED","209,500",""
"SURVEY","2017","YEAR","","COUNTY","ILLINOIS","17","WEST SOUTHWEST","60","SCOTT","171","","","00000000","","CORN","CORN - ACRES PLANTED","TOTAL","NOT SPECIFIED","47,800",""
"SURVEY","2016","YEAR","","COUNTY","ILLINOIS","17","CENTRAL","40","DE WITT","039","","","00000000","","CORN","CORN - ACRES PLANTED","TOTAL","NOT SPECIFIED","106,500",""
"SURVEY","2016","YEAR","","COUNTY","ILLINOIS","17","CENTRAL","40","LOGAN","107","","","00000000","","CORN","CORN - ACRES PLANTED","TOTAL","NOT SPECIFIED","200,500",""
"SURVEY","2016","YEAR","","COUNTY","ILLINOIS","17","CENTRAL","40","MACON","115","","","00000000","","CORN","CORN - ACRES PLANTED","TOTAL","NOT SPECIFIED","157,000",""
"SURVEY","2016","YEAR","","COUNTY","ILLINOIS","17","CENTRAL","40","MARSHALL","123","","","00000000","","CORN","CORN - ACRES PLANTED","TOTAL","NOT SPECIFIED","102,000",""
"SURVEY","2016","YEAR","","COUNTY","ILLINOIS","17","CENTRAL","40","MASON","125","","","00000000","","CORN","CORN - ACRES PLANTED","TOTAL","NOT SPECIFIED","130,500",""
"SURVEY","2016","YEAR","","COUNTY","ILLINOIS","17","CENTRAL","40","MCLEAN","113","","","00000000","","CORN","CORN - ACRES PLANTED","TOTAL","NOT SPECIFIED","324,500",""
"SURVEY","2016","YEAR","","COUNTY","ILLINOIS","17","CENTRAL","40","MENARD","129","","","00000000","","CORN","CORN - ACRES PLANTED","TOTAL","NOT SPECIFIED","82,200",""
"SURVEY","2016","YEAR","","COUNTY","ILLINOIS","17","CENTRAL","40","PEORIA","143","","","00000000","","CORN","CORN - ACRES PLANTED","TOTAL","NOT SPECIFIED","108,000",""
"SURVEY","2016","YEAR","","COUNTY","ILLINOIS","17","CENTRAL","40","STARK","175","","","00000000","","CORN","CORN - ACRES PLANTED","TOTAL","NOT SPECIFIED","97,800",""
"SURVEY","2016","YEAR","","COUNTY","ILLINOIS","17","CENTRAL","40","TAZEWELL","179","","","00000000","","CORN","CORN - ACRES PLANTED","TOTAL","NOT SPECIFIED","145,000",""
"SURVEY","2016","YEAR","","COUNTY","ILLINOIS","17","CENTRAL","40","WOODFORD","203","","","00000000","","CORN","CORN - ACRES PLANTED","TOTAL","NOT SPECIFIED","134,000",""
"SURVEY","2016","YEAR","","COUNTY","ILLINOIS","17","EAST","50","CHAMPAIGN","019","","","00000000","","CORN","CORN - ACRES PLANTED","TOTAL","NOT SPECIFIED","286,000",""
"SURVEY","2016","YEAR","","COUNTY","ILLINOIS","17","EAST","50","FORD","053","","","00000000","","CORN","CORN - ACRES PLANTED","TOTAL","NOT SPECIFIED","141,500",""
"SURVEY","2016","YEAR","","COUNTY","ILLINOIS","17","EAST","50","IROQUOIS","075","","","00000000","","CORN","CORN - ACRES PLANTED","TOTAL","NOT SPECIFIED","324,500",""
"SURVEY","2016","YEAR","","COUNTY","ILLINOIS","17","EAST","50","KANKAKEE","091","","","00000000","","CORN","CORN - ACRES PLANTED","TOTAL","NOT SPECIFIED","183,500",""
"SURVEY","2016","YEAR","","COUNTY","ILLINOIS","17","EAST","50","LIVINGSTON","105","","","00000000","","CORN","CORN - ACRES PLANTED","TOTAL","NOT SPECIFIED","299,000",""
"SURVEY","2016","YEAR","","COUNTY","ILLINOIS","17","EAST","50","PIATT","147","","","00000000","","CORN","CORN - ACRES PLANTED","TOTAL","NOT SPECIFIED","137,000",""
"SURVEY","2016","YEAR","","COUNTY","ILLINOIS","17","EAST","50","VERMILION","183","","","00000000","","CORN","CORN - ACRES PLANTED","TOTAL","NOT SPECIFIED","225,500",""
"SURVEY","2016","YEAR","","COUNTY","ILLINOIS","17","EAST SOUTHEAST","70","CLAY","025","","","00000000","","CORN","CORN - ACRES PLANTED","TOTAL","NOT SPECIFIED","63,400",""
"SURVEY","2016","YEAR","","COUNTY","ILLINOIS","17","EAST SOUTHEAST","70","CUMBERLAND","035","","","00000000","","CORN","CORN - ACRES PLANTED","TOTAL","NOT SPECIFIED","63,500",""
"SURVEY","2016","YEAR","","COUNTY","ILLINOIS","17","EAST SOUTHEAST","70","DOUGLAS","041","","","00000000","","CORN","CORN - ACRES PLANTED","TOTAL","NOT SPECIFIED","118,000",""
"SURVEY","2016","YEAR","","COUNTY","ILLINOIS","17","EAST SOUTHEAST","70","EDGAR","045","","","00000000","","CORN","CORN - ACRES PLANTED","TOTAL","NOT SPECIFIED","172,500",""
"SURVEY","2016","YEAR","","COUNTY","ILLINOIS","17","EAST SOUTHEAST","70","EFFINGHAM","049","","","00000000","","CORN","CORN - ACRES PLANTED","TOTAL","NOT SPECIFIED","86,500",""
"SURVEY","2016","YEAR","","COUNTY","ILLINOIS","17","EAST SOUTHEAST","70","FAYETTE","051","","","00000000","","CORN","CORN - ACRES PLANTED","TOTAL","NOT SPECIFIED","116,500",""
"SURVEY","2016","YEAR","","COUNTY","ILLINOIS","17","EAST SOUTHEAST","70","JASPER","079","","","00000000","","CORN","CORN - ACRES PLANTED","TOTAL","NOT SPECIFIED","93,100",""
"SURVEY","2016","YEAR","","COUNTY","ILLINOIS","17","EAST SOUTHEAST","70","MARION","121","","","00000000","","CORN","CORN - ACRES PLANTED","TOTAL","NOT SPECIFIED","67,800",""
"SURVEY","2016","YEAR","","COUNTY","ILLINOIS","17","EAST SOUTHEAST","70","MOULTRIE","139","","","00000000","","CORN","CORN - ACRES PLANTED","TOTAL","NOT SPECIFIED","89,900",""
"SURVEY","2016","YEAR","","COUNTY","ILLINOIS","17","EAST SOUTHEAST","70","OTHER (COMBINED) COUNTIES","","","","00000000","","CORN","CORN - ACRES PLANTED","TOTAL","NOT SPECIFIED","363,200",""
"SURVEY","2016","YEAR","","COUNTY","ILLINOIS","17","EAST SOUTHEAST","70","RICHLAND","159","","","00000000","","CORN","CORN - ACRES PLANTED","TOTAL","NOT SPECIFIED","72,600",""
"SURVEY","2016","YEAR","","COUNTY","ILLINOIS","17","EAST SOUTHEAST","70","SHELBY","173","","","00000000","","CORN","CORN - ACRES PLANTED","TOTAL","NOT SPECIFIED","179,000",""
"SURVEY","2016","YEAR","","COUNTY","ILLINOIS","17","NORTHEAST","20","BOONE","007","","","00000000","","CORN","CORN - ACRES PLANTED","TOTAL","NOT SPECIFIED","70,000",""
"SURVEY","2016","YEAR","","COUNTY","ILLINOIS","17","NORTHEAST","20","COOK","031","","","00000000","","CORN","CORN - ACRES PLANTED","TOTAL","NOT SPECIFIED","3,000",""
"SURVEY","2016","YEAR","","COUNTY","ILLINOIS","17","NORTHEAST","20","DE KALB","037","","","00000000","","CORN","CORN - ACRES PLANTED","TOTAL","NOT SPECIFIED","218,500",""
"SURVEY","2016","YEAR","","COUNTY","ILLINOIS","17","NORTHEAST","20","GRUNDY","063","","","00000000","","CORN","CORN - ACRES PLANTED","TOTAL","NOT SPECIFIED","104,500",""
"SURVEY","2016","YEAR","","COUNTY","ILLINOIS","17","NORTHEAST","20","KANE","089","","","00000000","","CORN","CORN - ACRES PLANTED","TOTAL","NOT SPECIFIED","74,300",""
"SURVEY","2016","YEAR","","COUNTY","ILLINOIS","17","NORTHEAST","20","KENDALL","093","","","00000000","","CORN","CORN - ACRES PLANTED","TOTAL","NOT SPECIFIED","77,800",""
"SURVEY","2016","YEAR","","COUNTY","ILLINOIS","17","NORTHEAST","20","LA SALLE","099","","","00000000","","CORN","CORN - ACRES PLANTED","TOTAL","NOT SPECIFIED","287,000",""
"SURVEY","2016","YEAR","","COUNTY","ILLINOIS","17","NORTHEAST","20","LAKE","097","","","00000000","","CORN","CORN - ACRES PLANTED","TOTAL","NOT SPECIFIED","8,500",""
"SURVEY","2016","YEAR","","COUNTY","ILLINOIS","17","NORTHEAST","20","MCHENRY","111","","","00000000","","CORN","CORN - ACRES PLANTED","TOTAL","NOT SPECIFIED","96,600",""
"SURVEY","2016","YEAR","","COUNTY","ILLINOIS","17","NORTHEAST","20","OTHER (COMBINED) COUNTIES","","","","00000000","","CORN","CORN - ACRES PLANTED","TOTAL","NOT SPECIFIED","91,800",""
"SURVEY","2016","YEAR","","COUNTY","ILLINOIS","17","NORTHWEST","10","BUREAU","011","","","00000000","","CORN","CORN - ACRES PLANTED","TOTAL","NOT SPECIFIED","273,500",""
"SURVEY","2016","YEAR","","COUNTY","ILLINOIS","17","NORTHWEST","10","CARROLL","015","","","00000000","","CORN","CORN - ACRES PLANTED","TOTAL","NOT SPECIFIED","147,500",""
"SURVEY","2016","YEAR","","COUNTY","ILLINOIS","17","NORTHWEST","10","HENRY","073","","","00000000","","CORN","CORN - ACRES PLANTED","TOTAL","NOT SPECIFIED","235,000",""
"SURVEY","2016","YEAR","","COUNTY","ILLINOIS","17","NORTHWEST","10","JO DAVIESS","085","","","00000000","","CORN","CORN - ACRES PLANTED","TOTAL","NOT SPECIFIED","100,500",""
"SURVEY","2016","YEAR","","COUNTY","ILLINOIS","17","NORTHWEST","10","LEE","103","","","00000000","","CORN","CORN - ACRES PLANTED","TOTAL","NOT SPECIFIED","258,500",""
"SURVEY","2016","YEAR","","COUNTY","ILLINOIS","17","NORTHWEST","10","MERCER","131","","","00000000","","CORN","CORN - ACRES PLANTED","TOTAL","NOT SPECIFIED","142,500",""
"SURVEY","2016","YEAR","","COUNTY","ILLINOIS","17","NORTHWEST","10","OGLE","141","","","00000000","","CORN","CORN - ACRES PLANTED","TOTAL","NOT SPECIFIED","228,000",""
"SURVEY","2016","YEAR","","COUNTY","ILLINOIS","17","NORTHWEST","10","PUTNAM","155","","","00000000","","CORN","CORN - ACRES PLANTED","TOTAL","NOT SPECIFIED","37,200",""
"SURVEY","2016","YEAR","","COUNTY","ILLINOIS","17","NORTHWEST","10","ROCK ISLAND","161","","","00000000","","CORN","CORN - ACRES PLANTED","TOTAL","NOT SPECIFIED","65,000",""
"SURVEY","2016","YEAR","","COUNTY","ILLINOIS","17","NORTHWEST","10","STEPHENSON","177","","","00000000","","CORN","CORN - ACRES PLANTED","TOTAL","NOT SPECIFIED","179,500",""
"SURVEY","2016","YEAR","","COUNTY","ILLINOIS","17","NORTHWEST","10","WHITESIDE","195","","","00000000","","CORN","CORN - ACRES PLANTED","TOTAL","NOT SPECIFIED","234,500",""
"SURVEY","2016","YEAR","","COUNTY","ILLINOIS","17","NORTHWEST","10","WINNEBAGO","201","","","00000000","","CORN","CORN - ACRES PLANTED","TOTAL","NOT SPECIFIED","83,300",""
"SURVEY","2016","YEAR","","COUNTY","ILLINOIS","17","SOUTHEAST","90","EDWARDS","047","","","00000000","","CORN","CORN - ACRES PLANTED","TOTAL","NOT SPECIFIED","40,100",""
"SURVEY","2016","YEAR","","COUNTY","ILLINOIS","17","SOUTHEAST","90","FRANKLIN","055","","","00000000","","CORN","CORN - ACRES PLANTED","TOTAL","NOT SPECIFIED","30,900",""
"SURVEY","2016","YEAR","","COUNTY","ILLINOIS","17","SOUTHEAST","90","GALLATIN","059","","","00000000","","CORN","CORN - ACRES PLANTED","TOTAL","NOT SPECIFIED","73,600",""
"SURVEY","2016","YEAR","","COUNTY","ILLINOIS","17","SOUTHEAST","90","HAMILTON","065","","","00000000","","CORN","CORN - ACRES PLANTED","TOTAL","NOT SPECIFIED","60,600",""
"SURVEY","2016","YEAR","","COUNTY","ILLINOIS","17","SOUTHEAST","90","JEFFERSON","081","","","00000000","","CORN","CORN - ACRES PLANTED","TOTAL","NOT SPECIFIED","40,300",""
"SURVEY","2016","YEAR","","COUNTY","ILLINOIS","17","SOUTHEAST","90","MASSAC","127","","","00000000","","CORN","CORN - ACRES PLANTED","TOTAL","NOT SPECIFIED","25,000",""
"SURVEY","2016","YEAR","","COUNTY","ILLINOIS","17","SOUTHEAST","90","OTHER (COMBINED) COUNTIES","","","","00000000","","CORN","CORN - ACRES PLANTED","TOTAL","NOT SPECIFIED","101,100",""
"SURVEY","2016","YEAR","","COUNTY","ILLINOIS","17","SOUTHEAST","90","POPE","151","","","00000000","","CORN","CORN - ACRES PLANTED","TOTAL","NOT SPECIFIED","7,500",""
"SURVEY","2016","YEAR","","COUNTY","ILLINOIS","17","SOUTHEAST","90","SALINE","165","","","00000000","","CORN","CORN - ACRES PLANTED","TOTAL","NOT SPECIFIED","42,600",""
"SURVEY","2016","YEAR","","COUNTY","ILLINOIS","17","SOUTHEAST","90","WABASH","185","","","00000000","","CORN","CORN - ACRES PLANTED","TOTAL","NOT SPECIFIED","46,200",""
"SURVEY","2016","YEAR","","COUNTY","ILLINOIS","17","SOUTHEAST","90","WHITE","193","","","00000000","","CORN","CORN - ACRES PLANTED","TOTAL","NOT SPECIFIED","84,100",""
"SURVEY","2016","YEAR","","COUNTY","ILLINOIS","17","SOUTHWEST","80","ALEXANDER","003","","","00000000","","CORN","CORN - ACRES PLANTED","TOTAL","NOT SPECIFIED","8,700",""
"SURVEY","2016","YEAR","","COUNTY","ILLINOIS","17","SOUTHWEST","80","CLINTON","027","","","00000000","","CORN","CORN - ACRES PLANTED","TOTAL","NOT SPECIFIED","97,600",""
"SURVEY","2016","YEAR","","COUNTY","ILLINOIS","17","SOUTHWEST","80","JACKSON","077","","","00000000","","CORN","CORN - ACRES PLANTED","TOTAL","NOT SPECIFIED","30,700",""
"SURVEY","2016","YEAR","","COUNTY","ILLINOIS","17","SOUTHWEST","80","JOHNSON","087","","","00000000","","CORN","CORN - ACRES PLANTED","TOTAL","NOT SPECIFIED","7,000",""
"SURVEY","2016","YEAR","","COUNTY","ILLINOIS","17","SOUTHWEST","80","MONROE","133","","","00000000","","CORN","CORN - ACRES PLANTED","TOTAL","NOT SPECIFIED","52,800",""
"SURVEY","2016","YEAR","","COUNTY","ILLINOIS","17","SOUTHWEST","80","PERRY","145","","","00000000","","CORN","CORN - ACRES PLANTED","TOTAL","NOT SPECIFIED","47,000",""
"SURVEY","2016","YEAR","","COUNTY","ILLINOIS","17","SOUTHWEST","80","PULASKI","153","","","00000000","","CORN","CORN - ACRES PLANTED","TOTAL","NOT SPECIFIED","17,500",""
"SURVEY","2016","YEAR","","COUNTY","ILLINOIS","17","SOUTHWEST","80","RANDOLPH","157","","","00000000","","CORN","CORN - ACRES PLANTED","TOTAL","NOT SPECIFIED","65,900",""
"SURVEY","2016","YEAR","","COUNTY","ILLINOIS","17","SOUTHWEST","80","ST CLAIR","163","","","00000000","","CORN","CORN - ACRES PLANTED","TOTAL","NOT SPECIFIED","96,600",""
"SURVEY","2016","YEAR","","COUNTY","ILLINOIS","17","SOUTHWEST","80","UNION","181","","","00000000","","CORN","CORN - ACRES PLANTED","TOTAL","NOT SPECIFIED","13,200",""
"SURVEY","2016","YEAR","","COUNTY","ILLINOIS","17","SOUTHWEST","80","WASHINGTON","189","","","00000000","","CORN","CORN - ACRES PLANTED","TOTAL","NOT SPECIFIED","104,500",""
"SURVEY","2016","YEAR","","COUNTY","ILLINOIS","17","SOUTHWEST","80","WILLIAMSON","199","","","00000000","","CORN","CORN - ACRES PLANTED","TOTAL","NOT SPECIFIED","13,500",""
"SURVEY","2016","YEAR","","COUNTY","ILLINOIS","17","WEST","30","ADAMS","001","","","00000000","","CORN","CORN - ACRES PLANTED","TOTAL","NOT SPECIFIED","164,000",""
"SURVEY","2016","YEAR","","COUNTY","ILLINOIS","17","WEST","30","BROWN","009","","","00000000","","CORN","CORN - ACRES PLANTED","TOTAL","NOT SPECIFIED","41,600",""
"SURVEY","2016","YEAR","","COUNTY","ILLINOIS","17","WEST","30","FULTON","057","","","00000000","","CORN","CORN - ACRES PLANTED","TOTAL","NOT SPECIFIED","125,500",""
"SURVEY","2016","YEAR","","COUNTY","ILLINOIS","17","WEST","30","HANCOCK","067","","","00000000","","CORN","CORN - ACRES PLANTED","TOTAL","NOT SPECIFIED","176,000",""
"SURVEY","2016","YEAR","","COUNTY","ILLINOIS","17","WEST","30","HENDERSON","071","","","00000000","","CORN","CORN - ACRES PLANTED","TOTAL","NOT SPECIFIED","99,300",""
"SURVEY","2016","YEAR","","COUNTY","ILLINOIS","17","WEST","30","KNOX","095","","","00000000","","CORN","CORN - ACRES PLANTED","TOTAL","NOT SPECIFIED","155,000",""
"SURVEY","2016","YEAR","","COUNTY","ILLINOIS","17","WEST","30","MCDONOUGH","109","","","00000000","","CORN","CORN - ACRES PLANTED","TOTAL","NOT SPECIFIED","151,000",""
"SURVEY","2016","YEAR","","COUNTY","ILLINOIS","17","WEST","30","SCHUYLER","169","","","00000000","","CORN","CORN - ACRES PLANTED","TOTAL","NOT SPECIFIED","72,100",""
"SURVEY","2016","YEAR","","COUNTY","ILLINOIS","17","WEST","30","WARREN","187","","","00000000","","CORN","CORN - ACRES PLANTED","TOTAL","NOT SPECIFIED","163,500",""
"SURVEY","2016","YEAR","","COUNTY","ILLINOIS","17","WEST SOUTHWEST","60","CASS","017","","","00000000","","CORN","CORN - ACRES PLANTED","TOTAL","NOT SPECIFIED","100,500",""
"SURVEY","2016","YEAR","","COUNTY","ILLINOIS","17","WEST SOUTHWEST","60","CHRISTIAN","021","","","00000000","","CORN","CORN - ACRES PLANTED","TOTAL","NOT SPECIFIED","206,500",""
"SURVEY","2016","YEAR","","COUNTY","ILLINOIS","17","WEST SOUTHWEST","60","GREENE","061","","","00000000","","CORN","CORN - ACRES PLANTED","TOTAL","NOT SPECIFIED","116,000",""
"SURVEY","2016","YEAR","","COUNTY","ILLINOIS","17","WEST SOUTHWEST","60","JERSEY","083","","","00000000","","CORN","CORN - ACRES PLANTED","TOTAL","NOT SPECIFIED","65,400",""
"SURVEY","2016","YEAR","","COUNTY","ILLINOIS","17","WEST SOUTHWEST","60","MACOUPIN","117","","","00000000","","CORN","CORN - ACRES PLANTED","TOTAL","NOT SPECIFIED","186,500",""
"SURVEY","2016","YEAR","","COUNTY","ILLINOIS","17","WEST SOUTHWEST","60","MADISON","119","","","00000000","","CORN","CORN - ACRES PLANTED","TOTAL","NOT SPECIFIED","111,000",""
"SURVEY","2016","YEAR","","COUNTY","ILLINOIS","17","WEST SOUTHWEST","60","MONTGOMERY","135","","","00000000","","CORN","CORN - ACRES PLANTED","TOTAL","NOT SPECIFIED","168,500",""
"SURVEY","2016","YEAR","","COUNTY","ILLINOIS","17","WEST SOUTHWEST","60","MORGAN","137","","","00000000","","CORN","CORN - ACRES PLANTED","TOTAL","NOT SPECIFIED","148,000",""
"SURVEY","2016","YEAR","","COUNTY","ILLINOIS","17","WEST SOUTHWEST","60","OTHER (COMBINED) COUNTIES","","","","00000000","","CORN","CORN - ACRES PLANTED","TOTAL","NOT SPECIFIED","90,200",""
"SURVEY","2016","YEAR","","COUNTY","ILLINOIS","17","WEST SOUTHWEST","60","PIKE","149","","","00000000","","CORN","CORN - ACRES PLANTED","TOTAL","NOT SPECIFIED","176,500",""
"SURVEY","2016","YEAR","","COUNTY","ILLINOIS","17","WEST SOUTHWEST","60","SANGAMON","167","","","00000000","","CORN","CORN - ACRES PLANTED","TOTAL","NOT SPECIFIED","232,500",""
"SURVEY","2016","YEAR","","COUNTY","ILLINOIS","17","WEST SOUTHWEST","60","SCOTT","171","","","00000000","","CORN","CORN - ACRES PLANTED","TOTAL","NOT SPECIFIED","55,400",""
"SURVEY","2015","YEAR","","COUNTY","ILLINOIS","17","CENTRAL","40","DE WITT","039","","","00000000","","CORN","CORN - ACRES PLANTED","TOTAL","NOT SPECIFIED","107,000",""
"SURVEY","2015","YEAR","","COUNTY","ILLINOIS","17","CENTRAL","40","LOGAN","107","","","00000000","","CORN","CORN - ACRES PLANTED","TOTAL","NOT SPECIFIED","196,000",""
"SURVEY","2015","YEAR","","COUNTY","ILLINOIS","17","CENTRAL","40","MACON","115","","","00000000","","CORN","CORN - ACRES PLANTED","TOTAL","NOT SPECIFIED","155,000",""
"SURVEY","2015","YEAR","","COUNTY","ILLINOIS","17","CENTRAL","40","MARSHALL","123","","","00000000","","CORN","CORN - ACRES PLANTED","TOTAL","NOT SPECIFIED","100,500",""
"SURVEY","2015","YEAR","","COUNTY","ILLINOIS","17","CENTRAL","40","MASON","125","","","00000000","","CORN","CORN - ACRES PLANTED","TOTAL","NOT SPECIFIED","133,000",""
"SURVEY","2015","YEAR","","COUNTY","ILLINOIS","17","CENTRAL","40","MCLEAN","113","","","00000000","","CORN","CORN - ACRES PLANTED","TOTAL","NOT SPECIFIED","319,000",""
"SURVEY","2015","YEAR","","COUNTY","ILLINOIS","17","CENTRAL","40","MENARD","129","","","00000000","","CORN","CORN - ACRES PLANTED","TOTAL","NOT SPECIFIED","80,500",""
"SURVEY","2015","YEAR","","COUNTY","ILLINOIS","17","CENTRAL","40","PEORIA","143","","","00000000","","CORN","CORN - ACRES PLANTED","TOTAL","NOT SPECIFIED","108,500",""
"SURVEY","2015","YEAR","","COUNTY","ILLINOIS","17","CENTRAL","40","STARK","175","","","00000000","","CORN","CORN - ACRES PLANTED","TOTAL","NOT SPECIFIED","91,000",""
"SURVEY","2015","YEAR","","COUNTY","ILLINOIS","17","CENTRAL","40","TAZEWELL","179","","","00000000","","CORN","CORN - ACRES PLANTED","TOTAL","NOT SPECIFIED","150,000",""
"SURVEY","2015","YEAR","","COUNTY","ILLINOIS","17","CENTRAL","40","WOODFORD","203","","","00000000","","CORN","CORN - ACRES PLANTED","TOTAL","NOT SPECIFIED","128,500",""
"SURVEY","2015","YEAR","","COUNTY","ILLINOIS","17","EAST","50","CHAMPAIGN","019","","","00000000","","CORN","CORN - ACRES PLANTED","TOTAL","NOT SPECIFIED","283,000",""
"SURVEY","2015","YEAR","","COUNTY","ILLINOIS","17","EAST","50","FORD","053","","","00000000","","CORN","CORN - ACRES PLANTED","TOTAL","NOT SPECIFIED","144,000",""
"SURVEY","2015","YEAR","","COUNTY","ILLINOIS","17","EAST","50","IROQUOIS","075","","","00000000","","CORN","CORN - ACRES PLANTED","TOTAL","NOT SPECIFIED","342,000",""
"SURVEY","2015","YEAR","","COUNTY","ILLINOIS","17","EAST","50","KANKAKEE","091","","","00000000","","CORN","CORN - ACRES PLANTED","TOTAL","NOT SPECIFIED","190,000",""
"SURVEY","2015","YEAR","","COUNTY","ILLINOIS","17","EAST","50","LIVINGSTON","105","","","00000000","","CORN","CORN - ACRES PLANTED","TOTAL","NOT SPECIFIED","300,000",""
"SURVEY","2015","YEAR","","COUNTY","ILLINOIS","17","EAST","50","PIATT","147","","","00000000","","CORN","CORN - ACRES PLANTED","TOTAL","NOT SPECIFIED","139,500",""
"SURVEY","2015","YEAR","","COUNTY","ILLINOIS","17","EAST","50","VERMILION","183","","","00000000","","CORN","CORN - ACRES PLANTED","TOTAL","NOT SPECIFIED","225,500",""
"SURVEY","2015","YEAR","","COUNTY","ILLINOIS","17","EAST SOUTHEAST","70","CLARK","023","","","00000000","","CORN","CORN - ACRES PLANTED","TOTAL","NOT SPECIFIED","92,100",""
"SURVEY","2015","YEAR","","COUNTY","ILLINOIS","17","EAST SOUTHEAST","70","CLAY","025","","","00000000","","CORN","CORN - ACRES PLANTED","TOTAL","NOT SPECIFIED","82,000",""
"SURVEY","2015","YEAR","","COUNTY","ILLINOIS","17","EAST SOUTHEAST","70","COLES","029","","","00000000","","CORN","CORN - ACRES PLANTED","TOTAL","NOT SPECIFIED","122,500",""
"SURVEY","2015","YEAR","","COUNTY","ILLINOIS","17","EAST SOUTHEAST","70","CRAWFORD","033","","","00000000","","CORN","CORN - ACRES PLANTED","TOTAL","NOT SPECIFIED","85,600",""
"SURVEY","2015","YEAR","","COUNTY","ILLINOIS","17","EAST SOUTHEAST","70","CUMBERLAND","035","","","00000000","","CORN","CORN - ACRES PLANTED","TOTAL","NOT SPECIFIED","69,700",""
"SURVEY","2015","YEAR","","COUNTY","ILLINOIS","17","EAST SOUTHEAST","70","DOUGLAS","041","","","00000000","","CORN","CORN - ACRES PLANTED","TOTAL","NOT SPECIFIED","117,000",""
"SURVEY","2015","YEAR","","COUNTY","ILLINOIS","17","EAST SOUTHEAST","70","EDGAR","045","","","00000000","","CORN","CORN - ACRES PLANTED","TOTAL","NOT SPECIFIED","170,500",""
"SURVEY","2015","YEAR","","COUNTY","ILLINOIS","17","EAST SOUTHEAST","70","EFFINGHAM","049","","","00000000","","CORN","CORN - ACRES PLANTED","TOTAL","NOT SPECIFIED","91,300",""
"SURVEY","2015","YEAR","","COUNTY","ILLINOIS","17","EAST SOUTHEAST","70","FAYETTE","051","","","00000000","","CORN","CORN - ACRES PLANTED","TOTAL","NOT SPECIFIED","114,000",""
"SURVEY","2015","YEAR","","COUNTY","ILLINOIS","17","EAST SOUTHEAST","70","JASPER","079","","","00000000","","CORN","CORN - ACRES PLANTED","TOTAL","NOT SPECIFIED","104,000",""
"SURVEY","2015","YEAR","","COUNTY","ILLINOIS","17","EAST SOUTHEAST","70","LAWRENCE","101","","","00000000","","CORN","CORN - ACRES PLANTED","TOTAL","NOT SPECIFIED","77,000",""
"SURVEY","2015","YEAR","","COUNTY","ILLINOIS","17","EAST SOUTHEAST","70","MARION","121","","","00000000","","CORN","CORN - ACRES PLANTED","TOTAL","NOT SPECIFIED","78,500",""
"SURVEY","2015","YEAR","","COUNTY","ILLINOIS","17","EAST SOUTHEAST","70","MOULTRIE","139","","","00000000","","CORN","CORN - ACRES PLANTED","TOTAL","NOT SPECIFIED","88,700",""
"SURVEY","2015","YEAR","","COUNTY","ILLINOIS","17","EAST SOUTHEAST","70","RICHLAND","159","","","00000000","","CORN","CORN - ACRES PLANTED","TOTAL","NOT SPECIFIED","78,600",""
"SURVEY","2015","YEAR","","COUNTY","ILLINOIS","17","EAST SOUTHEAST","70","SHELBY","173","","","00000000","","CORN","CORN - ACRES PLANTED","TOTAL","NOT SPECIFIED","181,500",""
"SURVEY","2015","YEAR","","COUNTY","ILLINOIS","17","NORTHEAST","20","BOONE","007","","","00000000","","CORN","CORN - ACRES PLANTED","TOTAL","NOT SPECIFIED","67,700",""
"SURVEY","2015","YEAR","","COUNTY","ILLINOIS","17","NORTHEAST","20","DE KALB","037","","","00000000","","CORN","CORN - ACRES PLANTED","TOTAL","NOT SPECIFIED","222,500",""
"SURVEY","2015","YEAR","","COUNTY","ILLINOIS","17","NORTHEAST","20","GRUNDY","063","","","00000000","","CORN","CORN - ACRES PLANTED","TOTAL","NOT SPECIFIED","106,000",""
"SURVEY","2015","YEAR","","COUNTY","ILLINOIS","17","NORTHEAST","20","KANE","089","","","00000000","","CORN","CORN - ACRES PLANTED","TOTAL","NOT SPECIFIED","77,500",""
"SURVEY","2015","YEAR","","COUNTY","ILLINOIS","17","NORTHEAST","20","LA SALLE","099","","","00000000","","CORN","CORN - ACRES PLANTED","TOTAL","NOT SPECIFIED","288,500",""
"SURVEY","2015","YEAR","","COUNTY","ILLINOIS","17","NORTHEAST","20","LAKE","097","","","00000000","","CORN","CORN - ACRES PLANTED","TOTAL","NOT SPECIFIED","8,900",""
"SURVEY","2015","YEAR","","COUNTY","ILLINOIS","17","NORTHEAST","20","MCHENRY","111","","","00000000","","CORN","CORN - ACRES PLANTED","TOTAL","NOT SPECIFIED","93,400",""
"SURVEY","2015","YEAR","","COUNTY","ILLINOIS","17","NORTHEAST","20","OTHER (COMBINED) COUNTIES","","","","00000000","","CORN","CORN - ACRES PLANTED","TOTAL","NOT SPECIFIED","86,300",""
"SURVEY","2015","YEAR","","COUNTY","ILLINOIS","17","NORTHEAST","20","WILL","197","","","00000000","","CORN","CORN - ACRES PLANTED","TOTAL","NOT SPECIFIED","98,200",""
"SURVEY","2015","YEAR","","COUNTY","ILLINOIS","17","NORTHWEST","10","BUREAU","011","","","00000000","","CORN","CORN - ACRES PLANTED","TOTAL","NOT SPECIFIED","262,000",""
"SURVEY","2015","YEAR","","COUNTY","ILLINOIS","17","NORTHWEST","10","CARROLL","015","","","00000000","","CORN","CORN - ACRES PLANTED","TOTAL","NOT SPECIFIED","147,000",""
"SURVEY","2015","YEAR","","COUNTY","ILLINOIS","17","NORTHWEST","10","HENRY","073","","","00000000","","CORN","CORN - ACRES PLANTED","TOTAL","NOT SPECIFIED","229,000",""
"SURVEY","2015","YEAR","","COUNTY","ILLINOIS","17","NORTHWEST","10","JO DAVIESS","085","","","00000000","","CORN","CORN - ACRES PLANTED","TOTAL","NOT SPECIFIED","99,600",""
"SURVEY","2015","YEAR","","COUNTY","ILLINOIS","17","NORTHWEST","10","LEE","103","","","00000000","","CORN","CORN - ACRES PLANTED","TOTAL","NOT SPECIFIED","257,000",""
"SURVEY","2015","YEAR","","COUNTY","ILLINOIS","17","NORTHWEST","10","MERCER","131","","","00000000","","CORN","CORN - ACRES PLANTED","TOTAL","NOT SPECIFIED","139,000",""
"SURVEY","2015","YEAR","","COUNTY","ILLINOIS","17","NORTHWEST","10","OGLE","141","","","00000000","","CORN","CORN - ACRES PLANTED","TOTAL","NOT SPECIFIED","236,000",""
"SURVEY","2015","YEAR","","COUNTY","ILLINOIS","17","NORTHWEST","10","PUTNAM","155","","","00000000","","CORN","CORN - ACRES PLANTED","TOTAL","NOT SPECIFIED","35,500",""
"SURVEY","2015","YEAR","","COUNTY","ILLINOIS","17","NORTHWEST","10","ROCK ISLAND","161","","","00000000","","CORN","CORN - ACRES PLANTED","TOTAL","NOT SPECIFIED","67,500",""
"SURVEY","2015","YEAR","","COUNTY","ILLINOIS","17","NORTHWEST","10","STEPHENSON","177","","","00000000","","CORN","CORN - ACRES PLANTED","TOTAL","NOT SPECIFIED","180,000",""
"SURVEY","2015","YEAR","","COUNTY","ILLINOIS","17","NORTHWEST","10","WHITESIDE","195","","","00000000","","CORN","CORN - ACRES PLANTED","TOTAL","NOT SPECIFIED","231,000",""
"SURVEY","2015","YEAR","","COUNTY","ILLINOIS","17","NORTHWEST","10","WINNEBAGO","201","","","00000000","","CORN","CORN - ACRES PLANTED","TOTAL","NOT SPECIFIED","81,400",""
"SURVEY","2015","YEAR","","COUNTY","ILLINOIS","17","SOUTHEAST","90","FRANKLIN","055","","","00000000","","CORN","CORN - ACRES PLANTED","TOTAL","NOT SPECIFIED","39,600",""
"SURVEY","2015","YEAR","","COUNTY","ILLINOIS","17","SOUTHEAST","90","GALLATIN","059","","","00000000","","CORN","CORN - ACRES PLANTED","TOTAL","NOT SPECIFIED","73,700",""
"SURVEY","2015","YEAR","","COUNTY","ILLINOIS","17","SOUTHEAST","90","JEFFERSON","081","","","00000000","","CORN","CORN - ACRES PLANTED","TOTAL","NOT SPECIFIED","49,000",""
"SURVEY","2015","YEAR","","COUNTY","ILLINOIS","17","SOUTHEAST","90","MASSAC","127","","","00000000","","CORN","CORN - ACRES PLANTED","TOTAL","NOT SPECIFIED","24,100",""
"SURVEY","2015","YEAR","","COUNTY","ILLINOIS","17","SOUTHEAST","90","OTHER (COMBINED) COUNTIES","","","","00000000","","CORN","CORN - ACRES PLANTED","TOTAL","NOT SPECIFIED","237,700",""
"SURVEY","2015","YEAR","","COUNTY","ILLINOIS","17","SOUTHEAST","90","POPE","151","","","00000000","","CORN","CORN - ACRES PLANTED","TOTAL","NOT SPECIFIED","7,500",""
"SURVEY","2015","YEAR","","COUNTY","ILLINOIS","17","SOUTHEAST","90","SALINE","165","","","00000000","","CORN","CORN - ACRES PLANTED","TOTAL","NOT SPECIFIED","44,800",""
"SURVEY","2015","YEAR","","COUNTY","ILLINOIS","17","SOUTHEAST","90","WABASH","185","","","00000000","","CORN","CORN - ACRES PLANTED","TOTAL","NOT SPECIFIED","45,000",""
"SURVEY","2015","YEAR","","COUNTY","ILLINOIS","17","SOUTHEAST","90","WHITE","193","","","00000000","","CORN","CORN - ACRES PLANTED","TOTAL","NOT SPECIFIED","87,600",""
"SURVEY","2015","YEAR","","COUNTY","ILLINOIS","17","SOUTHWEST","80","CLINTON","027","","","00000000","","CORN","CORN - ACRES PLANTED","TOTAL","NOT SPECIFIED","92,800",""
"SURVEY","2015","YEAR","","COUNTY","ILLINOIS","17","SOUTHWEST","80","MONROE","133","","","00000000","","CORN","CORN - ACRES PLANTED","TOTAL","NOT SPECIFIED","51,500",""
"SURVEY","2015","YEAR","","COUNTY","ILLINOIS","17","SOUTHWEST","80","OTHER (COMBINED) COUNTIES","","","","00000000","","CORN","CORN - ACRES PLANTED","TOTAL","NOT SPECIFIED","62,900",""
"SURVEY","2015","YEAR","","COUNTY","ILLINOIS","17","SOUTHWEST","80","PERRY","145","","","00000000","","CORN","CORN - ACRES PLANTED","TOTAL","NOT SPECIFIED","49,500",""
"SURVEY","2015","YEAR","","COUNTY","ILLINOIS","17","SOUTHWEST","80","PULASKI","153","","","00000000","","CORN","CORN - ACRES PLANTED","TOTAL","NOT SPECIFIED","18,900",""
"SURVEY","2015","YEAR","","COUNTY","ILLINOIS","17","SOUTHWEST","80","RANDOLPH","157","","","00000000","","CORN","CORN - ACRES PLANTED","TOTAL","NOT SPECIFIED","60,200",""
"SURVEY","2015","YEAR","","COUNTY","ILLINOIS","17","SOUTHWEST","80","ST CLAIR","163","","","00000000","","CORN","CORN - ACRES PLANTED","TOTAL","NOT SPECIFIED","86,500",""
"SURVEY","2015","YEAR","","COUNTY","ILLINOIS","17","SOUTHWEST","80","WASHINGTON","189","","","00000000","","CORN","CORN - ACRES PLANTED","TOTAL","NOT SPECIFIED","102,500",""
"SURVEY","2015","YEAR","","COUNTY","ILLINOIS","17","SOUTHWEST","80","WILLIAMSON","199","","","00000000","","CORN","CORN - ACRES PLANTED","TOTAL","NOT SPECIFIED","16,200",""
"SURVEY","2015","YEAR","","COUNTY","ILLINOIS","17","WEST","30","ADAMS","001","","","00000000","","CORN","CORN - ACRES PLANTED","TOTAL","NOT SPECIFIED","158,500",""
"SURVEY","2015","YEAR","","COUNTY","ILLINOIS","17","WEST","30","BROWN","009","","","00000000","","CORN","CORN - ACRES PLANTED","TOTAL","NOT SPECIFIED","43,100",""
"SURVEY","2015","YEAR","","COUNTY","ILLINOIS","17","WEST","30","FULTON","057","","","00000000","","CORN","CORN - ACRES PLANTED","TOTAL","NOT SPECIFIED","134,500",""
"SURVEY","2015","YEAR","","COUNTY","ILLINOIS","17","WEST","30","HANCOCK","067","","","00000000","","CORN","CORN - ACRES PLANTED","TOTAL","NOT SPECIFIED","167,500",""
"SURVEY","2015","YEAR","","COUNTY","ILLINOIS","17","WEST","30","HENDERSON","071","","","00000000","","CORN","CORN - ACRES PLANTED","TOTAL","NOT SPECIFIED","97,300",""
"SURVEY","2015","YEAR","","COUNTY","ILLINOIS","17","WEST","30","KNOX","095","","","00000000","","CORN","CORN - ACRES PLANTED","TOTAL","NOT SPECIFIED","162,000",""
"SURVEY","2015","YEAR","","COUNTY","ILLINOIS","17","WEST","30","MCDONOUGH","109","","","00000000","","CORN","CORN - ACRES PLANTED","TOTAL","NOT SPECIFIED","152,000",""
"SURVEY","2015","YEAR","","COUNTY","ILLINOIS","17","WEST","30","SCHUYLER","169","","","00000000","","CORN","CORN - ACRES PLANTED","TOTAL","NOT SPECIFIED","71,100",""
"SURVEY","2015","YEAR","","COUNTY","ILLINOIS","17","WEST","30","WARREN","187","","","00000000","","CORN","CORN - ACRES PLANTED","TOTAL","NOT SPECIFIED","158,000",""
"SURVEY","2015","YEAR","","COUNTY","ILLINOIS","17","WEST SOUTHWEST","60","BOND","005","","","00000000","","CORN","CORN - ACRES PLANTED","TOTAL","NOT SPECIFIED","71,900",""
"SURVEY","2015","YEAR","","COUNTY","ILLINOIS","17","WEST SOUTHWEST","60","CALHOUN","013","","","00000000","","CORN","CORN - ACRES PLANTED","TOTAL","NOT SPECIFIED","21,800",""
"SURVEY","2015","YEAR","","COUNTY","ILLINOIS","17","WEST SOUTHWEST","60","CASS","017","","","00000000","","CORN","CORN - ACRES PLANTED","TOTAL","NOT SPECIFIED","100,000",""
"SURVEY","2015","YEAR","","COUNTY","ILLINOIS","17","WEST SOUTHWEST","60","CHRISTIAN","021","","","00000000","","CORN","CORN - ACRES PLANTED","TOTAL","NOT SPECIFIED","204,500",""
"SURVEY","2015","YEAR","","COUNTY","ILLINOIS","17","WEST SOUTHWEST","60","GREENE","061","","","00000000","","CORN","CORN - ACRES PLANTED","TOTAL","NOT SPECIFIED","117,500",""
"SURVEY","2015","YEAR","","COUNTY","ILLINOIS","17","WEST SOUTHWEST","60","JERSEY","083","","","00000000","","CORN","CORN - ACRES PLANTED","TOTAL","NOT SPECIFIED","65,300",""
"SURVEY","2015","YEAR","","COUNTY","ILLINOIS","17","WEST SOUTHWEST","60","MACOUPIN","117","","","00000000","","CORN","CORN - ACRES PLANTED","TOTAL","NOT SPECIFIED","190,500",""
"SURVEY","2015","YEAR","","COUNTY","ILLINOIS","17","WEST SOUTHWEST","60","MADISON","119","","","00000000","","CORN","CORN - ACRES PLANTED","TOTAL","NOT SPECIFIED","113,500",""
"SURVEY","2015","YEAR","","COUNTY","ILLINOIS","17","WEST SOUTHWEST","60","MONTGOMERY","135","","","00000000","","CORN","CORN - ACRES PLANTED","TOTAL","NOT SPECIFIED","163,000",""
"SURVEY","2015","YEAR","","COUNTY","ILLINOIS","17","WEST SOUTHWEST","60","MORGAN","137","","","00000000","","CORN","CORN - ACRES PLANTED","TOTAL","NOT SPECIFIED","145,000",""
"SURVEY","2015","YEAR","","COUNTY","ILLINOIS","17","WEST SOUTHWEST","60","PIKE","149","","","00000000","","CORN","CORN - ACRES PLANTED","TOTAL","NOT SPECIFIED","172,500",""
"SURVEY","2015","YEAR","","COUNTY","ILLINOIS","17","WEST SOUTHWEST","60","SANGAMON","167","","","00000000","","CORN","CORN - ACRES PLANTED","TOTAL","NOT SPECIFIED","229,000",""
"SURVEY","2015","YEAR","","COUNTY","ILLINOIS","17","WEST SOUTHWEST","60","SCOTT","171","","","00000000","","CORN","CORN - ACRES PLANTED","TOTAL","NOT SPECIFIED","51,500",""
"SURVEY","2014","YEAR","","COUNTY","ILLINOIS","17","CENTRAL","40","DE WITT","039","","","00000000","","CORN","CORN - ACRES PLANTED","TOTAL","NOT SPECIFIED","106,500",""
"SURVEY","2014","YEAR","","COUNTY","ILLINOIS","17","CENTRAL","40","LOGAN","107","","","00000000","","CORN","CORN - ACRES PLANTED","TOTAL","NOT SPECIFIED","201,500",""
"SURVEY","2014","YEAR","","COUNTY","ILLINOIS","17","CENTRAL","40","MACON","115","","","00000000","","CORN","CORN - ACRES PLANTED","TOTAL","NOT SPECIFIED","162,000",""
"SURVEY","2014","YEAR","","COUNTY","ILLINOIS","17","CENTRAL","40","MARSHALL","123","","","00000000","","CORN","CORN - ACRES PLANTED","TOTAL","NOT SPECIFIED","103,000",""
"SURVEY","2014","YEAR","","COUNTY","ILLINOIS","17","CENTRAL","40","MASON","125","","","00000000","","CORN","CORN - ACRES PLANTED","TOTAL","NOT SPECIFIED","140,000",""
"SURVEY","2014","YEAR","","COUNTY","ILLINOIS","17","CENTRAL","40","MCLEAN","113","","","00000000","","CORN","CORN - ACRES PLANTED","TOTAL","NOT SPECIFIED","325,000",""
"SURVEY","2014","YEAR","","COUNTY","ILLINOIS","17","CENTRAL","40","MENARD","129","","","00000000","","CORN","CORN - ACRES PLANTED","TOTAL","NOT SPECIFIED","82,500",""
"SURVEY","2014","YEAR","","COUNTY","ILLINOIS","17","CENTRAL","40","PEORIA","143","","","00000000","","CORN","CORN - ACRES PLANTED","TOTAL","NOT SPECIFIED","111,500",""
"SURVEY","2014","YEAR","","COUNTY","ILLINOIS","17","CENTRAL","40","STARK","175","","","00000000","","CORN","CORN - ACRES PLANTED","TOTAL","NOT SPECIFIED","95,000",""
"SURVEY","2014","YEAR","","COUNTY","ILLINOIS","17","CENTRAL","40","TAZEWELL","179","","","00000000","","CORN","CORN - ACRES PLANTED","TOTAL","NOT SPECIFIED","147,000",""
"SURVEY","2014","YEAR","","COUNTY","ILLINOIS","17","CENTRAL","40","WOODFORD","203","","","00000000","","CORN","CORN - ACRES PLANTED","TOTAL","NOT SPECIFIED","132,000",""
"SURVEY","2014","YEAR","","COUNTY","ILLINOIS","17","EAST","50","CHAMPAIGN","019","","","00000000","","CORN","CORN - ACRES PLANTED","TOTAL","NOT SPECIFIED","279,000",""
"SURVEY","2014","YEAR","","COUNTY","ILLINOIS","17","EAST","50","FORD","053","","","00000000","","CORN","CORN - ACRES PLANTED","TOTAL","NOT SPECIFIED","150,000",""
"SURVEY","2014","YEAR","","COUNTY","ILLINOIS","17","EAST","50","IROQUOIS","075","","","00000000","","CORN","CORN - ACRES PLANTED","TOTAL","NOT SPECIFIED","346,000",""
"SURVEY","2014","YEAR","","COUNTY","ILLINOIS","17","EAST","50","KANKAKEE","091","","","00000000","","CORN","CORN - ACRES PLANTED","TOTAL","NOT SPECIFIED","194,000",""
"SURVEY","2014","YEAR","","COUNTY","ILLINOIS","17","EAST","50","LIVINGSTON","105","","","00000000","","CORN","CORN - ACRES PLANTED","TOTAL","NOT SPECIFIED","305,000",""
"SURVEY","2014","YEAR","","COUNTY","ILLINOIS","17","EAST","50","PIATT","147","","","00000000","","CORN","CORN - ACRES PLANTED","TOTAL","NOT SPECIFIED","135,000",""
"SURVEY","2014","YEAR","","COUNTY","ILLINOIS","17","EAST","50","VERMILION","183","","","00000000","","CORN","CORN - ACRES PLANTED","TOTAL","NOT SPECIFIED","229,000",""
"SURVEY","2014","YEAR","","COUNTY","ILLINOIS","17","EAST SOUTHEAST","70","CLARK","023","","","00000000","","CORN","CORN - ACRES PLANTED","TOTAL","NOT SPECIFIED","95,000",""
"SURVEY","2014","YEAR","","COUNTY","ILLINOIS","17","EAST SOUTHEAST","70","CLAY","025","","","00000000","","CORN","CORN - ACRES PLANTED","TOTAL","NOT SPECIFIED","84,800",""
"SURVEY","2014","YEAR","","COUNTY","ILLINOIS","17","EAST SOUTHEAST","70","COLES","029","","","00000000","","CORN","CORN - ACRES PLANTED","TOTAL","NOT SPECIFIED","123,500",""
"SURVEY","2014","YEAR","","COUNTY","ILLINOIS","17","EAST SOUTHEAST","70","CRAWFORD","033","","","00000000","","CORN","CORN - ACRES PLANTED","TOTAL","NOT SPECIFIED","89,700",""
"SURVEY","2014","YEAR","","COUNTY","ILLINOIS","17","EAST SOUTHEAST","70","CUMBERLAND","035","","","00000000","","CORN","CORN - ACRES PLANTED","TOTAL","NOT SPECIFIED","69,900",""
"SURVEY","2014","YEAR","","COUNTY","ILLINOIS","17","EAST SOUTHEAST","70","DOUGLAS","041","","","00000000","","CORN","CORN - ACRES PLANTED","TOTAL","NOT SPECIFIED","119,000",""
"SURVEY","2014","YEAR","","COUNTY","ILLINOIS","17","EAST SOUTHEAST","70","EDGAR","045","","","00000000","","CORN","CORN - ACRES PLANTED","TOTAL","NOT SPECIFIED","172,500",""
"SURVEY","2014","YEAR","","COUNTY","ILLINOIS","17","EAST SOUTHEAST","70","EFFINGHAM","049","","","00000000","","CORN","CORN - ACRES PLANTED","TOTAL","NOT SPECIFIED","91,700",""
"SURVEY","2014","YEAR","","COUNTY","ILLINOIS","17","EAST SOUTHEAST","70","FAYETTE","051","","","00000000","","CORN","CORN - ACRES PLANTED","TOTAL","NOT SPECIFIED","121,500",""
"SURVEY","2014","YEAR","","COUNTY","ILLINOIS","17","EAST SOUTHEAST","70","JASPER","079","","","00000000","","CORN","CORN - ACRES PLANTED","TOTAL","NOT SPECIFIED","101,500",""
"SURVEY","2014","YEAR","","COUNTY","ILLINOIS","17","EAST SOUTHEAST","70","LAWRENCE","101","","","00000000","","CORN","CORN - ACRES PLANTED","TOTAL","NOT SPECIFIED","78,600",""
"SURVEY","2014","YEAR","","COUNTY","ILLINOIS","17","EAST SOUTHEAST","70","MARION","121","","","00000000","","CORN","CORN - ACRES PLANTED","TOTAL","NOT SPECIFIED","76,400",""
"SURVEY","2014","YEAR","","COUNTY","ILLINOIS","17","EAST SOUTHEAST","70","MOULTRIE","139","","","00000000","","CORN","CORN - ACRES PLANTED","TOTAL","NOT SPECIFIED","90,500",""
"SURVEY","2014","YEAR","","COUNTY","ILLINOIS","17","EAST SOUTHEAST","70","RICHLAND","159","","","00000000","","CORN","CORN - ACRES PLANTED","TOTAL","NOT SPECIFIED","79,400",""
"SURVEY","2014","YEAR","","COUNTY","ILLINOIS","17","EAST SOUTHEAST","70","SHELBY","173","","","00000000","","CORN","CORN - ACRES PLANTED","TOTAL","NOT SPECIFIED","185,000",""
"SURVEY","2014","YEAR","","COUNTY","ILLINOIS","17","NORTHEAST","20","BOONE","007","","","00000000","","CORN","CORN - ACRES PLANTED","TOTAL","NOT SPECIFIED","71,300",""
"SURVEY","2014","YEAR","","COUNTY","ILLINOIS","17","NORTHEAST","20","DE KALB","037","","","00000000","","CORN","CORN - ACRES PLANTED","TOTAL","NOT SPECIFIED","222,500",""
"SURVEY","2014","YEAR","","COUNTY","ILLINOIS","17","NORTHEAST","20","GRUNDY","063","","","00000000","","CORN","CORN - ACRES PLANTED","TOTAL","NOT SPECIFIED","105,000",""
"SURVEY","2014","YEAR","","COUNTY","ILLINOIS","17","NORTHEAST","20","KANE","089","","","00000000","","CORN","CORN - ACRES PLANTED","TOTAL","NOT SPECIFIED","82,100",""
"SURVEY","2014","YEAR","","COUNTY","ILLINOIS","17","NORTHEAST","20","LA SALLE","099","","","00000000","","CORN","CORN - ACRES PLANTED","TOTAL","NOT SPECIFIED","293,500",""
"SURVEY","2014","YEAR","","COUNTY","ILLINOIS","17","NORTHEAST","20","LAKE","097","","","00000000","","CORN","CORN - ACRES PLANTED","TOTAL","NOT SPECIFIED","9,300",""
"SURVEY","2014","YEAR","","COUNTY","ILLINOIS","17","NORTHEAST","20","MCHENRY","111","","","00000000","","CORN","CORN - ACRES PLANTED","TOTAL","NOT SPECIFIED","90,700",""
"SURVEY","2014","YEAR","","COUNTY","ILLINOIS","17","NORTHEAST","20","OTHER (COMBINED) COUNTIES","","","","00000000","","CORN","CORN - ACRES PLANTED","TOTAL","NOT SPECIFIED","85,700",""
"SURVEY","2014","YEAR","","COUNTY","ILLINOIS","17","NORTHEAST","20","WILL","197","","","00000000","","CORN","CORN - ACRES PLANTED","TOTAL","NOT SPECIFIED","95,900",""
"SURVEY","2014","YEAR","","COUNTY","ILLINOIS","17","NORTHWEST","10","BUREAU","011","","","00000000","","CORN","CORN - ACRES PLANTED","TOTAL","NOT SPECIFIED","277,000",""
"SURVEY","2014","YEAR","","COUNTY","ILLINOIS","17","NORTHWEST","10","CARROLL","015","","","00000000","","CORN","CORN - ACRES PLANTED","TOTAL","NOT SPECIFIED","143,000",""
"SURVEY","2014","YEAR","","COUNTY","ILLINOIS","17","NORTHWEST","10","HENRY","073","","","00000000","","CORN","CORN - ACRES PLANTED","TOTAL","NOT SPECIFIED","234,000",""
"SURVEY","2014","YEAR","","COUNTY","ILLINOIS","17","NORTHWEST","10","JO DAVIESS","085","","","00000000","","CORN","CORN - ACRES PLANTED","TOTAL","NOT SPECIFIED","101,000",""
"SURVEY","2014","YEAR","","COUNTY","ILLINOIS","17","NORTHWEST","10","LEE","103","","","00000000","","CORN","CORN - ACRES PLANTED","TOTAL","NOT SPECIFIED","268,000",""
"SURVEY","2014","YEAR","","COUNTY","ILLINOIS","17","NORTHWEST","10","MERCER","131","","","00000000","","CORN","CORN - ACRES PLANTED","TOTAL","NOT SPECIFIED","139,000",""
"SURVEY","2014","YEAR","","COUNTY","ILLINOIS","17","NORTHWEST","10","OGLE","141","","","00000000","","CORN","CORN - ACRES PLANTED","TOTAL","NOT SPECIFIED","235,000",""
"SURVEY","2014","YEAR","","COUNTY","ILLINOIS","17","NORTHWEST","10","PUTNAM","155","","","00000000","","CORN","CORN - ACRES PLANTED","TOTAL","NOT SPECIFIED","37,000",""
"SURVEY","2014","YEAR","","COUNTY","ILLINOIS","17","NORTHWEST","10","ROCK ISLAND","161","","","00000000","","CORN","CORN - ACRES PLANTED","TOTAL","NOT SPECIFIED","65,000",""
"SURVEY","2014","YEAR","","COUNTY","ILLINOIS","17","NORTHWEST","10","STEPHENSON","177","","","00000000","","CORN","CORN - ACRES PLANTED","TOTAL","NOT SPECIFIED","181,000",""
"SURVEY","2014","YEAR","","COUNTY","ILLINOIS","17","NORTHWEST","10","WHITESIDE","195","","","00000000","","CORN","CORN - ACRES PLANTED","TOTAL","NOT SPECIFIED","235,000",""
"SURVEY","2014","YEAR","","COUNTY","ILLINOIS","17","NORTHWEST","10","WINNEBAGO","201","","","00000000","","CORN","CORN - ACRES PLANTED","TOTAL","NOT SPECIFIED","84,000",""
"SURVEY","2014","YEAR","","COUNTY","ILLINOIS","17","SOUTHEAST","90","FRANKLIN","055","","","00000000","","CORN","CORN - ACRES PLANTED","TOTAL","NOT SPECIFIED","41,400",""
"SURVEY","2014","YEAR","","COUNTY","ILLINOIS","17","SOUTHEAST","90","GALLATIN","059","","","00000000","","CORN","CORN - ACRES PLANTED","TOTAL","NOT SPECIFIED","77,400",""
"SURVEY","2014","YEAR","","COUNTY","ILLINOIS","17","SOUTHEAST","90","JEFFERSON","081","","","00000000","","CORN","CORN - ACRES PLANTED","TOTAL","NOT SPECIFIED","52,700",""
"SURVEY","2014","YEAR","","COUNTY","ILLINOIS","17","SOUTHEAST","90","MASSAC","127","","","00000000","","CORN","CORN - ACRES PLANTED","TOTAL","NOT SPECIFIED","25,700",""
"SURVEY","2014","YEAR","","COUNTY","ILLINOIS","17","SOUTHEAST","90","OTHER (COMBINED) COUNTIES","","","","00000000","","CORN","CORN - ACRES PLANTED","TOTAL","NOT SPECIFIED","118,500",""
"SURVEY","2014","YEAR","","COUNTY","ILLINOIS","17","SOUTHEAST","90","POPE","151","","","00000000","","CORN","CORN - ACRES PLANTED","TOTAL","NOT SPECIFIED","7,200",""
"SURVEY","2014","YEAR","","COUNTY","ILLINOIS","17","SOUTHEAST","90","SALINE","165","","","00000000","","CORN","CORN - ACRES PLANTED","TOTAL","NOT SPECIFIED","42,500",""
"SURVEY","2014","YEAR","","COUNTY","ILLINOIS","17","SOUTHEAST","90","WABASH","185","","","00000000","","CORN","CORN - ACRES PLANTED","TOTAL","NOT SPECIFIED","46,500",""
"SURVEY","2014","YEAR","","COUNTY","ILLINOIS","17","SOUTHEAST","90","WAYNE","191","","","00000000","","CORN","CORN - ACRES PLANTED","TOTAL","NOT SPECIFIED","120,500",""
"SURVEY","2014","YEAR","","COUNTY","ILLINOIS","17","SOUTHEAST","90","WHITE","193","","","00000000","","CORN","CORN - ACRES PLANTED","TOTAL","NOT SPECIFIED","91,600",""
"SURVEY","2014","YEAR","","COUNTY","ILLINOIS","17","SOUTHWEST","80","ALEXANDER","003","","","00000000","","CORN","CORN - ACRES PLANTED","TOTAL","NOT SPECIFIED","10,800",""
"SURVEY","2014","YEAR","","COUNTY","ILLINOIS","17","SOUTHWEST","80","CLINTON","027","","","00000000","","CORN","CORN - ACRES PLANTED","TOTAL","NOT SPECIFIED","97,800",""
"SURVEY","2014","YEAR","","COUNTY","ILLINOIS","17","SOUTHWEST","80","JACKSON","077","","","00000000","","CORN","CORN - ACRES PLANTED","TOTAL","NOT SPECIFIED","40,000",""
"SURVEY","2014","YEAR","","COUNTY","ILLINOIS","17","SOUTHWEST","80","JOHNSON","087","","","00000000","","CORN","CORN - ACRES PLANTED","TOTAL","NOT SPECIFIED","8,000",""
"SURVEY","2014","YEAR","","COUNTY","ILLINOIS","17","SOUTHWEST","80","MONROE","133","","","00000000","","CORN","CORN - ACRES PLANTED","TOTAL","NOT SPECIFIED","54,800",""
"SURVEY","2014","YEAR","","COUNTY","ILLINOIS","17","SOUTHWEST","80","PERRY","145","","","00000000","","CORN","CORN - ACRES PLANTED","TOTAL","NOT SPECIFIED","50,200",""
"SURVEY","2014","YEAR","","COUNTY","ILLINOIS","17","SOUTHWEST","80","PULASKI","153","","","00000000","","CORN","CORN - ACRES PLANTED","TOTAL","NOT SPECIFIED","19,100",""
"SURVEY","2014","YEAR","","COUNTY","ILLINOIS","17","SOUTHWEST","80","RANDOLPH","157","","","00000000","","CORN","CORN - ACRES PLANTED","TOTAL","NOT SPECIFIED","67,400",""
"SURVEY","2014","YEAR","","COUNTY","ILLINOIS","17","SOUTHWEST","80","ST CLAIR","163","","","00000000","","CORN","CORN - ACRES PLANTED","TOTAL","NOT SPECIFIED","94,600",""
"SURVEY","2014","YEAR","","COUNTY","ILLINOIS","17","SOUTHWEST","80","UNION","181","","","00000000","","CORN","CORN - ACRES PLANTED","TOTAL","NOT SPECIFIED","13,600",""
"SURVEY","2014","YEAR","","COUNTY","ILLINOIS","17","SOUTHWEST","80","WASHINGTON","189","","","00000000","","CORN","CORN - ACRES PLANTED","TOTAL","NOT SPECIFIED","106,500",""
"SURVEY","2014","YEAR","","COUNTY","ILLINOIS","17","SOUTHWEST","80","WILLIAMSON","199","","","00000000","","CORN","CORN - ACRES PLANTED","TOTAL","NOT SPECIFIED","17,200",""
"SURVEY","2014","YEAR","","COUNTY","ILLINOIS","17","WEST","30","ADAMS","001","","","00000000","","CORN","CORN - ACRES PLANTED","TOTAL","NOT SPECIFIED","161,000",""
"SURVEY","2014","YEAR","","COUNTY","ILLINOIS","17","WEST","30","BROWN","009","","","00000000","","CORN","CORN - ACRES PLANTED","TOTAL","NOT SPECIFIED","40,400",""
"SURVEY","2014","YEAR","","COUNTY","ILLINOIS","17","WEST","30","FULTON","057","","","00000000","","CORN","CORN - ACRES PLANTED","TOTAL","NOT SPECIFIED","131,000",""
"SURVEY","2014","YEAR","","COUNTY","ILLINOIS","17","WEST","30","HANCOCK","067","","","00000000","","CORN","CORN - ACRES PLANTED","TOTAL","NOT SPECIFIED","177,000",""
"SURVEY","2014","YEAR","","COUNTY","ILLINOIS","17","WEST","30","HENDERSON","071","","","00000000","","CORN","CORN - ACRES PLANTED","TOTAL","NOT SPECIFIED","99,000",""
"SURVEY","2014","YEAR","","COUNTY","ILLINOIS","17","WEST","30","KNOX","095","","","00000000","","CORN","CORN - ACRES PLANTED","TOTAL","NOT SPECIFIED","161,500",""
"SURVEY","2014","YEAR","","COUNTY","ILLINOIS","17","WEST","30","MCDONOUGH","109","","","00000000","","CORN","CORN - ACRES PLANTED","TOTAL","NOT SPECIFIED","149,500",""
"SURVEY","2014","YEAR","","COUNTY","ILLINOIS","17","WEST","30","SCHUYLER","169","","","00000000","","CORN","CORN - ACRES PLANTED","TOTAL","NOT SPECIFIED","71,100",""
"SURVEY","2014","YEAR","","COUNTY","ILLINOIS","17","WEST","30","WARREN","187","","","00000000","","CORN","CORN - ACRES PLANTED","TOTAL","NOT SPECIFIED","156,500",""
"SURVEY","2014","YEAR","","COUNTY","ILLINOIS","17","WEST SOUTHWEST","60","BOND","005","","","00000000","","CORN","CORN - ACRES PLANTED","TOTAL","NOT SPECIFIED","74,100",""
"SURVEY","2014","YEAR","","COUNTY","ILLINOIS","17","WEST SOUTHWEST","60","CALHOUN","013","","","00000000","","CORN","CORN - ACRES PLANTED","TOTAL","NOT SPECIFIED","22,300",""
"SURVEY","2014","YEAR","","COUNTY","ILLINOIS","17","WEST SOUTHWEST","60","CASS","017","","","00000000","","CORN","CORN - ACRES PLANTED","TOTAL","NOT SPECIFIED","99,400",""
"SURVEY","2014","YEAR","","COUNTY","ILLINOIS","17","WEST SOUTHWEST","60","CHRISTIAN","021","","","00000000","","CORN","CORN - ACRES PLANTED","TOTAL","NOT SPECIFIED","210,000",""
"SURVEY","2014","YEAR","","COUNTY","ILLINOIS","17","WEST SOUTHWEST","60","GREENE","061","","","00000000","","CORN","CORN - ACRES PLANTED","TOTAL","NOT SPECIFIED","117,000",""
"SURVEY","2014","YEAR","","COUNTY","ILLINOIS","17","WEST SOUTHWEST","60","JERSEY","083","","","00000000","","CORN","CORN - ACRES PLANTED","TOTAL","NOT SPECIFIED","67,100",""
"SURVEY","2014","YEAR","","COUNTY","ILLINOIS","17","WEST SOUTHWEST","60","MACOUPIN","117","","","00000000","","CORN","CORN - ACRES PLANTED","TOTAL","NOT SPECIFIED","197,500",""
"SURVEY","2014","YEAR","","COUNTY","ILLINOIS","17","WEST SOUTHWEST","60","MADISON","119","","","00000000","","CORN","CORN - ACRES PLANTED","TOTAL","NOT SPECIFIED","113,000",""
"SURVEY","2014","YEAR","","COUNTY","ILLINOIS","17","WEST SOUTHWEST","60","MONTGOMERY","135","","","00000000","","CORN","CORN - ACRES PLANTED","TOTAL","NOT SPECIFIED","171,500",""
"SURVEY","2014","YEAR","","COUNTY","ILLINOIS","17","WEST SOUTHWEST","60","MORGAN","137","","","00000000","","CORN","CORN - ACRES PLANTED","TOTAL","NOT SPECIFIED","145,000",""
"SURVEY","2014","YEAR","","COUNTY","ILLINOIS","17","WEST SOUTHWEST","60","PIKE","149","","","00000000","","CORN","CORN - ACRES PLANTED","TOTAL","NOT SPECIFIED","169,500",""
"SURVEY","2014","YEAR","","COUNTY","ILLINOIS","17","WEST SOUTHWEST","60","SANGAMON","167","","","00000000","","CORN","CORN - ACRES PLANTED","TOTAL","NOT SPECIFIED","227,500",""
"SURVEY","2014","YEAR","","COUNTY","ILLINOIS","17","WEST SOUTHWEST","60","SCOTT","171","","","00000000","","CORN","CORN - ACRES PLANTED","TOTAL","NOT SPECIFIED","57,100",""
"SURVEY","2013","YEAR","","COUNTY","ILLINOIS","17","CENTRAL","40","LOGAN","107","","","00000000","","CORN","CORN - ACRES PLANTED","TOTAL","NOT SPECIFIED","208,500",""
"SURVEY","2013","YEAR","","COUNTY","ILLINOIS","17","CENTRAL","40","MACON","115","","","00000000","","CORN","CORN - ACRES PLANTED","TOTAL","NOT SPECIFIED","159,000",""
"SURVEY","2013","YEAR","","COUNTY","ILLINOIS","17","CENTRAL","40","MARSHALL","123","","","00000000","","CORN","CORN - ACRES PLANTED","TOTAL","NOT SPECIFIED","106,000",""
"SURVEY","2013","YEAR","","COUNTY","ILLINOIS","17","CENTRAL","40","MASON","125","","","00000000","","CORN","CORN - ACRES PLANTED","TOTAL","NOT SPECIFIED","141,000",""
"SURVEY","2013","YEAR","","COUNTY","ILLINOIS","17","CENTRAL","40","MCLEAN","113","","","00000000","","CORN","CORN - ACRES PLANTED","TOTAL","NOT SPECIFIED","340,000",""
"SURVEY","2013","YEAR","","COUNTY","ILLINOIS","17","CENTRAL","40","OTHER (COMBINED) COUNTIES","","","","00000000","","CORN","CORN - ACRES PLANTED","TOTAL","NOT SPECIFIED","194,000",""
"SURVEY","2013","YEAR","","COUNTY","ILLINOIS","17","CENTRAL","40","PEORIA","143","","","00000000","","CORN","CORN - ACRES PLANTED","TOTAL","NOT SPECIFIED","109,000",""
"SURVEY","2013","YEAR","","COUNTY","ILLINOIS","17","CENTRAL","40","STARK","175","","","00000000","","CORN","CORN - ACRES PLANTED","TOTAL","NOT SPECIFIED","91,000",""
"SURVEY","2013","YEAR","","COUNTY","ILLINOIS","17","CENTRAL","40","TAZEWELL","179","","","00000000","","CORN","CORN - ACRES PLANTED","TOTAL","NOT SPECIFIED","156,500",""
"SURVEY","2013","YEAR","","COUNTY","ILLINOIS","17","CENTRAL","40","WOODFORD","203","","","00000000","","CORN","CORN - ACRES PLANTED","TOTAL","NOT SPECIFIED","134,000",""
"SURVEY","2013","YEAR","","COUNTY","ILLINOIS","17","EAST","50","CHAMPAIGN","019","","","00000000","","CORN","CORN - ACRES PLANTED","TOTAL","NOT SPECIFIED","291,000",""
"SURVEY","2013","YEAR","","COUNTY","ILLINOIS","17","EAST","50","FORD","053","","","00000000","","CORN","CORN - ACRES PLANTED","TOTAL","NOT SPECIFIED","148,500",""
"SURVEY","2013","YEAR","","COUNTY","ILLINOIS","17","EAST","50","IROQUOIS","075","","","00000000","","CORN","CORN - ACRES PLANTED","TOTAL","NOT SPECIFIED","368,500",""
"SURVEY","2013","YEAR","","COUNTY","ILLINOIS","17","EAST","50","KANKAKEE","091","","","00000000","","CORN","CORN - ACRES PLANTED","TOTAL","NOT SPECIFIED","205,000",""
"SURVEY","2013","YEAR","","COUNTY","ILLINOIS","17","EAST","50","LIVINGSTON","105","","","00000000","","CORN","CORN - ACRES PLANTED","TOTAL","NOT SPECIFIED","312,500",""
"SURVEY","2013","YEAR","","COUNTY","ILLINOIS","17","EAST","50","PIATT","147","","","00000000","","CORN","CORN - ACRES PLANTED","TOTAL","NOT SPECIFIED","137,500",""
"SURVEY","2013","YEAR","","COUNTY","ILLINOIS","17","EAST","50","VERMILION","183","","","00000000","","CORN","CORN - ACRES PLANTED","TOTAL","NOT SPECIFIED","243,000",""
"SURVEY","2013","YEAR","","COUNTY","ILLINOIS","17","EAST SOUTHEAST","70","CLAY","025","","","00000000","","CORN","CORN - ACRES PLANTED","TOTAL","NOT SPECIFIED","78,000",""
"SURVEY","2013","YEAR","","COUNTY","ILLINOIS","17","EAST SOUTHEAST","70","COLES","029","","","00000000","","CORN","CORN - ACRES PLANTED","TOTAL","NOT SPECIFIED","122,500",""
"SURVEY","2013","YEAR","","COUNTY","ILLINOIS","17","EAST SOUTHEAST","70","CRAWFORD","033","","","00000000","","CORN","CORN - ACRES PLANTED","TOTAL","NOT SPECIFIED","76,700",""
"SURVEY","2013","YEAR","","COUNTY","ILLINOIS","17","EAST SOUTHEAST","70","CUMBERLAND","035","","","00000000","","CORN","CORN - ACRES PLANTED","TOTAL","NOT SPECIFIED","69,900",""
"SURVEY","2013","YEAR","","COUNTY","ILLINOIS","17","EAST SOUTHEAST","70","DOUGLAS","041","","","00000000","","CORN","CORN - ACRES PLANTED","TOTAL","NOT SPECIFIED","121,500",""
"SURVEY","2013","YEAR","","COUNTY","ILLINOIS","17","EAST SOUTHEAST","70","EDGAR","045","","","00000000","","CORN","CORN - ACRES PLANTED","TOTAL","NOT SPECIFIED","173,000",""
"SURVEY","2013","YEAR","","COUNTY","ILLINOIS","17","EAST SOUTHEAST","70","EFFINGHAM","049","","","00000000","","CORN","CORN - ACRES PLANTED","TOTAL","NOT SPECIFIED","88,300",""
"SURVEY","2013","YEAR","","COUNTY","ILLINOIS","17","EAST SOUTHEAST","70","FAYETTE","051","","","00000000","","CORN","CORN - ACRES PLANTED","TOTAL","NOT SPECIFIED","109,000",""
"SURVEY","2013","YEAR","","COUNTY","ILLINOIS","17","EAST SOUTHEAST","70","JASPER","079","","","00000000","","CORN","CORN - ACRES PLANTED","TOTAL","NOT SPECIFIED","102,000",""
"SURVEY","2013","YEAR","","COUNTY","ILLINOIS","17","EAST SOUTHEAST","70","MARION","121","","","00000000","","CORN","CORN - ACRES PLANTED","TOTAL","NOT SPECIFIED","74,000",""
"SURVEY","2013","YEAR","","COUNTY","ILLINOIS","17","EAST SOUTHEAST","70","MOULTRIE","139","","","00000000","","CORN","CORN - ACRES PLANTED","TOTAL","NOT SPECIFIED","93,500",""
"SURVEY","2013","YEAR","","COUNTY","ILLINOIS","17","EAST SOUTHEAST","70","OTHER (COMBINED) COUNTIES","","","","00000000","","CORN","CORN - ACRES PLANTED","TOTAL","NOT SPECIFIED","155,600",""
"SURVEY","2013","YEAR","","COUNTY","ILLINOIS","17","EAST SOUTHEAST","70","RICHLAND","159","","","00000000","","CORN","CORN - ACRES PLANTED","TOTAL","NOT SPECIFIED","67,000",""
"SURVEY","2013","YEAR","","COUNTY","ILLINOIS","17","EAST SOUTHEAST","70","SHELBY","173","","","00000000","","CORN","CORN - ACRES PLANTED","TOTAL","NOT SPECIFIED","185,000",""
"SURVEY","2013","YEAR","","COUNTY","ILLINOIS","17","NORTHEAST","20","BOONE","007","","","00000000","","CORN","CORN - ACRES PLANTED","TOTAL","NOT SPECIFIED","78,900",""
"SURVEY","2013","YEAR","","COUNTY","ILLINOIS","17","NORTHEAST","20","DE KALB","037","","","00000000","","CORN","CORN - ACRES PLANTED","TOTAL","NOT SPECIFIED","240,000",""
"SURVEY","2013","YEAR","","COUNTY","ILLINOIS","17","NORTHEAST","20","GRUNDY","063","","","00000000","","CORN","CORN - ACRES PLANTED","TOTAL","NOT SPECIFIED","112,000",""
"SURVEY","2013","YEAR","","COUNTY","ILLINOIS","17","NORTHEAST","20","KANE","089","","","00000000","","CORN","CORN - ACRES PLANTED","TOTAL","NOT SPECIFIED","91,200",""
"SURVEY","2013","YEAR","","COUNTY","ILLINOIS","17","NORTHEAST","20","KENDALL","093","","","00000000","","CORN","CORN - ACRES PLANTED","TOTAL","NOT SPECIFIED","85,200",""
"SURVEY","2013","YEAR","","COUNTY","ILLINOIS","17","NORTHEAST","20","LA SALLE","099","","","00000000","","CORN","CORN - ACRES PLANTED","TOTAL","NOT SPECIFIED","318,000",""
"SURVEY","2013","YEAR","","COUNTY","ILLINOIS","17","NORTHEAST","20","LAKE","097","","","00000000","","CORN","CORN - ACRES PLANTED","TOTAL","NOT SPECIFIED","9,700",""
"SURVEY","2013","YEAR","","COUNTY","ILLINOIS","17","NORTHEAST","20","MCHENRY","111","","","00000000","","CORN","CORN - ACRES PLANTED","TOTAL","NOT SPECIFIED","102,000",""
"SURVEY","2013","YEAR","","COUNTY","ILLINOIS","17","NORTHEAST","20","OTHER (COMBINED) COUNTIES","","","","00000000","","CORN","CORN - ACRES PLANTED","TOTAL","NOT SPECIFIED","6,000",""
"SURVEY","2013","YEAR","","COUNTY","ILLINOIS","17","NORTHEAST","20","WILL","197","","","00000000","","CORN","CORN - ACRES PLANTED","TOTAL","NOT SPECIFIED","106,000",""
"SURVEY","2013","YEAR","","COUNTY","ILLINOIS","17","NORTHWEST","10","BUREAU","011","","","00000000","","CORN","CORN - ACRES PLANTED","TOTAL","NOT SPECIFIED","291,500",""
"SURVEY","2013","YEAR","","COUNTY","ILLINOIS","17","NORTHWEST","10","CARROLL","015","","","00000000","","CORN","CORN - ACRES PLANTED","TOTAL","NOT SPECIFIED","147,500",""
"SURVEY","2013","YEAR","","COUNTY","ILLINOIS","17","NORTHWEST","10","HENRY","073","","","00000000","","CORN","CORN - ACRES PLANTED","TOTAL","NOT SPECIFIED","241,000",""
"SURVEY","2013","YEAR","","COUNTY","ILLINOIS","17","NORTHWEST","10","JO DAVIESS","085","","","00000000","","CORN","CORN - ACRES PLANTED","TOTAL","NOT SPECIFIED","104,500",""
"SURVEY","2013","YEAR","","COUNTY","ILLINOIS","17","NORTHWEST","10","LEE","103","","","00000000","","CORN","CORN - ACRES PLANTED","TOTAL","NOT SPECIFIED","280,000",""
"SURVEY","2013","YEAR","","COUNTY","ILLINOIS","17","NORTHWEST","10","MERCER","131","","","00000000","","CORN","CORN - ACRES PLANTED","TOTAL","NOT SPECIFIED","142,500",""
"SURVEY","2013","YEAR","","COUNTY","ILLINOIS","17","NORTHWEST","10","OGLE","141","","","00000000","","CORN","CORN - ACRES PLANTED","TOTAL","NOT SPECIFIED","253,000",""
"SURVEY","2013","YEAR","","COUNTY","ILLINOIS","17","NORTHWEST","10","PUTNAM","155","","","00000000","","CORN","CORN - ACRES PLANTED","TOTAL","NOT SPECIFIED","36,800",""
"SURVEY","2013","YEAR","","COUNTY","ILLINOIS","17","NORTHWEST","10","ROCK ISLAND","161","","","00000000","","CORN","CORN - ACRES PLANTED","TOTAL","NOT SPECIFIED","70,200",""
"SURVEY","2013","YEAR","","COUNTY","ILLINOIS","17","NORTHWEST","10","STEPHENSON","177","","","00000000","","CORN","CORN - ACRES PLANTED","TOTAL","NOT SPECIFIED","178,500",""
"SURVEY","2013","YEAR","","COUNTY","ILLINOIS","17","NORTHWEST","10","WHITESIDE","195","","","00000000","","CORN","CORN - ACRES PLANTED","TOTAL","NOT SPECIFIED","246,500",""
"SURVEY","2013","YEAR","","COUNTY","ILLINOIS","17","NORTHWEST","10","WINNEBAGO","201","","","00000000","","CORN","CORN - ACRES PLANTED","TOTAL","NOT SPECIFIED","96,000",""
"SURVEY","2013","YEAR","","COUNTY","ILLINOIS","17","SOUTHEAST","90","EDWARDS","047","","","00000000","","CORN","CORN - ACRES PLANTED","TOTAL","NOT SPECIFIED","41,800",""
"SURVEY","2013","YEAR","","COUNTY","ILLINOIS","17","SOUTHEAST","90","FRANKLIN","055","","","00000000","","CORN","CORN - ACRES PLANTED","TOTAL","NOT SPECIFIED","40,000",""
"SURVEY","2013","YEAR","","COUNTY","ILLINOIS","17","SOUTHEAST","90","GALLATIN","059","","","00000000","","CORN","CORN - ACRES PLANTED","TOTAL","NOT SPECIFIED","78,100",""
"SURVEY","2013","YEAR","","COUNTY","ILLINOIS","17","SOUTHEAST","90","HAMILTON","065","","","00000000","","CORN","CORN - ACRES PLANTED","TOTAL","NOT SPECIFIED","74,700",""
"SURVEY","2013","YEAR","","COUNTY","ILLINOIS","17","SOUTHEAST","90","JEFFERSON","081","","","00000000","","CORN","CORN - ACRES PLANTED","TOTAL","NOT SPECIFIED","47,600",""
"SURVEY","2013","YEAR","","COUNTY","ILLINOIS","17","SOUTHEAST","90","MASSAC","127","","","00000000","","CORN","CORN - ACRES PLANTED","TOTAL","NOT SPECIFIED","23,400",""
"SURVEY","2013","YEAR","","COUNTY","ILLINOIS","17","SOUTHEAST","90","OTHER (COMBINED) COUNTIES","","","","00000000","","CORN","CORN - ACRES PLANTED","TOTAL","NOT SPECIFIED","9,300",""
"SURVEY","2013","YEAR","","COUNTY","ILLINOIS","17","SOUTHEAST","90","SALINE","165","","","00000000","","CORN","CORN - ACRES PLANTED","TOTAL","NOT SPECIFIED","44,100",""
"SURVEY","2013","YEAR","","COUNTY","ILLINOIS","17","SOUTHEAST","90","WABASH","185","","","00000000","","CORN","CORN - ACRES PLANTED","TOTAL","NOT SPECIFIED","45,300",""
"SURVEY","2013","YEAR","","COUNTY","ILLINOIS","17","SOUTHEAST","90","WAYNE","191","","","00000000","","CORN","CORN - ACRES PLANTED","TOTAL","NOT SPECIFIED","112,000",""
"SURVEY","2013","YEAR","","COUNTY","ILLINOIS","17","SOUTHEAST","90","WHITE","193","","","00000000","","CORN","CORN - ACRES PLANTED","TOTAL","NOT SPECIFIED","90,700",""
"SURVEY","2013","YEAR","","COUNTY","ILLINOIS","17","SOUTHWEST","80","CLINTON","027","","","00000000","","CORN","CORN - ACRES PLANTED","TOTAL","NOT SPECIFIED","88,800",""
"SURVEY","2013","YEAR","","COUNTY","ILLINOIS","17","SOUTHWEST","80","JACKSON","077","","","00000000","","CORN","CORN - ACRES PLANTED","TOTAL","NOT SPECIFIED","33,400",""
"SURVEY","2013","YEAR","","COUNTY","ILLINOIS","17","SOUTHWEST","80","JOHNSON","087","","","00000000","","CORN","CORN - ACRES PLANTED","TOTAL","NOT SPECIFIED","7,000",""
"SURVEY","2013","YEAR","","COUNTY","ILLINOIS","17","SOUTHWEST","80","MONROE","133","","","00000000","","CORN","CORN - ACRES PLANTED","TOTAL","NOT SPECIFIED","49,300",""
"SURVEY","2013","YEAR","","COUNTY","ILLINOIS","17","SOUTHWEST","80","OTHER (COMBINED) COUNTIES","","","","00000000","","CORN","CORN - ACRES PLANTED","TOTAL","NOT SPECIFIED","67,700",""
"SURVEY","2013","YEAR","","COUNTY","ILLINOIS","17","SOUTHWEST","80","PERRY","145","","","00000000","","CORN","CORN - ACRES PLANTED","TOTAL","NOT SPECIFIED","49,000",""
"SURVEY","2013","YEAR","","COUNTY","ILLINOIS","17","SOUTHWEST","80","PULASKI","153","","","00000000","","CORN","CORN - ACRES PLANTED","TOTAL","NOT SPECIFIED","21,500",""
"SURVEY","2013","YEAR","","COUNTY","ILLINOIS","17","SOUTHWEST","80","ST CLAIR","163","","","00000000","","CORN","CORN - ACRES PLANTED","TOTAL","NOT SPECIFIED","87,100",""
"SURVEY","2013","YEAR","","COUNTY","ILLINOIS","17","SOUTHWEST","80","UNION","181","","","00000000","","CORN","CORN - ACRES PLANTED","TOTAL","NOT SPECIFIED","15,300",""
"SURVEY","2013","YEAR","","COUNTY","ILLINOIS","17","SOUTHWEST","80","WASHINGTON","189","","","00000000","","CORN","CORN - ACRES PLANTED","TOTAL","NOT SPECIFIED","100,000",""
"SURVEY","2013","YEAR","","COUNTY","ILLINOIS","17","SOUTHWEST","80","WILLIAMSON","199","","","00000000","","CORN","CORN - ACRES PLANTED","TOTAL","NOT SPECIFIED","18,900",""
"SURVEY","2013","YEAR","","COUNTY","ILLINOIS","17","WEST","30","ADAMS","001","","","00000000","","CORN","CORN - ACRES PLANTED","TOTAL","NOT SPECIFIED","154,500",""
"SURVEY","2013","YEAR","","COUNTY","ILLINOIS","17","WEST","30","BROWN","009","","","00000000","","CORN","CORN - ACRES PLANTED","TOTAL","NOT SPECIFIED","42,400",""
"SURVEY","2013","YEAR","","COUNTY","ILLINOIS","17","WEST","30","FULTON","057","","","00000000","","CORN","CORN - ACRES PLANTED","TOTAL","NOT SPECIFIED","139,500",""
"SURVEY","2013","YEAR","","COUNTY","ILLINOIS","17","WEST","30","HANCOCK","067","","","00000000","","CORN","CORN - ACRES PLANTED","TOTAL","NOT SPECIFIED","171,000",""
"SURVEY","2013","YEAR","","COUNTY","ILLINOIS","17","WEST","30","HENDERSON","071","","","00000000","","CORN","CORN - ACRES PLANTED","TOTAL","NOT SPECIFIED","95,800",""
"SURVEY","2013","YEAR","","COUNTY","ILLINOIS","17","WEST","30","KNOX","095","","","00000000","","CORN","CORN - ACRES PLANTED","TOTAL","NOT SPECIFIED","162,500",""
"SURVEY","2013","YEAR","","COUNTY","ILLINOIS","17","WEST","30","MCDONOUGH","109","","","00000000","","CORN","CORN - ACRES PLANTED","TOTAL","NOT SPECIFIED","146,500",""
"SURVEY","2013","YEAR","","COUNTY","ILLINOIS","17","WEST","30","SCHUYLER","169","","","00000000","","CORN","CORN - ACRES PLANTED","TOTAL","NOT SPECIFIED","62,300",""
"SURVEY","2013","YEAR","","COUNTY","ILLINOIS","17","WEST","30","WARREN","187","","","00000000","","CORN","CORN - ACRES PLANTED","TOTAL","NOT SPECIFIED","157,500",""
"SURVEY","2013","YEAR","","COUNTY","ILLINOIS","17","WEST SOUTHWEST","60","CASS","017","","","00000000","","CORN","CORN - ACRES PLANTED","TOTAL","NOT SPECIFIED","96,000",""
"SURVEY","2013","YEAR","","COUNTY","ILLINOIS","17","WEST SOUTHWEST","60","CHRISTIAN","021","","","00000000","","CORN","CORN - ACRES PLANTED","TOTAL","NOT SPECIFIED","212,000",""
"SURVEY","2013","YEAR","","COUNTY","ILLINOIS","17","WEST SOUTHWEST","60","GREENE","061","","","00000000","","CORN","CORN - ACRES PLANTED","TOTAL","NOT SPECIFIED","111,500",""
"SURVEY","2013","YEAR","","COUNTY","ILLINOIS","17","WEST SOUTHWEST","60","JERSEY","083","","","00000000","","CORN","CORN - ACRES PLANTED","TOTAL","NOT SPECIFIED","66,100",""
"SURVEY","2013","YEAR","","COUNTY","ILLINOIS","17","WEST SOUTHWEST","60","MACOUPIN","117","","","00000000","","CORN","CORN - ACRES PLANTED","TOTAL","NOT SPECIFIED","190,500",""
"SURVEY","2013","YEAR","","COUNTY","ILLINOIS","17","WEST SOUTHWEST","60","MADISON","119","","","00000000","","CORN","CORN - ACRES PLANTED","TOTAL","NOT SPECIFIED","104,000",""
"SURVEY","2013","YEAR","","COUNTY","ILLINOIS","17","WEST SOUTHWEST","60","MONTGOMERY","135","","","00000000","","CORN","CORN - ACRES PLANTED","TOTAL","NOT SPECIFIED","169,000",""
"SURVEY","2013","YEAR","","COUNTY","ILLINOIS","17","WEST SOUTHWEST","60","MORGAN","137","","","00000000","","CORN","CORN - ACRES PLANTED","TOTAL","NOT SPECIFIED","142,000",""
"SURVEY","2013","YEAR","","COUNTY","ILLINOIS","17","WEST SOUTHWEST","60","OTHER (COMBINED) COUNTIES","","","","00000000","","CORN","CORN - ACRES PLANTED","TOTAL","NOT SPECIFIED","87,100",""
"SURVEY","2013","YEAR","","COUNTY","ILLINOIS","17","WEST SOUTHWEST","60","PIKE","149","","","00000000","","CORN","CORN - ACRES PLANTED","TOTAL","NOT SPECIFIED","159,500",""
"SURVEY","2013","YEAR","","COUNTY","ILLINOIS","17","WEST SOUTHWEST","60","SANGAMON","167","","","00000000","","CORN","CORN - ACRES PLANTED","TOTAL","NOT SPECIFIED","237,500",""
"SURVEY","2013","YEAR","","COUNTY","ILLINOIS","17","WEST SOUTHWEST","60","SCOTT","171","","","00000000","","CORN","CORN - ACRES PLANTED","TOTAL","NOT SPECIFIED","49,800",""
"SURVEY","2012","YEAR","","COUNTY","ILLINOIS","17","CENTRAL","40","DE WITT","039","","","00000000","","CORN","CORN - ACRES PLANTED","TOTAL","NOT SPECIFIED","112,000",""
"SURVEY","2012","YEAR","","COUNTY","ILLINOIS","17","CENTRAL","40","LOGAN","107","","","00000000","","CORN","CORN - ACRES PLANTED","TOTAL","NOT SPECIFIED","217,000",""
"SURVEY","2012","YEAR","","COUNTY","ILLINOIS","17","CENTRAL","40","MACON","115","","","00000000","","CORN","CORN - ACRES PLANTED","TOTAL","NOT SPECIFIED","168,000",""
"SURVEY","2012","YEAR","","COUNTY","ILLINOIS","17","CENTRAL","40","MARSHALL","123","","","00000000","","CORN","CORN - ACRES PLANTED","TOTAL","NOT SPECIFIED","114,000",""
"SURVEY","2012","YEAR","","COUNTY","ILLINOIS","17","CENTRAL","40","MASON","125","","","00000000","","CORN","CORN - ACRES PLANTED","TOTAL","NOT SPECIFIED","144,500",""
"SURVEY","2012","YEAR","","COUNTY","ILLINOIS","17","CENTRAL","40","MCLEAN","113","","","00000000","","CORN","CORN - ACRES PLANTED","TOTAL","NOT SPECIFIED","346,500",""
"SURVEY","2012","YEAR","","COUNTY","ILLINOIS","17","CENTRAL","40","MENARD","129","","","00000000","","CORN","CORN - ACRES PLANTED","TOTAL","NOT SPECIFIED","87,500",""
"SURVEY","2012","YEAR","","COUNTY","ILLINOIS","17","CENTRAL","40","PEORIA","143","","","00000000","","CORN","CORN - ACRES PLANTED","TOTAL","NOT SPECIFIED","114,000",""
"SURVEY","2012","YEAR","","COUNTY","ILLINOIS","17","CENTRAL","40","STARK","175","","","00000000","","CORN","CORN - ACRES PLANTED","TOTAL","NOT SPECIFIED","94,000",""
"SURVEY","2012","YEAR","","COUNTY","ILLINOIS","17","CENTRAL","40","TAZEWELL","179","","","00000000","","CORN","CORN - ACRES PLANTED","TOTAL","NOT SPECIFIED","161,000",""
"SURVEY","2012","YEAR","","COUNTY","ILLINOIS","17","CENTRAL","40","WOODFORD","203","","","00000000","","CORN","CORN - ACRES PLANTED","TOTAL","NOT SPECIFIED","146,500",""
"SURVEY","2012","YEAR","","COUNTY","ILLINOIS","17","EAST","50","CHAMPAIGN","019","","","00000000","","CORN","CORN - ACRES PLANTED","TOTAL","NOT SPECIFIED","292,500",""
"SURVEY","2012","YEAR","","COUNTY","ILLINOIS","17","EAST","50","FORD","053","","","00000000","","CORN","CORN - ACRES PLANTED","TOTAL","NOT SPECIFIED","156,000",""
"SURVEY","2012","YEAR","","COUNTY","ILLINOIS","17","EAST","50","IROQUOIS","075","","","00000000","","CORN","CORN - ACRES PLANTED","TOTAL","NOT SPECIFIED","368,000",""
"SURVEY","2012","YEAR","","COUNTY","ILLINOIS","17","EAST","50","KANKAKEE","091","","","00000000","","CORN","CORN - ACRES PLANTED","TOTAL","NOT SPECIFIED","207,500",""
"SURVEY","2012","YEAR","","COUNTY","ILLINOIS","17","EAST","50","LIVINGSTON","105","","","00000000","","CORN","CORN - ACRES PLANTED","TOTAL","NOT SPECIFIED","318,500",""
"SURVEY","2012","YEAR","","COUNTY","ILLINOIS","17","EAST","50","PIATT","147","","","00000000","","CORN","CORN - ACRES PLANTED","TOTAL","NOT SPECIFIED","150,000",""
"SURVEY","2012","YEAR","","COUNTY","ILLINOIS","17","EAST","50","VERMILION","183","","","00000000","","CORN","CORN - ACRES PLANTED","TOTAL","NOT SPECIFIED","239,500",""
"SURVEY","2012","YEAR","","COUNTY","ILLINOIS","17","EAST SOUTHEAST","70","CLARK","023","","","00000000","","CORN","CORN - ACRES PLANTED","TOTAL","NOT SPECIFIED","105,500",""
"SURVEY","2012","YEAR","","COUNTY","ILLINOIS","17","EAST SOUTHEAST","70","COLES","029","","","00000000","","CORN","CORN - ACRES PLANTED","TOTAL","NOT SPECIFIED","125,500",""
"SURVEY","2012","YEAR","","COUNTY","ILLINOIS","17","EAST SOUTHEAST","70","CRAWFORD","033","","","00000000","","CORN","CORN - ACRES PLANTED","TOTAL","NOT SPECIFIED","93,500",""
"SURVEY","2012","YEAR","","COUNTY","ILLINOIS","17","EAST SOUTHEAST","70","CUMBERLAND","035","","","00000000","","CORN","CORN - ACRES PLANTED","TOTAL","NOT SPECIFIED","75,500",""
"SURVEY","2012","YEAR","","COUNTY","ILLINOIS","17","EAST SOUTHEAST","70","DOUGLAS","041","","","00000000","","CORN","CORN - ACRES PLANTED","TOTAL","NOT SPECIFIED","124,000",""
"SURVEY","2012","YEAR","","COUNTY","ILLINOIS","17","EAST SOUTHEAST","70","EDGAR","045","","","00000000","","CORN","CORN - ACRES PLANTED","TOTAL","NOT SPECIFIED","180,000",""
"SURVEY","2012","YEAR","","COUNTY","ILLINOIS","17","EAST SOUTHEAST","70","EFFINGHAM","049","","","00000000","","CORN","CORN - ACRES PLANTED","TOTAL","NOT SPECIFIED","95,000",""
"SURVEY","2012","YEAR","","COUNTY","ILLINOIS","17","EAST SOUTHEAST","70","FAYETTE","051","","","00000000","","CORN","CORN - ACRES PLANTED","TOTAL","NOT SPECIFIED","133,000",""
"SURVEY","2012","YEAR","","COUNTY","ILLINOIS","17","EAST SOUTHEAST","70","JASPER","079","","","00000000","","CORN","CORN - ACRES PLANTED","TOTAL","NOT SPECIFIED","111,000",""
"SURVEY","2012","YEAR","","COUNTY","ILLINOIS","17","EAST SOUTHEAST","70","MARION","121","","","00000000","","CORN","CORN - ACRES PLANTED","TOTAL","NOT SPECIFIED","80,000",""
"SURVEY","2012","YEAR","","COUNTY","ILLINOIS","17","EAST SOUTHEAST","70","MOULTRIE","139","","","00000000","","CORN","CORN - ACRES PLANTED","TOTAL","NOT SPECIFIED","98,000",""
"SURVEY","2012","YEAR","","COUNTY","ILLINOIS","17","EAST SOUTHEAST","70","OTHER (COMBINED) COUNTIES","","","","00000000","","CORN","CORN - ACRES PLANTED","TOTAL","NOT SPECIFIED","174,500",""
"SURVEY","2012","YEAR","","COUNTY","ILLINOIS","17","EAST SOUTHEAST","70","RICHLAND","159","","","00000000","","CORN","CORN - ACRES PLANTED","TOTAL","NOT SPECIFIED","83,500",""
"SURVEY","2012","YEAR","","COUNTY","ILLINOIS","17","EAST SOUTHEAST","70","SHELBY","173","","","00000000","","CORN","CORN - ACRES PLANTED","TOTAL","NOT SPECIFIED","194,000",""
"SURVEY","2012","YEAR","","COUNTY","ILLINOIS","17","NORTHEAST","20","DE KALB","037","","","00000000","","CORN","CORN - ACRES PLANTED","TOTAL","NOT SPECIFIED","233,500",""
"SURVEY","2012","YEAR","","COUNTY","ILLINOIS","17","NORTHEAST","20","GRUNDY","063","","","00000000","","CORN","CORN - ACRES PLANTED","TOTAL","NOT SPECIFIED","114,500",""
"SURVEY","2012","YEAR","","COUNTY","ILLINOIS","17","NORTHEAST","20","KANE","089","","","00000000","","CORN","CORN - ACRES PLANTED","TOTAL","NOT SPECIFIED","94,500",""
"SURVEY","2012","YEAR","","COUNTY","ILLINOIS","17","NORTHEAST","20","KENDALL","093","","","00000000","","CORN","CORN - ACRES PLANTED","TOTAL","NOT SPECIFIED","92,000",""
"SURVEY","2012","YEAR","","COUNTY","ILLINOIS","17","NORTHEAST","20","LA SALLE","099","","","00000000","","CORN","CORN - ACRES PLANTED","TOTAL","NOT SPECIFIED","332,000",""
"SURVEY","2012","YEAR","","COUNTY","ILLINOIS","17","NORTHEAST","20","MCHENRY","111","","","00000000","","CORN","CORN - ACRES PLANTED","TOTAL","NOT SPECIFIED","106,500",""
"SURVEY","2012","YEAR","","COUNTY","ILLINOIS","17","NORTHEAST","20","OTHER (COMBINED) COUNTIES","","","","00000000","","CORN","CORN - ACRES PLANTED","TOTAL","NOT SPECIFIED","103,000",""
"SURVEY","2012","YEAR","","COUNTY","ILLINOIS","17","NORTHEAST","20","WILL","197","","","00000000","","CORN","CORN - ACRES PLANTED","TOTAL","NOT SPECIFIED","109,000",""
"SURVEY","2012","YEAR","","COUNTY","ILLINOIS","17","NORTHWEST","10","BUREAU","011","","","00000000","","CORN","CORN - ACRES PLANTED","TOTAL","NOT SPECIFIED","309,500",""
"SURVEY","2012","YEAR","","COUNTY","ILLINOIS","17","NORTHWEST","10","CARROLL","015","","","00000000","","CORN","CORN - ACRES PLANTED","TOTAL","NOT SPECIFIED","147,000",""
"SURVEY","2012","YEAR","","COUNTY","ILLINOIS","17","NORTHWEST","10","HENRY","073","","","00000000","","CORN","CORN - ACRES PLANTED","TOTAL","NOT SPECIFIED","252,500",""
"SURVEY","2012","YEAR","","COUNTY","ILLINOIS","17","NORTHWEST","10","JO DAVIESS","085","","","00000000","","CORN","CORN - ACRES PLANTED","TOTAL","NOT SPECIFIED","107,000",""
"SURVEY","2012","YEAR","","COUNTY","ILLINOIS","17","NORTHWEST","10","LEE","103","","","00000000","","CORN","CORN - ACRES PLANTED","TOTAL","NOT SPECIFIED","284,500",""
"SURVEY","2012","YEAR","","COUNTY","ILLINOIS","17","NORTHWEST","10","MERCER","131","","","00000000","","CORN","CORN - ACRES PLANTED","TOTAL","NOT SPECIFIED","148,000",""
"SURVEY","2012","YEAR","","COUNTY","ILLINOIS","17","NORTHWEST","10","OGLE","141","","","00000000","","CORN","CORN - ACRES PLANTED","TOTAL","NOT SPECIFIED","253,500",""
"SURVEY","2012","YEAR","","COUNTY","ILLINOIS","17","NORTHWEST","10","OTHER (COMBINED) COUNTIES","","","","00000000","","CORN","CORN - ACRES PLANTED","TOTAL","NOT SPECIFIED","113,500",""
"SURVEY","2012","YEAR","","COUNTY","ILLINOIS","17","NORTHWEST","10","STEPHENSON","177","","","00000000","","CORN","CORN - ACRES PLANTED","TOTAL","NOT SPECIFIED","183,000",""
"SURVEY","2012","YEAR","","COUNTY","ILLINOIS","17","NORTHWEST","10","WHITESIDE","195","","","00000000","","CORN","CORN - ACRES PLANTED","TOTAL","NOT SPECIFIED","252,500",""
"SURVEY","2012","YEAR","","COUNTY","ILLINOIS","17","NORTHWEST","10","WINNEBAGO","201","","","00000000","","CORN","CORN - ACRES PLANTED","TOTAL","NOT SPECIFIED","103,000",""
"SURVEY","2012","YEAR","","COUNTY","ILLINOIS","17","SOUTHEAST","90","EDWARDS","047","","","00000000","","CORN","CORN - ACRES PLANTED","TOTAL","NOT SPECIFIED","45,500",""
"SURVEY","2012","YEAR","","COUNTY","ILLINOIS","17","SOUTHEAST","90","FRANKLIN","055","","","00000000","","CORN","CORN - ACRES PLANTED","TOTAL","NOT SPECIFIED","49,000",""
"SURVEY","2012","YEAR","","COUNTY","ILLINOIS","17","SOUTHEAST","90","GALLATIN","059","","","00000000","","CORN","CORN - ACRES PLANTED","TOTAL","NOT SPECIFIED","79,500",""
"SURVEY","2012","YEAR","","COUNTY","ILLINOIS","17","SOUTHEAST","90","HAMILTON","065","","","00000000","","CORN","CORN - ACRES PLANTED","TOTAL","NOT SPECIFIED","73,500",""
"SURVEY","2012","YEAR","","COUNTY","ILLINOIS","17","SOUTHEAST","90","HARDIN","069","","","00000000","","CORN","CORN - ACRES PLANTED","TOTAL","NOT SPECIFIED","5,000",""
"SURVEY","2012","YEAR","","COUNTY","ILLINOIS","17","SOUTHEAST","90","OTHER (COMBINED) COUNTIES","","","","00000000","","CORN","CORN - ACRES PLANTED","TOTAL","NOT SPECIFIED","86,000",""
"SURVEY","2012","YEAR","","COUNTY","ILLINOIS","17","SOUTHEAST","90","POPE","151","","","00000000","","CORN","CORN - ACRES PLANTED","TOTAL","NOT SPECIFIED","10,000",""
"SURVEY","2012","YEAR","","COUNTY","ILLINOIS","17","SOUTHEAST","90","SALINE","165","","","00000000","","CORN","CORN - ACRES PLANTED","TOTAL","NOT SPECIFIED","51,000",""
"SURVEY","2012","YEAR","","COUNTY","ILLINOIS","17","SOUTHEAST","90","WABASH","185","","","00000000","","CORN","CORN - ACRES PLANTED","TOTAL","NOT SPECIFIED","54,000",""
"SURVEY","2012","YEAR","","COUNTY","ILLINOIS","17","SOUTHEAST","90","WAYNE","191","","","00000000","","CORN","CORN - ACRES PLANTED","TOTAL","NOT SPECIFIED","139,000",""
"SURVEY","2012","YEAR","","COUNTY","ILLINOIS","17","SOUTHEAST","90","WHITE","193","","","00000000","","CORN","CORN - ACRES PLANTED","TOTAL","NOT SPECIFIED","110,500",""
"SURVEY","2012","YEAR","","COUNTY","ILLINOIS","17","SOUTHWEST","80","CLINTON","027","","","00000000","","CORN","CORN - ACRES PLANTED","TOTAL","NOT SPECIFIED","104,500",""
"SURVEY","2012","YEAR","","COUNTY","ILLINOIS","17","SOUTHWEST","80","JACKSON","077","","","00000000","","CORN","CORN - ACRES PLANTED","TOTAL","NOT SPECIFIED","42,500",""
"SURVEY","2012","YEAR","","COUNTY","ILLINOIS","17","SOUTHWEST","80","MONROE","133","","","00000000","","CORN","CORN - ACRES PLANTED","TOTAL","NOT SPECIFIED","57,500",""
"SURVEY","2012","YEAR","","COUNTY","ILLINOIS","17","SOUTHWEST","80","OTHER (COMBINED) COUNTIES","","","","00000000","","CORN","CORN - ACRES PLANTED","TOTAL","NOT SPECIFIED","24,500",""
"SURVEY","2012","YEAR","","COUNTY","ILLINOIS","17","SOUTHWEST","80","PERRY","145","","","00000000","","CORN","CORN - ACRES PLANTED","TOTAL","NOT SPECIFIED","55,000",""
"SURVEY","2012","YEAR","","COUNTY","ILLINOIS","17","SOUTHWEST","80","PULASKI","153","","","00000000","","CORN","CORN - ACRES PLANTED","TOTAL","NOT SPECIFIED","24,500",""
"SURVEY","2012","YEAR","","COUNTY","ILLINOIS","17","SOUTHWEST","80","RANDOLPH","157","","","00000000","","CORN","CORN - ACRES PLANTED","TOTAL","NOT SPECIFIED","72,300",""
"SURVEY","2012","YEAR","","COUNTY","ILLINOIS","17","SOUTHWEST","80","ST CLAIR","163","","","00000000","","CORN","CORN - ACRES PLANTED","TOTAL","NOT SPECIFIED","99,000",""
"SURVEY","2012","YEAR","","COUNTY","ILLINOIS","17","SOUTHWEST","80","UNION","181","","","00000000","","CORN","CORN - ACRES PLANTED","TOTAL","NOT SPECIFIED","17,300",""
"SURVEY","2012","YEAR","","COUNTY","ILLINOIS","17","SOUTHWEST","80","WASHINGTON","189","","","00000000","","CORN","CORN - ACRES PLANTED","TOTAL","NOT SPECIFIED","112,000",""
"SURVEY","2012","YEAR","","COUNTY","ILLINOIS","17","SOUTHWEST","80","WILLIAMSON","199","","","00000000","","CORN","CORN - ACRES PLANTED","TOTAL","NOT SPECIFIED","21,900",""
"SURVEY","2012","YEAR","","COUNTY","ILLINOIS","17","WEST","30","ADAMS","001","","","00000000","","CORN","CORN - ACRES PLANTED","TOTAL","NOT SPECIFIED","169,500",""
"SURVEY","2012","YEAR","","COUNTY","ILLINOIS","17","WEST","30","BROWN","009","","","00000000","","CORN","CORN - ACRES PLANTED","TOTAL","NOT SPECIFIED","43,500",""
"SURVEY","2012","YEAR","","COUNTY","ILLINOIS","17","WEST","30","FULTON","057","","","00000000","","CORN","CORN - ACRES PLANTED","TOTAL","NOT SPECIFIED","155,500",""
"SURVEY","2012","YEAR","","COUNTY","ILLINOIS","17","WEST","30","HANCOCK","067","","","00000000","","CORN","CORN - ACRES PLANTED","TOTAL","NOT SPECIFIED","181,000",""
"SURVEY","2012","YEAR","","COUNTY","ILLINOIS","17","WEST","30","HENDERSON","071","","","00000000","","CORN","CORN - ACRES PLANTED","TOTAL","NOT SPECIFIED","103,000",""
"SURVEY","2012","YEAR","","COUNTY","ILLINOIS","17","WEST","30","KNOX","095","","","00000000","","CORN","CORN - ACRES PLANTED","TOTAL","NOT SPECIFIED","171,500",""
"SURVEY","2012","YEAR","","COUNTY","ILLINOIS","17","WEST","30","MCDONOUGH","109","","","00000000","","CORN","CORN - ACRES PLANTED","TOTAL","NOT SPECIFIED","160,000",""
"SURVEY","2012","YEAR","","COUNTY","ILLINOIS","17","WEST","30","SCHUYLER","169","","","00000000","","CORN","CORN - ACRES PLANTED","TOTAL","NOT SPECIFIED","73,000",""
"SURVEY","2012","YEAR","","COUNTY","ILLINOIS","17","WEST","30","WARREN","187","","","00000000","","CORN","CORN - ACRES PLANTED","TOTAL","NOT SPECIFIED","176,000",""
"SURVEY","2012","YEAR","","COUNTY","ILLINOIS","17","WEST SOUTHWEST","60","BOND","005","","","00000000","","CORN","CORN - ACRES PLANTED","TOTAL","NOT SPECIFIED","75,000",""
"SURVEY","2012","YEAR","","COUNTY","ILLINOIS","17","WEST SOUTHWEST","60","CALHOUN","013","","","00000000","","CORN","CORN - ACRES PLANTED","TOTAL","NOT SPECIFIED","27,500",""
"SURVEY","2012","YEAR","","COUNTY","ILLINOIS","17","WEST SOUTHWEST","60","CASS","017","","","00000000","","CORN","CORN - ACRES PLANTED","TOTAL","NOT SPECIFIED","92,000",""
"SURVEY","2012","YEAR","","COUNTY","ILLINOIS","17","WEST SOUTHWEST","60","CHRISTIAN","021","","","00000000","","CORN","CORN - ACRES PLANTED","TOTAL","NOT SPECIFIED","220,500",""
"SURVEY","2012","YEAR","","COUNTY","ILLINOIS","17","WEST SOUTHWEST","60","GREENE","061","","","00000000","","CORN","CORN - ACRES PLANTED","TOTAL","NOT SPECIFIED","126,000",""
"SURVEY","2012","YEAR","","COUNTY","ILLINOIS","17","WEST SOUTHWEST","60","JERSEY","083","","","00000000","","CORN","CORN - ACRES PLANTED","TOTAL","NOT SPECIFIED","74,000",""
"SURVEY","2012","YEAR","","COUNTY","ILLINOIS","17","WEST SOUTHWEST","60","MACOUPIN","117","","","00000000","","CORN","CORN - ACRES PLANTED","TOTAL","NOT SPECIFIED","217,000",""
"SURVEY","2012","YEAR","","COUNTY","ILLINOIS","17","WEST SOUTHWEST","60","MADISON","119","","","00000000","","CORN","CORN - ACRES PLANTED","TOTAL","NOT SPECIFIED","114,000",""
"SURVEY","2012","YEAR","","COUNTY","ILLINOIS","17","WEST SOUTHWEST","60","MONTGOMERY","135","","","00000000","","CORN","CORN - ACRES PLANTED","TOTAL","NOT SPECIFIED","176,000",""
"SURVEY","2012","YEAR","","COUNTY","ILLINOIS","17","WEST SOUTHWEST","60","MORGAN","137","","","00000000","","CORN","CORN - ACRES PLANTED","TOTAL","NOT SPECIFIED","158,500",""
"SURVEY","2012","YEAR","","COUNTY","ILLINOIS","17","WEST SOUTHWEST","60","PIKE","149","","","00000000","","CORN","CORN - ACRES PLANTED","TOTAL","NOT SPECIFIED","190,000",""
"SURVEY","2012","YEAR","","COUNTY","ILLINOIS","17","WEST SOUTHWEST","60","SANGAMON","167","","","00000000","","CORN","CORN - ACRES PLANTED","TOTAL","NOT SPECIFIED","251,000",""
"SURVEY","2012","YEAR","","COUNTY","ILLINOIS","17","WEST SOUTHWEST","60","SCOTT","171","","","00000000","","CORN","CORN - ACRES PLANTED","TOTAL","NOT SPECIFIED","62,500",""
"SURVEY","2011","YEAR","","COUNTY","ILLINOIS","17","CENTRAL","40","DE WITT","039","","","00000000","","CORN","CORN - ACRES PLANTED","TOTAL","NOT SPECIFIED","116,500",""
"SURVEY","2011","YEAR","","COUNTY","ILLINOIS","17","CENTRAL","40","LOGAN","107","","","00000000","","CORN","CORN - ACRES PLANTED","TOTAL","NOT SPECIFIED","214,500",""
"SURVEY","2011","YEAR","","COUNTY","ILLINOIS","17","CENTRAL","40","MACON","115","","","00000000","","CORN","CORN - ACRES PLANTED","TOTAL","NOT SPECIFIED","180,000",""
"SURVEY","2011","YEAR","","COUNTY","ILLINOIS","17","CENTRAL","40","MARSHALL","123","","","00000000","","CORN","CORN - ACRES PLANTED","TOTAL","NOT SPECIFIED","116,000",""
"SURVEY","2011","YEAR","","COUNTY","ILLINOIS","17","CENTRAL","40","MASON","125","","","00000000","","CORN","CORN - ACRES PLANTED","TOTAL","NOT SPECIFIED","130,500",""
"SURVEY","2011","YEAR","","COUNTY","ILLINOIS","17","CENTRAL","40","MCLEAN","113","","","00000000","","CORN","CORN - ACRES PLANTED","TOTAL","NOT SPECIFIED","367,500",""
"SURVEY","2011","YEAR","","COUNTY","ILLINOIS","17","CENTRAL","40","MENARD","129","","","00000000","","CORN","CORN - ACRES PLANTED","TOTAL","NOT SPECIFIED","84,000",""
"SURVEY","2011","YEAR","","COUNTY","ILLINOIS","17","CENTRAL","40","PEORIA","143","","","00000000","","CORN","CORN - ACRES PLANTED","TOTAL","NOT SPECIFIED","116,000",""
"SURVEY","2011","YEAR","","COUNTY","ILLINOIS","17","CENTRAL","40","STARK","175","","","00000000","","CORN","CORN - ACRES PLANTED","TOTAL","NOT SPECIFIED","100,000",""
"SURVEY","2011","YEAR","","COUNTY","ILLINOIS","17","CENTRAL","40","TAZEWELL","179","","","00000000","","CORN","CORN - ACRES PLANTED","TOTAL","NOT SPECIFIED","168,000",""
"SURVEY","2011","YEAR","","COUNTY","ILLINOIS","17","CENTRAL","40","WOODFORD","203","","","00000000","","CORN","CORN - ACRES PLANTED","TOTAL","NOT SPECIFIED","150,000",""
"SURVEY","2011","YEAR","","COUNTY","ILLINOIS","17","EAST","50","CHAMPAIGN","019","","","00000000","","CORN","CORN - ACRES PLANTED","TOTAL","NOT SPECIFIED","306,500",""
"SURVEY","2011","YEAR","","COUNTY","ILLINOIS","17","EAST","50","FORD","053","","","00000000","","CORN","CORN - ACRES PLANTED","TOTAL","NOT SPECIFIED","160,000",""
"SURVEY","2011","YEAR","","COUNTY","ILLINOIS","17","EAST","50","IROQUOIS","075","","","00000000","","CORN","CORN - ACRES PLANTED","TOTAL","NOT SPECIFIED","365,500",""
"SURVEY","2011","YEAR","","COUNTY","ILLINOIS","17","EAST","50","KANKAKEE","091","","","00000000","","CORN","CORN - ACRES PLANTED","TOTAL","NOT SPECIFIED","205,500",""
"SURVEY","2011","YEAR","","COUNTY","ILLINOIS","17","EAST","50","LIVINGSTON","105","","","00000000","","CORN","CORN - ACRES PLANTED","TOTAL","NOT SPECIFIED","323,500",""
"SURVEY","2011","YEAR","","COUNTY","ILLINOIS","17","EAST","50","PIATT","147","","","00000000","","CORN","CORN - ACRES PLANTED","TOTAL","NOT SPECIFIED","156,500",""
"SURVEY","2011","YEAR","","COUNTY","ILLINOIS","17","EAST","50","VERMILION","183","","","00000000","","CORN","CORN - ACRES PLANTED","TOTAL","NOT SPECIFIED","245,500",""
"SURVEY","2011","YEAR","","COUNTY","ILLINOIS","17","EAST SOUTHEAST","70","CLARK","023","","","00000000","","CORN","CORN - ACRES PLANTED","TOTAL","NOT SPECIFIED","93,000",""
"SURVEY","2011","YEAR","","COUNTY","ILLINOIS","17","EAST SOUTHEAST","70","CLAY","025","","","00000000","","CORN","CORN - ACRES PLANTED","TOTAL","NOT SPECIFIED","81,000",""
"SURVEY","2011","YEAR","","COUNTY","ILLINOIS","17","EAST SOUTHEAST","70","COLES","029","","","00000000","","CORN","CORN - ACRES PLANTED","TOTAL","NOT SPECIFIED","125,500",""
"SURVEY","2011","YEAR","","COUNTY","ILLINOIS","17","EAST SOUTHEAST","70","CRAWFORD","033","","","00000000","","CORN","CORN - ACRES PLANTED","TOTAL","NOT SPECIFIED","85,000",""
"SURVEY","2011","YEAR","","COUNTY","ILLINOIS","17","EAST SOUTHEAST","70","CUMBERLAND","035","","","00000000","","CORN","CORN - ACRES PLANTED","TOTAL","NOT SPECIFIED","71,500",""
"SURVEY","2011","YEAR","","COUNTY","ILLINOIS","17","EAST SOUTHEAST","70","DOUGLAS","041","","","00000000","","CORN","CORN - ACRES PLANTED","TOTAL","NOT SPECIFIED","128,000",""
"SURVEY","2011","YEAR","","COUNTY","ILLINOIS","17","EAST SOUTHEAST","70","EDGAR","045","","","00000000","","CORN","CORN - ACRES PLANTED","TOTAL","NOT SPECIFIED","177,000",""
"SURVEY","2011","YEAR","","COUNTY","ILLINOIS","17","EAST SOUTHEAST","70","EFFINGHAM","049","","","00000000","","CORN","CORN - ACRES PLANTED","TOTAL","NOT SPECIFIED","86,500",""
"SURVEY","2011","YEAR","","COUNTY","ILLINOIS","17","EAST SOUTHEAST","70","FAYETTE","051","","","00000000","","CORN","CORN - ACRES PLANTED","TOTAL","NOT SPECIFIED","115,500",""
"SURVEY","2011","YEAR","","COUNTY","ILLINOIS","17","EAST SOUTHEAST","70","JASPER","079","","","00000000","","CORN","CORN - ACRES PLANTED","TOTAL","NOT SPECIFIED","107,000",""
"SURVEY","2011","YEAR","","COUNTY","ILLINOIS","17","EAST SOUTHEAST","70","LAWRENCE","101","","","00000000","","CORN","CORN - ACRES PLANTED","TOTAL","NOT SPECIFIED","73,500",""
"SURVEY","2011","YEAR","","COUNTY","ILLINOIS","17","EAST SOUTHEAST","70","MARION","121","","","00000000","","CORN","CORN - ACRES PLANTED","TOTAL","NOT SPECIFIED","70,000",""
"SURVEY","2011","YEAR","","COUNTY","ILLINOIS","17","EAST SOUTHEAST","70","MOULTRIE","139","","","00000000","","CORN","CORN - ACRES PLANTED","TOTAL","NOT SPECIFIED","98,000",""
"SURVEY","2011","YEAR","","COUNTY","ILLINOIS","17","EAST SOUTHEAST","70","RICHLAND","159","","","00000000","","CORN","CORN - ACRES PLANTED","TOTAL","NOT SPECIFIED","71,000",""
"SURVEY","2011","YEAR","","COUNTY","ILLINOIS","17","EAST SOUTHEAST","70","SHELBY","173","","","00000000","","CORN","CORN - ACRES PLANTED","TOTAL","NOT SPECIFIED","188,500",""
"SURVEY","2011","YEAR","","COUNTY","ILLINOIS","17","NORTHEAST","20","BOONE","007","","","00000000","","CORN","CORN - ACRES PLANTED","TOTAL","NOT SPECIFIED","85,000",""
"SURVEY","2011","YEAR","","COUNTY","ILLINOIS","17","NORTHEAST","20","DE KALB","037","","","00000000","","CORN","CORN - ACRES PLANTED","TOTAL","NOT SPECIFIED","245,000",""
"SURVEY","2011","YEAR","","COUNTY","ILLINOIS","17","NORTHEAST","20","GRUNDY","063","","","00000000","","CORN","CORN - ACRES PLANTED","TOTAL","NOT SPECIFIED","118,000",""
"SURVEY","2011","YEAR","","COUNTY","ILLINOIS","17","NORTHEAST","20","KANE","089","","","00000000","","CORN","CORN - ACRES PLANTED","TOTAL","NOT SPECIFIED","93,000",""
"SURVEY","2011","YEAR","","COUNTY","ILLINOIS","17","NORTHEAST","20","KENDALL","093","","","00000000","","CORN","CORN - ACRES PLANTED","TOTAL","NOT SPECIFIED","93,000",""
"SURVEY","2011","YEAR","","COUNTY","ILLINOIS","17","NORTHEAST","20","LA SALLE","099","","","00000000","","CORN","CORN - ACRES PLANTED","TOTAL","NOT SPECIFIED","341,000",""
"SURVEY","2011","YEAR","","COUNTY","ILLINOIS","17","NORTHEAST","20","MCHENRY","111","","","00000000","","CORN","CORN - ACRES PLANTED","TOTAL","NOT SPECIFIED","103,000",""
"SURVEY","2011","YEAR","","COUNTY","ILLINOIS","17","NORTHEAST","20","OTHER (COMBINED) COUNTIES","","","","00000000","","CORN","CORN - ACRES PLANTED","TOTAL","NOT SPECIFIED","18,000",""
"SURVEY","2011","YEAR","","COUNTY","ILLINOIS","17","NORTHEAST","20","WILL","197","","","00000000","","CORN","CORN - ACRES PLANTED","TOTAL","NOT SPECIFIED","110,000",""
"SURVEY","2011","YEAR","","COUNTY","ILLINOIS","17","NORTHWEST","10","BUREAU","011","","","00000000","","CORN","CORN - ACRES PLANTED","TOTAL","NOT SPECIFIED","315,500",""
"SURVEY","2011","YEAR","","COUNTY","ILLINOIS","17","NORTHWEST","10","CARROLL","015","","","00000000","","CORN","CORN - ACRES PLANTED","TOTAL","NOT SPECIFIED","148,000",""
"SURVEY","2011","YEAR","","COUNTY","ILLINOIS","17","NORTHWEST","10","HENRY","073","","","00000000","","CORN","CORN - ACRES PLANTED","TOTAL","NOT SPECIFIED","256,000",""
"SURVEY","2011","YEAR","","COUNTY","ILLINOIS","17","NORTHWEST","10","JO DAVIESS","085","","","00000000","","CORN","CORN - ACRES PLANTED","TOTAL","NOT SPECIFIED","106,500",""
"SURVEY","2011","YEAR","","COUNTY","ILLINOIS","17","NORTHWEST","10","LEE","103","","","00000000","","CORN","CORN - ACRES PLANTED","TOTAL","NOT SPECIFIED","290,000",""
"SURVEY","2011","YEAR","","COUNTY","ILLINOIS","17","NORTHWEST","10","MERCER","131","","","00000000","","CORN","CORN - ACRES PLANTED","TOTAL","NOT SPECIFIED","152,500",""
"SURVEY","2011","YEAR","","COUNTY","ILLINOIS","17","NORTHWEST","10","OGLE","141","","","00000000","","CORN","CORN - ACRES PLANTED","TOTAL","NOT SPECIFIED","260,000",""
"SURVEY","2011","YEAR","","COUNTY","ILLINOIS","17","NORTHWEST","10","PUTNAM","155","","","00000000","","CORN","CORN - ACRES PLANTED","TOTAL","NOT SPECIFIED","41,500",""
"SURVEY","2011","YEAR","","COUNTY","ILLINOIS","17","NORTHWEST","10","ROCK ISLAND","161","","","00000000","","CORN","CORN - ACRES PLANTED","TOTAL","NOT SPECIFIED","75,000",""
"SURVEY","2011","YEAR","","COUNTY","ILLINOIS","17","NORTHWEST","10","STEPHENSON","177","","","00000000","","CORN","CORN - ACRES PLANTED","TOTAL","NOT SPECIFIED","181,500",""
"SURVEY","2011","YEAR","","COUNTY","ILLINOIS","17","NORTHWEST","10","WHITESIDE","195","","","00000000","","CORN","CORN - ACRES PLANTED","TOTAL","NOT SPECIFIED","251,500",""
"SURVEY","2011","YEAR","","COUNTY","ILLINOIS","17","NORTHWEST","10","WINNEBAGO","201","","","00000000","","CORN","CORN - ACRES PLANTED","TOTAL","NOT SPECIFIED","102,000",""
"SURVEY","2011","YEAR","","COUNTY","ILLINOIS","17","SOUTHEAST","90","EDWARDS","047","","","00000000","","CORN","CORN - ACRES PLANTED","TOTAL","NOT SPECIFIED","42,000",""
"SURVEY","2011","YEAR","","COUNTY","ILLINOIS","17","SOUTHEAST","90","FRANKLIN","055","","","00000000","","CORN","CORN - ACRES PLANTED","TOTAL","NOT SPECIFIED","38,500",""
"SURVEY","2011","YEAR","","COUNTY","ILLINOIS","17","SOUTHEAST","90","GALLATIN","059","","","00000000","","CORN","CORN - ACRES PLANTED","TOTAL","NOT SPECIFIED","65,500",""
"SURVEY","2011","YEAR","","COUNTY","ILLINOIS","17","SOUTHEAST","90","HAMILTON","065","","","00000000","","CORN","CORN - ACRES PLANTED","TOTAL","NOT SPECIFIED","62,500",""
"SURVEY","2011","YEAR","","COUNTY","ILLINOIS","17","SOUTHEAST","90","JEFFERSON","081","","","00000000","","CORN","CORN - ACRES PLANTED","TOTAL","NOT SPECIFIED","51,500",""
"SURVEY","2011","YEAR","","COUNTY","ILLINOIS","17","SOUTHEAST","90","MASSAC","127","","","00000000","","CORN","CORN - ACRES PLANTED","TOTAL","NOT SPECIFIED","24,500",""
"SURVEY","2011","YEAR","","COUNTY","ILLINOIS","17","SOUTHEAST","90","OTHER (COMBINED) COUNTIES","","","","00000000","","CORN","CORN - ACRES PLANTED","TOTAL","NOT SPECIFIED","10,000",""
"SURVEY","2011","YEAR","","COUNTY","ILLINOIS","17","SOUTHEAST","90","SALINE","165","","","00000000","","CORN","CORN - ACRES PLANTED","TOTAL","NOT SPECIFIED","45,500",""
"SURVEY","2011","YEAR","","COUNTY","ILLINOIS","17","SOUTHEAST","90","WABASH","185","","","00000000","","CORN","CORN - ACRES PLANTED","TOTAL","NOT SPECIFIED","48,500",""
"SURVEY","2011","YEAR","","COUNTY","ILLINOIS","17","SOUTHEAST","90","WAYNE","191","","","00000000","","CORN","CORN - ACRES PLANTED","TOTAL","NOT SPECIFIED","115,000",""
"SURVEY","2011","YEAR","","COUNTY","ILLINOIS","17","SOUTHEAST","90","WHITE","193","","","00000000","","CORN","CORN - ACRES PLANTED","TOTAL","NOT SPECIFIED","93,500",""
"SURVEY","2011","YEAR","","COUNTY","ILLINOIS","17","SOUTHWEST","80","ALEXANDER","003","","","00000000","","CORN","CORN - ACRES PLANTED","TOTAL","NOT SPECIFIED","7,000",""
"SURVEY","2011","YEAR","","COUNTY","ILLINOIS","17","SOUTHWEST","80","CLINTON","027","","","00000000","","CORN","CORN - ACRES PLANTED","TOTAL","NOT SPECIFIED","88,500",""
"SURVEY","2011","YEAR","","COUNTY","ILLINOIS","17","SOUTHWEST","80","JACKSON","077","","","00000000","","CORN","CORN - ACRES PLANTED","TOTAL","NOT SPECIFIED","31,000",""
"SURVEY","2011","YEAR","","COUNTY","ILLINOIS","17","SOUTHWEST","80","JOHNSON","087","","","00000000","","CORN","CORN - ACRES PLANTED","TOTAL","NOT SPECIFIED","7,500",""
"SURVEY","2011","YEAR","","COUNTY","ILLINOIS","17","SOUTHWEST","80","MONROE","133","","","00000000","","CORN","CORN - ACRES PLANTED","TOTAL","NOT SPECIFIED","48,500",""
"SURVEY","2011","YEAR","","COUNTY","ILLINOIS","17","SOUTHWEST","80","PERRY","145","","","00000000","","CORN","CORN - ACRES PLANTED","TOTAL","NOT SPECIFIED","51,000",""
"SURVEY","2011","YEAR","","COUNTY","ILLINOIS","17","SOUTHWEST","80","PULASKI","153","","","00000000","","CORN","CORN - ACRES PLANTED","TOTAL","NOT SPECIFIED","18,500",""
"SURVEY","2011","YEAR","","COUNTY","ILLINOIS","17","SOUTHWEST","80","RANDOLPH","157","","","00000000","","CORN","CORN - ACRES PLANTED","TOTAL","NOT SPECIFIED","56,000",""
"SURVEY","2011","YEAR","","COUNTY","ILLINOIS","17","SOUTHWEST","80","ST CLAIR","163","","","00000000","","CORN","CORN - ACRES PLANTED","TOTAL","NOT SPECIFIED","86,500",""
"SURVEY","2011","YEAR","","COUNTY","ILLINOIS","17","SOUTHWEST","80","UNION","181","","","00000000","","CORN","CORN - ACRES PLANTED","TOTAL","NOT SPECIFIED","13,000",""
"SURVEY","2011","YEAR","","COUNTY","ILLINOIS","17","SOUTHWEST","80","WASHINGTON","189","","","00000000","","CORN","CORN - ACRES PLANTED","TOTAL","NOT SPECIFIED","99,500",""
"SURVEY","2011","YEAR","","COUNTY","ILLINOIS","17","SOUTHWEST","80","WILLIAMSON","199","","","00000000","","CORN","CORN - ACRES PLANTED","TOTAL","NOT SPECIFIED","16,000",""
"SURVEY","2011","YEAR","","COUNTY","ILLINOIS","17","WEST","30","ADAMS","001","","","00000000","","CORN","CORN - ACRES PLANTED","TOTAL","NOT SPECIFIED","165,000",""
"SURVEY","2011","YEAR","","COUNTY","ILLINOIS","17","WEST","30","BROWN","009","","","00000000","","CORN","CORN - ACRES PLANTED","TOTAL","NOT SPECIFIED","44,500",""
"SURVEY","2011","YEAR","","COUNTY","ILLINOIS","17","WEST","30","FULTON","057","","","00000000","","CORN","CORN - ACRES PLANTED","TOTAL","NOT SPECIFIED","155,000",""
"SURVEY","2011","YEAR","","COUNTY","ILLINOIS","17","WEST","30","HANCOCK","067","","","00000000","","CORN","CORN - ACRES PLANTED","TOTAL","NOT SPECIFIED","177,000",""
"SURVEY","2011","YEAR","","COUNTY","ILLINOIS","17","WEST","30","HENDERSON","071","","","00000000","","CORN","CORN - ACRES PLANTED","TOTAL","NOT SPECIFIED","106,000",""
"SURVEY","2011","YEAR","","COUNTY","ILLINOIS","17","WEST","30","KNOX","095","","","00000000","","CORN","CORN - ACRES PLANTED","TOTAL","NOT SPECIFIED","179,500",""
"SURVEY","2011","YEAR","","COUNTY","ILLINOIS","17","WEST","30","MCDONOUGH","109","","","00000000","","CORN","CORN - ACRES PLANTED","TOTAL","NOT SPECIFIED","159,000",""
"SURVEY","2011","YEAR","","COUNTY","ILLINOIS","17","WEST","30","SCHUYLER","169","","","00000000","","CORN","CORN - ACRES PLANTED","TOTAL","NOT SPECIFIED","69,000",""
"SURVEY","2011","YEAR","","COUNTY","ILLINOIS","17","WEST","30","WARREN","187","","","00000000","","CORN","CORN - ACRES PLANTED","TOTAL","NOT SPECIFIED","175,000",""
"SURVEY","2011","YEAR","","COUNTY","ILLINOIS","17","WEST SOUTHWEST","60","BOND","005","","","00000000","","CORN","CORN - ACRES PLANTED","TOTAL","NOT SPECIFIED","67,000",""
"SURVEY","2011","YEAR","","COUNTY","ILLINOIS","17","WEST SOUTHWEST","60","CALHOUN","013","","","00000000","","CORN","CORN - ACRES PLANTED","TOTAL","NOT SPECIFIED","25,000",""
"SURVEY","2011","YEAR","","COUNTY","ILLINOIS","17","WEST SOUTHWEST","60","CASS","017","","","00000000","","CORN","CORN - ACRES PLANTED","TOTAL","NOT SPECIFIED","94,000",""
"SURVEY","2011","YEAR","","COUNTY","ILLINOIS","17","WEST SOUTHWEST","60","CHRISTIAN","021","","","00000000","","CORN","CORN - ACRES PLANTED","TOTAL","NOT SPECIFIED","228,000",""
"SURVEY","2011","YEAR","","COUNTY","ILLINOIS","17","WEST SOUTHWEST","60","GREENE","061","","","00000000","","CORN","CORN - ACRES PLANTED","TOTAL","NOT SPECIFIED","133,500",""
"SURVEY","2011","YEAR","","COUNTY","ILLINOIS","17","WEST SOUTHWEST","60","JERSEY","083","","","00000000","","CORN","CORN - ACRES PLANTED","TOTAL","NOT SPECIFIED","74,000",""
"SURVEY","2011","YEAR","","COUNTY","ILLINOIS","17","WEST SOUTHWEST","60","MACOUPIN","117","","","00000000","","CORN","CORN - ACRES PLANTED","TOTAL","NOT SPECIFIED","219,000",""
"SURVEY","2011","YEAR","","COUNTY","ILLINOIS","17","WEST SOUTHWEST","60","MADISON","119","","","00000000","","CORN","CORN - ACRES PLANTED","TOTAL","NOT SPECIFIED","111,000",""
"SURVEY","2011","YEAR","","COUNTY","ILLINOIS","17","WEST SOUTHWEST","60","MONTGOMERY","135","","","00000000","","CORN","CORN - ACRES PLANTED","TOTAL","NOT SPECIFIED","178,500",""
"SURVEY","2011","YEAR","","COUNTY","ILLINOIS","17","WEST SOUTHWEST","60","MORGAN","137","","","00000000","","CORN","CORN - ACRES PLANTED","TOTAL","NOT SPECIFIED","159,000",""
"SURVEY","2011","YEAR","","COUNTY","ILLINOIS","17","WEST SOUTHWEST","60","PIKE","149","","","00000000","","CORN","CORN - ACRES PLANTED","TOTAL","NOT SPECIFIED","180,500",""
"SURVEY","2011","YEAR","","COUNTY","ILLINOIS","17","WEST SOUTHWEST","60","SANGAMON","167","","","00000000","","CORN","CORN - ACRES PLANTED","TOTAL","NOT SPECIFIED","257,500",""
"SURVEY","2011","YEAR","","COUNTY","ILLINOIS","17","WEST SOUTHWEST","60","SCOTT","171","","","00000000","","CORN","CORN - ACRES PLANTED","TOTAL","NOT SPECIFIED","60,000",""
"SURVEY","2010","YEAR","","COUNTY","ILLINOIS","17","CENTRAL","40","DE WITT","039","","","00000000","","CORN","CORN - ACRES PLANTED","TOTAL","NOT SPECIFIED","112,000",""
"SURVEY","2010","YEAR","","COUNTY","ILLINOIS","17","CENTRAL","40","LOGAN","107","","","00000000","","CORN","CORN - ACRES PLANTED","TOTAL","NOT SPECIFIED","212,000",""
"SURVEY","2010","YEAR","","COUNTY","ILLINOIS","17","CENTRAL","40","MACON","115","","","00000000","","CORN","CORN - ACRES PLANTED","TOTAL","NOT SPECIFIED","175,000",""
"SURVEY","2010","YEAR","","COUNTY","ILLINOIS","17","CENTRAL","40","MARSHALL","123","","","00000000","","CORN","CORN - ACRES PLANTED","TOTAL","NOT SPECIFIED","114,000",""
"SURVEY","2010","YEAR","","COUNTY","ILLINOIS","17","CENTRAL","40","MASON","125","","","00000000","","CORN","CORN - ACRES PLANTED","TOTAL","NOT SPECIFIED","125,000",""
"SURVEY","2010","YEAR","","COUNTY","ILLINOIS","17","CENTRAL","40","MCLEAN","113","","","00000000","","CORN","CORN - ACRES PLANTED","TOTAL","NOT SPECIFIED","360,000",""
"SURVEY","2010","YEAR","","COUNTY","ILLINOIS","17","CENTRAL","40","MENARD","129","","","00000000","","CORN","CORN - ACRES PLANTED","TOTAL","NOT SPECIFIED","84,000",""
"SURVEY","2010","YEAR","","COUNTY","ILLINOIS","17","CENTRAL","40","PEORIA","143","","","00000000","","CORN","CORN - ACRES PLANTED","TOTAL","NOT SPECIFIED","120,000",""
"SURVEY","2010","YEAR","","COUNTY","ILLINOIS","17","CENTRAL","40","STARK","175","","","00000000","","CORN","CORN - ACRES PLANTED","TOTAL","NOT SPECIFIED","97,000",""
"SURVEY","2010","YEAR","","COUNTY","ILLINOIS","17","CENTRAL","40","TAZEWELL","179","","","00000000","","CORN","CORN - ACRES PLANTED","TOTAL","NOT SPECIFIED","160,000",""
"SURVEY","2010","YEAR","","COUNTY","ILLINOIS","17","CENTRAL","40","WOODFORD","203","","","00000000","","CORN","CORN - ACRES PLANTED","TOTAL","NOT SPECIFIED","147,000",""
"SURVEY","2010","YEAR","","COUNTY","ILLINOIS","17","EAST","50","CHAMPAIGN","019","","","00000000","","CORN","CORN - ACRES PLANTED","TOTAL","NOT SPECIFIED","292,000",""
"SURVEY","2010","YEAR","","COUNTY","ILLINOIS","17","EAST","50","FORD","053","","","00000000","","CORN","CORN - ACRES PLANTED","TOTAL","NOT SPECIFIED","158,000",""
"SURVEY","2010","YEAR","","COUNTY","ILLINOIS","17","EAST","50","IROQUOIS","075","","","00000000","","CORN","CORN - ACRES PLANTED","TOTAL","NOT SPECIFIED","358,000",""
"SURVEY","2010","YEAR","","COUNTY","ILLINOIS","17","EAST","50","KANKAKEE","091","","","00000000","","CORN","CORN - ACRES PLANTED","TOTAL","NOT SPECIFIED","205,000",""
"SURVEY","2010","YEAR","","COUNTY","ILLINOIS","17","EAST","50","LIVINGSTON","105","","","00000000","","CORN","CORN - ACRES PLANTED","TOTAL","NOT SPECIFIED","317,000",""
"SURVEY","2010","YEAR","","COUNTY","ILLINOIS","17","EAST","50","PIATT","147","","","00000000","","CORN","CORN - ACRES PLANTED","TOTAL","NOT SPECIFIED","149,000",""
"SURVEY","2010","YEAR","","COUNTY","ILLINOIS","17","EAST","50","VERMILION","183","","","00000000","","CORN","CORN - ACRES PLANTED","TOTAL","NOT SPECIFIED","235,000",""
"SURVEY","2010","YEAR","","COUNTY","ILLINOIS","17","EAST SOUTHEAST","70","CLARK","023","","","00000000","","CORN","CORN - ACRES PLANTED","TOTAL","NOT SPECIFIED","102,000",""
"SURVEY","2010","YEAR","","COUNTY","ILLINOIS","17","EAST SOUTHEAST","70","CLAY","025","","","00000000","","CORN","CORN - ACRES PLANTED","TOTAL","NOT SPECIFIED","79,000",""
"SURVEY","2010","YEAR","","COUNTY","ILLINOIS","17","EAST SOUTHEAST","70","COLES","029","","","00000000","","CORN","CORN - ACRES PLANTED","TOTAL","NOT SPECIFIED","126,000",""
"SURVEY","2010","YEAR","","COUNTY","ILLINOIS","17","EAST SOUTHEAST","70","CRAWFORD","033","","","00000000","","CORN","CORN - ACRES PLANTED","TOTAL","NOT SPECIFIED","92,000",""
"SURVEY","2010","YEAR","","COUNTY","ILLINOIS","17","EAST SOUTHEAST","70","CUMBERLAND","035","","","00000000","","CORN","CORN - ACRES PLANTED","TOTAL","NOT SPECIFIED","74,000",""
"SURVEY","2010","YEAR","","COUNTY","ILLINOIS","17","EAST SOUTHEAST","70","DOUGLAS","041","","","00000000","","CORN","CORN - ACRES PLANTED","TOTAL","NOT SPECIFIED","122,000",""
"SURVEY","2010","YEAR","","COUNTY","ILLINOIS","17","EAST SOUTHEAST","70","EDGAR","045","","","00000000","","CORN","CORN - ACRES PLANTED","TOTAL","NOT SPECIFIED","182,000",""
"SURVEY","2010","YEAR","","COUNTY","ILLINOIS","17","EAST SOUTHEAST","70","EFFINGHAM","049","","","00000000","","CORN","CORN - ACRES PLANTED","TOTAL","NOT SPECIFIED","91,000",""
"SURVEY","2010","YEAR","","COUNTY","ILLINOIS","17","EAST SOUTHEAST","70","FAYETTE","051","","","00000000","","CORN","CORN - ACRES PLANTED","TOTAL","NOT SPECIFIED","133,000",""
"SURVEY","2010","YEAR","","COUNTY","ILLINOIS","17","EAST SOUTHEAST","70","JASPER","079","","","00000000","","CORN","CORN - ACRES PLANTED","TOTAL","NOT SPECIFIED","106,000",""
"SURVEY","2010","YEAR","","COUNTY","ILLINOIS","17","EAST SOUTHEAST","70","LAWRENCE","101","","","00000000","","CORN","CORN - ACRES PLANTED","TOTAL","NOT SPECIFIED","83,000",""
"SURVEY","2010","YEAR","","COUNTY","ILLINOIS","17","EAST SOUTHEAST","70","MARION","121","","","00000000","","CORN","CORN - ACRES PLANTED","TOTAL","NOT SPECIFIED","79,000",""
"SURVEY","2010","YEAR","","COUNTY","ILLINOIS","17","EAST SOUTHEAST","70","MOULTRIE","139","","","00000000","","CORN","CORN - ACRES PLANTED","TOTAL","NOT SPECIFIED","98,000",""
"SURVEY","2010","YEAR","","COUNTY","ILLINOIS","17","EAST SOUTHEAST","70","RICHLAND","159","","","00000000","","CORN","CORN - ACRES PLANTED","TOTAL","NOT SPECIFIED","80,000",""
"SURVEY","2010","YEAR","","COUNTY","ILLINOIS","17","EAST SOUTHEAST","70","SHELBY","173","","","00000000","","CORN","CORN - ACRES PLANTED","TOTAL","NOT SPECIFIED","196,000",""
"SURVEY","2010","YEAR","","COUNTY","ILLINOIS","17","NORTHEAST","20","BOONE","007","","","00000000","","CORN","CORN - ACRES PLANTED","TOTAL","NOT SPECIFIED","79,000",""
"SURVEY","2010","YEAR","","COUNTY","ILLINOIS","17","NORTHEAST","20","COOK","031","","","00000000","","CORN","CORN - ACRES PLANTED","TOTAL","NOT SPECIFIED","4,000",""
"SURVEY","2010","YEAR","","COUNTY","ILLINOIS","17","NORTHEAST","20","DE KALB","037","","","00000000","","CORN","CORN - ACRES PLANTED","TOTAL","NOT SPECIFIED","229,000",""
"SURVEY","2010","YEAR","","COUNTY","ILLINOIS","17","NORTHEAST","20","GRUNDY","063","","","00000000","","CORN","CORN - ACRES PLANTED","TOTAL","NOT SPECIFIED","111,000",""
"SURVEY","2010","YEAR","","COUNTY","ILLINOIS","17","NORTHEAST","20","KANE","089","","","00000000","","CORN","CORN - ACRES PLANTED","TOTAL","NOT SPECIFIED","89,000",""
"SURVEY","2010","YEAR","","COUNTY","ILLINOIS","17","NORTHEAST","20","KENDALL","093","","","00000000","","CORN","CORN - ACRES PLANTED","TOTAL","NOT SPECIFIED","86,000",""
"SURVEY","2010","YEAR","","COUNTY","ILLINOIS","17","NORTHEAST","20","LA SALLE","099","","","00000000","","CORN","CORN - ACRES PLANTED","TOTAL","NOT SPECIFIED","336,000",""
"SURVEY","2010","YEAR","","COUNTY","ILLINOIS","17","NORTHEAST","20","MCHENRY","111","","","00000000","","CORN","CORN - ACRES PLANTED","TOTAL","NOT SPECIFIED","100,000",""
"SURVEY","2010","YEAR","","COUNTY","ILLINOIS","17","NORTHEAST","20","OTHER (COMBINED) COUNTIES","","","","00000000","","CORN","CORN - ACRES PLANTED","TOTAL","NOT SPECIFIED","12,000",""
"SURVEY","2010","YEAR","","COUNTY","ILLINOIS","17","NORTHEAST","20","WILL","197","","","00000000","","CORN","CORN - ACRES PLANTED","TOTAL","NOT SPECIFIED","108,000",""
"SURVEY","2010","YEAR","","COUNTY","ILLINOIS","17","NORTHWEST","10","BUREAU","011","","","00000000","","CORN","CORN - ACRES PLANTED","TOTAL","NOT SPECIFIED","309,000",""
"SURVEY","2010","YEAR","","COUNTY","ILLINOIS","17","NORTHWEST","10","CARROLL","015","","","00000000","","CORN","CORN - ACRES PLANTED","TOTAL","NOT SPECIFIED","145,000",""
"SURVEY","2010","YEAR","","COUNTY","ILLINOIS","17","NORTHWEST","10","HENRY","073","","","00000000","","CORN","CORN - ACRES PLANTED","TOTAL","NOT SPECIFIED","247,000",""
"SURVEY","2010","YEAR","","COUNTY","ILLINOIS","17","NORTHWEST","10","JO DAVIESS","085","","","00000000","","CORN","CORN - ACRES PLANTED","TOTAL","NOT SPECIFIED","102,000",""
"SURVEY","2010","YEAR","","COUNTY","ILLINOIS","17","NORTHWEST","10","LEE","103","","","00000000","","CORN","CORN - ACRES PLANTED","TOTAL","NOT SPECIFIED","282,000",""
"SURVEY","2010","YEAR","","COUNTY","ILLINOIS","17","NORTHWEST","10","MERCER","131","","","00000000","","CORN","CORN - ACRES PLANTED","TOTAL","NOT SPECIFIED","141,000",""
"SURVEY","2010","YEAR","","COUNTY","ILLINOIS","17","NORTHWEST","10","OGLE","141","","","00000000","","CORN","CORN - ACRES PLANTED","TOTAL","NOT SPECIFIED","250,000",""
"SURVEY","2010","YEAR","","COUNTY","ILLINOIS","17","NORTHWEST","10","PUTNAM","155","","","00000000","","CORN","CORN - ACRES PLANTED","TOTAL","NOT SPECIFIED","43,000",""
"SURVEY","2010","YEAR","","COUNTY","ILLINOIS","17","NORTHWEST","10","ROCK ISLAND","161","","","00000000","","CORN","CORN - ACRES PLANTED","TOTAL","NOT SPECIFIED","73,000",""
"SURVEY","2010","YEAR","","COUNTY","ILLINOIS","17","NORTHWEST","10","STEPHENSON","177","","","00000000","","CORN","CORN - ACRES PLANTED","TOTAL","NOT SPECIFIED","175,000",""
"SURVEY","2010","YEAR","","COUNTY","ILLINOIS","17","NORTHWEST","10","WHITESIDE","195","","","00000000","","CORN","CORN - ACRES PLANTED","TOTAL","NOT SPECIFIED","241,000",""
"SURVEY","2010","YEAR","","COUNTY","ILLINOIS","17","NORTHWEST","10","WINNEBAGO","201","","","00000000","","CORN","CORN - ACRES PLANTED","TOTAL","NOT SPECIFIED","103,000",""
"SURVEY","2010","YEAR","","COUNTY","ILLINOIS","17","SOUTHEAST","90","EDWARDS","047","","","00000000","","CORN","CORN - ACRES PLANTED","TOTAL","NOT SPECIFIED","46,000",""
"SURVEY","2010","YEAR","","COUNTY","ILLINOIS","17","SOUTHEAST","90","FRANKLIN","055","","","00000000","","CORN","CORN - ACRES PLANTED","TOTAL","NOT SPECIFIED","45,000",""
"SURVEY","2010","YEAR","","COUNTY","ILLINOIS","17","SOUTHEAST","90","GALLATIN","059","","","00000000","","CORN","CORN - ACRES PLANTED","TOTAL","NOT SPECIFIED","71,000",""
"SURVEY","2010","YEAR","","COUNTY","ILLINOIS","17","SOUTHEAST","90","HAMILTON","065","","","00000000","","CORN","CORN - ACRES PLANTED","TOTAL","NOT SPECIFIED","69,000",""
"SURVEY","2010","YEAR","","COUNTY","ILLINOIS","17","SOUTHEAST","90","JEFFERSON","081","","","00000000","","CORN","CORN - ACRES PLANTED","TOTAL","NOT SPECIFIED","59,000",""
"SURVEY","2010","YEAR","","COUNTY","ILLINOIS","17","SOUTHEAST","90","MASSAC","127","","","00000000","","CORN","CORN - ACRES PLANTED","TOTAL","NOT SPECIFIED","27,000",""
"SURVEY","2010","YEAR","","COUNTY","ILLINOIS","17","SOUTHEAST","90","OTHER (COMBINED) COUNTIES","","","","00000000","","CORN","CORN - ACRES PLANTED","TOTAL","NOT SPECIFIED","12,000",""
"SURVEY","2010","YEAR","","COUNTY","ILLINOIS","17","SOUTHEAST","90","SALINE","165","","","00000000","","CORN","CORN - ACRES PLANTED","TOTAL","NOT SPECIFIED","48,000",""
"SURVEY","2010","YEAR","","COUNTY","ILLINOIS","17","SOUTHEAST","90","WABASH","185","","","00000000","","CORN","CORN - ACRES PLANTED","TOTAL","NOT SPECIFIED","52,000",""
"SURVEY","2010","YEAR","","COUNTY","ILLINOIS","17","SOUTHEAST","90","WAYNE","191","","","00000000","","CORN","CORN - ACRES PLANTED","TOTAL","NOT SPECIFIED","128,000",""
"SURVEY","2010","YEAR","","COUNTY","ILLINOIS","17","SOUTHEAST","90","WHITE","193","","","00000000","","CORN","CORN - ACRES PLANTED","TOTAL","NOT SPECIFIED","105,000",""
"SURVEY","2010","YEAR","","COUNTY","ILLINOIS","17","SOUTHWEST","80","ALEXANDER","003","","","00000000","","CORN","CORN - ACRES PLANTED","TOTAL","NOT SPECIFIED","12,000",""
"SURVEY","2010","YEAR","","COUNTY","ILLINOIS","17","SOUTHWEST","80","CLINTON","027","","","00000000","","CORN","CORN - ACRES PLANTED","TOTAL","NOT SPECIFIED","102,000",""
"SURVEY","2010","YEAR","","COUNTY","ILLINOIS","17","SOUTHWEST","80","JACKSON","077","","","00000000","","CORN","CORN - ACRES PLANTED","TOTAL","NOT SPECIFIED","38,000",""
"SURVEY","2010","YEAR","","COUNTY","ILLINOIS","17","SOUTHWEST","80","JOHNSON","087","","","00000000","","CORN","CORN - ACRES PLANTED","TOTAL","NOT SPECIFIED","10,000",""
"SURVEY","2010","YEAR","","COUNTY","ILLINOIS","17","SOUTHWEST","80","MONROE","133","","","00000000","","CORN","CORN - ACRES PLANTED","TOTAL","NOT SPECIFIED","54,000",""
"SURVEY","2010","YEAR","","COUNTY","ILLINOIS","17","SOUTHWEST","80","PERRY","145","","","00000000","","CORN","CORN - ACRES PLANTED","TOTAL","NOT SPECIFIED","56,000",""
"SURVEY","2010","YEAR","","COUNTY","ILLINOIS","17","SOUTHWEST","80","PULASKI","153","","","00000000","","CORN","CORN - ACRES PLANTED","TOTAL","NOT SPECIFIED","23,000",""
"SURVEY","2010","YEAR","","COUNTY","ILLINOIS","17","SOUTHWEST","80","RANDOLPH","157","","","00000000","","CORN","CORN - ACRES PLANTED","TOTAL","NOT SPECIFIED","69,000",""
"SURVEY","2010","YEAR","","COUNTY","ILLINOIS","17","SOUTHWEST","80","ST CLAIR","163","","","00000000","","CORN","CORN - ACRES PLANTED","TOTAL","NOT SPECIFIED","100,000",""
"SURVEY","2010","YEAR","","COUNTY","ILLINOIS","17","SOUTHWEST","80","UNION","181","","","00000000","","CORN","CORN - ACRES PLANTED","TOTAL","NOT SPECIFIED","16,000",""
"SURVEY","2010","YEAR","","COUNTY","ILLINOIS","17","SOUTHWEST","80","WASHINGTON","189","","","00000000","","CORN","CORN - ACRES PLANTED","TOTAL","NOT SPECIFIED","112,000",""
"SURVEY","2010","YEAR","","COUNTY","ILLINOIS","17","SOUTHWEST","80","WILLIAMSON","199","","","00000000","","CORN","CORN - ACRES PLANTED","TOTAL","NOT SPECIFIED","20,000",""
"SURVEY","2010","YEAR","","COUNTY","ILLINOIS","17","WEST","30","ADAMS","001","","","00000000","","CORN","CORN - ACRES PLANTED","TOTAL","NOT SPECIFIED","161,000",""
"SURVEY","2010","YEAR","","COUNTY","ILLINOIS","17","WEST","30","BROWN","009","","","00000000","","CORN","CORN - ACRES PLANTED","TOTAL","NOT SPECIFIED","44,000",""
"SURVEY","2010","YEAR","","COUNTY","ILLINOIS","17","WEST","30","FULTON","057","","","00000000","","CORN","CORN - ACRES PLANTED","TOTAL","NOT SPECIFIED","157,000",""
"SURVEY","2010","YEAR","","COUNTY","ILLINOIS","17","WEST","30","HANCOCK","067","","","00000000","","CORN","CORN - ACRES PLANTED","TOTAL","NOT SPECIFIED","175,000",""
"SURVEY","2010","YEAR","","COUNTY","ILLINOIS","17","WEST","30","HENDERSON","071","","","00000000","","CORN","CORN - ACRES PLANTED","TOTAL","NOT SPECIFIED","101,000",""
"SURVEY","2010","YEAR","","COUNTY","ILLINOIS","17","WEST","30","KNOX","095","","","00000000","","CORN","CORN - ACRES PLANTED","TOTAL","NOT SPECIFIED","180,000",""
"SURVEY","2010","YEAR","","COUNTY","ILLINOIS","17","WEST","30","MCDONOUGH","109","","","00000000","","CORN","CORN - ACRES PLANTED","TOTAL","NOT SPECIFIED","151,000",""
"SURVEY","2010","YEAR","","COUNTY","ILLINOIS","17","WEST","30","SCHUYLER","169","","","00000000","","CORN","CORN - ACRES PLANTED","TOTAL","NOT SPECIFIED","72,000",""
"SURVEY","2010","YEAR","","COUNTY","ILLINOIS","17","WEST","30","WARREN","187","","","00000000","","CORN","CORN - ACRES PLANTED","TOTAL","NOT SPECIFIED","172,000",""
"SURVEY","2010","YEAR","","COUNTY","ILLINOIS","17","WEST SOUTHWEST","60","BOND","005","","","00000000","","CORN","CORN - ACRES PLANTED","TOTAL","NOT SPECIFIED","74,000",""
"SURVEY","2010","YEAR","","COUNTY","ILLINOIS","17","WEST SOUTHWEST","60","CALHOUN","013","","","00000000","","CORN","CORN - ACRES PLANTED","TOTAL","NOT SPECIFIED","24,000",""
"SURVEY","2010","YEAR","","COUNTY","ILLINOIS","17","WEST SOUTHWEST","60","CASS","017","","","00000000","","CORN","CORN - ACRES PLANTED","TOTAL","NOT SPECIFIED","93,000",""
"SURVEY","2010","YEAR","","COUNTY","ILLINOIS","17","WEST SOUTHWEST","60","CHRISTIAN","021","","","00000000","","CORN","CORN - ACRES PLANTED","TOTAL","NOT SPECIFIED","229,000",""
"SURVEY","2010","YEAR","","COUNTY","ILLINOIS","17","WEST SOUTHWEST","60","GREENE","061","","","00000000","","CORN","CORN - ACRES PLANTED","TOTAL","NOT SPECIFIED","126,000",""
"SURVEY","2010","YEAR","","COUNTY","ILLINOIS","17","WEST SOUTHWEST","60","JERSEY","083","","","00000000","","CORN","CORN - ACRES PLANTED","TOTAL","NOT SPECIFIED","71,000",""
"SURVEY","2010","YEAR","","COUNTY","ILLINOIS","17","WEST SOUTHWEST","60","MACOUPIN","117","","","00000000","","CORN","CORN - ACRES PLANTED","TOTAL","NOT SPECIFIED","227,000",""
"SURVEY","2010","YEAR","","COUNTY","ILLINOIS","17","WEST SOUTHWEST","60","MADISON","119","","","00000000","","CORN","CORN - ACRES PLANTED","TOTAL","NOT SPECIFIED","115,000",""
"SURVEY","2010","YEAR","","COUNTY","ILLINOIS","17","WEST SOUTHWEST","60","MONTGOMERY","135","","","00000000","","CORN","CORN - ACRES PLANTED","TOTAL","NOT SPECIFIED","188,000",""
"SURVEY","2010","YEAR","","COUNTY","ILLINOIS","17","WEST SOUTHWEST","60","MORGAN","137","","","00000000","","CORN","CORN - ACRES PLANTED","TOTAL","NOT SPECIFIED","156,000",""
"SURVEY","2010","YEAR","","COUNTY","ILLINOIS","17","WEST SOUTHWEST","60","PIKE","149","","","00000000","","CORN","CORN - ACRES PLANTED","TOTAL","NOT SPECIFIED","174,000",""
"SURVEY","2010","YEAR","","COUNTY","ILLINOIS","17","WEST SOUTHWEST","60","SANGAMON","167","","","00000000","","CORN","CORN - ACRES PLANTED","TOTAL","NOT SPECIFIED","247,000",""
"SURVEY","2010","YEAR","","COUNTY","ILLINOIS","17","WEST SOUTHWEST","60","SCOTT","171","","","00000000","","CORN","CORN - ACRES PLANTED","TOTAL","NOT SPECIFIED","61,000",""
"SURVEY","2009","YEAR","","COUNTY","ILLINOIS","17","CENTRAL","40","DE WITT","039","","","00000000","","CORN","CORN - ACRES PLANTED","TOTAL","NOT SPECIFIED","114,000",""
"SURVEY","2009","YEAR","","COUNTY","ILLINOIS","17","CENTRAL","40","LOGAN","107","","","00000000","","CORN","CORN - ACRES PLANTED","TOTAL","NOT SPECIFIED","222,000",""
"SURVEY","2009","YEAR","","COUNTY","ILLINOIS","17","CENTRAL","40","MACON","115","","","00000000","","CORN","CORN - ACRES PLANTED","TOTAL","NOT SPECIFIED","181,000",""
"SURVEY","2009","YEAR","","COUNTY","ILLINOIS","17","CENTRAL","40","MARSHALL","123","","","00000000","","CORN","CORN - ACRES PLANTED","TOTAL","NOT SPECIFIED","113,000",""
"SURVEY","2009","YEAR","","COUNTY","ILLINOIS","17","CENTRAL","40","MASON","125","","","00000000","","CORN","CORN - ACRES PLANTED","TOTAL","NOT SPECIFIED","125,000",""
"SURVEY","2009","YEAR","","COUNTY","ILLINOIS","17","CENTRAL","40","MCLEAN","113","","","00000000","","CORN","CORN - ACRES PLANTED","TOTAL","NOT SPECIFIED","374,000",""
"SURVEY","2009","YEAR","","COUNTY","ILLINOIS","17","CENTRAL","40","MENARD","129","","","00000000","","CORN","CORN - ACRES PLANTED","TOTAL","NOT SPECIFIED","88,000",""
"SURVEY","2009","YEAR","","COUNTY","ILLINOIS","17","CENTRAL","40","PEORIA","143","","","00000000","","CORN","CORN - ACRES PLANTED","TOTAL","NOT SPECIFIED","116,000",""
"SURVEY","2009","YEAR","","COUNTY","ILLINOIS","17","CENTRAL","40","STARK","175","","","00000000","","CORN","CORN - ACRES PLANTED","TOTAL","NOT SPECIFIED","110,000",""
"SURVEY","2009","YEAR","","COUNTY","ILLINOIS","17","CENTRAL","40","TAZEWELL","179","","","00000000","","CORN","CORN - ACRES PLANTED","TOTAL","NOT SPECIFIED","160,000",""
"SURVEY","2009","YEAR","","COUNTY","ILLINOIS","17","CENTRAL","40","WOODFORD","203","","","00000000","","CORN","CORN - ACRES PLANTED","TOTAL","NOT SPECIFIED","159,000",""
"SURVEY","2009","YEAR","","COUNTY","ILLINOIS","17","EAST","50","CHAMPAIGN","019","","","00000000","","CORN","CORN - ACRES PLANTED","TOTAL","NOT SPECIFIED","305,000",""
"SURVEY","2009","YEAR","","COUNTY","ILLINOIS","17","EAST","50","FORD","053","","","00000000","","CORN","CORN - ACRES PLANTED","TOTAL","NOT SPECIFIED","159,000",""
"SURVEY","2009","YEAR","","COUNTY","ILLINOIS","17","EAST","50","IROQUOIS","075","","","00000000","","CORN","CORN - ACRES PLANTED","TOTAL","NOT SPECIFIED","366,000",""
"SURVEY","2009","YEAR","","COUNTY","ILLINOIS","17","EAST","50","KANKAKEE","091","","","00000000","","CORN","CORN - ACRES PLANTED","TOTAL","NOT SPECIFIED","206,000",""
"SURVEY","2009","YEAR","","COUNTY","ILLINOIS","17","EAST","50","LIVINGSTON","105","","","00000000","","CORN","CORN - ACRES PLANTED","TOTAL","NOT SPECIFIED","323,000",""
"SURVEY","2009","YEAR","","COUNTY","ILLINOIS","17","EAST","50","PIATT","147","","","00000000","","CORN","CORN - ACRES PLANTED","TOTAL","NOT SPECIFIED","156,000",""
"SURVEY","2009","YEAR","","COUNTY","ILLINOIS","17","EAST","50","VERMILION","183","","","00000000","","CORN","CORN - ACRES PLANTED","TOTAL","NOT SPECIFIED","245,000",""
"SURVEY","2009","YEAR","","COUNTY","ILLINOIS","17","EAST SOUTHEAST","70","CLARK","023","","","00000000","","CORN","CORN - ACRES PLANTED","TOTAL","NOT SPECIFIED","86,000",""
"SURVEY","2009","YEAR","","COUNTY","ILLINOIS","17","EAST SOUTHEAST","70","CLAY","025","","","00000000","","CORN","CORN - ACRES PLANTED","TOTAL","NOT SPECIFIED","63,000",""
"SURVEY","2009","YEAR","","COUNTY","ILLINOIS","17","EAST SOUTHEAST","70","COLES","029","","","00000000","","CORN","CORN - ACRES PLANTED","TOTAL","NOT SPECIFIED","119,000",""
"SURVEY","2009","YEAR","","COUNTY","ILLINOIS","17","EAST SOUTHEAST","70","CRAWFORD","033","","","00000000","","CORN","CORN - ACRES PLANTED","TOTAL","NOT SPECIFIED","71,000",""
"SURVEY","2009","YEAR","","COUNTY","ILLINOIS","17","EAST SOUTHEAST","70","CUMBERLAND","035","","","00000000","","CORN","CORN - ACRES PLANTED","TOTAL","NOT SPECIFIED","64,000",""
"SURVEY","2009","YEAR","","COUNTY","ILLINOIS","17","EAST SOUTHEAST","70","DOUGLAS","041","","","00000000","","CORN","CORN - ACRES PLANTED","TOTAL","NOT SPECIFIED","138,000",""
"SURVEY","2009","YEAR","","COUNTY","ILLINOIS","17","EAST SOUTHEAST","70","EDGAR","045","","","00000000","","CORN","CORN - ACRES PLANTED","TOTAL","NOT SPECIFIED","175,000",""
"SURVEY","2009","YEAR","","COUNTY","ILLINOIS","17","EAST SOUTHEAST","70","EFFINGHAM","049","","","00000000","","CORN","CORN - ACRES PLANTED","TOTAL","NOT SPECIFIED","79,000",""
"SURVEY","2009","YEAR","","COUNTY","ILLINOIS","17","EAST SOUTHEAST","70","FAYETTE","051","","","00000000","","CORN","CORN - ACRES PLANTED","TOTAL","NOT SPECIFIED","81,000",""
"SURVEY","2009","YEAR","","COUNTY","ILLINOIS","17","EAST SOUTHEAST","70","JASPER","079","","","00000000","","CORN","CORN - ACRES PLANTED","TOTAL","NOT SPECIFIED","89,000",""
"SURVEY","2009","YEAR","","COUNTY","ILLINOIS","17","EAST SOUTHEAST","70","LAWRENCE","101","","","00000000","","CORN","CORN - ACRES PLANTED","TOTAL","NOT SPECIFIED","59,000",""
"SURVEY","2009","YEAR","","COUNTY","ILLINOIS","17","EAST SOUTHEAST","70","MARION","121","","","00000000","","CORN","CORN - ACRES PLANTED","TOTAL","NOT SPECIFIED","54,000",""
"SURVEY","2009","YEAR","","COUNTY","ILLINOIS","17","EAST SOUTHEAST","70","MOULTRIE","139","","","00000000","","CORN","CORN - ACRES PLANTED","TOTAL","NOT SPECIFIED","100,000",""
"SURVEY","2009","YEAR","","COUNTY","ILLINOIS","17","EAST SOUTHEAST","70","RICHLAND","159","","","00000000","","CORN","CORN - ACRES PLANTED","TOTAL","NOT SPECIFIED","97,000",""
"SURVEY","2009","YEAR","","COUNTY","ILLINOIS","17","EAST SOUTHEAST","70","SHELBY","173","","","00000000","","CORN","CORN - ACRES PLANTED","TOTAL","NOT SPECIFIED","186,000",""
"SURVEY","2009","YEAR","","COUNTY","ILLINOIS","17","NORTHEAST","20","BOONE","007","","","00000000","","CORN","CORN - ACRES PLANTED","TOTAL","NOT SPECIFIED","81,000",""
"SURVEY","2009","YEAR","","COUNTY","ILLINOIS","17","NORTHEAST","20","COOK","031","","","00000000","","CORN","CORN - ACRES PLANTED","TOTAL","NOT SPECIFIED","4,000",""
"SURVEY","2009","YEAR","","COUNTY","ILLINOIS","17","NORTHEAST","20","DE KALB","037","","","00000000","","CORN","CORN - ACRES PLANTED","TOTAL","NOT SPECIFIED","228,000",""
"SURVEY","2009","YEAR","","COUNTY","ILLINOIS","17","NORTHEAST","20","DU PAGE","043","","","00000000","","CORN","CORN - ACRES PLANTED","TOTAL","NOT SPECIFIED","3,000",""
"SURVEY","2009","YEAR","","COUNTY","ILLINOIS","17","NORTHEAST","20","GRUNDY","063","","","00000000","","CORN","CORN - ACRES PLANTED","TOTAL","NOT SPECIFIED","112,000",""
"SURVEY","2009","YEAR","","COUNTY","ILLINOIS","17","NORTHEAST","20","KANE","089","","","00000000","","CORN","CORN - ACRES PLANTED","TOTAL","NOT SPECIFIED","88,000",""
"SURVEY","2009","YEAR","","COUNTY","ILLINOIS","17","NORTHEAST","20","KENDALL","093","","","00000000","","CORN","CORN - ACRES PLANTED","TOTAL","NOT SPECIFIED","88,000",""
"SURVEY","2009","YEAR","","COUNTY","ILLINOIS","17","NORTHEAST","20","LA SALLE","099","","","00000000","","CORN","CORN - ACRES PLANTED","TOTAL","NOT SPECIFIED","318,000",""
"SURVEY","2009","YEAR","","COUNTY","ILLINOIS","17","NORTHEAST","20","LAKE","097","","","00000000","","CORN","CORN - ACRES PLANTED","TOTAL","NOT SPECIFIED","9,000",""
"SURVEY","2009","YEAR","","COUNTY","ILLINOIS","17","NORTHEAST","20","MCHENRY","111","","","00000000","","CORN","CORN - ACRES PLANTED","TOTAL","NOT SPECIFIED","98,000",""
"SURVEY","2009","YEAR","","COUNTY","ILLINOIS","17","NORTHEAST","20","WILL","197","","","00000000","","CORN","CORN - ACRES PLANTED","TOTAL","NOT SPECIFIED","103,000",""
"SURVEY","2009","YEAR","","COUNTY","ILLINOIS","17","NORTHWEST","10","BUREAU","011","","","00000000","","CORN","CORN - ACRES PLANTED","TOTAL","NOT SPECIFIED","292,000",""
"SURVEY","2009","YEAR","","COUNTY","ILLINOIS","17","NORTHWEST","10","CARROLL","015","","","00000000","","CORN","CORN - ACRES PLANTED","TOTAL","NOT SPECIFIED","149,000",""
"SURVEY","2009","YEAR","","COUNTY","ILLINOIS","17","NORTHWEST","10","HENRY","073","","","00000000","","CORN","CORN - ACRES PLANTED","TOTAL","NOT SPECIFIED","241,000",""
"SURVEY","2009","YEAR","","COUNTY","ILLINOIS","17","NORTHWEST","10","JO DAVIESS","085","","","00000000","","CORN","CORN - ACRES PLANTED","TOTAL","NOT SPECIFIED","96,000",""
"SURVEY","2009","YEAR","","COUNTY","ILLINOIS","17","NORTHWEST","10","LEE","103","","","00000000","","CORN","CORN - ACRES PLANTED","TOTAL","NOT SPECIFIED","271,000",""
"SURVEY","2009","YEAR","","COUNTY","ILLINOIS","17","NORTHWEST","10","MERCER","131","","","00000000","","CORN","CORN - ACRES PLANTED","TOTAL","NOT SPECIFIED","146,000",""
"SURVEY","2009","YEAR","","COUNTY","ILLINOIS","17","NORTHWEST","10","OGLE","141","","","00000000","","CORN","CORN - ACRES PLANTED","TOTAL","NOT SPECIFIED","231,000",""
"SURVEY","2009","YEAR","","COUNTY","ILLINOIS","17","NORTHWEST","10","PUTNAM","155","","","00000000","","CORN","CORN - ACRES PLANTED","TOTAL","NOT SPECIFIED","41,000",""
"SURVEY","2009","YEAR","","COUNTY","ILLINOIS","17","NORTHWEST","10","ROCK ISLAND","161","","","00000000","","CORN","CORN - ACRES PLANTED","TOTAL","NOT SPECIFIED","71,000",""
"SURVEY","2009","YEAR","","COUNTY","ILLINOIS","17","NORTHWEST","10","STEPHENSON","177","","","00000000","","CORN","CORN - ACRES PLANTED","TOTAL","NOT SPECIFIED","172,000",""
"SURVEY","2009","YEAR","","COUNTY","ILLINOIS","17","NORTHWEST","10","WHITESIDE","195","","","00000000","","CORN","CORN - ACRES PLANTED","TOTAL","NOT SPECIFIED","233,000",""
"SURVEY","2009","YEAR","","COUNTY","ILLINOIS","17","NORTHWEST","10","WINNEBAGO","201","","","00000000","","CORN","CORN - ACRES PLANTED","TOTAL","NOT SPECIFIED","96,000",""
"SURVEY","2009","YEAR","","COUNTY","ILLINOIS","17","SOUTHEAST","90","EDWARDS","047","","","00000000","","CORN","CORN - ACRES PLANTED","TOTAL","NOT SPECIFIED","29,000",""
"SURVEY","2009","YEAR","","COUNTY","ILLINOIS","17","SOUTHEAST","90","FRANKLIN","055","","","00000000","","CORN","CORN - ACRES PLANTED","TOTAL","NOT SPECIFIED","30,000",""
"SURVEY","2009","YEAR","","COUNTY","ILLINOIS","17","SOUTHEAST","90","GALLATIN","059","","","00000000","","CORN","CORN - ACRES PLANTED","TOTAL","NOT SPECIFIED","70,000",""
"SURVEY","2009","YEAR","","COUNTY","ILLINOIS","17","SOUTHEAST","90","HAMILTON","065","","","00000000","","CORN","CORN - ACRES PLANTED","TOTAL","NOT SPECIFIED","54,000",""
"SURVEY","2009","YEAR","","COUNTY","ILLINOIS","17","SOUTHEAST","90","JEFFERSON","081","","","00000000","","CORN","CORN - ACRES PLANTED","TOTAL","NOT SPECIFIED","34,000",""
"SURVEY","2009","YEAR","","COUNTY","ILLINOIS","17","SOUTHEAST","90","MASSAC","127","","","00000000","","CORN","CORN - ACRES PLANTED","TOTAL","NOT SPECIFIED","21,000",""
"SURVEY","2009","YEAR","","COUNTY","ILLINOIS","17","SOUTHEAST","90","OTHER (COMBINED) COUNTIES","","","","00000000","","CORN","CORN - ACRES PLANTED","TOTAL","NOT SPECIFIED","7,000",""
"SURVEY","2009","YEAR","","COUNTY","ILLINOIS","17","SOUTHEAST","90","SALINE","165","","","00000000","","CORN","CORN - ACRES PLANTED","TOTAL","NOT SPECIFIED","40,000",""
"SURVEY","2009","YEAR","","COUNTY","ILLINOIS","17","SOUTHEAST","90","WABASH","185","","","00000000","","CORN","CORN - ACRES PLANTED","TOTAL","NOT SPECIFIED","50,000",""
"SURVEY","2009","YEAR","","COUNTY","ILLINOIS","17","SOUTHEAST","90","WAYNE","191","","","00000000","","CORN","CORN - ACRES PLANTED","TOTAL","NOT SPECIFIED","78,000",""
"SURVEY","2009","YEAR","","COUNTY","ILLINOIS","17","SOUTHEAST","90","WHITE","193","","","00000000","","CORN","CORN - ACRES PLANTED","TOTAL","NOT SPECIFIED","76,000",""
"SURVEY","2009","YEAR","","COUNTY","ILLINOIS","17","SOUTHWEST","80","ALEXANDER","003","","","00000000","","CORN","CORN - ACRES PLANTED","TOTAL","NOT SPECIFIED","10,000",""
"SURVEY","2009","YEAR","","COUNTY","ILLINOIS","17","SOUTHWEST","80","CLINTON","027","","","00000000","","CORN","CORN - ACRES PLANTED","TOTAL","NOT SPECIFIED","72,000",""
"SURVEY","2009","YEAR","","COUNTY","ILLINOIS","17","SOUTHWEST","80","JACKSON","077","","","00000000","","CORN","CORN - ACRES PLANTED","TOTAL","NOT SPECIFIED","31,000",""
"SURVEY","2009","YEAR","","COUNTY","ILLINOIS","17","SOUTHWEST","80","JOHNSON","087","","","00000000","","CORN","CORN - ACRES PLANTED","TOTAL","NOT SPECIFIED","7,000",""
"SURVEY","2009","YEAR","","COUNTY","ILLINOIS","17","SOUTHWEST","80","MONROE","133","","","00000000","","CORN","CORN - ACRES PLANTED","TOTAL","NOT SPECIFIED","45,000",""
"SURVEY","2009","YEAR","","COUNTY","ILLINOIS","17","SOUTHWEST","80","PERRY","145","","","00000000","","CORN","CORN - ACRES PLANTED","TOTAL","NOT SPECIFIED","43,000",""
"SURVEY","2009","YEAR","","COUNTY","ILLINOIS","17","SOUTHWEST","80","PULASKI","153","","","00000000","","CORN","CORN - ACRES PLANTED","TOTAL","NOT SPECIFIED","17,000",""
"SURVEY","2009","YEAR","","COUNTY","ILLINOIS","17","SOUTHWEST","80","RANDOLPH","157","","","00000000","","CORN","CORN - ACRES PLANTED","TOTAL","NOT SPECIFIED","47,000",""
"SURVEY","2009","YEAR","","COUNTY","ILLINOIS","17","SOUTHWEST","80","ST CLAIR","163","","","00000000","","CORN","CORN - ACRES PLANTED","TOTAL","NOT SPECIFIED","69,000",""
"SURVEY","2009","YEAR","","COUNTY","ILLINOIS","17","SOUTHWEST","80","UNION","181","","","00000000","","CORN","CORN - ACRES PLANTED","TOTAL","NOT SPECIFIED","15,000",""
"SURVEY","2009","YEAR","","COUNTY","ILLINOIS","17","SOUTHWEST","80","WASHINGTON","189","","","00000000","","CORN","CORN - ACRES PLANTED","TOTAL","NOT SPECIFIED","82,000",""
"SURVEY","2009","YEAR","","COUNTY","ILLINOIS","17","SOUTHWEST","80","WILLIAMSON","199","","","00000000","","CORN","CORN - ACRES PLANTED","TOTAL","NOT SPECIFIED","11,000",""
"SURVEY","2009","YEAR","","COUNTY","ILLINOIS","17","WEST","30","ADAMS","001","","","00000000","","CORN","CORN - ACRES PLANTED","TOTAL","NOT SPECIFIED","148,000",""
"SURVEY","2009","YEAR","","COUNTY","ILLINOIS","17","WEST","30","BROWN","009","","","00000000","","CORN","CORN - ACRES PLANTED","TOTAL","NOT SPECIFIED","54,000",""
"SURVEY","2009","YEAR","","COUNTY","ILLINOIS","17","WEST","30","FULTON","057","","","00000000","","CORN","CORN - ACRES PLANTED","TOTAL","NOT SPECIFIED","138,000",""
"SURVEY","2009","YEAR","","COUNTY","ILLINOIS","17","WEST","30","HANCOCK","067","","","00000000","","CORN","CORN - ACRES PLANTED","TOTAL","NOT SPECIFIED","170,000",""
"SURVEY","2009","YEAR","","COUNTY","ILLINOIS","17","WEST","30","HENDERSON","071","","","00000000","","CORN","CORN - ACRES PLANTED","TOTAL","NOT SPECIFIED","99,000",""
"SURVEY","2009","YEAR","","COUNTY","ILLINOIS","17","WEST","30","KNOX","095","","","00000000","","CORN","CORN - ACRES PLANTED","TOTAL","NOT SPECIFIED","170,000",""
"SURVEY","2009","YEAR","","COUNTY","ILLINOIS","17","WEST","30","MCDONOUGH","109","","","00000000","","CORN","CORN - ACRES PLANTED","TOTAL","NOT SPECIFIED","154,000",""
"SURVEY","2009","YEAR","","COUNTY","ILLINOIS","17","WEST","30","SCHUYLER","169","","","00000000","","CORN","CORN - ACRES PLANTED","TOTAL","NOT SPECIFIED","71,000",""
"SURVEY","2009","YEAR","","COUNTY","ILLINOIS","17","WEST","30","WARREN","187","","","00000000","","CORN","CORN - ACRES PLANTED","TOTAL","NOT SPECIFIED","166,000",""
"SURVEY","2009","YEAR","","COUNTY","ILLINOIS","17","WEST SOUTHWEST","60","BOND","005","","","00000000","","CORN","CORN - ACRES PLANTED","TOTAL","NOT SPECIFIED","55,000",""
"SURVEY","2009","YEAR","","COUNTY","ILLINOIS","17","WEST SOUTHWEST","60","CALHOUN","013","","","00000000","","CORN","CORN - ACRES PLANTED","TOTAL","NOT SPECIFIED","23,000",""
"SURVEY","2009","YEAR","","COUNTY","ILLINOIS","17","WEST SOUTHWEST","60","CASS","017","","","00000000","","CORN","CORN - ACRES PLANTED","TOTAL","NOT SPECIFIED","92,000",""
"SURVEY","2009","YEAR","","COUNTY","ILLINOIS","17","WEST SOUTHWEST","60","CHRISTIAN","021","","","00000000","","CORN","CORN - ACRES PLANTED","TOTAL","NOT SPECIFIED","237,000",""
"SURVEY","2009","YEAR","","COUNTY","ILLINOIS","17","WEST SOUTHWEST","60","GREENE","061","","","00000000","","CORN","CORN - ACRES PLANTED","TOTAL","NOT SPECIFIED","123,000",""
"SURVEY","2009","YEAR","","COUNTY","ILLINOIS","17","WEST SOUTHWEST","60","JERSEY","083","","","00000000","","CORN","CORN - ACRES PLANTED","TOTAL","NOT SPECIFIED","72,000",""
"SURVEY","2009","YEAR","","COUNTY","ILLINOIS","17","WEST SOUTHWEST","60","MACOUPIN","117","","","00000000","","CORN","CORN - ACRES PLANTED","TOTAL","NOT SPECIFIED","208,000",""
"SURVEY","2009","YEAR","","COUNTY","ILLINOIS","17","WEST SOUTHWEST","60","MADISON","119","","","00000000","","CORN","CORN - ACRES PLANTED","TOTAL","NOT SPECIFIED","102,000",""
"SURVEY","2009","YEAR","","COUNTY","ILLINOIS","17","WEST SOUTHWEST","60","MONTGOMERY","135","","","00000000","","CORN","CORN - ACRES PLANTED","TOTAL","NOT SPECIFIED","177,000",""
"SURVEY","2009","YEAR","","COUNTY","ILLINOIS","17","WEST SOUTHWEST","60","MORGAN","137","","","00000000","","CORN","CORN - ACRES PLANTED","TOTAL","NOT SPECIFIED","159,000",""
"SURVEY","2009","YEAR","","COUNTY","ILLINOIS","17","WEST SOUTHWEST","60","PIKE","149","","","00000000","","CORN","CORN - ACRES PLANTED","TOTAL","NOT SPECIFIED","174,000",""
"SURVEY","2009","YEAR","","COUNTY","ILLINOIS","17","WEST SOUTHWEST","60","SANGAMON","167","","","00000000","","CORN","CORN - ACRES PLANTED","TOTAL","NOT SPECIFIED","259,000",""
"SURVEY","2009","YEAR","","COUNTY","ILLINOIS","17","WEST SOUTHWEST","60","SCOTT","171","","","00000000","","CORN","CORN - ACRES PLANTED","TOTAL","NOT SPECIFIED","57,000",""
"SURVEY","2008","YEAR","","COUNTY","ILLINOIS","17","CENTRAL","40","DE WITT","039","","","00000000","","CORN","CORN - ACRES PLANTED","TOTAL","NOT SPECIFIED","113,000",""
"SURVEY","2008","YEAR","","COUNTY","ILLINOIS","17","CENTRAL","40","LOGAN","107","","","00000000","","CORN","CORN - ACRES PLANTED","TOTAL","NOT SPECIFIED","228,000",""
"SURVEY","2008","YEAR","","COUNTY","ILLINOIS","17","CENTRAL","40","MACON","115","","","00000000","","CORN","CORN - ACRES PLANTED","TOTAL","NOT SPECIFIED","181,000",""
"SURVEY","2008","YEAR","","COUNTY","ILLINOIS","17","CENTRAL","40","MARSHALL","123","","","00000000","","CORN","CORN - ACRES PLANTED","TOTAL","NOT SPECIFIED","114,000",""
"SURVEY","2008","YEAR","","COUNTY","ILLINOIS","17","CENTRAL","40","MASON","125","","","00000000","","CORN","CORN - ACRES PLANTED","TOTAL","NOT SPECIFIED","138,000",""
"SURVEY","2008","YEAR","","COUNTY","ILLINOIS","17","CENTRAL","40","MCLEAN","113","","","00000000","","CORN","CORN - ACRES PLANTED","TOTAL","NOT SPECIFIED","370,000",""
"SURVEY","2008","YEAR","","COUNTY","ILLINOIS","17","CENTRAL","40","MENARD","129","","","00000000","","CORN","CORN - ACRES PLANTED","TOTAL","NOT SPECIFIED","89,000",""
"SURVEY","2008","YEAR","","COUNTY","ILLINOIS","17","CENTRAL","40","PEORIA","143","","","00000000","","CORN","CORN - ACRES PLANTED","TOTAL","NOT SPECIFIED","114,000",""
"SURVEY","2008","YEAR","","COUNTY","ILLINOIS","17","CENTRAL","40","STARK","175","","","00000000","","CORN","CORN - ACRES PLANTED","TOTAL","NOT SPECIFIED","111,000",""
"SURVEY","2008","YEAR","","COUNTY","ILLINOIS","17","CENTRAL","40","TAZEWELL","179","","","00000000","","CORN","CORN - ACRES PLANTED","TOTAL","NOT SPECIFIED","166,000",""
"SURVEY","2008","YEAR","","COUNTY","ILLINOIS","17","CENTRAL","40","WOODFORD","203","","","00000000","","CORN","CORN - ACRES PLANTED","TOTAL","NOT SPECIFIED","163,000",""
"SURVEY","2008","YEAR","","COUNTY","ILLINOIS","17","EAST","50","CHAMPAIGN","019","","","00000000","","CORN","CORN - ACRES PLANTED","TOTAL","NOT SPECIFIED","285,000",""
"SURVEY","2008","YEAR","","COUNTY","ILLINOIS","17","EAST","50","FORD","053","","","00000000","","CORN","CORN - ACRES PLANTED","TOTAL","NOT SPECIFIED","150,000",""
"SURVEY","2008","YEAR","","COUNTY","ILLINOIS","17","EAST","50","IROQUOIS","075","","","00000000","","CORN","CORN - ACRES PLANTED","TOTAL","NOT SPECIFIED","362,000",""
"SURVEY","2008","YEAR","","COUNTY","ILLINOIS","17","EAST","50","KANKAKEE","091","","","00000000","","CORN","CORN - ACRES PLANTED","TOTAL","NOT SPECIFIED","208,000",""
"SURVEY","2008","YEAR","","COUNTY","ILLINOIS","17","EAST","50","LIVINGSTON","105","","","00000000","","CORN","CORN - ACRES PLANTED","TOTAL","NOT SPECIFIED","322,000",""
"SURVEY","2008","YEAR","","COUNTY","ILLINOIS","17","EAST","50","PIATT","147","","","00000000","","CORN","CORN - ACRES PLANTED","TOTAL","NOT SPECIFIED","157,000",""
"SURVEY","2008","YEAR","","COUNTY","ILLINOIS","17","EAST","50","VERMILION","183","","","00000000","","CORN","CORN - ACRES PLANTED","TOTAL","NOT SPECIFIED","231,000",""
"SURVEY","2008","YEAR","","COUNTY","ILLINOIS","17","EAST SOUTHEAST","70","CLARK","023","","","00000000","","CORN","CORN - ACRES PLANTED","TOTAL","NOT SPECIFIED","102,000",""
"SURVEY","2008","YEAR","","COUNTY","ILLINOIS","17","EAST SOUTHEAST","70","CLAY","025","","","00000000","","CORN","CORN - ACRES PLANTED","TOTAL","NOT SPECIFIED","58,000",""
"SURVEY","2008","YEAR","","COUNTY","ILLINOIS","17","EAST SOUTHEAST","70","COLES","029","","","00000000","","CORN","CORN - ACRES PLANTED","TOTAL","NOT SPECIFIED","119,000",""
"SURVEY","2008","YEAR","","COUNTY","ILLINOIS","17","EAST SOUTHEAST","70","CRAWFORD","033","","","00000000","","CORN","CORN - ACRES PLANTED","TOTAL","NOT SPECIFIED","78,000",""
"SURVEY","2008","YEAR","","COUNTY","ILLINOIS","17","EAST SOUTHEAST","70","CUMBERLAND","035","","","00000000","","CORN","CORN - ACRES PLANTED","TOTAL","NOT SPECIFIED","67,000",""
"SURVEY","2008","YEAR","","COUNTY","ILLINOIS","17","EAST SOUTHEAST","70","DOUGLAS","041","","","00000000","","CORN","CORN - ACRES PLANTED","TOTAL","NOT SPECIFIED","140,000",""
"SURVEY","2008","YEAR","","COUNTY","ILLINOIS","17","EAST SOUTHEAST","70","EDGAR","045","","","00000000","","CORN","CORN - ACRES PLANTED","TOTAL","NOT SPECIFIED","183,000",""
"SURVEY","2008","YEAR","","COUNTY","ILLINOIS","17","EAST SOUTHEAST","70","EFFINGHAM","049","","","00000000","","CORN","CORN - ACRES PLANTED","TOTAL","NOT SPECIFIED","86,000",""
"SURVEY","2008","YEAR","","COUNTY","ILLINOIS","17","EAST SOUTHEAST","70","FAYETTE","051","","","00000000","","CORN","CORN - ACRES PLANTED","TOTAL","NOT SPECIFIED","100,000",""
"SURVEY","2008","YEAR","","COUNTY","ILLINOIS","17","EAST SOUTHEAST","70","JASPER","079","","","00000000","","CORN","CORN - ACRES PLANTED","TOTAL","NOT SPECIFIED","96,000",""
"SURVEY","2008","YEAR","","COUNTY","ILLINOIS","17","EAST SOUTHEAST","70","LAWRENCE","101","","","00000000","","CORN","CORN - ACRES PLANTED","TOTAL","NOT SPECIFIED","68,000",""
"SURVEY","2008","YEAR","","COUNTY","ILLINOIS","17","EAST SOUTHEAST","70","MARION","121","","","00000000","","CORN","CORN - ACRES PLANTED","TOTAL","NOT SPECIFIED","61,000",""
"SURVEY","2008","YEAR","","COUNTY","ILLINOIS","17","EAST SOUTHEAST","70","MOULTRIE","139","","","00000000","","CORN","CORN - ACRES PLANTED","TOTAL","NOT SPECIFIED","103,000",""
"SURVEY","2008","YEAR","","COUNTY","ILLINOIS","17","EAST SOUTHEAST","70","RICHLAND","159","","","00000000","","CORN","CORN - ACRES PLANTED","TOTAL","NOT SPECIFIED","62,000",""
"SURVEY","2008","YEAR","","COUNTY","ILLINOIS","17","EAST SOUTHEAST","70","SHELBY","173","","","00000000","","CORN","CORN - ACRES PLANTED","TOTAL","NOT SPECIFIED","183,000",""
"SURVEY","2008","YEAR","","COUNTY","ILLINOIS","17","NORTHEAST","20","BOONE","007","","","00000000","","CORN","CORN - ACRES PLANTED","TOTAL","NOT SPECIFIED","80,000",""
"SURVEY","2008","YEAR","","COUNTY","ILLINOIS","17","NORTHEAST","20","DE KALB","037","","","00000000","","CORN","CORN - ACRES PLANTED","TOTAL","NOT SPECIFIED","233,000",""
"SURVEY","2008","YEAR","","COUNTY","ILLINOIS","17","NORTHEAST","20","GRUNDY","063","","","00000000","","CORN","CORN - ACRES PLANTED","TOTAL","NOT SPECIFIED","124,000",""
"SURVEY","2008","YEAR","","COUNTY","ILLINOIS","17","NORTHEAST","20","KANE","089","","","00000000","","CORN","CORN - ACRES PLANTED","TOTAL","NOT SPECIFIED","93,000",""
"SURVEY","2008","YEAR","","COUNTY","ILLINOIS","17","NORTHEAST","20","KENDALL","093","","","00000000","","CORN","CORN - ACRES PLANTED","TOTAL","NOT SPECIFIED","90,000",""
"SURVEY","2008","YEAR","","COUNTY","ILLINOIS","17","NORTHEAST","20","LA SALLE","099","","","00000000","","CORN","CORN - ACRES PLANTED","TOTAL","NOT SPECIFIED","336,000",""
"SURVEY","2008","YEAR","","COUNTY","ILLINOIS","17","NORTHEAST","20","LAKE","097","","","00000000","","CORN","CORN - ACRES PLANTED","TOTAL","NOT SPECIFIED","9,000",""
"SURVEY","2008","YEAR","","COUNTY","ILLINOIS","17","NORTHEAST","20","MCHENRY","111","","","00000000","","CORN","CORN - ACRES PLANTED","TOTAL","NOT SPECIFIED","104,000",""
"SURVEY","2008","YEAR","","COUNTY","ILLINOIS","17","NORTHEAST","20","OTHER (COMBINED) COUNTIES","","","","00000000","","CORN","CORN - ACRES PLANTED","TOTAL","NOT SPECIFIED","6,000",""
"SURVEY","2008","YEAR","","COUNTY","ILLINOIS","17","NORTHEAST","20","WILL","197","","","00000000","","CORN","CORN - ACRES PLANTED","TOTAL","NOT SPECIFIED","99,000",""
"SURVEY","2008","YEAR","","COUNTY","ILLINOIS","17","NORTHWEST","10","BUREAU","011","","","00000000","","CORN","CORN - ACRES PLANTED","TOTAL","NOT SPECIFIED","299,000",""
"SURVEY","2008","YEAR","","COUNTY","ILLINOIS","17","NORTHWEST","10","CARROLL","015","","","00000000","","CORN","CORN - ACRES PLANTED","TOTAL","NOT SPECIFIED","150,000",""
"SURVEY","2008","YEAR","","COUNTY","ILLINOIS","17","NORTHWEST","10","HENRY","073","","","00000000","","CORN","CORN - ACRES PLANTED","TOTAL","NOT SPECIFIED","242,000",""
"SURVEY","2008","YEAR","","COUNTY","ILLINOIS","17","NORTHWEST","10","JO DAVIESS","085","","","00000000","","CORN","CORN - ACRES PLANTED","TOTAL","NOT SPECIFIED","97,000",""
"SURVEY","2008","YEAR","","COUNTY","ILLINOIS","17","NORTHWEST","10","LEE","103","","","00000000","","CORN","CORN - ACRES PLANTED","TOTAL","NOT SPECIFIED","274,000",""
"SURVEY","2008","YEAR","","COUNTY","ILLINOIS","17","NORTHWEST","10","MERCER","131","","","00000000","","CORN","CORN - ACRES PLANTED","TOTAL","NOT SPECIFIED","146,000",""
"SURVEY","2008","YEAR","","COUNTY","ILLINOIS","17","NORTHWEST","10","OGLE","141","","","00000000","","CORN","CORN - ACRES PLANTED","TOTAL","NOT SPECIFIED","234,000",""
"SURVEY","2008","YEAR","","COUNTY","ILLINOIS","17","NORTHWEST","10","PUTNAM","155","","","00000000","","CORN","CORN - ACRES PLANTED","TOTAL","NOT SPECIFIED","42,000",""
"SURVEY","2008","YEAR","","COUNTY","ILLINOIS","17","NORTHWEST","10","ROCK ISLAND","161","","","00000000","","CORN","CORN - ACRES PLANTED","TOTAL","NOT SPECIFIED","67,000",""
"SURVEY","2008","YEAR","","COUNTY","ILLINOIS","17","NORTHWEST","10","STEPHENSON","177","","","00000000","","CORN","CORN - ACRES PLANTED","TOTAL","NOT SPECIFIED","166,000",""
"SURVEY","2008","YEAR","","COUNTY","ILLINOIS","17","NORTHWEST","10","WHITESIDE","195","","","00000000","","CORN","CORN - ACRES PLANTED","TOTAL","NOT SPECIFIED","248,000",""
"SURVEY","2008","YEAR","","COUNTY","ILLINOIS","17","NORTHWEST","10","WINNEBAGO","201","","","00000000","","CORN","CORN - ACRES PLANTED","TOTAL","NOT SPECIFIED","95,000",""
"SURVEY","2008","YEAR","","COUNTY","ILLINOIS","17","SOUTHEAST","90","EDWARDS","047","","","00000000","","CORN","CORN - ACRES PLANTED","TOTAL","NOT SPECIFIED","30,000",""
"SURVEY","2008","YEAR","","COUNTY","ILLINOIS","17","SOUTHEAST","90","FRANKLIN","055","","","00000000","","CORN","CORN - ACRES PLANTED","TOTAL","NOT SPECIFIED","35,000",""
"SURVEY","2008","YEAR","","COUNTY","ILLINOIS","17","SOUTHEAST","90","GALLATIN","059","","","00000000","","CORN","CORN - ACRES PLANTED","TOTAL","NOT SPECIFIED","69,000",""
"SURVEY","2008","YEAR","","COUNTY","ILLINOIS","17","SOUTHEAST","90","HAMILTON","065","","","00000000","","CORN","CORN - ACRES PLANTED","TOTAL","NOT SPECIFIED","44,000",""
"SURVEY","2008","YEAR","","COUNTY","ILLINOIS","17","SOUTHEAST","90","JEFFERSON","081","","","00000000","","CORN","CORN - ACRES PLANTED","TOTAL","NOT SPECIFIED","38,000",""
"SURVEY","2008","YEAR","","COUNTY","ILLINOIS","17","SOUTHEAST","90","MASSAC","127","","","00000000","","CORN","CORN - ACRES PLANTED","TOTAL","NOT SPECIFIED","25,000",""
"SURVEY","2008","YEAR","","COUNTY","ILLINOIS","17","SOUTHEAST","90","OTHER (COMBINED) COUNTIES","","","","00000000","","CORN","CORN - ACRES PLANTED","TOTAL","NOT SPECIFIED","8,000",""
"SURVEY","2008","YEAR","","COUNTY","ILLINOIS","17","SOUTHEAST","90","SALINE","165","","","00000000","","CORN","CORN - ACRES PLANTED","TOTAL","NOT SPECIFIED","40,000",""
"SURVEY","2008","YEAR","","COUNTY","ILLINOIS","17","SOUTHEAST","90","WABASH","185","","","00000000","","CORN","CORN - ACRES PLANTED","TOTAL","NOT SPECIFIED","52,000",""
"SURVEY","2008","YEAR","","COUNTY","ILLINOIS","17","SOUTHEAST","90","WAYNE","191","","","00000000","","CORN","CORN - ACRES PLANTED","TOTAL","NOT SPECIFIED","80,000",""
"SURVEY","2008","YEAR","","COUNTY","ILLINOIS","17","SOUTHEAST","90","WHITE","193","","","00000000","","CORN","CORN - ACRES PLANTED","TOTAL","NOT SPECIFIED","69,000",""
"SURVEY","2008","YEAR","","COUNTY","ILLINOIS","17","SOUTHWEST","80","ALEXANDER","003","","","00000000","","CORN","CORN - ACRES PLANTED","TOTAL","NOT SPECIFIED","8,600",""
"SURVEY","2008","YEAR","","COUNTY","ILLINOIS","17","SOUTHWEST","80","CLINTON","027","","","00000000","","CORN","CORN - ACRES PLANTED","TOTAL","NOT SPECIFIED","83,000",""
"SURVEY","2008","YEAR","","COUNTY","ILLINOIS","17","SOUTHWEST","80","JACKSON","077","","","00000000","","CORN","CORN - ACRES PLANTED","TOTAL","NOT SPECIFIED","27,000",""
"SURVEY","2008","YEAR","","COUNTY","ILLINOIS","17","SOUTHWEST","80","JOHNSON","087","","","00000000","","CORN","CORN - ACRES PLANTED","TOTAL","NOT SPECIFIED","7,400",""
"SURVEY","2008","YEAR","","COUNTY","ILLINOIS","17","SOUTHWEST","80","MONROE","133","","","00000000","","CORN","CORN - ACRES PLANTED","TOTAL","NOT SPECIFIED","45,000",""
"SURVEY","2008","YEAR","","COUNTY","ILLINOIS","17","SOUTHWEST","80","PERRY","145","","","00000000","","CORN","CORN - ACRES PLANTED","TOTAL","NOT SPECIFIED","46,000",""
"SURVEY","2008","YEAR","","COUNTY","ILLINOIS","17","SOUTHWEST","80","PULASKI","153","","","00000000","","CORN","CORN - ACRES PLANTED","TOTAL","NOT SPECIFIED","18,000",""
"SURVEY","2008","YEAR","","COUNTY","ILLINOIS","17","SOUTHWEST","80","RANDOLPH","157","","","00000000","","CORN","CORN - ACRES PLANTED","TOTAL","NOT SPECIFIED","54,000",""
"SURVEY","2008","YEAR","","COUNTY","ILLINOIS","17","SOUTHWEST","80","ST CLAIR","163","","","00000000","","CORN","CORN - ACRES PLANTED","TOTAL","NOT SPECIFIED","81,000",""
"SURVEY","2008","YEAR","","COUNTY","ILLINOIS","17","SOUTHWEST","80","UNION","181","","","00000000","","CORN","CORN - ACRES PLANTED","TOTAL","NOT SPECIFIED","13,000",""
"SURVEY","2008","YEAR","","COUNTY","ILLINOIS","17","SOUTHWEST","80","WASHINGTON","189","","","00000000","","CORN","CORN - ACRES PLANTED","TOTAL","NOT SPECIFIED","85,000",""
"SURVEY","2008","YEAR","","COUNTY","ILLINOIS","17","SOUTHWEST","80","WILLIAMSON","199","","","00000000","","CORN","CORN - ACRES PLANTED","TOTAL","NOT SPECIFIED","13,000",""
"SURVEY","2008","YEAR","","COUNTY","ILLINOIS","17","WEST","30","ADAMS","001","","","00000000","","CORN","CORN - ACRES PLANTED","TOTAL","NOT SPECIFIED","142,000",""
"SURVEY","2008","YEAR","","COUNTY","ILLINOIS","17","WEST","30","BROWN","009","","","00000000","","CORN","CORN - ACRES PLANTED","TOTAL","NOT SPECIFIED","54,000",""
"SURVEY","2008","YEAR","","COUNTY","ILLINOIS","17","WEST","30","FULTON","057","","","00000000","","CORN","CORN - ACRES PLANTED","TOTAL","NOT SPECIFIED","150,000",""
"SURVEY","2008","YEAR","","COUNTY","ILLINOIS","17","WEST","30","HANCOCK","067","","","00000000","","CORN","CORN - ACRES PLANTED","TOTAL","NOT SPECIFIED","175,000",""
"SURVEY","2008","YEAR","","COUNTY","ILLINOIS","17","WEST","30","HENDERSON","071","","","00000000","","CORN","CORN - ACRES PLANTED","TOTAL","NOT SPECIFIED","98,000",""
"SURVEY","2008","YEAR","","COUNTY","ILLINOIS","17","WEST","30","KNOX","095","","","00000000","","CORN","CORN - ACRES PLANTED","TOTAL","NOT SPECIFIED","174,000",""
"SURVEY","2008","YEAR","","COUNTY","ILLINOIS","17","WEST","30","MCDONOUGH","109","","","00000000","","CORN","CORN - ACRES PLANTED","TOTAL","NOT SPECIFIED","160,000",""
"SURVEY","2008","YEAR","","COUNTY","ILLINOIS","17","WEST","30","SCHUYLER","169","","","00000000","","CORN","CORN - ACRES PLANTED","TOTAL","NOT SPECIFIED","72,000",""
"SURVEY","2008","YEAR","","COUNTY","ILLINOIS","17","WEST","30","WARREN","187","","","00000000","","CORN","CORN - ACRES PLANTED","TOTAL","NOT SPECIFIED","168,000",""
"SURVEY","2008","YEAR","","COUNTY","ILLINOIS","17","WEST SOUTHWEST","60","BOND","005","","","00000000","","CORN","CORN - ACRES PLANTED","TOTAL","NOT SPECIFIED","55,000",""
"SURVEY","2008","YEAR","","COUNTY","ILLINOIS","17","WEST SOUTHWEST","60","CALHOUN","013","","","00000000","","CORN","CORN - ACRES PLANTED","TOTAL","NOT SPECIFIED","21,000",""
"SURVEY","2008","YEAR","","COUNTY","ILLINOIS","17","WEST SOUTHWEST","60","CASS","017","","","00000000","","CORN","CORN - ACRES PLANTED","TOTAL","NOT SPECIFIED","95,000",""
"SURVEY","2008","YEAR","","COUNTY","ILLINOIS","17","WEST SOUTHWEST","60","CHRISTIAN","021","","","00000000","","CORN","CORN - ACRES PLANTED","TOTAL","NOT SPECIFIED","237,000",""
"SURVEY","2008","YEAR","","COUNTY","ILLINOIS","17","WEST SOUTHWEST","60","GREENE","061","","","00000000","","CORN","CORN - ACRES PLANTED","TOTAL","NOT SPECIFIED","112,000",""
"SURVEY","2008","YEAR","","COUNTY","ILLINOIS","17","WEST SOUTHWEST","60","JERSEY","083","","","00000000","","CORN","CORN - ACRES PLANTED","TOTAL","NOT SPECIFIED","71,000",""
"SURVEY","2008","YEAR","","COUNTY","ILLINOIS","17","WEST SOUTHWEST","60","MACOUPIN","117","","","00000000","","CORN","CORN - ACRES PLANTED","TOTAL","NOT SPECIFIED","205,000",""
"SURVEY","2008","YEAR","","COUNTY","ILLINOIS","17","WEST SOUTHWEST","60","MADISON","119","","","00000000","","CORN","CORN - ACRES PLANTED","TOTAL","NOT SPECIFIED","98,000",""
"SURVEY","2008","YEAR","","COUNTY","ILLINOIS","17","WEST SOUTHWEST","60","MONTGOMERY","135","","","00000000","","CORN","CORN - ACRES PLANTED","TOTAL","NOT SPECIFIED","173,000",""
"SURVEY","2008","YEAR","","COUNTY","ILLINOIS","17","WEST SOUTHWEST","60","MORGAN","137","","","00000000","","CORN","CORN - ACRES PLANTED","TOTAL","NOT SPECIFIED","153,000",""
"SURVEY","2008","YEAR","","COUNTY","ILLINOIS","17","WEST SOUTHWEST","60","PIKE","149","","","00000000","","CORN","CORN - ACRES PLANTED","TOTAL","NOT SPECIFIED","154,000",""
"SURVEY","2008","YEAR","","COUNTY","ILLINOIS","17","WEST SOUTHWEST","60","SANGAMON","167","","","00000000","","CORN","CORN - ACRES PLANTED","TOTAL","NOT SPECIFIED","262,000",""
"SURVEY","2008","YEAR","","COUNTY","ILLINOIS","17","WEST SOUTHWEST","60","SCOTT","171","","","00000000","","CORN","CORN - ACRES PLANTED","TOTAL","NOT SPECIFIED","58,000",""
"SURVEY","2007","YEAR","","COUNTY","ILLINOIS","17","CENTRAL","40","DE WITT","039","","","00000000","","CORN","CORN - ACRES PLANTED","TOTAL","NOT SPECIFIED","121,000",""
"SURVEY","2007","YEAR","","COUNTY","ILLINOIS","17","CENTRAL","40","LOGAN","107","","","00000000","","CORN","CORN - ACRES PLANTED","TOTAL","NOT SPECIFIED","233,000",""
"SURVEY","2007","YEAR","","COUNTY","ILLINOIS","17","CENTRAL","40","MACON","115","","","00000000","","CORN","CORN - ACRES PLANTED","TOTAL","NOT SPECIFIED","191,000",""
"SURVEY","2007","YEAR","","COUNTY","ILLINOIS","17","CENTRAL","40","MARSHALL","123","","","00000000","","CORN","CORN - ACRES PLANTED","TOTAL","NOT SPECIFIED","121,000",""
"SURVEY","2007","YEAR","","COUNTY","ILLINOIS","17","CENTRAL","40","MASON","125","","","00000000","","CORN","CORN - ACRES PLANTED","TOTAL","NOT SPECIFIED","144,000",""
"SURVEY","2007","YEAR","","COUNTY","ILLINOIS","17","CENTRAL","40","MCLEAN","113","","","00000000","","CORN","CORN - ACRES PLANTED","TOTAL","NOT SPECIFIED","397,000",""
"SURVEY","2007","YEAR","","COUNTY","ILLINOIS","17","CENTRAL","40","MENARD","129","","","00000000","","CORN","CORN - ACRES PLANTED","TOTAL","NOT SPECIFIED","91,000",""
"SURVEY","2007","YEAR","","COUNTY","ILLINOIS","17","CENTRAL","40","PEORIA","143","","","00000000","","CORN","CORN - ACRES PLANTED","TOTAL","NOT SPECIFIED","121,000",""
"SURVEY","2007","YEAR","","COUNTY","ILLINOIS","17","CENTRAL","40","STARK","175","","","00000000","","CORN","CORN - ACRES PLANTED","TOTAL","NOT SPECIFIED","118,000",""
"SURVEY","2007","YEAR","","COUNTY","ILLINOIS","17","CENTRAL","40","TAZEWELL","179","","","00000000","","CORN","CORN - ACRES PLANTED","TOTAL","NOT SPECIFIED","174,000",""
"SURVEY","2007","YEAR","","COUNTY","ILLINOIS","17","CENTRAL","40","WOODFORD","203","","","00000000","","CORN","CORN - ACRES PLANTED","TOTAL","NOT SPECIFIED","172,000",""
"SURVEY","2007","YEAR","","COUNTY","ILLINOIS","17","EAST","50","CHAMPAIGN","019","","","00000000","","CORN","CORN - ACRES PLANTED","TOTAL","NOT SPECIFIED","319,000",""
"SURVEY","2007","YEAR","","COUNTY","ILLINOIS","17","EAST","50","FORD","053","","","00000000","","CORN","CORN - ACRES PLANTED","TOTAL","NOT SPECIFIED","163,000",""
"SURVEY","2007","YEAR","","COUNTY","ILLINOIS","17","EAST","50","IROQUOIS","075","","","00000000","","CORN","CORN - ACRES PLANTED","TOTAL","NOT SPECIFIED","388,000",""
"SURVEY","2007","YEAR","","COUNTY","ILLINOIS","17","EAST","50","KANKAKEE","091","","","00000000","","CORN","CORN - ACRES PLANTED","TOTAL","NOT SPECIFIED","217,000",""
"SURVEY","2007","YEAR","","COUNTY","ILLINOIS","17","EAST","50","LIVINGSTON","105","","","00000000","","CORN","CORN - ACRES PLANTED","TOTAL","NOT SPECIFIED","341,000",""
"SURVEY","2007","YEAR","","COUNTY","ILLINOIS","17","EAST","50","PIATT","147","","","00000000","","CORN","CORN - ACRES PLANTED","TOTAL","NOT SPECIFIED","162,000",""
"SURVEY","2007","YEAR","","COUNTY","ILLINOIS","17","EAST","50","VERMILION","183","","","00000000","","CORN","CORN - ACRES PLANTED","TOTAL","NOT SPECIFIED","254,000",""
"SURVEY","2007","YEAR","","COUNTY","ILLINOIS","17","EAST SOUTHEAST","70","CLARK","023","","","00000000","","CORN","CORN - ACRES PLANTED","TOTAL","NOT SPECIFIED","112,000",""
"SURVEY","2007","YEAR","","COUNTY","ILLINOIS","17","EAST SOUTHEAST","70","CLAY","025","","","00000000","","CORN","CORN - ACRES PLANTED","TOTAL","NOT SPECIFIED","87,000",""
"SURVEY","2007","YEAR","","COUNTY","ILLINOIS","17","EAST SOUTHEAST","70","COLES","029","","","00000000","","CORN","CORN - ACRES PLANTED","TOTAL","NOT SPECIFIED","133,000",""
"SURVEY","2007","YEAR","","COUNTY","ILLINOIS","17","EAST SOUTHEAST","70","CRAWFORD","033","","","00000000","","CORN","CORN - ACRES PLANTED","TOTAL","NOT SPECIFIED","94,000",""
"SURVEY","2007","YEAR","","COUNTY","ILLINOIS","17","EAST SOUTHEAST","70","CUMBERLAND","035","","","00000000","","CORN","CORN - ACRES PLANTED","TOTAL","NOT SPECIFIED","78,000",""
"SURVEY","2007","YEAR","","COUNTY","ILLINOIS","17","EAST SOUTHEAST","70","DOUGLAS","041","","","00000000","","CORN","CORN - ACRES PLANTED","TOTAL","NOT SPECIFIED","151,000",""
"SURVEY","2007","YEAR","","COUNTY","ILLINOIS","17","EAST SOUTHEAST","70","EDGAR","045","","","00000000","","CORN","CORN - ACRES PLANTED","TOTAL","NOT SPECIFIED","195,000",""
"SURVEY","2007","YEAR","","COUNTY","ILLINOIS","17","EAST SOUTHEAST","70","EFFINGHAM","049","","","00000000","","CORN","CORN - ACRES PLANTED","TOTAL","NOT SPECIFIED","93,000",""
"SURVEY","2007","YEAR","","COUNTY","ILLINOIS","17","EAST SOUTHEAST","70","FAYETTE","051","","","00000000","","CORN","CORN - ACRES PLANTED","TOTAL","NOT SPECIFIED","119,000",""
"SURVEY","2007","YEAR","","COUNTY","ILLINOIS","17","EAST SOUTHEAST","70","JASPER","079","","","00000000","","CORN","CORN - ACRES PLANTED","TOTAL","NOT SPECIFIED","110,000",""
"SURVEY","2007","YEAR","","COUNTY","ILLINOIS","17","EAST SOUTHEAST","70","LAWRENCE","101","","","00000000","","CORN","CORN - ACRES PLANTED","TOTAL","NOT SPECIFIED","81,000",""
"SURVEY","2007","YEAR","","COUNTY","ILLINOIS","17","EAST SOUTHEAST","70","MARION","121","","","00000000","","CORN","CORN - ACRES PLANTED","TOTAL","NOT SPECIFIED","74,000",""
"SURVEY","2007","YEAR","","COUNTY","ILLINOIS","17","EAST SOUTHEAST","70","MOULTRIE","139","","","00000000","","CORN","CORN - ACRES PLANTED","TOTAL","NOT SPECIFIED","112,000",""
"SURVEY","2007","YEAR","","COUNTY","ILLINOIS","17","EAST SOUTHEAST","70","RICHLAND","159","","","00000000","","CORN","CORN - ACRES PLANTED","TOTAL","NOT SPECIFIED","91,000",""
"SURVEY","2007","YEAR","","COUNTY","ILLINOIS","17","EAST SOUTHEAST","70","SHELBY","173","","","00000000","","CORN","CORN - ACRES PLANTED","TOTAL","NOT SPECIFIED","199,000",""
"SURVEY","2007","YEAR","","COUNTY","ILLINOIS","17","NORTHEAST","20","BOONE","007","","","00000000","","CORN","CORN - ACRES PLANTED","TOTAL","NOT SPECIFIED","87,000",""
"SURVEY","2007","YEAR","","COUNTY","ILLINOIS","17","NORTHEAST","20","COOK","031","","","00000000","","CORN","CORN - ACRES PLANTED","TOTAL","NOT SPECIFIED","5,000",""
"SURVEY","2007","YEAR","","COUNTY","ILLINOIS","17","NORTHEAST","20","DE KALB","037","","","00000000","","CORN","CORN - ACRES PLANTED","TOTAL","NOT SPECIFIED","248,000",""
"SURVEY","2007","YEAR","","COUNTY","ILLINOIS","17","NORTHEAST","20","DU PAGE","043","","","00000000","","CORN","CORN - ACRES PLANTED","TOTAL","NOT SPECIFIED","3,000",""
"SURVEY","2007","YEAR","","COUNTY","ILLINOIS","17","NORTHEAST","20","GRUNDY","063","","","00000000","","CORN","CORN - ACRES PLANTED","TOTAL","NOT SPECIFIED","130,000",""
"SURVEY","2007","YEAR","","COUNTY","ILLINOIS","17","NORTHEAST","20","KANE","089","","","00000000","","CORN","CORN - ACRES PLANTED","TOTAL","NOT SPECIFIED","96,000",""
"SURVEY","2007","YEAR","","COUNTY","ILLINOIS","17","NORTHEAST","20","KENDALL","093","","","00000000","","CORN","CORN - ACRES PLANTED","TOTAL","NOT SPECIFIED","90,000",""
"SURVEY","2007","YEAR","","COUNTY","ILLINOIS","17","NORTHEAST","20","LA SALLE","099","","","00000000","","CORN","CORN - ACRES PLANTED","TOTAL","NOT SPECIFIED","348,000",""
"SURVEY","2007","YEAR","","COUNTY","ILLINOIS","17","NORTHEAST","20","LAKE","097","","","00000000","","CORN","CORN - ACRES PLANTED","TOTAL","NOT SPECIFIED","11,000",""
"SURVEY","2007","YEAR","","COUNTY","ILLINOIS","17","NORTHEAST","20","MCHENRY","111","","","00000000","","CORN","CORN - ACRES PLANTED","TOTAL","NOT SPECIFIED","110,000",""
"SURVEY","2007","YEAR","","COUNTY","ILLINOIS","17","NORTHEAST","20","WILL","197","","","00000000","","CORN","CORN - ACRES PLANTED","TOTAL","NOT SPECIFIED","114,000",""
"SURVEY","2007","YEAR","","COUNTY","ILLINOIS","17","NORTHWEST","10","BUREAU","011","","","00000000","","CORN","CORN - ACRES PLANTED","TOTAL","NOT SPECIFIED","311,000",""
"SURVEY","2007","YEAR","","COUNTY","ILLINOIS","17","NORTHWEST","10","CARROLL","015","","","00000000","","CORN","CORN - ACRES PLANTED","TOTAL","NOT SPECIFIED","155,000",""
"SURVEY","2007","YEAR","","COUNTY","ILLINOIS","17","NORTHWEST","10","HENRY","073","","","00000000","","CORN","CORN - ACRES PLANTED","TOTAL","NOT SPECIFIED","257,000",""
"SURVEY","2007","YEAR","","COUNTY","ILLINOIS","17","NORTHWEST","10","JO DAVIESS","085","","","00000000","","CORN","CORN - ACRES PLANTED","TOTAL","NOT SPECIFIED","98,000",""
"SURVEY","2007","YEAR","","COUNTY","ILLINOIS","17","NORTHWEST","10","LEE","103","","","00000000","","CORN","CORN - ACRES PLANTED","TOTAL","NOT SPECIFIED","282,000",""
"SURVEY","2007","YEAR","","COUNTY","ILLINOIS","17","NORTHWEST","10","MERCER","131","","","00000000","","CORN","CORN - ACRES PLANTED","TOTAL","NOT SPECIFIED","156,000",""
"SURVEY","2007","YEAR","","COUNTY","ILLINOIS","17","NORTHWEST","10","OGLE","141","","","00000000","","CORN","CORN - ACRES PLANTED","TOTAL","NOT SPECIFIED","244,000",""
"SURVEY","2007","YEAR","","COUNTY","ILLINOIS","17","NORTHWEST","10","PUTNAM","155","","","00000000","","CORN","CORN - ACRES PLANTED","TOTAL","NOT SPECIFIED","46,000",""
"SURVEY","2007","YEAR","","COUNTY","ILLINOIS","17","NORTHWEST","10","ROCK ISLAND","161","","","00000000","","CORN","CORN - ACRES PLANTED","TOTAL","NOT SPECIFIED","79,000",""
"SURVEY","2007","YEAR","","COUNTY","ILLINOIS","17","NORTHWEST","10","STEPHENSON","177","","","00000000","","CORN","CORN - ACRES PLANTED","TOTAL","NOT SPECIFIED","180,000",""
"SURVEY","2007","YEAR","","COUNTY","ILLINOIS","17","NORTHWEST","10","WHITESIDE","195","","","00000000","","CORN","CORN - ACRES PLANTED","TOTAL","NOT SPECIFIED","253,000",""
"SURVEY","2007","YEAR","","COUNTY","ILLINOIS","17","NORTHWEST","10","WINNEBAGO","201","","","00000000","","CORN","CORN - ACRES PLANTED","TOTAL","NOT SPECIFIED","102,000",""
"SURVEY","2007","YEAR","","COUNTY","ILLINOIS","17","SOUTHEAST","90","EDWARDS","047","","","00000000","","CORN","CORN - ACRES PLANTED","TOTAL","NOT SPECIFIED","37,000",""
"SURVEY","2007","YEAR","","COUNTY","ILLINOIS","17","SOUTHEAST","90","FRANKLIN","055","","","00000000","","CORN","CORN - ACRES PLANTED","TOTAL","NOT SPECIFIED","49,000",""
"SURVEY","2007","YEAR","","COUNTY","ILLINOIS","17","SOUTHEAST","90","GALLATIN","059","","","00000000","","CORN","CORN - ACRES PLANTED","TOTAL","NOT SPECIFIED","84,000",""
"SURVEY","2007","YEAR","","COUNTY","ILLINOIS","17","SOUTHEAST","90","HAMILTON","065","","","00000000","","CORN","CORN - ACRES PLANTED","TOTAL","NOT SPECIFIED","72,000",""
"SURVEY","2007","YEAR","","COUNTY","ILLINOIS","17","SOUTHEAST","90","HARDIN","069","","","00000000","","CORN","CORN - ACRES PLANTED","TOTAL","NOT SPECIFIED","4,000",""
"SURVEY","2007","YEAR","","COUNTY","ILLINOIS","17","SOUTHEAST","90","JEFFERSON","081","","","00000000","","CORN","CORN - ACRES PLANTED","TOTAL","NOT SPECIFIED","55,000",""
"SURVEY","2007","YEAR","","COUNTY","ILLINOIS","17","SOUTHEAST","90","MASSAC","127","","","00000000","","CORN","CORN - ACRES PLANTED","TOTAL","NOT SPECIFIED","28,000",""
"SURVEY","2007","YEAR","","COUNTY","ILLINOIS","17","SOUTHEAST","90","POPE","151","","","00000000","","CORN","CORN - ACRES PLANTED","TOTAL","NOT SPECIFIED","7,000",""
"SURVEY","2007","YEAR","","COUNTY","ILLINOIS","17","SOUTHEAST","90","SALINE","165","","","00000000","","CORN","CORN - ACRES PLANTED","TOTAL","NOT SPECIFIED","54,000",""
"SURVEY","2007","YEAR","","COUNTY","ILLINOIS","17","SOUTHEAST","90","WABASH","185","","","00000000","","CORN","CORN - ACRES PLANTED","TOTAL","NOT SPECIFIED","59,000",""
"SURVEY","2007","YEAR","","COUNTY","ILLINOIS","17","SOUTHEAST","90","WAYNE","191","","","00000000","","CORN","CORN - ACRES PLANTED","TOTAL","NOT SPECIFIED","109,000",""
"SURVEY","2007","YEAR","","COUNTY","ILLINOIS","17","SOUTHEAST","90","WHITE","193","","","00000000","","CORN","CORN - ACRES PLANTED","TOTAL","NOT SPECIFIED","104,000",""
"SURVEY","2007","YEAR","","COUNTY","ILLINOIS","17","SOUTHWEST","80","ALEXANDER","003","","","00000000","","CORN","CORN - ACRES PLANTED","TOTAL","NOT SPECIFIED","16,000",""
"SURVEY","2007","YEAR","","COUNTY","ILLINOIS","17","SOUTHWEST","80","CLINTON","027","","","00000000","","CORN","CORN - ACRES PLANTED","TOTAL","NOT SPECIFIED","96,000",""
"SURVEY","2007","YEAR","","COUNTY","ILLINOIS","17","SOUTHWEST","80","JACKSON","077","","","00000000","","CORN","CORN - ACRES PLANTED","TOTAL","NOT SPECIFIED","36,000",""
"SURVEY","2007","YEAR","","COUNTY","ILLINOIS","17","SOUTHWEST","80","JOHNSON","087","","","00000000","","CORN","CORN - ACRES PLANTED","TOTAL","NOT SPECIFIED","8,000",""
"SURVEY","2007","YEAR","","COUNTY","ILLINOIS","17","SOUTHWEST","80","MONROE","133","","","00000000","","CORN","CORN - ACRES PLANTED","TOTAL","NOT SPECIFIED","52,000",""
"SURVEY","2007","YEAR","","COUNTY","ILLINOIS","17","SOUTHWEST","80","PERRY","145","","","00000000","","CORN","CORN - ACRES PLANTED","TOTAL","NOT SPECIFIED","55,000",""
"SURVEY","2007","YEAR","","COUNTY","ILLINOIS","17","SOUTHWEST","80","PULASKI","153","","","00000000","","CORN","CORN - ACRES PLANTED","TOTAL","NOT SPECIFIED","23,000",""
"SURVEY","2007","YEAR","","COUNTY","ILLINOIS","17","SOUTHWEST","80","RANDOLPH","157","","","00000000","","CORN","CORN - ACRES PLANTED","TOTAL","NOT SPECIFIED","66,000",""
"SURVEY","2007","YEAR","","COUNTY","ILLINOIS","17","SOUTHWEST","80","ST CLAIR","163","","","00000000","","CORN","CORN - ACRES PLANTED","TOTAL","NOT SPECIFIED","96,000",""
"SURVEY","2007","YEAR","","COUNTY","ILLINOIS","17","SOUTHWEST","80","UNION","181","","","00000000","","CORN","CORN - ACRES PLANTED","TOTAL","NOT SPECIFIED","17,000",""
"SURVEY","2007","YEAR","","COUNTY","ILLINOIS","17","SOUTHWEST","80","WASHINGTON","189","","","00000000","","CORN","CORN - ACRES PLANTED","TOTAL","NOT SPECIFIED","106,000",""
"SURVEY","2007","YEAR","","COUNTY","ILLINOIS","17","SOUTHWEST","80","WILLIAMSON","199","","","00000000","","CORN","CORN - ACRES PLANTED","TOTAL","NOT SPECIFIED","19,000",""
"SURVEY","2007","YEAR","","COUNTY","ILLINOIS","17","WEST","30","ADAMS","001","","","00000000","","CORN","CORN - ACRES PLANTED","TOTAL","NOT SPECIFIED","152,000",""
"SURVEY","2007","YEAR","","COUNTY","ILLINOIS","17","WEST","30","BROWN","009","","","00000000","","CORN","CORN - ACRES PLANTED","TOTAL","NOT SPECIFIED","56,000",""
"SURVEY","2007","YEAR","","COUNTY","ILLINOIS","17","WEST","30","FULTON","057","","","00000000","","CORN","CORN - ACRES PLANTED","TOTAL","NOT SPECIFIED","157,000",""
"SURVEY","2007","YEAR","","COUNTY","ILLINOIS","17","WEST","30","HANCOCK","067","","","00000000","","CORN","CORN - ACRES PLANTED","TOTAL","NOT SPECIFIED","178,000",""
"SURVEY","2007","YEAR","","COUNTY","ILLINOIS","17","WEST","30","HENDERSON","071","","","00000000","","CORN","CORN - ACRES PLANTED","TOTAL","NOT SPECIFIED","105,000",""
"SURVEY","2007","YEAR","","COUNTY","ILLINOIS","17","WEST","30","KNOX","095","","","00000000","","CORN","CORN - ACRES PLANTED","TOTAL","NOT SPECIFIED","183,000",""
"SURVEY","2007","YEAR","","COUNTY","ILLINOIS","17","WEST","30","MCDONOUGH","109","","","00000000","","CORN","CORN - ACRES PLANTED","TOTAL","NOT SPECIFIED","161,000",""
"SURVEY","2007","YEAR","","COUNTY","ILLINOIS","17","WEST","30","SCHUYLER","169","","","00000000","","CORN","CORN - ACRES PLANTED","TOTAL","NOT SPECIFIED","75,000",""
"SURVEY","2007","YEAR","","COUNTY","ILLINOIS","17","WEST","30","WARREN","187","","","00000000","","CORN","CORN - ACRES PLANTED","TOTAL","NOT SPECIFIED","169,000",""
"SURVEY","2007","YEAR","","COUNTY","ILLINOIS","17","WEST SOUTHWEST","60","BOND","005","","","00000000","","CORN","CORN - ACRES PLANTED","TOTAL","NOT SPECIFIED","68,000",""
"SURVEY","2007","YEAR","","COUNTY","ILLINOIS","17","WEST SOUTHWEST","60","CALHOUN","013","","","00000000","","CORN","CORN - ACRES PLANTED","TOTAL","NOT SPECIFIED","24,000",""
"SURVEY","2007","YEAR","","COUNTY","ILLINOIS","17","WEST SOUTHWEST","60","CASS","017","","","00000000","","CORN","CORN - ACRES PLANTED","TOTAL","NOT SPECIFIED","95,000",""
"SURVEY","2007","YEAR","","COUNTY","ILLINOIS","17","WEST SOUTHWEST","60","CHRISTIAN","021","","","00000000","","CORN","CORN - ACRES PLANTED","TOTAL","NOT SPECIFIED","254,000",""
"SURVEY","2007","YEAR","","COUNTY","ILLINOIS","17","WEST SOUTHWEST","60","GREENE","061","","","00000000","","CORN","CORN - ACRES PLANTED","TOTAL","NOT SPECIFIED","129,000",""
"SURVEY","2007","YEAR","","COUNTY","ILLINOIS","17","WEST SOUTHWEST","60","JERSEY","083","","","00000000","","CORN","CORN - ACRES PLANTED","TOTAL","NOT SPECIFIED","79,000",""
"SURVEY","2007","YEAR","","COUNTY","ILLINOIS","17","WEST SOUTHWEST","60","MACOUPIN","117","","","00000000","","CORN","CORN - ACRES PLANTED","TOTAL","NOT SPECIFIED","226,000",""
"SURVEY","2007","YEAR","","COUNTY","ILLINOIS","17","WEST SOUTHWEST","60","MADISON","119","","","00000000","","CORN","CORN - ACRES PLANTED","TOTAL","NOT SPECIFIED","115,000",""
"SURVEY","2007","YEAR","","COUNTY","ILLINOIS","17","WEST SOUTHWEST","60","MONTGOMERY","135","","","00000000","","CORN","CORN - ACRES PLANTED","TOTAL","NOT SPECIFIED","192,000",""
"SURVEY","2007","YEAR","","COUNTY","ILLINOIS","17","WEST SOUTHWEST","60","MORGAN","137","","","00000000","","CORN","CORN - ACRES PLANTED","TOTAL","NOT SPECIFIED","159,000",""
"SURVEY","2007","YEAR","","COUNTY","ILLINOIS","17","WEST SOUTHWEST","60","PIKE","149","","","00000000","","CORN","CORN - ACRES PLANTED","TOTAL","NOT SPECIFIED","175,000",""
"SURVEY","2007","YEAR","","COUNTY","ILLINOIS","17","WEST SOUTHWEST","60","SANGAMON","167","","","00000000","","CORN","CORN - ACRES PLANTED","TOTAL","NOT SPECIFIED","273,000",""
"SURVEY","2007","YEAR","","COUNTY","ILLINOIS","17","WEST SOUTHWEST","60","SCOTT","171","","","00000000","","CORN","CORN - ACRES PLANTED","TOTAL","NOT SPECIFIED","62,000",""
"SURVEY","2006","YEAR","","COUNTY","ILLINOIS","17","CENTRAL","40","DE WITT","039","","","00000000","","CORN","CORN - ACRES PLANTED","TOTAL","NOT SPECIFIED","107,000",""
"SURVEY","2006","YEAR","","COUNTY","ILLINOIS","17","CENTRAL","40","LOGAN","107","","","00000000","","CORN","CORN - ACRES PLANTED","TOTAL","NOT SPECIFIED","198,000",""
"SURVEY","2006","YEAR","","COUNTY","ILLINOIS","17","CENTRAL","40","MACON","115","","","00000000","","CORN","CORN - ACRES PLANTED","TOTAL","NOT SPECIFIED","161,000",""
"SURVEY","2006","YEAR","","COUNTY","ILLINOIS","17","CENTRAL","40","MARSHALL","123","","","00000000","","CORN","CORN - ACRES PLANTED","TOTAL","NOT SPECIFIED","102,000",""
"SURVEY","2006","YEAR","","COUNTY","ILLINOIS","17","CENTRAL","40","MASON","125","","","00000000","","CORN","CORN - ACRES PLANTED","TOTAL","NOT SPECIFIED","123,000",""
"SURVEY","2006","YEAR","","COUNTY","ILLINOIS","17","CENTRAL","40","MCLEAN","113","","","00000000","","CORN","CORN - ACRES PLANTED","TOTAL","NOT SPECIFIED","345,000",""
"SURVEY","2006","YEAR","","COUNTY","ILLINOIS","17","CENTRAL","40","MENARD","129","","","00000000","","CORN","CORN - ACRES PLANTED","TOTAL","NOT SPECIFIED","81,000",""
"SURVEY","2006","YEAR","","COUNTY","ILLINOIS","17","CENTRAL","40","PEORIA","143","","","00000000","","CORN","CORN - ACRES PLANTED","TOTAL","NOT SPECIFIED","110,000",""
"SURVEY","2006","YEAR","","COUNTY","ILLINOIS","17","CENTRAL","40","STARK","175","","","00000000","","CORN","CORN - ACRES PLANTED","TOTAL","NOT SPECIFIED","94,000",""
"SURVEY","2006","YEAR","","COUNTY","ILLINOIS","17","CENTRAL","40","TAZEWELL","179","","","00000000","","CORN","CORN - ACRES PLANTED","TOTAL","NOT SPECIFIED","151,000",""
"SURVEY","2006","YEAR","","COUNTY","ILLINOIS","17","CENTRAL","40","WOODFORD","203","","","00000000","","CORN","CORN - ACRES PLANTED","TOTAL","NOT SPECIFIED","147,000",""
"SURVEY","2006","YEAR","","COUNTY","ILLINOIS","17","EAST","50","CHAMPAIGN","019","","","00000000","","CORN","CORN - ACRES PLANTED","TOTAL","NOT SPECIFIED","280,000",""
"SURVEY","2006","YEAR","","COUNTY","ILLINOIS","17","EAST","50","FORD","053","","","00000000","","CORN","CORN - ACRES PLANTED","TOTAL","NOT SPECIFIED","142,000",""
"SURVEY","2006","YEAR","","COUNTY","ILLINOIS","17","EAST","50","IROQUOIS","075","","","00000000","","CORN","CORN - ACRES PLANTED","TOTAL","NOT SPECIFIED","330,000",""
"SURVEY","2006","YEAR","","COUNTY","ILLINOIS","17","EAST","50","KANKAKEE","091","","","00000000","","CORN","CORN - ACRES PLANTED","TOTAL","NOT SPECIFIED","182,000",""
"SURVEY","2006","YEAR","","COUNTY","ILLINOIS","17","EAST","50","LIVINGSTON","105","","","00000000","","CORN","CORN - ACRES PLANTED","TOTAL","NOT SPECIFIED","294,000",""
"SURVEY","2006","YEAR","","COUNTY","ILLINOIS","17","EAST","50","PIATT","147","","","00000000","","CORN","CORN - ACRES PLANTED","TOTAL","NOT SPECIFIED","141,000",""
"SURVEY","2006","YEAR","","COUNTY","ILLINOIS","17","EAST","50","VERMILION","183","","","00000000","","CORN","CORN - ACRES PLANTED","TOTAL","NOT SPECIFIED","227,000",""
"SURVEY","2006","YEAR","","COUNTY","ILLINOIS","17","EAST SOUTHEAST","70","CLARK","023","","","00000000","","CORN","CORN - ACRES PLANTED","TOTAL","NOT SPECIFIED","97,000",""
"SURVEY","2006","YEAR","","COUNTY","ILLINOIS","17","EAST SOUTHEAST","70","CLAY","025","","","00000000","","CORN","CORN - ACRES PLANTED","TOTAL","NOT SPECIFIED","68,000",""
"SURVEY","2006","YEAR","","COUNTY","ILLINOIS","17","EAST SOUTHEAST","70","COLES","029","","","00000000","","CORN","CORN - ACRES PLANTED","TOTAL","NOT SPECIFIED","115,000",""
"SURVEY","2006","YEAR","","COUNTY","ILLINOIS","17","EAST SOUTHEAST","70","CRAWFORD","033","","","00000000","","CORN","CORN - ACRES PLANTED","TOTAL","NOT SPECIFIED","78,000",""
"SURVEY","2006","YEAR","","COUNTY","ILLINOIS","17","EAST SOUTHEAST","70","CUMBERLAND","035","","","00000000","","CORN","CORN - ACRES PLANTED","TOTAL","NOT SPECIFIED","66,000",""
"SURVEY","2006","YEAR","","COUNTY","ILLINOIS","17","EAST SOUTHEAST","70","DOUGLAS","041","","","00000000","","CORN","CORN - ACRES PLANTED","TOTAL","NOT SPECIFIED","134,000",""
"SURVEY","2006","YEAR","","COUNTY","ILLINOIS","17","EAST SOUTHEAST","70","EDGAR","045","","","00000000","","CORN","CORN - ACRES PLANTED","TOTAL","NOT SPECIFIED","171,000",""
"SURVEY","2006","YEAR","","COUNTY","ILLINOIS","17","EAST SOUTHEAST","70","EFFINGHAM","049","","","00000000","","CORN","CORN - ACRES PLANTED","TOTAL","NOT SPECIFIED","84,000",""
"SURVEY","2006","YEAR","","COUNTY","ILLINOIS","17","EAST SOUTHEAST","70","FAYETTE","051","","","00000000","","CORN","CORN - ACRES PLANTED","TOTAL","NOT SPECIFIED","105,000",""
"SURVEY","2006","YEAR","","COUNTY","ILLINOIS","17","EAST SOUTHEAST","70","JASPER","079","","","00000000","","CORN","CORN - ACRES PLANTED","TOTAL","NOT SPECIFIED","94,000",""
"SURVEY","2006","YEAR","","COUNTY","ILLINOIS","17","EAST SOUTHEAST","70","LAWRENCE","101","","","00000000","","CORN","CORN - ACRES PLANTED","TOTAL","NOT SPECIFIED","69,000",""
"SURVEY","2006","YEAR","","COUNTY","ILLINOIS","17","EAST SOUTHEAST","70","MARION","121","","","00000000","","CORN","CORN - ACRES PLANTED","TOTAL","NOT SPECIFIED","62,000",""
"SURVEY","2006","YEAR","","COUNTY","ILLINOIS","17","EAST SOUTHEAST","70","MOULTRIE","139","","","00000000","","CORN","CORN - ACRES PLANTED","TOTAL","NOT SPECIFIED","96,000",""
"SURVEY","2006","YEAR","","COUNTY","ILLINOIS","17","EAST SOUTHEAST","70","RICHLAND","159","","","00000000","","CORN","CORN - ACRES PLANTED","TOTAL","NOT SPECIFIED","74,000",""
"SURVEY","2006","YEAR","","COUNTY","ILLINOIS","17","EAST SOUTHEAST","70","SHELBY","173","","","00000000","","CORN","CORN - ACRES PLANTED","TOTAL","NOT SPECIFIED","177,000",""
"SURVEY","2006","YEAR","","COUNTY","ILLINOIS","17","NORTHEAST","20","BOONE","007","","","00000000","","CORN","CORN - ACRES PLANTED","TOTAL","NOT SPECIFIED","71,000",""
"SURVEY","2006","YEAR","","COUNTY","ILLINOIS","17","NORTHEAST","20","COOK","031","","","00000000","","CORN","CORN - ACRES PLANTED","TOTAL","NOT SPECIFIED","4,000",""
"SURVEY","2006","YEAR","","COUNTY","ILLINOIS","17","NORTHEAST","20","DE KALB","037","","","00000000","","CORN","CORN - ACRES PLANTED","TOTAL","NOT SPECIFIED","211,000",""
"SURVEY","2006","YEAR","","COUNTY","ILLINOIS","17","NORTHEAST","20","DU PAGE","043","","","00000000","","CORN","CORN - ACRES PLANTED","TOTAL","NOT SPECIFIED","2,000",""
"SURVEY","2006","YEAR","","COUNTY","ILLINOIS","17","NORTHEAST","20","GRUNDY","063","","","00000000","","CORN","CORN - ACRES PLANTED","TOTAL","NOT SPECIFIED","111,000",""
"SURVEY","2006","YEAR","","COUNTY","ILLINOIS","17","NORTHEAST","20","KANE","089","","","00000000","","CORN","CORN - ACRES PLANTED","TOTAL","NOT SPECIFIED","83,000",""
"SURVEY","2006","YEAR","","COUNTY","ILLINOIS","17","NORTHEAST","20","KENDALL","093","","","00000000","","CORN","CORN - ACRES PLANTED","TOTAL","NOT SPECIFIED","74,000",""
"SURVEY","2006","YEAR","","COUNTY","ILLINOIS","17","NORTHEAST","20","LA SALLE","099","","","00000000","","CORN","CORN - ACRES PLANTED","TOTAL","NOT SPECIFIED","298,000",""
"SURVEY","2006","YEAR","","COUNTY","ILLINOIS","17","NORTHEAST","20","LAKE","097","","","00000000","","CORN","CORN - ACRES PLANTED","TOTAL","NOT SPECIFIED","7,000",""
"SURVEY","2006","YEAR","","COUNTY","ILLINOIS","17","NORTHEAST","20","MCHENRY","111","","","00000000","","CORN","CORN - ACRES PLANTED","TOTAL","NOT SPECIFIED","91,000",""
"SURVEY","2006","YEAR","","COUNTY","ILLINOIS","17","NORTHEAST","20","WILL","197","","","00000000","","CORN","CORN - ACRES PLANTED","TOTAL","NOT SPECIFIED","93,000",""
"SURVEY","2006","YEAR","","COUNTY","ILLINOIS","17","NORTHWEST","10","BUREAU","011","","","00000000","","CORN","CORN - ACRES PLANTED","TOTAL","NOT SPECIFIED","270,000",""
"SURVEY","2006","YEAR","","COUNTY","ILLINOIS","17","NORTHWEST","10","CARROLL","015","","","00000000","","CORN","CORN - ACRES PLANTED","TOTAL","NOT SPECIFIED","137,000",""
"SURVEY","2006","YEAR","","COUNTY","ILLINOIS","17","NORTHWEST","10","HENRY","073","","","00000000","","CORN","CORN - ACRES PLANTED","TOTAL","NOT SPECIFIED","220,000",""
"SURVEY","2006","YEAR","","COUNTY","ILLINOIS","17","NORTHWEST","10","JO DAVIESS","085","","","00000000","","CORN","CORN - ACRES PLANTED","TOTAL","NOT SPECIFIED","81,000",""
"SURVEY","2006","YEAR","","COUNTY","ILLINOIS","17","NORTHWEST","10","LEE","103","","","00000000","","CORN","CORN - ACRES PLANTED","TOTAL","NOT SPECIFIED","250,000",""
"SURVEY","2006","YEAR","","COUNTY","ILLINOIS","17","NORTHWEST","10","MERCER","131","","","00000000","","CORN","CORN - ACRES PLANTED","TOTAL","NOT SPECIFIED","136,000",""
"SURVEY","2006","YEAR","","COUNTY","ILLINOIS","17","NORTHWEST","10","OGLE","141","","","00000000","","CORN","CORN - ACRES PLANTED","TOTAL","NOT SPECIFIED","205,000",""
"SURVEY","2006","YEAR","","COUNTY","ILLINOIS","17","NORTHWEST","10","PUTNAM","155","","","00000000","","CORN","CORN - ACRES PLANTED","TOTAL","NOT SPECIFIED","39,000",""
"SURVEY","2006","YEAR","","COUNTY","ILLINOIS","17","NORTHWEST","10","ROCK ISLAND","161","","","00000000","","CORN","CORN - ACRES PLANTED","TOTAL","NOT SPECIFIED","66,000",""
"SURVEY","2006","YEAR","","COUNTY","ILLINOIS","17","NORTHWEST","10","STEPHENSON","177","","","00000000","","CORN","CORN - ACRES PLANTED","TOTAL","NOT SPECIFIED","153,000",""
"SURVEY","2006","YEAR","","COUNTY","ILLINOIS","17","NORTHWEST","10","WHITESIDE","195","","","00000000","","CORN","CORN - ACRES PLANTED","TOTAL","NOT SPECIFIED","211,000",""
"SURVEY","2006","YEAR","","COUNTY","ILLINOIS","17","NORTHWEST","10","WINNEBAGO","201","","","00000000","","CORN","CORN - ACRES PLANTED","TOTAL","NOT SPECIFIED","89,000",""
"SURVEY","2006","YEAR","","COUNTY","ILLINOIS","17","SOUTHEAST","90","EDWARDS","047","","","00000000","","CORN","CORN - ACRES PLANTED","TOTAL","NOT SPECIFIED","34,000",""
"SURVEY","2006","YEAR","","COUNTY","ILLINOIS","17","SOUTHEAST","90","FRANKLIN","055","","","00000000","","CORN","CORN - ACRES PLANTED","TOTAL","NOT SPECIFIED","35,000",""
"SURVEY","2006","YEAR","","COUNTY","ILLINOIS","17","SOUTHEAST","90","GALLATIN","059","","","00000000","","CORN","CORN - ACRES PLANTED","TOTAL","NOT SPECIFIED","72,000",""
"SURVEY","2006","YEAR","","COUNTY","ILLINOIS","17","SOUTHEAST","90","HAMILTON","065","","","00000000","","CORN","CORN - ACRES PLANTED","TOTAL","NOT SPECIFIED","59,000",""
"SURVEY","2006","YEAR","","COUNTY","ILLINOIS","17","SOUTHEAST","90","HARDIN","069","","","00000000","","CORN","CORN - ACRES PLANTED","TOTAL","NOT SPECIFIED","2,000",""
"SURVEY","2006","YEAR","","COUNTY","ILLINOIS","17","SOUTHEAST","90","JEFFERSON","081","","","00000000","","CORN","CORN - ACRES PLANTED","TOTAL","NOT SPECIFIED","40,000",""
"SURVEY","2006","YEAR","","COUNTY","ILLINOIS","17","SOUTHEAST","90","MASSAC","127","","","00000000","","CORN","CORN - ACRES PLANTED","TOTAL","NOT SPECIFIED","24,000",""
"SURVEY","2006","YEAR","","COUNTY","ILLINOIS","17","SOUTHEAST","90","POPE","151","","","00000000","","CORN","CORN - ACRES PLANTED","TOTAL","NOT SPECIFIED","5,000",""
"SURVEY","2006","YEAR","","COUNTY","ILLINOIS","17","SOUTHEAST","90","SALINE","165","","","00000000","","CORN","CORN - ACRES PLANTED","TOTAL","NOT SPECIFIED","40,000",""
"SURVEY","2006","YEAR","","COUNTY","ILLINOIS","17","SOUTHEAST","90","WABASH","185","","","00000000","","CORN","CORN - ACRES PLANTED","TOTAL","NOT SPECIFIED","52,000",""
"SURVEY","2006","YEAR","","COUNTY","ILLINOIS","17","SOUTHEAST","90","WAYNE","191","","","00000000","","CORN","CORN - ACRES PLANTED","TOTAL","NOT SPECIFIED","87,000",""
"SURVEY","2006","YEAR","","COUNTY","ILLINOIS","17","SOUTHEAST","90","WHITE","193","","","00000000","","CORN","CORN - ACRES PLANTED","TOTAL","NOT SPECIFIED","78,000",""
"SURVEY","2006","YEAR","","COUNTY","ILLINOIS","17","SOUTHWEST","80","ALEXANDER","003","","","00000000","","CORN","CORN - ACRES PLANTED","TOTAL","NOT SPECIFIED","10,000",""
"SURVEY","2006","YEAR","","COUNTY","ILLINOIS","17","SOUTHWEST","80","CLINTON","027","","","00000000","","CORN","CORN - ACRES PLANTED","TOTAL","NOT SPECIFIED","85,000",""
"SURVEY","2006","YEAR","","COUNTY","ILLINOIS","17","SOUTHWEST","80","JACKSON","077","","","00000000","","CORN","CORN - ACRES PLANTED","TOTAL","NOT SPECIFIED","27,000",""
"SURVEY","2006","YEAR","","COUNTY","ILLINOIS","17","SOUTHWEST","80","JOHNSON","087","","","00000000","","CORN","CORN - ACRES PLANTED","TOTAL","NOT SPECIFIED","6,000",""
"SURVEY","2006","YEAR","","COUNTY","ILLINOIS","17","SOUTHWEST","80","MONROE","133","","","00000000","","CORN","CORN - ACRES PLANTED","TOTAL","NOT SPECIFIED","45,000",""
"SURVEY","2006","YEAR","","COUNTY","ILLINOIS","17","SOUTHWEST","80","PERRY","145","","","00000000","","CORN","CORN - ACRES PLANTED","TOTAL","NOT SPECIFIED","43,000",""
"SURVEY","2006","YEAR","","COUNTY","ILLINOIS","17","SOUTHWEST","80","PULASKI","153","","","00000000","","CORN","CORN - ACRES PLANTED","TOTAL","NOT SPECIFIED","16,000",""
"SURVEY","2006","YEAR","","COUNTY","ILLINOIS","17","SOUTHWEST","80","RANDOLPH","157","","","00000000","","CORN","CORN - ACRES PLANTED","TOTAL","NOT SPECIFIED","56,000",""
"SURVEY","2006","YEAR","","COUNTY","ILLINOIS","17","SOUTHWEST","80","ST CLAIR","163","","","00000000","","CORN","CORN - ACRES PLANTED","TOTAL","NOT SPECIFIED","83,000",""
"SURVEY","2006","YEAR","","COUNTY","ILLINOIS","17","SOUTHWEST","80","UNION","181","","","00000000","","CORN","CORN - ACRES PLANTED","TOTAL","NOT SPECIFIED","13,000",""
"SURVEY","2006","YEAR","","COUNTY","ILLINOIS","17","SOUTHWEST","80","WASHINGTON","189","","","00000000","","CORN","CORN - ACRES PLANTED","TOTAL","NOT SPECIFIED","87,000",""
"SURVEY","2006","YEAR","","COUNTY","ILLINOIS","17","SOUTHWEST","80","WILLIAMSON","199","","","00000000","","CORN","CORN - ACRES PLANTED","TOTAL","NOT SPECIFIED","13,000",""
"SURVEY","2006","YEAR","","COUNTY","ILLINOIS","17","WEST","30","ADAMS","001","","","00000000","","CORN","CORN - ACRES PLANTED","TOTAL","NOT SPECIFIED","131,000",""
"SURVEY","2006","YEAR","","COUNTY","ILLINOIS","17","WEST","30","BROWN","009","","","00000000","","CORN","CORN - ACRES PLANTED","TOTAL","NOT SPECIFIED","47,000",""
"SURVEY","2006","YEAR","","COUNTY","ILLINOIS","17","WEST","30","FULTON","057","","","00000000","","CORN","CORN - ACRES PLANTED","TOTAL","NOT SPECIFIED","132,000",""
"SURVEY","2006","YEAR","","COUNTY","ILLINOIS","17","WEST","30","HANCOCK","067","","","00000000","","CORN","CORN - ACRES PLANTED","TOTAL","NOT SPECIFIED","156,000",""
"SURVEY","2006","YEAR","","COUNTY","ILLINOIS","17","WEST","30","HENDERSON","071","","","00000000","","CORN","CORN - ACRES PLANTED","TOTAL","NOT SPECIFIED","92,000",""
"SURVEY","2006","YEAR","","COUNTY","ILLINOIS","17","WEST","30","KNOX","095","","","00000000","","CORN","CORN - ACRES PLANTED","TOTAL","NOT SPECIFIED","158,000",""
"SURVEY","2006","YEAR","","COUNTY","ILLINOIS","17","WEST","30","MCDONOUGH","109","","","00000000","","CORN","CORN - ACRES PLANTED","TOTAL","NOT SPECIFIED","146,000",""
"SURVEY","2006","YEAR","","COUNTY","ILLINOIS","17","WEST","30","SCHUYLER","169","","","00000000","","CORN","CORN - ACRES PLANTED","TOTAL","NOT SPECIFIED","63,000",""
"SURVEY","2006","YEAR","","COUNTY","ILLINOIS","17","WEST","30","WARREN","187","","","00000000","","CORN","CORN - ACRES PLANTED","TOTAL","NOT SPECIFIED","144,000",""
"SURVEY","2006","YEAR","","COUNTY","ILLINOIS","17","WEST SOUTHWEST","60","BOND","005","","","00000000","","CORN","CORN - ACRES PLANTED","TOTAL","NOT SPECIFIED","57,000",""
"SURVEY","2006","YEAR","","COUNTY","ILLINOIS","17","WEST SOUTHWEST","60","CALHOUN","013","","","00000000","","CORN","CORN - ACRES PLANTED","TOTAL","NOT SPECIFIED","19,000",""
"SURVEY","2006","YEAR","","COUNTY","ILLINOIS","17","WEST SOUTHWEST","60","CASS","017","","","00000000","","CORN","CORN - ACRES PLANTED","TOTAL","NOT SPECIFIED","84,000",""
"SURVEY","2006","YEAR","","COUNTY","ILLINOIS","17","WEST SOUTHWEST","60","CHRISTIAN","021","","","00000000","","CORN","CORN - ACRES PLANTED","TOTAL","NOT SPECIFIED","219,000",""
"SURVEY","2006","YEAR","","COUNTY","ILLINOIS","17","WEST SOUTHWEST","60","GREENE","061","","","00000000","","CORN","CORN - ACRES PLANTED","TOTAL","NOT SPECIFIED","109,000",""
"SURVEY","2006","YEAR","","COUNTY","ILLINOIS","17","WEST SOUTHWEST","60","JERSEY","083","","","00000000","","CORN","CORN - ACRES PLANTED","TOTAL","NOT SPECIFIED","69,000",""
"SURVEY","2006","YEAR","","COUNTY","ILLINOIS","17","WEST SOUTHWEST","60","MACOUPIN","117","","","00000000","","CORN","CORN - ACRES PLANTED","TOTAL","NOT SPECIFIED","199,000",""
"SURVEY","2006","YEAR","","COUNTY","ILLINOIS","17","WEST SOUTHWEST","60","MADISON","119","","","00000000","","CORN","CORN - ACRES PLANTED","TOTAL","NOT SPECIFIED","104,000",""
"SURVEY","2006","YEAR","","COUNTY","ILLINOIS","17","WEST SOUTHWEST","60","MONTGOMERY","135","","","00000000","","CORN","CORN - ACRES PLANTED","TOTAL","NOT SPECIFIED","170,000",""
"SURVEY","2006","YEAR","","COUNTY","ILLINOIS","17","WEST SOUTHWEST","60","MORGAN","137","","","00000000","","CORN","CORN - ACRES PLANTED","TOTAL","NOT SPECIFIED","139,000",""
"SURVEY","2006","YEAR","","COUNTY","ILLINOIS","17","WEST SOUTHWEST","60","PIKE","149","","","00000000","","CORN","CORN - ACRES PLANTED","TOTAL","NOT SPECIFIED","149,000",""
"SURVEY","2006","YEAR","","COUNTY","ILLINOIS","17","WEST SOUTHWEST","60","SANGAMON","167","","","00000000","","CORN","CORN - ACRES PLANTED","TOTAL","NOT SPECIFIED","240,000",""
"SURVEY","2006","YEAR","","COUNTY","ILLINOIS","17","WEST SOUTHWEST","60","SCOTT","171","","","00000000","","CORN","CORN - ACRES PLANTED","TOTAL","NOT SPECIFIED","54,000",""
"SURVEY","2005","YEAR","","COUNTY","ILLINOIS","17","CENTRAL","40","DE WITT","039","","","00000000","","CORN","CORN - ACRES PLANTED","TOTAL","NOT SPECIFIED","108,000",""
"SURVEY","2005","YEAR","","COUNTY","ILLINOIS","17","CENTRAL","40","LOGAN","107","","","00000000","","CORN","CORN - ACRES PLANTED","TOTAL","NOT SPECIFIED","203,000",""
"SURVEY","2005","YEAR","","COUNTY","ILLINOIS","17","CENTRAL","40","MACON","115","","","00000000","","CORN","CORN - ACRES PLANTED","TOTAL","NOT SPECIFIED","166,000",""
"SURVEY","2005","YEAR","","COUNTY","ILLINOIS","17","CENTRAL","40","MARSHALL","123","","","00000000","","CORN","CORN - ACRES PLANTED","TOTAL","NOT SPECIFIED","106,000",""
"SURVEY","2005","YEAR","","COUNTY","ILLINOIS","17","CENTRAL","40","MASON","125","","","00000000","","CORN","CORN - ACRES PLANTED","TOTAL","NOT SPECIFIED","138,000",""
"SURVEY","2005","YEAR","","COUNTY","ILLINOIS","17","CENTRAL","40","MCLEAN","113","","","00000000","","CORN","CORN - ACRES PLANTED","TOTAL","NOT SPECIFIED","357,000",""
"SURVEY","2005","YEAR","","COUNTY","ILLINOIS","17","CENTRAL","40","MENARD","129","","","00000000","","CORN","CORN - ACRES PLANTED","TOTAL","NOT SPECIFIED","86,000",""
"SURVEY","2005","YEAR","","COUNTY","ILLINOIS","17","CENTRAL","40","PEORIA","143","","","00000000","","CORN","CORN - ACRES PLANTED","TOTAL","NOT SPECIFIED","120,000",""
"SURVEY","2005","YEAR","","COUNTY","ILLINOIS","17","CENTRAL","40","STARK","175","","","00000000","","CORN","CORN - ACRES PLANTED","TOTAL","NOT SPECIFIED","102,000",""
"SURVEY","2005","YEAR","","COUNTY","ILLINOIS","17","CENTRAL","40","TAZEWELL","179","","","00000000","","CORN","CORN - ACRES PLANTED","TOTAL","NOT SPECIFIED","156,000",""
"SURVEY","2005","YEAR","","COUNTY","ILLINOIS","17","CENTRAL","40","WOODFORD","203","","","00000000","","CORN","CORN - ACRES PLANTED","TOTAL","NOT SPECIFIED","150,000",""
"SURVEY","2005","YEAR","","COUNTY","ILLINOIS","17","EAST","50","CHAMPAIGN","019","","","00000000","","CORN","CORN - ACRES PLANTED","TOTAL","NOT SPECIFIED","292,000",""
"SURVEY","2005","YEAR","","COUNTY","ILLINOIS","17","EAST","50","FORD","053","","","00000000","","CORN","CORN - ACRES PLANTED","TOTAL","NOT SPECIFIED","148,000",""
"SURVEY","2005","YEAR","","COUNTY","ILLINOIS","17","EAST","50","IROQUOIS","075","","","00000000","","CORN","CORN - ACRES PLANTED","TOTAL","NOT SPECIFIED","344,000",""
"SURVEY","2005","YEAR","","COUNTY","ILLINOIS","17","EAST","50","KANKAKEE","091","","","00000000","","CORN","CORN - ACRES PLANTED","TOTAL","NOT SPECIFIED","198,000",""
"SURVEY","2005","YEAR","","COUNTY","ILLINOIS","17","EAST","50","LIVINGSTON","105","","","00000000","","CORN","CORN - ACRES PLANTED","TOTAL","NOT SPECIFIED","309,000",""
"SURVEY","2005","YEAR","","COUNTY","ILLINOIS","17","EAST","50","PIATT","147","","","00000000","","CORN","CORN - ACRES PLANTED","TOTAL","NOT SPECIFIED","140,000",""
"SURVEY","2005","YEAR","","COUNTY","ILLINOIS","17","EAST","50","VERMILION","183","","","00000000","","CORN","CORN - ACRES PLANTED","TOTAL","NOT SPECIFIED","236,000",""
"SURVEY","2005","YEAR","","COUNTY","ILLINOIS","17","EAST SOUTHEAST","70","CLARK","023","","","00000000","","CORN","CORN - ACRES PLANTED","TOTAL","NOT SPECIFIED","106,000",""
"SURVEY","2005","YEAR","","COUNTY","ILLINOIS","17","EAST SOUTHEAST","70","CLAY","025","","","00000000","","CORN","CORN - ACRES PLANTED","TOTAL","NOT SPECIFIED","77,000",""
"SURVEY","2005","YEAR","","COUNTY","ILLINOIS","17","EAST SOUTHEAST","70","COLES","029","","","00000000","","CORN","CORN - ACRES PLANTED","TOTAL","NOT SPECIFIED","121,000",""
"SURVEY","2005","YEAR","","COUNTY","ILLINOIS","17","EAST SOUTHEAST","70","CRAWFORD","033","","","00000000","","CORN","CORN - ACRES PLANTED","TOTAL","NOT SPECIFIED","88,000",""
"SURVEY","2005","YEAR","","COUNTY","ILLINOIS","17","EAST SOUTHEAST","70","CUMBERLAND","035","","","00000000","","CORN","CORN - ACRES PLANTED","TOTAL","NOT SPECIFIED","76,000",""
"SURVEY","2005","YEAR","","COUNTY","ILLINOIS","17","EAST SOUTHEAST","70","DOUGLAS","041","","","00000000","","CORN","CORN - ACRES PLANTED","TOTAL","NOT SPECIFIED","137,000",""
"SURVEY","2005","YEAR","","COUNTY","ILLINOIS","17","EAST SOUTHEAST","70","EDGAR","045","","","00000000","","CORN","CORN - ACRES PLANTED","TOTAL","NOT SPECIFIED","176,000",""
"SURVEY","2005","YEAR","","COUNTY","ILLINOIS","17","EAST SOUTHEAST","70","EFFINGHAM","049","","","00000000","","CORN","CORN - ACRES PLANTED","TOTAL","NOT SPECIFIED","95,000",""
"SURVEY","2005","YEAR","","COUNTY","ILLINOIS","17","EAST SOUTHEAST","70","FAYETTE","051","","","00000000","","CORN","CORN - ACRES PLANTED","TOTAL","NOT SPECIFIED","115,000",""
"SURVEY","2005","YEAR","","COUNTY","ILLINOIS","17","EAST SOUTHEAST","70","JASPER","079","","","00000000","","CORN","CORN - ACRES PLANTED","TOTAL","NOT SPECIFIED","103,000",""
"SURVEY","2005","YEAR","","COUNTY","ILLINOIS","17","EAST SOUTHEAST","70","LAWRENCE","101","","","00000000","","CORN","CORN - ACRES PLANTED","TOTAL","NOT SPECIFIED","80,000",""
"SURVEY","2005","YEAR","","COUNTY","ILLINOIS","17","EAST SOUTHEAST","70","MARION","121","","","00000000","","CORN","CORN - ACRES PLANTED","TOTAL","NOT SPECIFIED","72,000",""
"SURVEY","2005","YEAR","","COUNTY","ILLINOIS","17","EAST SOUTHEAST","70","MOULTRIE","139","","","00000000","","CORN","CORN - ACRES PLANTED","TOTAL","NOT SPECIFIED","99,000",""
"SURVEY","2005","YEAR","","COUNTY","ILLINOIS","17","EAST SOUTHEAST","70","RICHLAND","159","","","00000000","","CORN","CORN - ACRES PLANTED","TOTAL","NOT SPECIFIED","84,000",""
"SURVEY","2005","YEAR","","COUNTY","ILLINOIS","17","EAST SOUTHEAST","70","SHELBY","173","","","00000000","","CORN","CORN - ACRES PLANTED","TOTAL","NOT SPECIFIED","183,000",""
"SURVEY","2005","YEAR","","COUNTY","ILLINOIS","17","NORTHEAST","20","BOONE","007","","","00000000","","CORN","CORN - ACRES PLANTED","TOTAL","NOT SPECIFIED","78,000",""
"SURVEY","2005","YEAR","","COUNTY","ILLINOIS","17","NORTHEAST","20","COOK","031","","","00000000","","CORN","CORN - ACRES PLANTED","TOTAL","NOT SPECIFIED","5,000",""
"SURVEY","2005","YEAR","","COUNTY","ILLINOIS","17","NORTHEAST","20","DE KALB","037","","","00000000","","CORN","CORN - ACRES PLANTED","TOTAL","NOT SPECIFIED","217,000",""
"SURVEY","2005","YEAR","","COUNTY","ILLINOIS","17","NORTHEAST","20","DU PAGE","043","","","00000000","","CORN","CORN - ACRES PLANTED","TOTAL","NOT SPECIFIED","3,000",""
"SURVEY","2005","YEAR","","COUNTY","ILLINOIS","17","NORTHEAST","20","GRUNDY","063","","","00000000","","CORN","CORN - ACRES PLANTED","TOTAL","NOT SPECIFIED","117,000",""
"SURVEY","2005","YEAR","","COUNTY","ILLINOIS","17","NORTHEAST","20","KANE","089","","","00000000","","CORN","CORN - ACRES PLANTED","TOTAL","NOT SPECIFIED","93,000",""
"SURVEY","2005","YEAR","","COUNTY","ILLINOIS","17","NORTHEAST","20","KENDALL","093","","","00000000","","CORN","CORN - ACRES PLANTED","TOTAL","NOT SPECIFIED","81,000",""
"SURVEY","2005","YEAR","","COUNTY","ILLINOIS","17","NORTHEAST","20","LA SALLE","099","","","00000000","","CORN","CORN - ACRES PLANTED","TOTAL","NOT SPECIFIED","311,000",""
"SURVEY","2005","YEAR","","COUNTY","ILLINOIS","17","NORTHEAST","20","LAKE","097","","","00000000","","CORN","CORN - ACRES PLANTED","TOTAL","NOT SPECIFIED","12,000",""
"SURVEY","2005","YEAR","","COUNTY","ILLINOIS","17","NORTHEAST","20","MCHENRY","111","","","00000000","","CORN","CORN - ACRES PLANTED","TOTAL","NOT SPECIFIED","98,000",""
"SURVEY","2005","YEAR","","COUNTY","ILLINOIS","17","NORTHEAST","20","WILL","197","","","00000000","","CORN","CORN - ACRES PLANTED","TOTAL","NOT SPECIFIED","112,000",""
"SURVEY","2005","YEAR","","COUNTY","ILLINOIS","17","NORTHWEST","10","BUREAU","011","","","00000000","","CORN","CORN - ACRES PLANTED","TOTAL","NOT SPECIFIED","288,000",""
"SURVEY","2005","YEAR","","COUNTY","ILLINOIS","17","NORTHWEST","10","CARROLL","015","","","00000000","","CORN","CORN - ACRES PLANTED","TOTAL","NOT SPECIFIED","139,000",""
"SURVEY","2005","YEAR","","COUNTY","ILLINOIS","17","NORTHWEST","10","HENRY","073","","","00000000","","CORN","CORN - ACRES PLANTED","TOTAL","NOT SPECIFIED","236,000",""
"SURVEY","2005","YEAR","","COUNTY","ILLINOIS","17","NORTHWEST","10","JO DAVIESS","085","","","00000000","","CORN","CORN - ACRES PLANTED","TOTAL","NOT SPECIFIED","85,000",""
"SURVEY","2005","YEAR","","COUNTY","ILLINOIS","17","NORTHWEST","10","LEE","103","","","00000000","","CORN","CORN - ACRES PLANTED","TOTAL","NOT SPECIFIED","259,000",""
"SURVEY","2005","YEAR","","COUNTY","ILLINOIS","17","NORTHWEST","10","MERCER","131","","","00000000","","CORN","CORN - ACRES PLANTED","TOTAL","NOT SPECIFIED","138,000",""
"SURVEY","2005","YEAR","","COUNTY","ILLINOIS","17","NORTHWEST","10","OGLE","141","","","00000000","","CORN","CORN - ACRES PLANTED","TOTAL","NOT SPECIFIED","221,000",""
"SURVEY","2005","YEAR","","COUNTY","ILLINOIS","17","NORTHWEST","10","PUTNAM","155","","","00000000","","CORN","CORN - ACRES PLANTED","TOTAL","NOT SPECIFIED","42,000",""
"SURVEY","2005","YEAR","","COUNTY","ILLINOIS","17","NORTHWEST","10","ROCK ISLAND","161","","","00000000","","CORN","CORN - ACRES PLANTED","TOTAL","NOT SPECIFIED","74,000",""
"SURVEY","2005","YEAR","","COUNTY","ILLINOIS","17","NORTHWEST","10","STEPHENSON","177","","","00000000","","CORN","CORN - ACRES PLANTED","TOTAL","NOT SPECIFIED","158,000",""
"SURVEY","2005","YEAR","","COUNTY","ILLINOIS","17","NORTHWEST","10","WHITESIDE","195","","","00000000","","CORN","CORN - ACRES PLANTED","TOTAL","NOT SPECIFIED","229,000",""
"SURVEY","2005","YEAR","","COUNTY","ILLINOIS","17","NORTHWEST","10","WINNEBAGO","201","","","00000000","","CORN","CORN - ACRES PLANTED","TOTAL","NOT SPECIFIED","94,000",""
"SURVEY","2005","YEAR","","COUNTY","ILLINOIS","17","SOUTHEAST","90","EDWARDS","047","","","00000000","","CORN","CORN - ACRES PLANTED","TOTAL","NOT SPECIFIED","41,000",""
"SURVEY","2005","YEAR","","COUNTY","ILLINOIS","17","SOUTHEAST","90","FRANKLIN","055","","","00000000","","CORN","CORN - ACRES PLANTED","TOTAL","NOT SPECIFIED","50,000",""
"SURVEY","2005","YEAR","","COUNTY","ILLINOIS","17","SOUTHEAST","90","GALLATIN","059","","","00000000","","CORN","CORN - ACRES PLANTED","TOTAL","NOT SPECIFIED","78,000",""
"SURVEY","2005","YEAR","","COUNTY","ILLINOIS","17","SOUTHEAST","90","HAMILTON","065","","","00000000","","CORN","CORN - ACRES PLANTED","TOTAL","NOT SPECIFIED","72,000",""
"SURVEY","2005","YEAR","","COUNTY","ILLINOIS","17","SOUTHEAST","90","HARDIN","069","","","00000000","","CORN","CORN - ACRES PLANTED","TOTAL","NOT SPECIFIED","2,000",""
"SURVEY","2005","YEAR","","COUNTY","ILLINOIS","17","SOUTHEAST","90","JEFFERSON","081","","","00000000","","CORN","CORN - ACRES PLANTED","TOTAL","NOT SPECIFIED","51,000",""
"SURVEY","2005","YEAR","","COUNTY","ILLINOIS","17","SOUTHEAST","90","MASSAC","127","","","00000000","","CORN","CORN - ACRES PLANTED","TOTAL","NOT SPECIFIED","24,000",""
"SURVEY","2005","YEAR","","COUNTY","ILLINOIS","17","SOUTHEAST","90","POPE","151","","","00000000","","CORN","CORN - ACRES PLANTED","TOTAL","NOT SPECIFIED","6,000",""
"SURVEY","2005","YEAR","","COUNTY","ILLINOIS","17","SOUTHEAST","90","SALINE","165","","","00000000","","CORN","CORN - ACRES PLANTED","TOTAL","NOT SPECIFIED","46,000",""
"SURVEY","2005","YEAR","","COUNTY","ILLINOIS","17","SOUTHEAST","90","WABASH","185","","","00000000","","CORN","CORN - ACRES PLANTED","TOTAL","NOT SPECIFIED","55,000",""
"SURVEY","2005","YEAR","","COUNTY","ILLINOIS","17","SOUTHEAST","90","WAYNE","191","","","00000000","","CORN","CORN - ACRES PLANTED","TOTAL","NOT SPECIFIED","103,000",""
"SURVEY","2005","YEAR","","COUNTY","ILLINOIS","17","SOUTHEAST","90","WHITE","193","","","00000000","","CORN","CORN - ACRES PLANTED","TOTAL","NOT SPECIFIED","96,000",""
"SURVEY","2005","YEAR","","COUNTY","ILLINOIS","17","SOUTHWEST","80","ALEXANDER","003","","","00000000","","CORN","CORN - ACRES PLANTED","TOTAL","NOT SPECIFIED","13,000",""
"SURVEY","2005","YEAR","","COUNTY","ILLINOIS","17","SOUTHWEST","80","CLINTON","027","","","00000000","","CORN","CORN - ACRES PLANTED","TOTAL","NOT SPECIFIED","92,000",""
"SURVEY","2005","YEAR","","COUNTY","ILLINOIS","17","SOUTHWEST","80","JACKSON","077","","","00000000","","CORN","CORN - ACRES PLANTED","TOTAL","NOT SPECIFIED","32,000",""
"SURVEY","2005","YEAR","","COUNTY","ILLINOIS","17","SOUTHWEST","80","JOHNSON","087","","","00000000","","CORN","CORN - ACRES PLANTED","TOTAL","NOT SPECIFIED","8,000",""
"SURVEY","2005","YEAR","","COUNTY","ILLINOIS","17","SOUTHWEST","80","MONROE","133","","","00000000","","CORN","CORN - ACRES PLANTED","TOTAL","NOT SPECIFIED","53,000",""
"SURVEY","2005","YEAR","","COUNTY","ILLINOIS","17","SOUTHWEST","80","PERRY","145","","","00000000","","CORN","CORN - ACRES PLANTED","TOTAL","NOT SPECIFIED","57,000",""
"SURVEY","2005","YEAR","","COUNTY","ILLINOIS","17","SOUTHWEST","80","PULASKI","153","","","00000000","","CORN","CORN - ACRES PLANTED","TOTAL","NOT SPECIFIED","18,000",""
"SURVEY","2005","YEAR","","COUNTY","ILLINOIS","17","SOUTHWEST","80","RANDOLPH","157","","","00000000","","CORN","CORN - ACRES PLANTED","TOTAL","NOT SPECIFIED","67,000",""
"SURVEY","2005","YEAR","","COUNTY","ILLINOIS","17","SOUTHWEST","80","ST CLAIR","163","","","00000000","","CORN","CORN - ACRES PLANTED","TOTAL","NOT SPECIFIED","92,000",""
"SURVEY","2005","YEAR","","COUNTY","ILLINOIS","17","SOUTHWEST","80","UNION","181","","","00000000","","CORN","CORN - ACRES PLANTED","TOTAL","NOT SPECIFIED","15,000",""
"SURVEY","2005","YEAR","","COUNTY","ILLINOIS","17","SOUTHWEST","80","WASHINGTON","189","","","00000000","","CORN","CORN - ACRES PLANTED","TOTAL","NOT SPECIFIED","100,000",""
"SURVEY","2005","YEAR","","COUNTY","ILLINOIS","17","SOUTHWEST","80","WILLIAMSON","199","","","00000000","","CORN","CORN - ACRES PLANTED","TOTAL","NOT SPECIFIED","16,000",""
"SURVEY","2005","YEAR","","COUNTY","ILLINOIS","17","WEST","30","ADAMS","001","","","00000000","","CORN","CORN - ACRES PLANTED","TOTAL","NOT SPECIFIED","143,000",""
"SURVEY","2005","YEAR","","COUNTY","ILLINOIS","17","WEST","30","BROWN","009","","","00000000","","CORN","CORN - ACRES PLANTED","TOTAL","NOT SPECIFIED","54,000",""
"SURVEY","2005","YEAR","","COUNTY","ILLINOIS","17","WEST","30","FULTON","057","","","00000000","","CORN","CORN - ACRES PLANTED","TOTAL","NOT SPECIFIED","153,000",""
"SURVEY","2005","YEAR","","COUNTY","ILLINOIS","17","WEST","30","HANCOCK","067","","","00000000","","CORN","CORN - ACRES PLANTED","TOTAL","NOT SPECIFIED","167,000",""
"SURVEY","2005","YEAR","","COUNTY","ILLINOIS","17","WEST","30","HENDERSON","071","","","00000000","","CORN","CORN - ACRES PLANTED","TOTAL","NOT SPECIFIED","98,000",""
"SURVEY","2005","YEAR","","COUNTY","ILLINOIS","17","WEST","30","KNOX","095","","","00000000","","CORN","CORN - ACRES PLANTED","TOTAL","NOT SPECIFIED","166,000",""
"SURVEY","2005","YEAR","","COUNTY","ILLINOIS","17","WEST","30","MCDONOUGH","109","","","00000000","","CORN","CORN - ACRES PLANTED","TOTAL","NOT SPECIFIED","151,000",""
"SURVEY","2005","YEAR","","COUNTY","ILLINOIS","17","WEST","30","SCHUYLER","169","","","00000000","","CORN","CORN - ACRES PLANTED","TOTAL","NOT SPECIFIED","71,000",""
"SURVEY","2005","YEAR","","COUNTY","ILLINOIS","17","WEST","30","WARREN","187","","","00000000","","CORN","CORN - ACRES PLANTED","TOTAL","NOT SPECIFIED","152,000",""
"SURVEY","2005","YEAR","","COUNTY","ILLINOIS","17","WEST SOUTHWEST","60","BOND","005","","","00000000","","CORN","CORN - ACRES PLANTED","TOTAL","NOT SPECIFIED","68,000",""
"SURVEY","2005","YEAR","","COUNTY","ILLINOIS","17","WEST SOUTHWEST","60","CALHOUN","013","","","00000000","","CORN","CORN - ACRES PLANTED","TOTAL","NOT SPECIFIED","22,000",""
"SURVEY","2005","YEAR","","COUNTY","ILLINOIS","17","WEST SOUTHWEST","60","CASS","017","","","00000000","","CORN","CORN - ACRES PLANTED","TOTAL","NOT SPECIFIED","93,000",""
"SURVEY","2005","YEAR","","COUNTY","ILLINOIS","17","WEST SOUTHWEST","60","CHRISTIAN","021","","","00000000","","CORN","CORN - ACRES PLANTED","TOTAL","NOT SPECIFIED","219,000",""
"SURVEY","2005","YEAR","","COUNTY","ILLINOIS","17","WEST SOUTHWEST","60","GREENE","061","","","00000000","","CORN","CORN - ACRES PLANTED","TOTAL","NOT SPECIFIED","119,000",""
"SURVEY","2005","YEAR","","COUNTY","ILLINOIS","17","WEST SOUTHWEST","60","JERSEY","083","","","00000000","","CORN","CORN - ACRES PLANTED","TOTAL","NOT SPECIFIED","74,000",""
"SURVEY","2005","YEAR","","COUNTY","ILLINOIS","17","WEST SOUTHWEST","60","MACOUPIN","117","","","00000000","","CORN","CORN - ACRES PLANTED","TOTAL","NOT SPECIFIED","203,000",""
"SURVEY","2005","YEAR","","COUNTY","ILLINOIS","17","WEST SOUTHWEST","60","MADISON","119","","","00000000","","CORN","CORN - ACRES PLANTED","TOTAL","NOT SPECIFIED","112,000",""
"SURVEY","2005","YEAR","","COUNTY","ILLINOIS","17","WEST SOUTHWEST","60","MONTGOMERY","135","","","00000000","","CORN","CORN - ACRES PLANTED","TOTAL","NOT SPECIFIED","172,000",""
"SURVEY","2005","YEAR","","COUNTY","ILLINOIS","17","WEST SOUTHWEST","60","MORGAN","137","","","00000000","","CORN","CORN - ACRES PLANTED","TOTAL","NOT SPECIFIED","146,000",""
"SURVEY","2005","YEAR","","COUNTY","ILLINOIS","17","WEST SOUTHWEST","60","PIKE","149","","","00000000","","CORN","CORN - ACRES PLANTED","TOTAL","NOT SPECIFIED","167,000",""
"SURVEY","2005","YEAR","","COUNTY","ILLINOIS","17","WEST SOUTHWEST","60","SANGAMON","167","","","00000000","","CORN","CORN - ACRES PLANTED","TOTAL","NOT SPECIFIED","244,000",""
"SURVEY","2005","YEAR","","COUNTY","ILLINOIS","17","WEST SOUTHWEST","60","SCOTT","171","","","00000000","","CORN","CORN - ACRES PLANTED","TOTAL","NOT SPECIFIED","58,000",""
"SURVEY","2004","YEAR","","COUNTY","ILLINOIS","17","CENTRAL","40","DE WITT","039","","","00000000","","CORN","CORN - ACRES PLANTED","TOTAL","NOT SPECIFIED","103,000",""
"SURVEY","2004","YEAR","","COUNTY","ILLINOIS","17","CENTRAL","40","LOGAN","107","","","00000000","","CORN","CORN - ACRES PLANTED","TOTAL","NOT SPECIFIED","188,000",""
"SURVEY","2004","YEAR","","COUNTY","ILLINOIS","17","CENTRAL","40","MACON","115","","","00000000","","CORN","CORN - ACRES PLANTED","TOTAL","NOT SPECIFIED","156,000",""
"SURVEY","2004","YEAR","","COUNTY","ILLINOIS","17","CENTRAL","40","MARSHALL","123","","","00000000","","CORN","CORN - ACRES PLANTED","TOTAL","NOT SPECIFIED","103,000",""
"SURVEY","2004","YEAR","","COUNTY","ILLINOIS","17","CENTRAL","40","MASON","125","","","00000000","","CORN","CORN - ACRES PLANTED","TOTAL","NOT SPECIFIED","141,000",""
"SURVEY","2004","YEAR","","COUNTY","ILLINOIS","17","CENTRAL","40","MCLEAN","113","","","00000000","","CORN","CORN - ACRES PLANTED","TOTAL","NOT SPECIFIED","338,000",""
"SURVEY","2004","YEAR","","COUNTY","ILLINOIS","17","CENTRAL","40","MENARD","129","","","00000000","","CORN","CORN - ACRES PLANTED","TOTAL","NOT SPECIFIED","82,000",""
"SURVEY","2004","YEAR","","COUNTY","ILLINOIS","17","CENTRAL","40","PEORIA","143","","","00000000","","CORN","CORN - ACRES PLANTED","TOTAL","NOT SPECIFIED","115,000",""
"SURVEY","2004","YEAR","","COUNTY","ILLINOIS","17","CENTRAL","40","STARK","175","","","00000000","","CORN","CORN - ACRES PLANTED","TOTAL","NOT SPECIFIED","95,000",""
"SURVEY","2004","YEAR","","COUNTY","ILLINOIS","17","CENTRAL","40","TAZEWELL","179","","","00000000","","CORN","CORN - ACRES PLANTED","TOTAL","NOT SPECIFIED","151,000",""
"SURVEY","2004","YEAR","","COUNTY","ILLINOIS","17","CENTRAL","40","WOODFORD","203","","","00000000","","CORN","CORN - ACRES PLANTED","TOTAL","NOT SPECIFIED","146,000",""
"SURVEY","2004","YEAR","","COUNTY","ILLINOIS","17","EAST","50","CHAMPAIGN","019","","","00000000","","CORN","CORN - ACRES PLANTED","TOTAL","NOT SPECIFIED","295,000",""
"SURVEY","2004","YEAR","","COUNTY","ILLINOIS","17","EAST","50","FORD","053","","","00000000","","CORN","CORN - ACRES PLANTED","TOTAL","NOT SPECIFIED","149,000",""
"SURVEY","2004","YEAR","","COUNTY","ILLINOIS","17","EAST","50","IROQUOIS","075","","","00000000","","CORN","CORN - ACRES PLANTED","TOTAL","NOT SPECIFIED","328,000",""
"SURVEY","2004","YEAR","","COUNTY","ILLINOIS","17","EAST","50","KANKAKEE","091","","","00000000","","CORN","CORN - ACRES PLANTED","TOTAL","NOT SPECIFIED","190,000",""
"SURVEY","2004","YEAR","","COUNTY","ILLINOIS","17","EAST","50","LIVINGSTON","105","","","00000000","","CORN","CORN - ACRES PLANTED","TOTAL","NOT SPECIFIED","297,000",""
"SURVEY","2004","YEAR","","COUNTY","ILLINOIS","17","EAST","50","PIATT","147","","","00000000","","CORN","CORN - ACRES PLANTED","TOTAL","NOT SPECIFIED","134,000",""
"SURVEY","2004","YEAR","","COUNTY","ILLINOIS","17","EAST","50","VERMILION","183","","","00000000","","CORN","CORN - ACRES PLANTED","TOTAL","NOT SPECIFIED","223,000",""
"SURVEY","2004","YEAR","","COUNTY","ILLINOIS","17","EAST SOUTHEAST","70","CLARK","023","","","00000000","","CORN","CORN - ACRES PLANTED","TOTAL","NOT SPECIFIED","106,000",""
"SURVEY","2004","YEAR","","COUNTY","ILLINOIS","17","EAST SOUTHEAST","70","CLAY","025","","","00000000","","CORN","CORN - ACRES PLANTED","TOTAL","NOT SPECIFIED","80,000",""
"SURVEY","2004","YEAR","","COUNTY","ILLINOIS","17","EAST SOUTHEAST","70","COLES","029","","","00000000","","CORN","CORN - ACRES PLANTED","TOTAL","NOT SPECIFIED","121,000",""
"SURVEY","2004","YEAR","","COUNTY","ILLINOIS","17","EAST SOUTHEAST","70","CRAWFORD","033","","","00000000","","CORN","CORN - ACRES PLANTED","TOTAL","NOT SPECIFIED","87,000",""
"SURVEY","2004","YEAR","","COUNTY","ILLINOIS","17","EAST SOUTHEAST","70","CUMBERLAND","035","","","00000000","","CORN","CORN - ACRES PLANTED","TOTAL","NOT SPECIFIED","76,000",""
"SURVEY","2004","YEAR","","COUNTY","ILLINOIS","17","EAST SOUTHEAST","70","DOUGLAS","041","","","00000000","","CORN","CORN - ACRES PLANTED","TOTAL","NOT SPECIFIED","132,000",""
"SURVEY","2004","YEAR","","COUNTY","ILLINOIS","17","EAST SOUTHEAST","70","EDGAR","045","","","00000000","","CORN","CORN - ACRES PLANTED","TOTAL","NOT SPECIFIED","172,000",""
"SURVEY","2004","YEAR","","COUNTY","ILLINOIS","17","EAST SOUTHEAST","70","EFFINGHAM","049","","","00000000","","CORN","CORN - ACRES PLANTED","TOTAL","NOT SPECIFIED","95,000",""
"SURVEY","2004","YEAR","","COUNTY","ILLINOIS","17","EAST SOUTHEAST","70","FAYETTE","051","","","00000000","","CORN","CORN - ACRES PLANTED","TOTAL","NOT SPECIFIED","113,000",""
"SURVEY","2004","YEAR","","COUNTY","ILLINOIS","17","EAST SOUTHEAST","70","JASPER","079","","","00000000","","CORN","CORN - ACRES PLANTED","TOTAL","NOT SPECIFIED","101,000",""
"SURVEY","2004","YEAR","","COUNTY","ILLINOIS","17","EAST SOUTHEAST","70","LAWRENCE","101","","","00000000","","CORN","CORN - ACRES PLANTED","TOTAL","NOT SPECIFIED","82,000",""
"SURVEY","2004","YEAR","","COUNTY","ILLINOIS","17","EAST SOUTHEAST","70","MARION","121","","","00000000","","CORN","CORN - ACRES PLANTED","TOTAL","NOT SPECIFIED","73,000",""
"SURVEY","2004","YEAR","","COUNTY","ILLINOIS","17","EAST SOUTHEAST","70","MOULTRIE","139","","","00000000","","CORN","CORN - ACRES PLANTED","TOTAL","NOT SPECIFIED","95,000",""
"SURVEY","2004","YEAR","","COUNTY","ILLINOIS","17","EAST SOUTHEAST","70","RICHLAND","159","","","00000000","","CORN","CORN - ACRES PLANTED","TOTAL","NOT SPECIFIED","84,000",""
"SURVEY","2004","YEAR","","COUNTY","ILLINOIS","17","EAST SOUTHEAST","70","SHELBY","173","","","00000000","","CORN","CORN - ACRES PLANTED","TOTAL","NOT SPECIFIED","178,000",""
"SURVEY","2004","YEAR","","COUNTY","ILLINOIS","17","NORTHEAST","20","BOONE","007","","","00000000","","CORN","CORN - ACRES PLANTED","TOTAL","NOT SPECIFIED","73,000",""
"SURVEY","2004","YEAR","","COUNTY","ILLINOIS","17","NORTHEAST","20","COOK","031","","","00000000","","CORN","CORN - ACRES PLANTED","TOTAL","NOT SPECIFIED","4,000",""
"SURVEY","2004","YEAR","","COUNTY","ILLINOIS","17","NORTHEAST","20","DE KALB","037","","","00000000","","CORN","CORN - ACRES PLANTED","TOTAL","NOT SPECIFIED","206,000",""
"SURVEY","2004","YEAR","","COUNTY","ILLINOIS","17","NORTHEAST","20","DU PAGE","043","","","00000000","","CORN","CORN - ACRES PLANTED","TOTAL","NOT SPECIFIED","3,000",""
"SURVEY","2004","YEAR","","COUNTY","ILLINOIS","17","NORTHEAST","20","GRUNDY","063","","","00000000","","CORN","CORN - ACRES PLANTED","TOTAL","NOT SPECIFIED","112,000",""
"SURVEY","2004","YEAR","","COUNTY","ILLINOIS","17","NORTHEAST","20","KANE","089","","","00000000","","CORN","CORN - ACRES PLANTED","TOTAL","NOT SPECIFIED","96,000",""
"SURVEY","2004","YEAR","","COUNTY","ILLINOIS","17","NORTHEAST","20","KENDALL","093","","","00000000","","CORN","CORN - ACRES PLANTED","TOTAL","NOT SPECIFIED","84,000",""
"SURVEY","2004","YEAR","","COUNTY","ILLINOIS","17","NORTHEAST","20","LA SALLE","099","","","00000000","","CORN","CORN - ACRES PLANTED","TOTAL","NOT SPECIFIED","305,000",""
"SURVEY","2004","YEAR","","COUNTY","ILLINOIS","17","NORTHEAST","20","LAKE","097","","","00000000","","CORN","CORN - ACRES PLANTED","TOTAL","NOT SPECIFIED","10,000",""
"SURVEY","2004","YEAR","","COUNTY","ILLINOIS","17","NORTHEAST","20","MCHENRY","111","","","00000000","","CORN","CORN - ACRES PLANTED","TOTAL","NOT SPECIFIED","103,000",""
"SURVEY","2004","YEAR","","COUNTY","ILLINOIS","17","NORTHEAST","20","WILL","197","","","00000000","","CORN","CORN - ACRES PLANTED","TOTAL","NOT SPECIFIED","117,000",""
"SURVEY","2004","YEAR","","COUNTY","ILLINOIS","17","NORTHWEST","10","BUREAU","011","","","00000000","","CORN","CORN - ACRES PLANTED","TOTAL","NOT SPECIFIED","271,000",""
"SURVEY","2004","YEAR","","COUNTY","ILLINOIS","17","NORTHWEST","10","CARROLL","015","","","00000000","","CORN","CORN - ACRES PLANTED","TOTAL","NOT SPECIFIED","136,000",""
"SURVEY","2004","YEAR","","COUNTY","ILLINOIS","17","NORTHWEST","10","HENRY","073","","","00000000","","CORN","CORN - ACRES PLANTED","TOTAL","NOT SPECIFIED","231,000",""
"SURVEY","2004","YEAR","","COUNTY","ILLINOIS","17","NORTHWEST","10","JO DAVIESS","085","","","00000000","","CORN","CORN - ACRES PLANTED","TOTAL","NOT SPECIFIED","80,000",""
"SURVEY","2004","YEAR","","COUNTY","ILLINOIS","17","NORTHWEST","10","LEE","103","","","00000000","","CORN","CORN - ACRES PLANTED","TOTAL","NOT SPECIFIED","247,000",""
"SURVEY","2004","YEAR","","COUNTY","ILLINOIS","17","NORTHWEST","10","MERCER","131","","","00000000","","CORN","CORN - ACRES PLANTED","TOTAL","NOT SPECIFIED","134,000",""
"SURVEY","2004","YEAR","","COUNTY","ILLINOIS","17","NORTHWEST","10","OGLE","141","","","00000000","","CORN","CORN - ACRES PLANTED","TOTAL","NOT SPECIFIED","208,000",""
"SURVEY","2004","YEAR","","COUNTY","ILLINOIS","17","NORTHWEST","10","PUTNAM","155","","","00000000","","CORN","CORN - ACRES PLANTED","TOTAL","NOT SPECIFIED","41,000",""
"SURVEY","2004","YEAR","","COUNTY","ILLINOIS","17","NORTHWEST","10","ROCK ISLAND","161","","","00000000","","CORN","CORN - ACRES PLANTED","TOTAL","NOT SPECIFIED","74,000",""
"SURVEY","2004","YEAR","","COUNTY","ILLINOIS","17","NORTHWEST","10","STEPHENSON","177","","","00000000","","CORN","CORN - ACRES PLANTED","TOTAL","NOT SPECIFIED","156,000",""
"SURVEY","2004","YEAR","","COUNTY","ILLINOIS","17","NORTHWEST","10","WHITESIDE","195","","","00000000","","CORN","CORN - ACRES PLANTED","TOTAL","NOT SPECIFIED","220,000",""
"SURVEY","2004","YEAR","","COUNTY","ILLINOIS","17","NORTHWEST","10","WINNEBAGO","201","","","00000000","","CORN","CORN - ACRES PLANTED","TOTAL","NOT SPECIFIED","90,000",""
"SURVEY","2004","YEAR","","COUNTY","ILLINOIS","17","SOUTHEAST","90","EDWARDS","047","","","00000000","","CORN","CORN - ACRES PLANTED","TOTAL","NOT SPECIFIED","41,000",""
"SURVEY","2004","YEAR","","COUNTY","ILLINOIS","17","SOUTHEAST","90","FRANKLIN","055","","","00000000","","CORN","CORN - ACRES PLANTED","TOTAL","NOT SPECIFIED","45,000",""
"SURVEY","2004","YEAR","","COUNTY","ILLINOIS","17","SOUTHEAST","90","GALLATIN","059","","","00000000","","CORN","CORN - ACRES PLANTED","TOTAL","NOT SPECIFIED","77,000",""
"SURVEY","2004","YEAR","","COUNTY","ILLINOIS","17","SOUTHEAST","90","HAMILTON","065","","","00000000","","CORN","CORN - ACRES PLANTED","TOTAL","NOT SPECIFIED","70,000",""
"SURVEY","2004","YEAR","","COUNTY","ILLINOIS","17","SOUTHEAST","90","HARDIN","069","","","00000000","","CORN","CORN - ACRES PLANTED","TOTAL","NOT SPECIFIED","3,000",""
"SURVEY","2004","YEAR","","COUNTY","ILLINOIS","17","SOUTHEAST","90","JEFFERSON","081","","","00000000","","CORN","CORN - ACRES PLANTED","TOTAL","NOT SPECIFIED","48,000",""
"SURVEY","2004","YEAR","","COUNTY","ILLINOIS","17","SOUTHEAST","90","MASSAC","127","","","00000000","","CORN","CORN - ACRES PLANTED","TOTAL","NOT SPECIFIED","25,000",""
"SURVEY","2004","YEAR","","COUNTY","ILLINOIS","17","SOUTHEAST","90","POPE","151","","","00000000","","CORN","CORN - ACRES PLANTED","TOTAL","NOT SPECIFIED","7,000",""
"SURVEY","2004","YEAR","","COUNTY","ILLINOIS","17","SOUTHEAST","90","SALINE","165","","","00000000","","CORN","CORN - ACRES PLANTED","TOTAL","NOT SPECIFIED","46,000",""
"SURVEY","2004","YEAR","","COUNTY","ILLINOIS","17","SOUTHEAST","90","WABASH","185","","","00000000","","CORN","CORN - ACRES PLANTED","TOTAL","NOT SPECIFIED","55,000",""
"SURVEY","2004","YEAR","","COUNTY","ILLINOIS","17","SOUTHEAST","90","WAYNE","191","","","00000000","","CORN","CORN - ACRES PLANTED","TOTAL","NOT SPECIFIED","105,000",""
"SURVEY","2004","YEAR","","COUNTY","ILLINOIS","17","SOUTHEAST","90","WHITE","193","","","00000000","","CORN","CORN - ACRES PLANTED","TOTAL","NOT SPECIFIED","105,000",""
"SURVEY","2004","YEAR","","COUNTY","ILLINOIS","17","SOUTHWEST","80","ALEXANDER","003","","","00000000","","CORN","CORN - ACRES PLANTED","TOTAL","NOT SPECIFIED","13,000",""
"SURVEY","2004","YEAR","","COUNTY","ILLINOIS","17","SOUTHWEST","80","CLINTON","027","","","00000000","","CORN","CORN - ACRES PLANTED","TOTAL","NOT SPECIFIED","90,000",""
"SURVEY","2004","YEAR","","COUNTY","ILLINOIS","17","SOUTHWEST","80","JACKSON","077","","","00000000","","CORN","CORN - ACRES PLANTED","TOTAL","NOT SPECIFIED","33,000",""
"SURVEY","2004","YEAR","","COUNTY","ILLINOIS","17","SOUTHWEST","80","JOHNSON","087","","","00000000","","CORN","CORN - ACRES PLANTED","TOTAL","NOT SPECIFIED","8,000",""
"SURVEY","2004","YEAR","","COUNTY","ILLINOIS","17","SOUTHWEST","80","MONROE","133","","","00000000","","CORN","CORN - ACRES PLANTED","TOTAL","NOT SPECIFIED","52,000",""
"SURVEY","2004","YEAR","","COUNTY","ILLINOIS","17","SOUTHWEST","80","PERRY","145","","","00000000","","CORN","CORN - ACRES PLANTED","TOTAL","NOT SPECIFIED","53,000",""
"SURVEY","2004","YEAR","","COUNTY","ILLINOIS","17","SOUTHWEST","80","PULASKI","153","","","00000000","","CORN","CORN - ACRES PLANTED","TOTAL","NOT SPECIFIED","20,000",""
"SURVEY","2004","YEAR","","COUNTY","ILLINOIS","17","SOUTHWEST","80","RANDOLPH","157","","","00000000","","CORN","CORN - ACRES PLANTED","TOTAL","NOT SPECIFIED","65,000",""
"SURVEY","2004","YEAR","","COUNTY","ILLINOIS","17","SOUTHWEST","80","ST CLAIR","163","","","00000000","","CORN","CORN - ACRES PLANTED","TOTAL","NOT SPECIFIED","90,000",""
"SURVEY","2004","YEAR","","COUNTY","ILLINOIS","17","SOUTHWEST","80","UNION","181","","","00000000","","CORN","CORN - ACRES PLANTED","TOTAL","NOT SPECIFIED","17,000",""
"SURVEY","2004","YEAR","","COUNTY","ILLINOIS","17","SOUTHWEST","80","WASHINGTON","189","","","00000000","","CORN","CORN - ACRES PLANTED","TOTAL","NOT SPECIFIED","98,000",""
"SURVEY","2004","YEAR","","COUNTY","ILLINOIS","17","SOUTHWEST","80","WILLIAMSON","199","","","00000000","","CORN","CORN - ACRES PLANTED","TOTAL","NOT SPECIFIED","15,000",""
"SURVEY","2004","YEAR","","COUNTY","ILLINOIS","17","WEST","30","ADAMS","001","","","00000000","","CORN","CORN - ACRES PLANTED","TOTAL","NOT SPECIFIED","136,000",""
"SURVEY","2004","YEAR","","COUNTY","ILLINOIS","17","WEST","30","BROWN","009","","","00000000","","CORN","CORN - ACRES PLANTED","TOTAL","NOT SPECIFIED","49,000",""
"SURVEY","2004","YEAR","","COUNTY","ILLINOIS","17","WEST","30","FULTON","057","","","00000000","","CORN","CORN - ACRES PLANTED","TOTAL","NOT SPECIFIED","151,000",""
"SURVEY","2004","YEAR","","COUNTY","ILLINOIS","17","WEST","30","HANCOCK","067","","","00000000","","CORN","CORN - ACRES PLANTED","TOTAL","NOT SPECIFIED","162,000",""
"SURVEY","2004","YEAR","","COUNTY","ILLINOIS","17","WEST","30","HENDERSON","071","","","00000000","","CORN","CORN - ACRES PLANTED","TOTAL","NOT SPECIFIED","93,000",""
"SURVEY","2004","YEAR","","COUNTY","ILLINOIS","17","WEST","30","KNOX","095","","","00000000","","CORN","CORN - ACRES PLANTED","TOTAL","NOT SPECIFIED","166,000",""
"SURVEY","2004","YEAR","","COUNTY","ILLINOIS","17","WEST","30","MCDONOUGH","109","","","00000000","","CORN","CORN - ACRES PLANTED","TOTAL","NOT SPECIFIED","150,000",""
"SURVEY","2004","YEAR","","COUNTY","ILLINOIS","17","WEST","30","SCHUYLER","169","","","00000000","","CORN","CORN - ACRES PLANTED","TOTAL","NOT SPECIFIED","68,000",""
"SURVEY","2004","YEAR","","COUNTY","ILLINOIS","17","WEST","30","WARREN","187","","","00000000","","CORN","CORN - ACRES PLANTED","TOTAL","NOT SPECIFIED","148,000",""
"SURVEY","2004","YEAR","","COUNTY","ILLINOIS","17","WEST SOUTHWEST","60","BOND","005","","","00000000","","CORN","CORN - ACRES PLANTED","TOTAL","NOT SPECIFIED","68,000",""
"SURVEY","2004","YEAR","","COUNTY","ILLINOIS","17","WEST SOUTHWEST","60","CALHOUN","013","","","00000000","","CORN","CORN - ACRES PLANTED","TOTAL","NOT SPECIFIED","20,000",""
"SURVEY","2004","YEAR","","COUNTY","ILLINOIS","17","WEST SOUTHWEST","60","CASS","017","","","00000000","","CORN","CORN - ACRES PLANTED","TOTAL","NOT SPECIFIED","89,000",""
"SURVEY","2004","YEAR","","COUNTY","ILLINOIS","17","WEST SOUTHWEST","60","CHRISTIAN","021","","","00000000","","CORN","CORN - ACRES PLANTED","TOTAL","NOT SPECIFIED","212,000",""
"SURVEY","2004","YEAR","","COUNTY","ILLINOIS","17","WEST SOUTHWEST","60","GREENE","061","","","00000000","","CORN","CORN - ACRES PLANTED","TOTAL","NOT SPECIFIED","115,000",""
"SURVEY","2004","YEAR","","COUNTY","ILLINOIS","17","WEST SOUTHWEST","60","JERSEY","083","","","00000000","","CORN","CORN - ACRES PLANTED","TOTAL","NOT SPECIFIED","71,000",""
"SURVEY","2004","YEAR","","COUNTY","ILLINOIS","17","WEST SOUTHWEST","60","MACOUPIN","117","","","00000000","","CORN","CORN - ACRES PLANTED","TOTAL","NOT SPECIFIED","186,000",""
"SURVEY","2004","YEAR","","COUNTY","ILLINOIS","17","WEST SOUTHWEST","60","MADISON","119","","","00000000","","CORN","CORN - ACRES PLANTED","TOTAL","NOT SPECIFIED","107,000",""
"SURVEY","2004","YEAR","","COUNTY","ILLINOIS","17","WEST SOUTHWEST","60","MONTGOMERY","135","","","00000000","","CORN","CORN - ACRES PLANTED","TOTAL","NOT SPECIFIED","168,000",""
"SURVEY","2004","YEAR","","COUNTY","ILLINOIS","17","WEST SOUTHWEST","60","MORGAN","137","","","00000000","","CORN","CORN - ACRES PLANTED","TOTAL","NOT SPECIFIED","136,000",""
"SURVEY","2004","YEAR","","COUNTY","ILLINOIS","17","WEST SOUTHWEST","60","PIKE","149","","","00000000","","CORN","CORN - ACRES PLANTED","TOTAL","NOT SPECIFIED","160,000",""
"SURVEY","2004","YEAR","","COUNTY","ILLINOIS","17","WEST SOUTHWEST","60","SANGAMON","167","","","00000000","","CORN","CORN - ACRES PLANTED","TOTAL","NOT SPECIFIED","227,000",""
"SURVEY","2004","YEAR","","COUNTY","ILLINOIS","17","WEST SOUTHWEST","60","SCOTT","171","","","00000000","","CORN","CORN - ACRES PLANTED","TOTAL","NOT SPECIFIED","57,000",""
"SURVEY","2003","YEAR","","COUNTY","ILLINOIS","17","CENTRAL","40","DE WITT","039","","","00000000","","CORN","CORN - ACRES PLANTED","TOTAL","NOT SPECIFIED","104,000",""
"SURVEY","2003","YEAR","","COUNTY","ILLINOIS","17","CENTRAL","40","LOGAN","107","","","00000000","","CORN","CORN - ACRES PLANTED","TOTAL","NOT SPECIFIED","186,000",""
"SURVEY","2003","YEAR","","COUNTY","ILLINOIS","17","CENTRAL","40","MACON","115","","","00000000","","CORN","CORN - ACRES PLANTED","TOTAL","NOT SPECIFIED","146,000",""
"SURVEY","2003","YEAR","","COUNTY","ILLINOIS","17","CENTRAL","40","MARSHALL","123","","","00000000","","CORN","CORN - ACRES PLANTED","TOTAL","NOT SPECIFIED","98,000",""
"SURVEY","2003","YEAR","","COUNTY","ILLINOIS","17","CENTRAL","40","MASON","125","","","00000000","","CORN","CORN - ACRES PLANTED","TOTAL","NOT SPECIFIED","131,000",""
"SURVEY","2003","YEAR","","COUNTY","ILLINOIS","17","CENTRAL","40","MCLEAN","113","","","00000000","","CORN","CORN - ACRES PLANTED","TOTAL","NOT SPECIFIED","325,000",""
"SURVEY","2003","YEAR","","COUNTY","ILLINOIS","17","CENTRAL","40","MENARD","129","","","00000000","","CORN","CORN - ACRES PLANTED","TOTAL","NOT SPECIFIED","81,000",""
"SURVEY","2003","YEAR","","COUNTY","ILLINOIS","17","CENTRAL","40","PEORIA","143","","","00000000","","CORN","CORN - ACRES PLANTED","TOTAL","NOT SPECIFIED","120,000",""
"SURVEY","2003","YEAR","","COUNTY","ILLINOIS","17","CENTRAL","40","STARK","175","","","00000000","","CORN","CORN - ACRES PLANTED","TOTAL","NOT SPECIFIED","93,000",""
"SURVEY","2003","YEAR","","COUNTY","ILLINOIS","17","CENTRAL","40","TAZEWELL","179","","","00000000","","CORN","CORN - ACRES PLANTED","TOTAL","NOT SPECIFIED","146,000",""
"SURVEY","2003","YEAR","","COUNTY","ILLINOIS","17","CENTRAL","40","WOODFORD","203","","","00000000","","CORN","CORN - ACRES PLANTED","TOTAL","NOT SPECIFIED","138,000",""
"SURVEY","2003","YEAR","","COUNTY","ILLINOIS","17","EAST","50","CHAMPAIGN","019","","","00000000","","CORN","CORN - ACRES PLANTED","TOTAL","NOT SPECIFIED","278,000",""
"SURVEY","2003","YEAR","","COUNTY","ILLINOIS","17","EAST","50","FORD","053","","","00000000","","CORN","CORN - ACRES PLANTED","TOTAL","NOT SPECIFIED","143,000",""
"SURVEY","2003","YEAR","","COUNTY","ILLINOIS","17","EAST","50","IROQUOIS","075","","","00000000","","CORN","CORN - ACRES PLANTED","TOTAL","NOT SPECIFIED","330,000",""
"SURVEY","2003","YEAR","","COUNTY","ILLINOIS","17","EAST","50","KANKAKEE","091","","","00000000","","CORN","CORN - ACRES PLANTED","TOTAL","NOT SPECIFIED","189,000",""
"SURVEY","2003","YEAR","","COUNTY","ILLINOIS","17","EAST","50","LIVINGSTON","105","","","00000000","","CORN","CORN - ACRES PLANTED","TOTAL","NOT SPECIFIED","290,000",""
"SURVEY","2003","YEAR","","COUNTY","ILLINOIS","17","EAST","50","PIATT","147","","","00000000","","CORN","CORN - ACRES PLANTED","TOTAL","NOT SPECIFIED","130,000",""
"SURVEY","2003","YEAR","","COUNTY","ILLINOIS","17","EAST","50","VERMILION","183","","","00000000","","CORN","CORN - ACRES PLANTED","TOTAL","NOT SPECIFIED","223,000",""
"SURVEY","2003","YEAR","","COUNTY","ILLINOIS","17","EAST SOUTHEAST","70","CLARK","023","","","00000000","","CORN","CORN - ACRES PLANTED","TOTAL","NOT SPECIFIED","107,000",""
"SURVEY","2003","YEAR","","COUNTY","ILLINOIS","17","EAST SOUTHEAST","70","CLAY","025","","","00000000","","CORN","CORN - ACRES PLANTED","TOTAL","NOT SPECIFIED","60,000",""
"SURVEY","2003","YEAR","","COUNTY","ILLINOIS","17","EAST SOUTHEAST","70","COLES","029","","","00000000","","CORN","CORN - ACRES PLANTED","TOTAL","NOT SPECIFIED","119,000",""
"SURVEY","2003","YEAR","","COUNTY","ILLINOIS","17","EAST SOUTHEAST","70","CRAWFORD","033","","","00000000","","CORN","CORN - ACRES PLANTED","TOTAL","NOT SPECIFIED","85,000",""
"SURVEY","2003","YEAR","","COUNTY","ILLINOIS","17","EAST SOUTHEAST","70","CUMBERLAND","035","","","00000000","","CORN","CORN - ACRES PLANTED","TOTAL","NOT SPECIFIED","77,000",""
"SURVEY","2003","YEAR","","COUNTY","ILLINOIS","17","EAST SOUTHEAST","70","DOUGLAS","041","","","00000000","","CORN","CORN - ACRES PLANTED","TOTAL","NOT SPECIFIED","123,000",""
"SURVEY","2003","YEAR","","COUNTY","ILLINOIS","17","EAST SOUTHEAST","70","EDGAR","045","","","00000000","","CORN","CORN - ACRES PLANTED","TOTAL","NOT SPECIFIED","165,000",""
"SURVEY","2003","YEAR","","COUNTY","ILLINOIS","17","EAST SOUTHEAST","70","EFFINGHAM","049","","","00000000","","CORN","CORN - ACRES PLANTED","TOTAL","NOT SPECIFIED","90,000",""
"SURVEY","2003","YEAR","","COUNTY","ILLINOIS","17","EAST SOUTHEAST","70","FAYETTE","051","","","00000000","","CORN","CORN - ACRES PLANTED","TOTAL","NOT SPECIFIED","98,000",""
"SURVEY","2003","YEAR","","COUNTY","ILLINOIS","17","EAST SOUTHEAST","70","JASPER","079","","","00000000","","CORN","CORN - ACRES PLANTED","TOTAL","NOT SPECIFIED","100,000",""
"SURVEY","2003","YEAR","","COUNTY","ILLINOIS","17","EAST SOUTHEAST","70","LAWRENCE","101","","","00000000","","CORN","CORN - ACRES PLANTED","TOTAL","NOT SPECIFIED","70,000",""
"SURVEY","2003","YEAR","","COUNTY","ILLINOIS","17","EAST SOUTHEAST","70","MARION","121","","","00000000","","CORN","CORN - ACRES PLANTED","TOTAL","NOT SPECIFIED","53,000",""
"SURVEY","2003","YEAR","","COUNTY","ILLINOIS","17","EAST SOUTHEAST","70","MOULTRIE","139","","","00000000","","CORN","CORN - ACRES PLANTED","TOTAL","NOT SPECIFIED","92,000",""
"SURVEY","2003","YEAR","","COUNTY","ILLINOIS","17","EAST SOUTHEAST","70","RICHLAND","159","","","00000000","","CORN","CORN - ACRES PLANTED","TOTAL","NOT SPECIFIED","69,000",""
"SURVEY","2003","YEAR","","COUNTY","ILLINOIS","17","EAST SOUTHEAST","70","SHELBY","173","","","00000000","","CORN","CORN - ACRES PLANTED","TOTAL","NOT SPECIFIED","175,000",""
"SURVEY","2003","YEAR","","COUNTY","ILLINOIS","17","NORTHEAST","20","BOONE","007","","","00000000","","CORN","CORN - ACRES PLANTED","TOTAL","NOT SPECIFIED","67,000",""
"SURVEY","2003","YEAR","","COUNTY","ILLINOIS","17","NORTHEAST","20","COOK","031","","","00000000","","CORN","CORN - ACRES PLANTED","TOTAL","NOT SPECIFIED","5,000",""
"SURVEY","2003","YEAR","","COUNTY","ILLINOIS","17","NORTHEAST","20","DE KALB","037","","","00000000","","CORN","CORN - ACRES PLANTED","TOTAL","NOT SPECIFIED","194,000",""
"SURVEY","2003","YEAR","","COUNTY","ILLINOIS","17","NORTHEAST","20","DU PAGE","043","","","00000000","","CORN","CORN - ACRES PLANTED","TOTAL","NOT SPECIFIED","3,000",""
"SURVEY","2003","YEAR","","COUNTY","ILLINOIS","17","NORTHEAST","20","GRUNDY","063","","","00000000","","CORN","CORN - ACRES PLANTED","TOTAL","NOT SPECIFIED","111,000",""
"SURVEY","2003","YEAR","","COUNTY","ILLINOIS","17","NORTHEAST","20","KANE","089","","","00000000","","CORN","CORN - ACRES PLANTED","TOTAL","NOT SPECIFIED","84,000",""
"SURVEY","2003","YEAR","","COUNTY","ILLINOIS","17","NORTHEAST","20","KENDALL","093","","","00000000","","CORN","CORN - ACRES PLANTED","TOTAL","NOT SPECIFIED","76,000",""
"SURVEY","2003","YEAR","","COUNTY","ILLINOIS","17","NORTHEAST","20","LA SALLE","099","","","00000000","","CORN","CORN - ACRES PLANTED","TOTAL","NOT SPECIFIED","288,000",""
"SURVEY","2003","YEAR","","COUNTY","ILLINOIS","17","NORTHEAST","20","LAKE","097","","","00000000","","CORN","CORN - ACRES PLANTED","TOTAL","NOT SPECIFIED","11,000",""
"SURVEY","2003","YEAR","","COUNTY","ILLINOIS","17","NORTHEAST","20","MCHENRY","111","","","00000000","","CORN","CORN - ACRES PLANTED","TOTAL","NOT SPECIFIED","92,000",""
"SURVEY","2003","YEAR","","COUNTY","ILLINOIS","17","NORTHEAST","20","WILL","197","","","00000000","","CORN","CORN - ACRES PLANTED","TOTAL","NOT SPECIFIED","116,000",""
"SURVEY","2003","YEAR","","COUNTY","ILLINOIS","17","NORTHWEST","10","BUREAU","011","","","00000000","","CORN","CORN - ACRES PLANTED","TOTAL","NOT SPECIFIED","260,000",""
"SURVEY","2003","YEAR","","COUNTY","ILLINOIS","17","NORTHWEST","10","CARROLL","015","","","00000000","","CORN","CORN - ACRES PLANTED","TOTAL","NOT SPECIFIED","133,000",""
"SURVEY","2003","YEAR","","COUNTY","ILLINOIS","17","NORTHWEST","10","HENRY","073","","","00000000","","CORN","CORN - ACRES PLANTED","TOTAL","NOT SPECIFIED","222,000",""
"SURVEY","2003","YEAR","","COUNTY","ILLINOIS","17","NORTHWEST","10","JO DAVIESS","085","","","00000000","","CORN","CORN - ACRES PLANTED","TOTAL","NOT SPECIFIED","78,000",""
"SURVEY","2003","YEAR","","COUNTY","ILLINOIS","17","NORTHWEST","10","LEE","103","","","00000000","","CORN","CORN - ACRES PLANTED","TOTAL","NOT SPECIFIED","226,000",""
"SURVEY","2003","YEAR","","COUNTY","ILLINOIS","17","NORTHWEST","10","MERCER","131","","","00000000","","CORN","CORN - ACRES PLANTED","TOTAL","NOT SPECIFIED","137,000",""
"SURVEY","2003","YEAR","","COUNTY","ILLINOIS","17","NORTHWEST","10","OGLE","141","","","00000000","","CORN","CORN - ACRES PLANTED","TOTAL","NOT SPECIFIED","207,000",""
"SURVEY","2003","YEAR","","COUNTY","ILLINOIS","17","NORTHWEST","10","PUTNAM","155","","","00000000","","CORN","CORN - ACRES PLANTED","TOTAL","NOT SPECIFIED","37,000",""
"SURVEY","2003","YEAR","","COUNTY","ILLINOIS","17","NORTHWEST","10","ROCK ISLAND","161","","","00000000","","CORN","CORN - ACRES PLANTED","TOTAL","NOT SPECIFIED","69,000",""
"SURVEY","2003","YEAR","","COUNTY","ILLINOIS","17","NORTHWEST","10","STEPHENSON","177","","","00000000","","CORN","CORN - ACRES PLANTED","TOTAL","NOT SPECIFIED","153,000",""
"SURVEY","2003","YEAR","","COUNTY","ILLINOIS","17","NORTHWEST","10","WHITESIDE","195","","","00000000","","CORN","CORN - ACRES PLANTED","TOTAL","NOT SPECIFIED","212,000",""
"SURVEY","2003","YEAR","","COUNTY","ILLINOIS","17","NORTHWEST","10","WINNEBAGO","201","","","00000000","","CORN","CORN - ACRES PLANTED","TOTAL","NOT SPECIFIED","86,000",""
"SURVEY","2003","YEAR","","COUNTY","ILLINOIS","17","SOUTHEAST","90","EDWARDS","047","","","00000000","","CORN","CORN - ACRES PLANTED","TOTAL","NOT SPECIFIED","31,000",""
"SURVEY","2003","YEAR","","COUNTY","ILLINOIS","17","SOUTHEAST","90","FRANKLIN","055","","","00000000","","CORN","CORN - ACRES PLANTED","TOTAL","NOT SPECIFIED","34,000",""
"SURVEY","2003","YEAR","","COUNTY","ILLINOIS","17","SOUTHEAST","90","GALLATIN","059","","","00000000","","CORN","CORN - ACRES PLANTED","TOTAL","NOT SPECIFIED","74,000",""
"SURVEY","2003","YEAR","","COUNTY","ILLINOIS","17","SOUTHEAST","90","HAMILTON","065","","","00000000","","CORN","CORN - ACRES PLANTED","TOTAL","NOT SPECIFIED","53,000",""
"SURVEY","2003","YEAR","","COUNTY","ILLINOIS","17","SOUTHEAST","90","HARDIN","069","","","00000000","","CORN","CORN - ACRES PLANTED","TOTAL","NOT SPECIFIED","2,000",""
"SURVEY","2003","YEAR","","COUNTY","ILLINOIS","17","SOUTHEAST","90","JEFFERSON","081","","","00000000","","CORN","CORN - ACRES PLANTED","TOTAL","NOT SPECIFIED","35,000",""
"SURVEY","2003","YEAR","","COUNTY","ILLINOIS","17","SOUTHEAST","90","MASSAC","127","","","00000000","","CORN","CORN - ACRES PLANTED","TOTAL","NOT SPECIFIED","21,000",""
"SURVEY","2003","YEAR","","COUNTY","ILLINOIS","17","SOUTHEAST","90","POPE","151","","","00000000","","CORN","CORN - ACRES PLANTED","TOTAL","NOT SPECIFIED","5,000",""
"SURVEY","2003","YEAR","","COUNTY","ILLINOIS","17","SOUTHEAST","90","SALINE","165","","","00000000","","CORN","CORN - ACRES PLANTED","TOTAL","NOT SPECIFIED","38,000",""
"SURVEY","2003","YEAR","","COUNTY","ILLINOIS","17","SOUTHEAST","90","WABASH","185","","","00000000","","CORN","CORN - ACRES PLANTED","TOTAL","NOT SPECIFIED","51,000",""
"SURVEY","2003","YEAR","","COUNTY","ILLINOIS","17","SOUTHEAST","90","WAYNE","191","","","00000000","","CORN","CORN - ACRES PLANTED","TOTAL","NOT SPECIFIED","69,000",""
"SURVEY","2003","YEAR","","COUNTY","ILLINOIS","17","SOUTHEAST","90","WHITE","193","","","00000000","","CORN","CORN - ACRES PLANTED","TOTAL","NOT SPECIFIED","103,000",""
"SURVEY","2003","YEAR","","COUNTY","ILLINOIS","17","SOUTHWEST","80","ALEXANDER","003","","","00000000","","CORN","CORN - ACRES PLANTED","TOTAL","NOT SPECIFIED","13,000",""
"SURVEY","2003","YEAR","","COUNTY","ILLINOIS","17","SOUTHWEST","80","CLINTON","027","","","00000000","","CORN","CORN - ACRES PLANTED","TOTAL","NOT SPECIFIED","80,000",""
"SURVEY","2003","YEAR","","COUNTY","ILLINOIS","17","SOUTHWEST","80","JACKSON","077","","","00000000","","CORN","CORN - ACRES PLANTED","TOTAL","NOT SPECIFIED","32,000",""
"SURVEY","2003","YEAR","","COUNTY","ILLINOIS","17","SOUTHWEST","80","JOHNSON","087","","","00000000","","CORN","CORN - ACRES PLANTED","TOTAL","NOT SPECIFIED","6,000",""
"SURVEY","2003","YEAR","","COUNTY","ILLINOIS","17","SOUTHWEST","80","MONROE","133","","","00000000","","CORN","CORN - ACRES PLANTED","TOTAL","NOT SPECIFIED","50,000",""
"SURVEY","2003","YEAR","","COUNTY","ILLINOIS","17","SOUTHWEST","80","PERRY","145","","","00000000","","CORN","CORN - ACRES PLANTED","TOTAL","NOT SPECIFIED","43,000",""
"SURVEY","2003","YEAR","","COUNTY","ILLINOIS","17","SOUTHWEST","80","PULASKI","153","","","00000000","","CORN","CORN - ACRES PLANTED","TOTAL","NOT SPECIFIED","17,000",""
"SURVEY","2003","YEAR","","COUNTY","ILLINOIS","17","SOUTHWEST","80","RANDOLPH","157","","","00000000","","CORN","CORN - ACRES PLANTED","TOTAL","NOT SPECIFIED","57,000",""
"SURVEY","2003","YEAR","","COUNTY","ILLINOIS","17","SOUTHWEST","80","ST CLAIR","163","","","00000000","","CORN","CORN - ACRES PLANTED","TOTAL","NOT SPECIFIED","89,000",""
"SURVEY","2003","YEAR","","COUNTY","ILLINOIS","17","SOUTHWEST","80","UNION","181","","","00000000","","CORN","CORN - ACRES PLANTED","TOTAL","NOT SPECIFIED","14,000",""
"SURVEY","2003","YEAR","","COUNTY","ILLINOIS","17","SOUTHWEST","80","WASHINGTON","189","","","00000000","","CORN","CORN - ACRES PLANTED","TOTAL","NOT SPECIFIED","77,000",""
"SURVEY","2003","YEAR","","COUNTY","ILLINOIS","17","SOUTHWEST","80","WILLIAMSON","199","","","00000000","","CORN","CORN - ACRES PLANTED","TOTAL","NOT SPECIFIED","9,000",""
"SURVEY","2003","YEAR","","COUNTY","ILLINOIS","17","WEST","30","ADAMS","001","","","00000000","","CORN","CORN - ACRES PLANTED","TOTAL","NOT SPECIFIED","137,000",""
"SURVEY","2003","YEAR","","COUNTY","ILLINOIS","17","WEST","30","BROWN","009","","","00000000","","CORN","CORN - ACRES PLANTED","TOTAL","NOT SPECIFIED","48,000",""
"SURVEY","2003","YEAR","","COUNTY","ILLINOIS","17","WEST","30","FULTON","057","","","00000000","","CORN","CORN - ACRES PLANTED","TOTAL","NOT SPECIFIED","149,000",""
"SURVEY","2003","YEAR","","COUNTY","ILLINOIS","17","WEST","30","HANCOCK","067","","","00000000","","CORN","CORN - ACRES PLANTED","TOTAL","NOT SPECIFIED","160,000",""
"SURVEY","2003","YEAR","","COUNTY","ILLINOIS","17","WEST","30","HENDERSON","071","","","00000000","","CORN","CORN - ACRES PLANTED","TOTAL","NOT SPECIFIED","94,000",""
"SURVEY","2003","YEAR","","COUNTY","ILLINOIS","17","WEST","30","KNOX","095","","","00000000","","CORN","CORN - ACRES PLANTED","TOTAL","NOT SPECIFIED","161,000",""
"SURVEY","2003","YEAR","","COUNTY","ILLINOIS","17","WEST","30","MCDONOUGH","109","","","00000000","","CORN","CORN - ACRES PLANTED","TOTAL","NOT SPECIFIED","141,000",""
"SURVEY","2003","YEAR","","COUNTY","ILLINOIS","17","WEST","30","SCHUYLER","169","","","00000000","","CORN","CORN - ACRES PLANTED","TOTAL","NOT SPECIFIED","68,000",""
"SURVEY","2003","YEAR","","COUNTY","ILLINOIS","17","WEST","30","WARREN","187","","","00000000","","CORN","CORN - ACRES PLANTED","TOTAL","NOT SPECIFIED","146,000",""
"SURVEY","2003","YEAR","","COUNTY","ILLINOIS","17","WEST SOUTHWEST","60","BOND","005","","","00000000","","CORN","CORN - ACRES PLANTED","TOTAL","NOT SPECIFIED","61,000",""
"SURVEY","2003","YEAR","","COUNTY","ILLINOIS","17","WEST SOUTHWEST","60","CALHOUN","013","","","00000000","","CORN","CORN - ACRES PLANTED","TOTAL","NOT SPECIFIED","20,000",""
"SURVEY","2003","YEAR","","COUNTY","ILLINOIS","17","WEST SOUTHWEST","60","CASS","017","","","00000000","","CORN","CORN - ACRES PLANTED","TOTAL","NOT SPECIFIED","90,000",""
"SURVEY","2003","YEAR","","COUNTY","ILLINOIS","17","WEST SOUTHWEST","60","CHRISTIAN","021","","","00000000","","CORN","CORN - ACRES PLANTED","TOTAL","NOT SPECIFIED","207,000",""
"SURVEY","2003","YEAR","","COUNTY","ILLINOIS","17","WEST SOUTHWEST","60","GREENE","061","","","00000000","","CORN","CORN - ACRES PLANTED","TOTAL","NOT SPECIFIED","129,000",""
"SURVEY","2003","YEAR","","COUNTY","ILLINOIS","17","WEST SOUTHWEST","60","JERSEY","083","","","00000000","","CORN","CORN - ACRES PLANTED","TOTAL","NOT SPECIFIED","67,000",""
"SURVEY","2003","YEAR","","COUNTY","ILLINOIS","17","WEST SOUTHWEST","60","MACOUPIN","117","","","00000000","","CORN","CORN - ACRES PLANTED","TOTAL","NOT SPECIFIED","188,000",""
"SURVEY","2003","YEAR","","COUNTY","ILLINOIS","17","WEST SOUTHWEST","60","MADISON","119","","","00000000","","CORN","CORN - ACRES PLANTED","TOTAL","NOT SPECIFIED","102,000",""
"SURVEY","2003","YEAR","","COUNTY","ILLINOIS","17","WEST SOUTHWEST","60","MONTGOMERY","135","","","00000000","","CORN","CORN - ACRES PLANTED","TOTAL","NOT SPECIFIED","162,000",""
"SURVEY","2003","YEAR","","COUNTY","ILLINOIS","17","WEST SOUTHWEST","60","MORGAN","137","","","00000000","","CORN","CORN - ACRES PLANTED","TOTAL","NOT SPECIFIED","134,000",""
"SURVEY","2003","YEAR","","COUNTY","ILLINOIS","17","WEST SOUTHWEST","60","PIKE","149","","","00000000","","CORN","CORN - ACRES PLANTED","TOTAL","NOT SPECIFIED","153,000",""
"SURVEY","2003","YEAR","","COUNTY","ILLINOIS","17","WEST SOUTHWEST","60","SANGAMON","167","","","00000000","","CORN","CORN - ACRES PLANTED","TOTAL","NOT SPECIFIED","225,000",""
"SURVEY","2003","YEAR","","COUNTY","ILLINOIS","17","WEST SOUTHWEST","60","SCOTT","171","","","00000000","","CORN","CORN - ACRES PLANTED","TOTAL","NOT SPECIFIED","54,000",""
"SURVEY","2002","YEAR","","COUNTY","ILLINOIS","17","CENTRAL","40","DE WITT","039","","","00000000","","CORN","CORN - ACRES PLANTED","TOTAL","NOT SPECIFIED","99,000",""
"SURVEY","2002","YEAR","","COUNTY","ILLINOIS","17","CENTRAL","40","LOGAN","107","","","00000000","","CORN","CORN - ACRES PLANTED","TOTAL","NOT SPECIFIED","182,000",""
"SURVEY","2002","YEAR","","COUNTY","ILLINOIS","17","CENTRAL","40","MACON","115","","","00000000","","CORN","CORN - ACRES PLANTED","TOTAL","NOT SPECIFIED","149,000",""
"SURVEY","2002","YEAR","","COUNTY","ILLINOIS","17","CENTRAL","40","MARSHALL","123","","","00000000","","CORN","CORN - ACRES PLANTED","TOTAL","NOT SPECIFIED","95,000",""
"SURVEY","2002","YEAR","","COUNTY","ILLINOIS","17","CENTRAL","40","MASON","125","","","00000000","","CORN","CORN - ACRES PLANTED","TOTAL","NOT SPECIFIED","118,000",""
"SURVEY","2002","YEAR","","COUNTY","ILLINOIS","17","CENTRAL","40","MCLEAN","113","","","00000000","","CORN","CORN - ACRES PLANTED","TOTAL","NOT SPECIFIED","322,000",""
"SURVEY","2002","YEAR","","COUNTY","ILLINOIS","17","CENTRAL","40","MENARD","129","","","00000000","","CORN","CORN - ACRES PLANTED","TOTAL","NOT SPECIFIED","81,000",""
"SURVEY","2002","YEAR","","COUNTY","ILLINOIS","17","CENTRAL","40","PEORIA","143","","","00000000","","CORN","CORN - ACRES PLANTED","TOTAL","NOT SPECIFIED","115,000",""
"SURVEY","2002","YEAR","","COUNTY","ILLINOIS","17","CENTRAL","40","STARK","175","","","00000000","","CORN","CORN - ACRES PLANTED","TOTAL","NOT SPECIFIED","91,000",""
"SURVEY","2002","YEAR","","COUNTY","ILLINOIS","17","CENTRAL","40","TAZEWELL","179","","","00000000","","CORN","CORN - ACRES PLANTED","TOTAL","NOT SPECIFIED","142,000",""
"SURVEY","2002","YEAR","","COUNTY","ILLINOIS","17","CENTRAL","40","WOODFORD","203","","","00000000","","CORN","CORN - ACRES PLANTED","TOTAL","NOT SPECIFIED","136,000",""
"SURVEY","2002","YEAR","","COUNTY","ILLINOIS","17","EAST","50","CHAMPAIGN","019","","","00000000","","CORN","CORN - ACRES PLANTED","TOTAL","NOT SPECIFIED","275,000",""
"SURVEY","2002","YEAR","","COUNTY","ILLINOIS","17","EAST","50","FORD","053","","","00000000","","CORN","CORN - ACRES PLANTED","TOTAL","NOT SPECIFIED","142,000",""
"SURVEY","2002","YEAR","","COUNTY","ILLINOIS","17","EAST","50","IROQUOIS","075","","","00000000","","CORN","CORN - ACRES PLANTED","TOTAL","NOT SPECIFIED","313,000",""
"SURVEY","2002","YEAR","","COUNTY","ILLINOIS","17","EAST","50","KANKAKEE","091","","","00000000","","CORN","CORN - ACRES PLANTED","TOTAL","NOT SPECIFIED","179,000",""
"SURVEY","2002","YEAR","","COUNTY","ILLINOIS","17","EAST","50","LIVINGSTON","105","","","00000000","","CORN","CORN - ACRES PLANTED","TOTAL","NOT SPECIFIED","298,000",""
"SURVEY","2002","YEAR","","COUNTY","ILLINOIS","17","EAST","50","PIATT","147","","","00000000","","CORN","CORN - ACRES PLANTED","TOTAL","NOT SPECIFIED","126,000",""
"SURVEY","2002","YEAR","","COUNTY","ILLINOIS","17","EAST","50","VERMILION","183","","","00000000","","CORN","CORN - ACRES PLANTED","TOTAL","NOT SPECIFIED","206,000",""
"SURVEY","2002","YEAR","","COUNTY","ILLINOIS","17","EAST SOUTHEAST","70","CLARK","023","","","00000000","","CORN","CORN - ACRES PLANTED","TOTAL","NOT SPECIFIED","106,000",""
"SURVEY","2002","YEAR","","COUNTY","ILLINOIS","17","EAST SOUTHEAST","70","CLAY","025","","","00000000","","CORN","CORN - ACRES PLANTED","TOTAL","NOT SPECIFIED","69,000",""
"SURVEY","2002","YEAR","","COUNTY","ILLINOIS","17","EAST SOUTHEAST","70","COLES","029","","","00000000","","CORN","CORN - ACRES PLANTED","TOTAL","NOT SPECIFIED","117,000",""
"SURVEY","2002","YEAR","","COUNTY","ILLINOIS","17","EAST SOUTHEAST","70","CRAWFORD","033","","","00000000","","CORN","CORN - ACRES PLANTED","TOTAL","NOT SPECIFIED","82,000",""
"SURVEY","2002","YEAR","","COUNTY","ILLINOIS","17","EAST SOUTHEAST","70","CUMBERLAND","035","","","00000000","","CORN","CORN - ACRES PLANTED","TOTAL","NOT SPECIFIED","70,000",""
"SURVEY","2002","YEAR","","COUNTY","ILLINOIS","17","EAST SOUTHEAST","70","DOUGLAS","041","","","00000000","","CORN","CORN - ACRES PLANTED","TOTAL","NOT SPECIFIED","130,000",""
"SURVEY","2002","YEAR","","COUNTY","ILLINOIS","17","EAST SOUTHEAST","70","EDGAR","045","","","00000000","","CORN","CORN - ACRES PLANTED","TOTAL","NOT SPECIFIED","161,000",""
"SURVEY","2002","YEAR","","COUNTY","ILLINOIS","17","EAST SOUTHEAST","70","EFFINGHAM","049","","","00000000","","CORN","CORN - ACRES PLANTED","TOTAL","NOT SPECIFIED","99,000",""
"SURVEY","2002","YEAR","","COUNTY","ILLINOIS","17","EAST SOUTHEAST","70","FAYETTE","051","","","00000000","","CORN","CORN - ACRES PLANTED","TOTAL","NOT SPECIFIED","96,000",""
"SURVEY","2002","YEAR","","COUNTY","ILLINOIS","17","EAST SOUTHEAST","70","JASPER","079","","","00000000","","CORN","CORN - ACRES PLANTED","TOTAL","NOT SPECIFIED","95,000",""
"SURVEY","2002","YEAR","","COUNTY","ILLINOIS","17","EAST SOUTHEAST","70","LAWRENCE","101","","","00000000","","CORN","CORN - ACRES PLANTED","TOTAL","NOT SPECIFIED","68,000",""
"SURVEY","2002","YEAR","","COUNTY","ILLINOIS","17","EAST SOUTHEAST","70","MARION","121","","","00000000","","CORN","CORN - ACRES PLANTED","TOTAL","NOT SPECIFIED","72,000",""
"SURVEY","2002","YEAR","","COUNTY","ILLINOIS","17","EAST SOUTHEAST","70","MOULTRIE","139","","","00000000","","CORN","CORN - ACRES PLANTED","TOTAL","NOT SPECIFIED","87,000",""
"SURVEY","2002","YEAR","","COUNTY","ILLINOIS","17","EAST SOUTHEAST","70","RICHLAND","159","","","00000000","","CORN","CORN - ACRES PLANTED","TOTAL","NOT SPECIFIED","71,000",""
"SURVEY","2002","YEAR","","COUNTY","ILLINOIS","17","EAST SOUTHEAST","70","SHELBY","173","","","00000000","","CORN","CORN - ACRES PLANTED","TOTAL","NOT SPECIFIED","171,000",""
"SURVEY","2002","YEAR","","COUNTY","ILLINOIS","17","NORTHEAST","20","BOONE","007","","","00000000","","CORN","CORN - ACRES PLANTED","TOTAL","NOT SPECIFIED","73,000",""
"SURVEY","2002","YEAR","","COUNTY","ILLINOIS","17","NORTHEAST","20","COOK","031","","","00000000","","CORN","CORN - ACRES PLANTED","TOTAL","NOT SPECIFIED","7,000",""
"SURVEY","2002","YEAR","","COUNTY","ILLINOIS","17","NORTHEAST","20","DE KALB","037","","","00000000","","CORN","CORN - ACRES PLANTED","TOTAL","NOT SPECIFIED","193,000",""
"SURVEY","2002","YEAR","","COUNTY","ILLINOIS","17","NORTHEAST","20","DU PAGE","043","","","00000000","","CORN","CORN - ACRES PLANTED","TOTAL","NOT SPECIFIED","7,000",""
"SURVEY","2002","YEAR","","COUNTY","ILLINOIS","17","NORTHEAST","20","GRUNDY","063","","","00000000","","CORN","CORN - ACRES PLANTED","TOTAL","NOT SPECIFIED","105,000",""
"SURVEY","2002","YEAR","","COUNTY","ILLINOIS","17","NORTHEAST","20","KANE","089","","","00000000","","CORN","CORN - ACRES PLANTED","TOTAL","NOT SPECIFIED","86,000",""
"SURVEY","2002","YEAR","","COUNTY","ILLINOIS","17","NORTHEAST","20","KENDALL","093","","","00000000","","CORN","CORN - ACRES PLANTED","TOTAL","NOT SPECIFIED","80,000",""
"SURVEY","2002","YEAR","","COUNTY","ILLINOIS","17","NORTHEAST","20","LA SALLE","099","","","00000000","","CORN","CORN - ACRES PLANTED","TOTAL","NOT SPECIFIED","283,000",""
"SURVEY","2002","YEAR","","COUNTY","ILLINOIS","17","NORTHEAST","20","LAKE","097","","","00000000","","CORN","CORN - ACRES PLANTED","TOTAL","NOT SPECIFIED","14,000",""
"SURVEY","2002","YEAR","","COUNTY","ILLINOIS","17","NORTHEAST","20","MCHENRY","111","","","00000000","","CORN","CORN - ACRES PLANTED","TOTAL","NOT SPECIFIED","118,000",""
"SURVEY","2002","YEAR","","COUNTY","ILLINOIS","17","NORTHEAST","20","WILL","197","","","00000000","","CORN","CORN - ACRES PLANTED","TOTAL","NOT SPECIFIED","119,000",""
"SURVEY","2002","YEAR","","COUNTY","ILLINOIS","17","NORTHWEST","10","BUREAU","011","","","00000000","","CORN","CORN - ACRES PLANTED","TOTAL","NOT SPECIFIED","252,000",""
"SURVEY","2002","YEAR","","COUNTY","ILLINOIS","17","NORTHWEST","10","CARROLL","015","","","00000000","","CORN","CORN - ACRES PLANTED","TOTAL","NOT SPECIFIED","130,000",""
"SURVEY","2002","YEAR","","COUNTY","ILLINOIS","17","NORTHWEST","10","HENRY","073","","","00000000","","CORN","CORN - ACRES PLANTED","TOTAL","NOT SPECIFIED","216,000",""
"SURVEY","2002","YEAR","","COUNTY","ILLINOIS","17","NORTHWEST","10","JO DAVIESS","085","","","00000000","","CORN","CORN - ACRES PLANTED","TOTAL","NOT SPECIFIED","78,000",""
"SURVEY","2002","YEAR","","COUNTY","ILLINOIS","17","NORTHWEST","10","LEE","103","","","00000000","","CORN","CORN - ACRES PLANTED","TOTAL","NOT SPECIFIED","213,000",""
"SURVEY","2002","YEAR","","COUNTY","ILLINOIS","17","NORTHWEST","10","MERCER","131","","","00000000","","CORN","CORN - ACRES PLANTED","TOTAL","NOT SPECIFIED","130,000",""
"SURVEY","2002","YEAR","","COUNTY","ILLINOIS","17","NORTHWEST","10","OGLE","141","","","00000000","","CORN","CORN - ACRES PLANTED","TOTAL","NOT SPECIFIED","193,000",""
"SURVEY","2002","YEAR","","COUNTY","ILLINOIS","17","NORTHWEST","10","PUTNAM","155","","","00000000","","CORN","CORN - ACRES PLANTED","TOTAL","NOT SPECIFIED","35,000",""
"SURVEY","2002","YEAR","","COUNTY","ILLINOIS","17","NORTHWEST","10","ROCK ISLAND","161","","","00000000","","CORN","CORN - ACRES PLANTED","TOTAL","NOT SPECIFIED","67,000",""
"SURVEY","2002","YEAR","","COUNTY","ILLINOIS","17","NORTHWEST","10","STEPHENSON","177","","","00000000","","CORN","CORN - ACRES PLANTED","TOTAL","NOT SPECIFIED","153,000",""
"SURVEY","2002","YEAR","","COUNTY","ILLINOIS","17","NORTHWEST","10","WHITESIDE","195","","","00000000","","CORN","CORN - ACRES PLANTED","TOTAL","NOT SPECIFIED","209,000",""
"SURVEY","2002","YEAR","","COUNTY","ILLINOIS","17","NORTHWEST","10","WINNEBAGO","201","","","00000000","","CORN","CORN - ACRES PLANTED","TOTAL","NOT SPECIFIED","88,000",""
"SURVEY","2002","YEAR","","COUNTY","ILLINOIS","17","SOUTHEAST","90","EDWARDS","047","","","00000000","","CORN","CORN - ACRES PLANTED","TOTAL","NOT SPECIFIED","40,000",""
"SURVEY","2002","YEAR","","COUNTY","ILLINOIS","17","SOUTHEAST","90","FRANKLIN","055","","","00000000","","CORN","CORN - ACRES PLANTED","TOTAL","NOT SPECIFIED","38,000",""
"SURVEY","2002","YEAR","","COUNTY","ILLINOIS","17","SOUTHEAST","90","GALLATIN","059","","","00000000","","CORN","CORN - ACRES PLANTED","TOTAL","NOT SPECIFIED","74,000",""
"SURVEY","2002","YEAR","","COUNTY","ILLINOIS","17","SOUTHEAST","90","HAMILTON","065","","","00000000","","CORN","CORN - ACRES PLANTED","TOTAL","NOT SPECIFIED","60,000",""
"SURVEY","2002","YEAR","","COUNTY","ILLINOIS","17","SOUTHEAST","90","HARDIN","069","","","00000000","","CORN","CORN - ACRES PLANTED","TOTAL","NOT SPECIFIED","3,000",""
"SURVEY","2002","YEAR","","COUNTY","ILLINOIS","17","SOUTHEAST","90","JEFFERSON","081","","","00000000","","CORN","CORN - ACRES PLANTED","TOTAL","NOT SPECIFIED","42,000",""
"SURVEY","2002","YEAR","","COUNTY","ILLINOIS","17","SOUTHEAST","90","MASSAC","127","","","00000000","","CORN","CORN - ACRES PLANTED","TOTAL","NOT SPECIFIED","21,000",""
"SURVEY","2002","YEAR","","COUNTY","ILLINOIS","17","SOUTHEAST","90","POPE","151","","","00000000","","CORN","CORN - ACRES PLANTED","TOTAL","NOT SPECIFIED","5,000",""
"SURVEY","2002","YEAR","","COUNTY","ILLINOIS","17","SOUTHEAST","90","SALINE","165","","","00000000","","CORN","CORN - ACRES PLANTED","TOTAL","NOT SPECIFIED","46,000",""
"SURVEY","2002","YEAR","","COUNTY","ILLINOIS","17","SOUTHEAST","90","WABASH","185","","","00000000","","CORN","CORN - ACRES PLANTED","TOTAL","NOT SPECIFIED","51,000",""
"SURVEY","2002","YEAR","","COUNTY","ILLINOIS","17","SOUTHEAST","90","WAYNE","191","","","00000000","","CORN","CORN - ACRES PLANTED","TOTAL","NOT SPECIFIED","83,000",""
"SURVEY","2002","YEAR","","COUNTY","ILLINOIS","17","SOUTHEAST","90","WHITE","193","","","00000000","","CORN","CORN - ACRES PLANTED","TOTAL","NOT SPECIFIED","80,000",""
"SURVEY","2002","YEAR","","COUNTY","ILLINOIS","17","SOUTHWEST","80","ALEXANDER","003","","","00000000","","CORN","CORN - ACRES PLANTED","TOTAL","NOT SPECIFIED","11,000",""
"SURVEY","2002","YEAR","","COUNTY","ILLINOIS","17","SOUTHWEST","80","CLINTON","027","","","00000000","","CORN","CORN - ACRES PLANTED","TOTAL","NOT SPECIFIED","85,000",""
"SURVEY","2002","YEAR","","COUNTY","ILLINOIS","17","SOUTHWEST","80","JACKSON","077","","","00000000","","CORN","CORN - ACRES PLANTED","TOTAL","NOT SPECIFIED","27,000",""
"SURVEY","2002","YEAR","","COUNTY","ILLINOIS","17","SOUTHWEST","80","JOHNSON","087","","","00000000","","CORN","CORN - ACRES PLANTED","TOTAL","NOT SPECIFIED","6,000",""
"SURVEY","2002","YEAR","","COUNTY","ILLINOIS","17","SOUTHWEST","80","MONROE","133","","","00000000","","CORN","CORN - ACRES PLANTED","TOTAL","NOT SPECIFIED","51,000",""
"SURVEY","2002","YEAR","","COUNTY","ILLINOIS","17","SOUTHWEST","80","PERRY","145","","","00000000","","CORN","CORN - ACRES PLANTED","TOTAL","NOT SPECIFIED","51,000",""
"SURVEY","2002","YEAR","","COUNTY","ILLINOIS","17","SOUTHWEST","80","PULASKI","153","","","00000000","","CORN","CORN - ACRES PLANTED","TOTAL","NOT SPECIFIED","17,000",""
"SURVEY","2002","YEAR","","COUNTY","ILLINOIS","17","SOUTHWEST","80","RANDOLPH","157","","","00000000","","CORN","CORN - ACRES PLANTED","TOTAL","NOT SPECIFIED","58,000",""
"SURVEY","2002","YEAR","","COUNTY","ILLINOIS","17","SOUTHWEST","80","ST CLAIR","163","","","00000000","","CORN","CORN - ACRES PLANTED","TOTAL","NOT SPECIFIED","96,000",""
"SURVEY","2002","YEAR","","COUNTY","ILLINOIS","17","SOUTHWEST","80","UNION","181","","","00000000","","CORN","CORN - ACRES PLANTED","TOTAL","NOT SPECIFIED","16,000",""
"SURVEY","2002","YEAR","","COUNTY","ILLINOIS","17","SOUTHWEST","80","WASHINGTON","189","","","00000000","","CORN","CORN - ACRES PLANTED","TOTAL","NOT SPECIFIED","94,000",""
"SURVEY","2002","YEAR","","COUNTY","ILLINOIS","17","SOUTHWEST","80","WILLIAMSON","199","","","00000000","","CORN","CORN - ACRES PLANTED","TOTAL","NOT SPECIFIED","11,000",""
"SURVEY","2002","YEAR","","COUNTY","ILLINOIS","17","WEST","30","ADAMS","001","","","00000000","","CORN","CORN - ACRES PLANTED","TOTAL","NOT SPECIFIED","129,000",""
"SURVEY","2002","YEAR","","COUNTY","ILLINOIS","17","WEST","30","BROWN","009","","","00000000","","CORN","CORN - ACRES PLANTED","TOTAL","NOT SPECIFIED","47,000",""
"SURVEY","2002","YEAR","","COUNTY","ILLINOIS","17","WEST","30","FULTON","057","","","00000000","","CORN","CORN - ACRES PLANTED","TOTAL","NOT SPECIFIED","145,000",""
"SURVEY","2002","YEAR","","COUNTY","ILLINOIS","17","WEST","30","HANCOCK","067","","","00000000","","CORN","CORN - ACRES PLANTED","TOTAL","NOT SPECIFIED","159,000",""
"SURVEY","2002","YEAR","","COUNTY","ILLINOIS","17","WEST","30","HENDERSON","071","","","00000000","","CORN","CORN - ACRES PLANTED","TOTAL","NOT SPECIFIED","90,000",""
"SURVEY","2002","YEAR","","COUNTY","ILLINOIS","17","WEST","30","KNOX","095","","","00000000","","CORN","CORN - ACRES PLANTED","TOTAL","NOT SPECIFIED","156,000",""
"SURVEY","2002","YEAR","","COUNTY","ILLINOIS","17","WEST","30","MCDONOUGH","109","","","00000000","","CORN","CORN - ACRES PLANTED","TOTAL","NOT SPECIFIED","141,000",""
"SURVEY","2002","YEAR","","COUNTY","ILLINOIS","17","WEST","30","SCHUYLER","169","","","00000000","","CORN","CORN - ACRES PLANTED","TOTAL","NOT SPECIFIED","68,000",""
"SURVEY","2002","YEAR","","COUNTY","ILLINOIS","17","WEST","30","WARREN","187","","","00000000","","CORN","CORN - ACRES PLANTED","TOTAL","NOT SPECIFIED","142,000",""
"SURVEY","2002","YEAR","","COUNTY","ILLINOIS","17","WEST SOUTHWEST","60","BOND","005","","","00000000","","CORN","CORN - ACRES PLANTED","TOTAL","NOT SPECIFIED","55,000",""
"SURVEY","2002","YEAR","","COUNTY","ILLINOIS","17","WEST SOUTHWEST","60","CALHOUN","013","","","00000000","","CORN","CORN - ACRES PLANTED","TOTAL","NOT SPECIFIED","19,000",""
"SURVEY","2002","YEAR","","COUNTY","ILLINOIS","17","WEST SOUTHWEST","60","CASS","017","","","00000000","","CORN","CORN - ACRES PLANTED","TOTAL","NOT SPECIFIED","86,000",""
"SURVEY","2002","YEAR","","COUNTY","ILLINOIS","17","WEST SOUTHWEST","60","CHRISTIAN","021","","","00000000","","CORN","CORN - ACRES PLANTED","TOTAL","NOT SPECIFIED","190,000",""
"SURVEY","2002","YEAR","","COUNTY","ILLINOIS","17","WEST SOUTHWEST","60","GREENE","061","","","00000000","","CORN","CORN - ACRES PLANTED","TOTAL","NOT SPECIFIED","134,000",""
"SURVEY","2002","YEAR","","COUNTY","ILLINOIS","17","WEST SOUTHWEST","60","JERSEY","083","","","00000000","","CORN","CORN - ACRES PLANTED","TOTAL","NOT SPECIFIED","60,000",""
"SURVEY","2002","YEAR","","COUNTY","ILLINOIS","17","WEST SOUTHWEST","60","MACOUPIN","117","","","00000000","","CORN","CORN - ACRES PLANTED","TOTAL","NOT SPECIFIED","174,000",""
"SURVEY","2002","YEAR","","COUNTY","ILLINOIS","17","WEST SOUTHWEST","60","MADISON","119","","","00000000","","CORN","CORN - ACRES PLANTED","TOTAL","NOT SPECIFIED","99,000",""
"SURVEY","2002","YEAR","","COUNTY","ILLINOIS","17","WEST SOUTHWEST","60","MONTGOMERY","135","","","00000000","","CORN","CORN - ACRES PLANTED","TOTAL","NOT SPECIFIED","159,000",""
"SURVEY","2002","YEAR","","COUNTY","ILLINOIS","17","WEST SOUTHWEST","60","MORGAN","137","","","00000000","","CORN","CORN - ACRES PLANTED","TOTAL","NOT SPECIFIED","131,000",""
"SURVEY","2002","YEAR","","COUNTY","ILLINOIS","17","WEST SOUTHWEST","60","PIKE","149","","","00000000","","CORN","CORN - ACRES PLANTED","TOTAL","NOT SPECIFIED","159,000",""
"SURVEY","2002","YEAR","","COUNTY","ILLINOIS","17","WEST SOUTHWEST","60","SANGAMON","167","","","00000000","","CORN","CORN - ACRES PLANTED","TOTAL","NOT SPECIFIED","224,000",""
"SURVEY","2002","YEAR","","COUNTY","ILLINOIS","17","WEST SOUTHWEST","60","SCOTT","171","","","00000000","","CORN","CORN - ACRES PLANTED","TOTAL","NOT SPECIFIED","55,000",""
"SURVEY","2001","YEAR","","COUNTY","ILLINOIS","17","CENTRAL","40","DE WITT","039","","","00000000","","CORN","CORN - ACRES PLANTED","TOTAL","NOT SPECIFIED","100,000",""
"SURVEY","2001","YEAR","","COUNTY","ILLINOIS","17","CENTRAL","40","LOGAN","107","","","00000000","","CORN","CORN - ACRES PLANTED","TOTAL","NOT SPECIFIED","183,000",""
"SURVEY","2001","YEAR","","COUNTY","ILLINOIS","17","CENTRAL","40","MACON","115","","","00000000","","CORN","CORN - ACRES PLANTED","TOTAL","NOT SPECIFIED","146,000",""
"SURVEY","2001","YEAR","","COUNTY","ILLINOIS","17","CENTRAL","40","MARSHALL","123","","","00000000","","CORN","CORN - ACRES PLANTED","TOTAL","NOT SPECIFIED","93,000",""
"SURVEY","2001","YEAR","","COUNTY","ILLINOIS","17","CENTRAL","40","MASON","125","","","00000000","","CORN","CORN - ACRES PLANTED","TOTAL","NOT SPECIFIED","119,000",""
"SURVEY","2001","YEAR","","COUNTY","ILLINOIS","17","CENTRAL","40","MCLEAN","113","","","00000000","","CORN","CORN - ACRES PLANTED","TOTAL","NOT SPECIFIED","320,000",""
"SURVEY","2001","YEAR","","COUNTY","ILLINOIS","17","CENTRAL","40","MENARD","129","","","00000000","","CORN","CORN - ACRES PLANTED","TOTAL","NOT SPECIFIED","81,000",""
"SURVEY","2001","YEAR","","COUNTY","ILLINOIS","17","CENTRAL","40","PEORIA","143","","","00000000","","CORN","CORN - ACRES PLANTED","TOTAL","NOT SPECIFIED","112,000",""
"SURVEY","2001","YEAR","","COUNTY","ILLINOIS","17","CENTRAL","40","STARK","175","","","00000000","","CORN","CORN - ACRES PLANTED","TOTAL","NOT SPECIFIED","85,000",""
"SURVEY","2001","YEAR","","COUNTY","ILLINOIS","17","CENTRAL","40","TAZEWELL","179","","","00000000","","CORN","CORN - ACRES PLANTED","TOTAL","NOT SPECIFIED","145,000",""
"SURVEY","2001","YEAR","","COUNTY","ILLINOIS","17","CENTRAL","40","WOODFORD","203","","","00000000","","CORN","CORN - ACRES PLANTED","TOTAL","NOT SPECIFIED","136,000",""
"SURVEY","2001","YEAR","","COUNTY","ILLINOIS","17","EAST","50","CHAMPAIGN","019","","","00000000","","CORN","CORN - ACRES PLANTED","TOTAL","NOT SPECIFIED","274,000",""
"SURVEY","2001","YEAR","","COUNTY","ILLINOIS","17","EAST","50","FORD","053","","","00000000","","CORN","CORN - ACRES PLANTED","TOTAL","NOT SPECIFIED","137,000",""
"SURVEY","2001","YEAR","","COUNTY","ILLINOIS","17","EAST","50","IROQUOIS","075","","","00000000","","CORN","CORN - ACRES PLANTED","TOTAL","NOT SPECIFIED","306,000",""
"SURVEY","2001","YEAR","","COUNTY","ILLINOIS","17","EAST","50","KANKAKEE","091","","","00000000","","CORN","CORN - ACRES PLANTED","TOTAL","NOT SPECIFIED","180,000",""
"SURVEY","2001","YEAR","","COUNTY","ILLINOIS","17","EAST","50","LIVINGSTON","105","","","00000000","","CORN","CORN - ACRES PLANTED","TOTAL","NOT SPECIFIED","285,000",""
"SURVEY","2001","YEAR","","COUNTY","ILLINOIS","17","EAST","50","PIATT","147","","","00000000","","CORN","CORN - ACRES PLANTED","TOTAL","NOT SPECIFIED","123,000",""
"SURVEY","2001","YEAR","","COUNTY","ILLINOIS","17","EAST","50","VERMILION","183","","","00000000","","CORN","CORN - ACRES PLANTED","TOTAL","NOT SPECIFIED","219,000",""
"SURVEY","2001","YEAR","","COUNTY","ILLINOIS","17","EAST SOUTHEAST","70","CLARK","023","","","00000000","","CORN","CORN - ACRES PLANTED","TOTAL","NOT SPECIFIED","104,000",""
"SURVEY","2001","YEAR","","COUNTY","ILLINOIS","17","EAST SOUTHEAST","70","CLAY","025","","","00000000","","CORN","CORN - ACRES PLANTED","TOTAL","NOT SPECIFIED","75,000",""
"SURVEY","2001","YEAR","","COUNTY","ILLINOIS","17","EAST SOUTHEAST","70","COLES","029","","","00000000","","CORN","CORN - ACRES PLANTED","TOTAL","NOT SPECIFIED","117,000",""
"SURVEY","2001","YEAR","","COUNTY","ILLINOIS","17","EAST SOUTHEAST","70","CRAWFORD","033","","","00000000","","CORN","CORN - ACRES PLANTED","TOTAL","NOT SPECIFIED","82,000",""
"SURVEY","2001","YEAR","","COUNTY","ILLINOIS","17","EAST SOUTHEAST","70","CUMBERLAND","035","","","00000000","","CORN","CORN - ACRES PLANTED","TOTAL","NOT SPECIFIED","72,000",""
"SURVEY","2001","YEAR","","COUNTY","ILLINOIS","17","EAST SOUTHEAST","70","DOUGLAS","041","","","00000000","","CORN","CORN - ACRES PLANTED","TOTAL","NOT SPECIFIED","122,000",""
"SURVEY","2001","YEAR","","COUNTY","ILLINOIS","17","EAST SOUTHEAST","70","EDGAR","045","","","00000000","","CORN","CORN - ACRES PLANTED","TOTAL","NOT SPECIFIED","161,000",""
"SURVEY","2001","YEAR","","COUNTY","ILLINOIS","17","EAST SOUTHEAST","70","EFFINGHAM","049","","","00000000","","CORN","CORN - ACRES PLANTED","TOTAL","NOT SPECIFIED","87,000",""
"SURVEY","2001","YEAR","","COUNTY","ILLINOIS","17","EAST SOUTHEAST","70","FAYETTE","051","","","00000000","","CORN","CORN - ACRES PLANTED","TOTAL","NOT SPECIFIED","100,000",""
"SURVEY","2001","YEAR","","COUNTY","ILLINOIS","17","EAST SOUTHEAST","70","JASPER","079","","","00000000","","CORN","CORN - ACRES PLANTED","TOTAL","NOT SPECIFIED","97,000",""
"SURVEY","2001","YEAR","","COUNTY","ILLINOIS","17","EAST SOUTHEAST","70","LAWRENCE","101","","","00000000","","CORN","CORN - ACRES PLANTED","TOTAL","NOT SPECIFIED","80,000",""
"SURVEY","2001","YEAR","","COUNTY","ILLINOIS","17","EAST SOUTHEAST","70","MARION","121","","","00000000","","CORN","CORN - ACRES PLANTED","TOTAL","NOT SPECIFIED","66,000",""
"SURVEY","2001","YEAR","","COUNTY","ILLINOIS","17","EAST SOUTHEAST","70","MOULTRIE","139","","","00000000","","CORN","CORN - ACRES PLANTED","TOTAL","NOT SPECIFIED","88,000",""
"SURVEY","2001","YEAR","","COUNTY","ILLINOIS","17","EAST SOUTHEAST","70","RICHLAND","159","","","00000000","","CORN","CORN - ACRES PLANTED","TOTAL","NOT SPECIFIED","79,000",""
"SURVEY","2001","YEAR","","COUNTY","ILLINOIS","17","EAST SOUTHEAST","70","SHELBY","173","","","00000000","","CORN","CORN - ACRES PLANTED","TOTAL","NOT SPECIFIED","173,000",""
"SURVEY","2001","YEAR","","COUNTY","ILLINOIS","17","NORTHEAST","20","BOONE","007","","","00000000","","CORN","CORN - ACRES PLANTED","TOTAL","NOT SPECIFIED","63,000",""
"SURVEY","2001","YEAR","","COUNTY","ILLINOIS","17","NORTHEAST","20","COOK","031","","","00000000","","CORN","CORN - ACRES PLANTED","TOTAL","NOT SPECIFIED","9,000",""
"SURVEY","2001","YEAR","","COUNTY","ILLINOIS","17","NORTHEAST","20","DE KALB","037","","","00000000","","CORN","CORN - ACRES PLANTED","TOTAL","NOT SPECIFIED","192,000",""
"SURVEY","2001","YEAR","","COUNTY","ILLINOIS","17","NORTHEAST","20","DU PAGE","043","","","00000000","","CORN","CORN - ACRES PLANTED","TOTAL","NOT SPECIFIED","6,000",""
"SURVEY","2001","YEAR","","COUNTY","ILLINOIS","17","NORTHEAST","20","GRUNDY","063","","","00000000","","CORN","CORN - ACRES PLANTED","TOTAL","NOT SPECIFIED","108,000",""
"SURVEY","2001","YEAR","","COUNTY","ILLINOIS","17","NORTHEAST","20","KANE","089","","","00000000","","CORN","CORN - ACRES PLANTED","TOTAL","NOT SPECIFIED","88,000",""
"SURVEY","2001","YEAR","","COUNTY","ILLINOIS","17","NORTHEAST","20","KENDALL","093","","","00000000","","CORN","CORN - ACRES PLANTED","TOTAL","NOT SPECIFIED","79,000",""
"SURVEY","2001","YEAR","","COUNTY","ILLINOIS","17","NORTHEAST","20","LA SALLE","099","","","00000000","","CORN","CORN - ACRES PLANTED","TOTAL","NOT SPECIFIED","278,000",""
"SURVEY","2001","YEAR","","COUNTY","ILLINOIS","17","NORTHEAST","20","LAKE","097","","","00000000","","CORN","CORN - ACRES PLANTED","TOTAL","NOT SPECIFIED","15,000",""
"SURVEY","2001","YEAR","","COUNTY","ILLINOIS","17","NORTHEAST","20","MCHENRY","111","","","00000000","","CORN","CORN - ACRES PLANTED","TOTAL","NOT SPECIFIED","99,000",""
"SURVEY","2001","YEAR","","COUNTY","ILLINOIS","17","NORTHEAST","20","WILL","197","","","00000000","","CORN","CORN - ACRES PLANTED","TOTAL","NOT SPECIFIED","125,000",""
"SURVEY","2001","YEAR","","COUNTY","ILLINOIS","17","NORTHWEST","10","BUREAU","011","","","00000000","","CORN","CORN - ACRES PLANTED","TOTAL","NOT SPECIFIED","239,000",""
"SURVEY","2001","YEAR","","COUNTY","ILLINOIS","17","NORTHWEST","10","CARROLL","015","","","00000000","","CORN","CORN - ACRES PLANTED","TOTAL","NOT SPECIFIED","129,000",""
"SURVEY","2001","YEAR","","COUNTY","ILLINOIS","17","NORTHWEST","10","HENRY","073","","","00000000","","CORN","CORN - ACRES PLANTED","TOTAL","NOT SPECIFIED","209,000",""
"SURVEY","2001","YEAR","","COUNTY","ILLINOIS","17","NORTHWEST","10","JO DAVIESS","085","","","00000000","","CORN","CORN - ACRES PLANTED","TOTAL","NOT SPECIFIED","75,000",""
"SURVEY","2001","YEAR","","COUNTY","ILLINOIS","17","NORTHWEST","10","LEE","103","","","00000000","","CORN","CORN - ACRES PLANTED","TOTAL","NOT SPECIFIED","209,000",""
"SURVEY","2001","YEAR","","COUNTY","ILLINOIS","17","NORTHWEST","10","MERCER","131","","","00000000","","CORN","CORN - ACRES PLANTED","TOTAL","NOT SPECIFIED","118,000",""
"SURVEY","2001","YEAR","","COUNTY","ILLINOIS","17","NORTHWEST","10","OGLE","141","","","00000000","","CORN","CORN - ACRES PLANTED","TOTAL","NOT SPECIFIED","194,000",""
"SURVEY","2001","YEAR","","COUNTY","ILLINOIS","17","NORTHWEST","10","PUTNAM","155","","","00000000","","CORN","CORN - ACRES PLANTED","TOTAL","NOT SPECIFIED","35,000",""
"SURVEY","2001","YEAR","","COUNTY","ILLINOIS","17","NORTHWEST","10","ROCK ISLAND","161","","","00000000","","CORN","CORN - ACRES PLANTED","TOTAL","NOT SPECIFIED","61,000",""
"SURVEY","2001","YEAR","","COUNTY","ILLINOIS","17","NORTHWEST","10","STEPHENSON","177","","","00000000","","CORN","CORN - ACRES PLANTED","TOTAL","NOT SPECIFIED","143,000",""
"SURVEY","2001","YEAR","","COUNTY","ILLINOIS","17","NORTHWEST","10","WHITESIDE","195","","","00000000","","CORN","CORN - ACRES PLANTED","TOTAL","NOT SPECIFIED","192,000",""
"SURVEY","2001","YEAR","","COUNTY","ILLINOIS","17","NORTHWEST","10","WINNEBAGO","201","","","00000000","","CORN","CORN - ACRES PLANTED","TOTAL","NOT SPECIFIED","84,000",""
"SURVEY","2001","YEAR","","COUNTY","ILLINOIS","17","SOUTHEAST","90","EDWARDS","047","","","00000000","","CORN","CORN - ACRES PLANTED","TOTAL","NOT SPECIFIED","38,000",""
"SURVEY","2001","YEAR","","COUNTY","ILLINOIS","17","SOUTHEAST","90","FRANKLIN","055","","","00000000","","CORN","CORN - ACRES PLANTED","TOTAL","NOT SPECIFIED","44,000",""
"SURVEY","2001","YEAR","","COUNTY","ILLINOIS","17","SOUTHEAST","90","GALLATIN","059","","","00000000","","CORN","CORN - ACRES PLANTED","TOTAL","NOT SPECIFIED","78,000",""
"SURVEY","2001","YEAR","","COUNTY","ILLINOIS","17","SOUTHEAST","90","HAMILTON","065","","","00000000","","CORN","CORN - ACRES PLANTED","TOTAL","NOT SPECIFIED","70,000",""
"SURVEY","2001","YEAR","","COUNTY","ILLINOIS","17","SOUTHEAST","90","HARDIN","069","","","00000000","","CORN","CORN - ACRES PLANTED","TOTAL","NOT SPECIFIED","2,000",""
"SURVEY","2001","YEAR","","COUNTY","ILLINOIS","17","SOUTHEAST","90","JEFFERSON","081","","","00000000","","CORN","CORN - ACRES PLANTED","TOTAL","NOT SPECIFIED","47,000",""
"SURVEY","2001","YEAR","","COUNTY","ILLINOIS","17","SOUTHEAST","90","MASSAC","127","","","00000000","","CORN","CORN - ACRES PLANTED","TOTAL","NOT SPECIFIED","27,000",""
"SURVEY","2001","YEAR","","COUNTY","ILLINOIS","17","SOUTHEAST","90","POPE","151","","","00000000","","CORN","CORN - ACRES PLANTED","TOTAL","NOT SPECIFIED","7,000",""
"SURVEY","2001","YEAR","","COUNTY","ILLINOIS","17","SOUTHEAST","90","SALINE","165","","","00000000","","CORN","CORN - ACRES PLANTED","TOTAL","NOT SPECIFIED","46,000",""
"SURVEY","2001","YEAR","","COUNTY","ILLINOIS","17","SOUTHEAST","90","WABASH","185","","","00000000","","CORN","CORN - ACRES PLANTED","TOTAL","NOT SPECIFIED","53,000",""
"SURVEY","2001","YEAR","","COUNTY","ILLINOIS","17","SOUTHEAST","90","WAYNE","191","","","00000000","","CORN","CORN - ACRES PLANTED","TOTAL","NOT SPECIFIED","95,000",""
"SURVEY","2001","YEAR","","COUNTY","ILLINOIS","17","SOUTHEAST","90","WHITE","193","","","00000000","","CORN","CORN - ACRES PLANTED","TOTAL","NOT SPECIFIED","96,000",""
"SURVEY","2001","YEAR","","COUNTY","ILLINOIS","17","SOUTHWEST","80","ALEXANDER","003","","","00000000","","CORN","CORN - ACRES PLANTED","TOTAL","NOT SPECIFIED","11,000",""
"SURVEY","2001","YEAR","","COUNTY","ILLINOIS","17","SOUTHWEST","80","CLINTON","027","","","00000000","","CORN","CORN - ACRES PLANTED","TOTAL","NOT SPECIFIED","82,000",""
"SURVEY","2001","YEAR","","COUNTY","ILLINOIS","17","SOUTHWEST","80","JACKSON","077","","","00000000","","CORN","CORN - ACRES PLANTED","TOTAL","NOT SPECIFIED","35,000",""
"SURVEY","2001","YEAR","","COUNTY","ILLINOIS","17","SOUTHWEST","80","JOHNSON","087","","","00000000","","CORN","CORN - ACRES PLANTED","TOTAL","NOT SPECIFIED","9,000",""
"SURVEY","2001","YEAR","","COUNTY","ILLINOIS","17","SOUTHWEST","80","MONROE","133","","","00000000","","CORN","CORN - ACRES PLANTED","TOTAL","NOT SPECIFIED","53,000",""
"SURVEY","2001","YEAR","","COUNTY","ILLINOIS","17","SOUTHWEST","80","PERRY","145","","","00000000","","CORN","CORN - ACRES PLANTED","TOTAL","NOT SPECIFIED","49,000",""
"SURVEY","2001","YEAR","","COUNTY","ILLINOIS","17","SOUTHWEST","80","PULASKI","153","","","00000000","","CORN","CORN - ACRES PLANTED","TOTAL","NOT SPECIFIED","17,000",""
"SURVEY","2001","YEAR","","COUNTY","ILLINOIS","17","SOUTHWEST","80","RANDOLPH","157","","","00000000","","CORN","CORN - ACRES PLANTED","TOTAL","NOT SPECIFIED","60,000",""
"SURVEY","2001","YEAR","","COUNTY","ILLINOIS","17","SOUTHWEST","80","ST CLAIR","163","","","00000000","","CORN","CORN - ACRES PLANTED","TOTAL","NOT SPECIFIED","93,000",""
"SURVEY","2001","YEAR","","COUNTY","ILLINOIS","17","SOUTHWEST","80","UNION","181","","","00000000","","CORN","CORN - ACRES PLANTED","TOTAL","NOT SPECIFIED","16,000",""
"SURVEY","2001","YEAR","","COUNTY","ILLINOIS","17","SOUTHWEST","80","WASHINGTON","189","","","00000000","","CORN","CORN - ACRES PLANTED","TOTAL","NOT SPECIFIED","90,000",""
"SURVEY","2001","YEAR","","COUNTY","ILLINOIS","17","SOUTHWEST","80","WILLIAMSON","199","","","00000000","","CORN","CORN - ACRES PLANTED","TOTAL","NOT SPECIFIED","16,000",""
"SURVEY","2001","YEAR","","COUNTY","ILLINOIS","17","WEST","30","ADAMS","001","","","00000000","","CORN","CORN - ACRES PLANTED","TOTAL","NOT SPECIFIED","140,000",""
"SURVEY","2001","YEAR","","COUNTY","ILLINOIS","17","WEST","30","BROWN","009","","","00000000","","CORN","CORN - ACRES PLANTED","TOTAL","NOT SPECIFIED","46,000",""
"SURVEY","2001","YEAR","","COUNTY","ILLINOIS","17","WEST","30","FULTON","057","","","00000000","","CORN","CORN - ACRES PLANTED","TOTAL","NOT SPECIFIED","132,000",""
"SURVEY","2001","YEAR","","COUNTY","ILLINOIS","17","WEST","30","HANCOCK","067","","","00000000","","CORN","CORN - ACRES PLANTED","TOTAL","NOT SPECIFIED","149,000",""
"SURVEY","2001","YEAR","","COUNTY","ILLINOIS","17","WEST","30","HENDERSON","071","","","00000000","","CORN","CORN - ACRES PLANTED","TOTAL","NOT SPECIFIED","82,000",""
"SURVEY","2001","YEAR","","COUNTY","ILLINOIS","17","WEST","30","KNOX","095","","","00000000","","CORN","CORN - ACRES PLANTED","TOTAL","NOT SPECIFIED","145,000",""
"SURVEY","2001","YEAR","","COUNTY","ILLINOIS","17","WEST","30","MCDONOUGH","109","","","00000000","","CORN","CORN - ACRES PLANTED","TOTAL","NOT SPECIFIED","138,000",""
"SURVEY","2001","YEAR","","COUNTY","ILLINOIS","17","WEST","30","SCHUYLER","169","","","00000000","","CORN","CORN - ACRES PLANTED","TOTAL","NOT SPECIFIED","63,000",""
"SURVEY","2001","YEAR","","COUNTY","ILLINOIS","17","WEST","30","WARREN","187","","","00000000","","CORN","CORN - ACRES PLANTED","TOTAL","NOT SPECIFIED","135,000",""
"SURVEY","2001","YEAR","","COUNTY","ILLINOIS","17","WEST SOUTHWEST","60","BOND","005","","","00000000","","CORN","CORN - ACRES PLANTED","TOTAL","NOT SPECIFIED","57,000",""
"SURVEY","2001","YEAR","","COUNTY","ILLINOIS","17","WEST SOUTHWEST","60","CALHOUN","013","","","00000000","","CORN","CORN - ACRES PLANTED","TOTAL","NOT SPECIFIED","16,000",""
"SURVEY","2001","YEAR","","COUNTY","ILLINOIS","17","WEST SOUTHWEST","60","CASS","017","","","00000000","","CORN","CORN - ACRES PLANTED","TOTAL","NOT SPECIFIED","84,000",""
"SURVEY","2001","YEAR","","COUNTY","ILLINOIS","17","WEST SOUTHWEST","60","CHRISTIAN","021","","","00000000","","CORN","CORN - ACRES PLANTED","TOTAL","NOT SPECIFIED","200,000",""
"SURVEY","2001","YEAR","","COUNTY","ILLINOIS","17","WEST SOUTHWEST","60","GREENE","061","","","00000000","","CORN","CORN - ACRES PLANTED","TOTAL","NOT SPECIFIED","119,000",""
"SURVEY","2001","YEAR","","COUNTY","ILLINOIS","17","WEST SOUTHWEST","60","JERSEY","083","","","00000000","","CORN","CORN - ACRES PLANTED","TOTAL","NOT SPECIFIED","66,000",""
"SURVEY","2001","YEAR","","COUNTY","ILLINOIS","17","WEST SOUTHWEST","60","MACOUPIN","117","","","00000000","","CORN","CORN - ACRES PLANTED","TOTAL","NOT SPECIFIED","174,000",""
"SURVEY","2001","YEAR","","COUNTY","ILLINOIS","17","WEST SOUTHWEST","60","MADISON","119","","","00000000","","CORN","CORN - ACRES PLANTED","TOTAL","NOT SPECIFIED","114,000",""
"SURVEY","2001","YEAR","","COUNTY","ILLINOIS","17","WEST SOUTHWEST","60","MONTGOMERY","135","","","00000000","","CORN","CORN - ACRES PLANTED","TOTAL","NOT SPECIFIED","156,000",""
"SURVEY","2001","YEAR","","COUNTY","ILLINOIS","17","WEST SOUTHWEST","60","MORGAN","137","","","00000000","","CORN","CORN - ACRES PLANTED","TOTAL","NOT SPECIFIED","129,000",""
"SURVEY","2001","YEAR","","COUNTY","ILLINOIS","17","WEST SOUTHWEST","60","PIKE","149","","","00000000","","CORN","CORN - ACRES PLANTED","TOTAL","NOT SPECIFIED","154,000",""
"SURVEY","2001","YEAR","","COUNTY","ILLINOIS","17","WEST SOUTHWEST","60","SANGAMON","167","","","00000000","","CORN","CORN - ACRES PLANTED","TOTAL","NOT SPECIFIED","214,000",""
"SURVEY","2001","YEAR","","COUNTY","ILLINOIS","17","WEST SOUTHWEST","60","SCOTT","171","","","00000000","","CORN","CORN - ACRES PLANTED","TOTAL","NOT SPECIFIED","56,000",""
"SURVEY","2000","YEAR","","COUNTY","ILLINOIS","17","CENTRAL","40","DE WITT","039","","","00000000","","CORN","CORN - ACRES PLANTED","TOTAL","NOT SPECIFIED","100,000",""
"SURVEY","2000","YEAR","","COUNTY","ILLINOIS","17","CENTRAL","40","LOGAN","107","","","00000000","","CORN","CORN - ACRES PLANTED","TOTAL","NOT SPECIFIED","181,000",""
"SURVEY","2000","YEAR","","COUNTY","ILLINOIS","17","CENTRAL","40","MACON","115","","","00000000","","CORN","CORN - ACRES PLANTED","TOTAL","NOT SPECIFIED","152,000",""
"SURVEY","2000","YEAR","","COUNTY","ILLINOIS","17","CENTRAL","40","MARSHALL","123","","","00000000","","CORN","CORN - ACRES PLANTED","TOTAL","NOT SPECIFIED","95,000",""
"SURVEY","2000","YEAR","","COUNTY","ILLINOIS","17","CENTRAL","40","MASON","125","","","00000000","","CORN","CORN - ACRES PLANTED","TOTAL","NOT SPECIFIED","113,000",""
"SURVEY","2000","YEAR","","COUNTY","ILLINOIS","17","CENTRAL","40","MCLEAN","113","","","00000000","","CORN","CORN - ACRES PLANTED","TOTAL","NOT SPECIFIED","331,000",""
"SURVEY","2000","YEAR","","COUNTY","ILLINOIS","17","CENTRAL","40","MENARD","129","","","00000000","","CORN","CORN - ACRES PLANTED","TOTAL","NOT SPECIFIED","83,000",""
"SURVEY","2000","YEAR","","COUNTY","ILLINOIS","17","CENTRAL","40","PEORIA","143","","","00000000","","CORN","CORN - ACRES PLANTED","TOTAL","NOT SPECIFIED","105,000",""
"SURVEY","2000","YEAR","","COUNTY","ILLINOIS","17","CENTRAL","40","STARK","175","","","00000000","","CORN","CORN - ACRES PLANTED","TOTAL","NOT SPECIFIED","91,000",""
"SURVEY","2000","YEAR","","COUNTY","ILLINOIS","17","CENTRAL","40","TAZEWELL","179","","","00000000","","CORN","CORN - ACRES PLANTED","TOTAL","NOT SPECIFIED","147,000",""
"SURVEY","2000","YEAR","","COUNTY","ILLINOIS","17","CENTRAL","40","WOODFORD","203","","","00000000","","CORN","CORN - ACRES PLANTED","TOTAL","NOT SPECIFIED","137,000",""
"SURVEY","2000","YEAR","","COUNTY","ILLINOIS","17","EAST","50","CHAMPAIGN","019","","","00000000","","CORN","CORN - ACRES PLANTED","TOTAL","NOT SPECIFIED","278,000",""
"SURVEY","2000","YEAR","","COUNTY","ILLINOIS","17","EAST","50","FORD","053","","","00000000","","CORN","CORN - ACRES PLANTED","TOTAL","NOT SPECIFIED","145,000",""
"SURVEY","2000","YEAR","","COUNTY","ILLINOIS","17","EAST","50","IROQUOIS","075","","","00000000","","CORN","CORN - ACRES PLANTED","TOTAL","NOT SPECIFIED","318,000",""
"SURVEY","2000","YEAR","","COUNTY","ILLINOIS","17","EAST","50","KANKAKEE","091","","","00000000","","CORN","CORN - ACRES PLANTED","TOTAL","NOT SPECIFIED","186,000",""
"SURVEY","2000","YEAR","","COUNTY","ILLINOIS","17","EAST","50","LIVINGSTON","105","","","00000000","","CORN","CORN - ACRES PLANTED","TOTAL","NOT SPECIFIED","290,000",""
"SURVEY","2000","YEAR","","COUNTY","ILLINOIS","17","EAST","50","PIATT","147","","","00000000","","CORN","CORN - ACRES PLANTED","TOTAL","NOT SPECIFIED","129,000",""
"SURVEY","2000","YEAR","","COUNTY","ILLINOIS","17","EAST","50","VERMILION","183","","","00000000","","CORN","CORN - ACRES PLANTED","TOTAL","NOT SPECIFIED","222,000",""
"SURVEY","2000","YEAR","","COUNTY","ILLINOIS","17","EAST SOUTHEAST","70","CLARK","023","","","00000000","","CORN","CORN - ACRES PLANTED","TOTAL","NOT SPECIFIED","110,000",""
"SURVEY","2000","YEAR","","COUNTY","ILLINOIS","17","EAST SOUTHEAST","70","CLAY","025","","","00000000","","CORN","CORN - ACRES PLANTED","TOTAL","NOT SPECIFIED","66,000",""
"SURVEY","2000","YEAR","","COUNTY","ILLINOIS","17","EAST SOUTHEAST","70","COLES","029","","","00000000","","CORN","CORN - ACRES PLANTED","TOTAL","NOT SPECIFIED","122,000",""
"SURVEY","2000","YEAR","","COUNTY","ILLINOIS","17","EAST SOUTHEAST","70","CRAWFORD","033","","","00000000","","CORN","CORN - ACRES PLANTED","TOTAL","NOT SPECIFIED","83,000",""
"SURVEY","2000","YEAR","","COUNTY","ILLINOIS","17","EAST SOUTHEAST","70","CUMBERLAND","035","","","00000000","","CORN","CORN - ACRES PLANTED","TOTAL","NOT SPECIFIED","74,000",""
"SURVEY","2000","YEAR","","COUNTY","ILLINOIS","17","EAST SOUTHEAST","70","DOUGLAS","041","","","00000000","","CORN","CORN - ACRES PLANTED","TOTAL","NOT SPECIFIED","127,000",""
"SURVEY","2000","YEAR","","COUNTY","ILLINOIS","17","EAST SOUTHEAST","70","EDGAR","045","","","00000000","","CORN","CORN - ACRES PLANTED","TOTAL","NOT SPECIFIED","170,000",""
"SURVEY","2000","YEAR","","COUNTY","ILLINOIS","17","EAST SOUTHEAST","70","EFFINGHAM","049","","","00000000","","CORN","CORN - ACRES PLANTED","TOTAL","NOT SPECIFIED","90,000",""
"SURVEY","2000","YEAR","","COUNTY","ILLINOIS","17","EAST SOUTHEAST","70","FAYETTE","051","","","00000000","","CORN","CORN - ACRES PLANTED","TOTAL","NOT SPECIFIED","105,000",""
"SURVEY","2000","YEAR","","COUNTY","ILLINOIS","17","EAST SOUTHEAST","70","JASPER","079","","","00000000","","CORN","CORN - ACRES PLANTED","TOTAL","NOT SPECIFIED","98,000",""
"SURVEY","2000","YEAR","","COUNTY","ILLINOIS","17","EAST SOUTHEAST","70","LAWRENCE","101","","","00000000","","CORN","CORN - ACRES PLANTED","TOTAL","NOT SPECIFIED","78,000",""
"SURVEY","2000","YEAR","","COUNTY","ILLINOIS","17","EAST SOUTHEAST","70","MARION","121","","","00000000","","CORN","CORN - ACRES PLANTED","TOTAL","NOT SPECIFIED","63,000",""
"SURVEY","2000","YEAR","","COUNTY","ILLINOIS","17","EAST SOUTHEAST","70","MOULTRIE","139","","","00000000","","CORN","CORN - ACRES PLANTED","TOTAL","NOT SPECIFIED","87,000",""
"SURVEY","2000","YEAR","","COUNTY","ILLINOIS","17","EAST SOUTHEAST","70","RICHLAND","159","","","00000000","","CORN","CORN - ACRES PLANTED","TOTAL","NOT SPECIFIED","82,000",""
"SURVEY","2000","YEAR","","COUNTY","ILLINOIS","17","EAST SOUTHEAST","70","SHELBY","173","","","00000000","","CORN","CORN - ACRES PLANTED","TOTAL","NOT SPECIFIED","180,000",""
"SURVEY","2000","YEAR","","COUNTY","ILLINOIS","17","NORTHEAST","20","BOONE","007","","","00000000","","CORN","CORN - ACRES PLANTED","TOTAL","NOT SPECIFIED","69,000",""
"SURVEY","2000","YEAR","","COUNTY","ILLINOIS","17","NORTHEAST","20","COOK","031","","","00000000","","CORN","CORN - ACRES PLANTED","TOTAL","NOT SPECIFIED","8,000",""
"SURVEY","2000","YEAR","","COUNTY","ILLINOIS","17","NORTHEAST","20","DE KALB","037","","","00000000","","CORN","CORN - ACRES PLANTED","TOTAL","NOT SPECIFIED","197,000",""
"SURVEY","2000","YEAR","","COUNTY","ILLINOIS","17","NORTHEAST","20","DU PAGE","043","","","00000000","","CORN","CORN - ACRES PLANTED","TOTAL","NOT SPECIFIED","5,000",""
"SURVEY","2000","YEAR","","COUNTY","ILLINOIS","17","NORTHEAST","20","GRUNDY","063","","","00000000","","CORN","CORN - ACRES PLANTED","TOTAL","NOT SPECIFIED","107,000",""
"SURVEY","2000","YEAR","","COUNTY","ILLINOIS","17","NORTHEAST","20","KANE","089","","","00000000","","CORN","CORN - ACRES PLANTED","TOTAL","NOT SPECIFIED","93,000",""
"SURVEY","2000","YEAR","","COUNTY","ILLINOIS","17","NORTHEAST","20","KENDALL","093","","","00000000","","CORN","CORN - ACRES PLANTED","TOTAL","NOT SPECIFIED","82,000",""
"SURVEY","2000","YEAR","","COUNTY","ILLINOIS","17","NORTHEAST","20","LA SALLE","099","","","00000000","","CORN","CORN - ACRES PLANTED","TOTAL","NOT SPECIFIED","284,000",""
"SURVEY","2000","YEAR","","COUNTY","ILLINOIS","17","NORTHEAST","20","LAKE","097","","","00000000","","CORN","CORN - ACRES PLANTED","TOTAL","NOT SPECIFIED","14,000",""
"SURVEY","2000","YEAR","","COUNTY","ILLINOIS","17","NORTHEAST","20","MCHENRY","111","","","00000000","","CORN","CORN - ACRES PLANTED","TOTAL","NOT SPECIFIED","105,000",""
"SURVEY","2000","YEAR","","COUNTY","ILLINOIS","17","NORTHEAST","20","WILL","197","","","00000000","","CORN","CORN - ACRES PLANTED","TOTAL","NOT SPECIFIED","113,000",""
"SURVEY","2000","YEAR","","COUNTY","ILLINOIS","17","NORTHWEST","10","BUREAU","011","","","00000000","","CORN","CORN - ACRES PLANTED","TOTAL","NOT SPECIFIED","244,000",""
"SURVEY","2000","YEAR","","COUNTY","ILLINOIS","17","NORTHWEST","10","CARROLL","015","","","00000000","","CORN","CORN - ACRES PLANTED","TOTAL","NOT SPECIFIED","132,000",""
"SURVEY","2000","YEAR","","COUNTY","ILLINOIS","17","NORTHWEST","10","HENRY","073","","","00000000","","CORN","CORN - ACRES PLANTED","TOTAL","NOT SPECIFIED","216,000",""
"SURVEY","2000","YEAR","","COUNTY","ILLINOIS","17","NORTHWEST","10","JO DAVIESS","085","","","00000000","","CORN","CORN - ACRES PLANTED","TOTAL","NOT SPECIFIED","80,000",""
"SURVEY","2000","YEAR","","COUNTY","ILLINOIS","17","NORTHWEST","10","LEE","103","","","00000000","","CORN","CORN - ACRES PLANTED","TOTAL","NOT SPECIFIED","212,000",""
"SURVEY","2000","YEAR","","COUNTY","ILLINOIS","17","NORTHWEST","10","MERCER","131","","","00000000","","CORN","CORN - ACRES PLANTED","TOTAL","NOT SPECIFIED","126,000",""
"SURVEY","2000","YEAR","","COUNTY","ILLINOIS","17","NORTHWEST","10","OGLE","141","","","00000000","","CORN","CORN - ACRES PLANTED","TOTAL","NOT SPECIFIED","195,000",""
"SURVEY","2000","YEAR","","COUNTY","ILLINOIS","17","NORTHWEST","10","PUTNAM","155","","","00000000","","CORN","CORN - ACRES PLANTED","TOTAL","NOT SPECIFIED","37,000",""
"SURVEY","2000","YEAR","","COUNTY","ILLINOIS","17","NORTHWEST","10","ROCK ISLAND","161","","","00000000","","CORN","CORN - ACRES PLANTED","TOTAL","NOT SPECIFIED","65,000",""
"SURVEY","2000","YEAR","","COUNTY","ILLINOIS","17","NORTHWEST","10","STEPHENSON","177","","","00000000","","CORN","CORN - ACRES PLANTED","TOTAL","NOT SPECIFIED","152,000",""
"SURVEY","2000","YEAR","","COUNTY","ILLINOIS","17","NORTHWEST","10","WHITESIDE","195","","","00000000","","CORN","CORN - ACRES PLANTED","TOTAL","NOT SPECIFIED","199,000",""
"SURVEY","2000","YEAR","","COUNTY","ILLINOIS","17","NORTHWEST","10","WINNEBAGO","201","","","00000000","","CORN","CORN - ACRES PLANTED","TOTAL","NOT SPECIFIED","89,000",""
"SURVEY","2000","YEAR","","COUNTY","ILLINOIS","17","SOUTHEAST","90","EDWARDS","047","","","00000000","","CORN","CORN - ACRES PLANTED","TOTAL","NOT SPECIFIED","42,000",""
"SURVEY","2000","YEAR","","COUNTY","ILLINOIS","17","SOUTHEAST","90","FRANKLIN","055","","","00000000","","CORN","CORN - ACRES PLANTED","TOTAL","NOT SPECIFIED","43,000",""
"SURVEY","2000","YEAR","","COUNTY","ILLINOIS","17","SOUTHEAST","90","GALLATIN","059","","","00000000","","CORN","CORN - ACRES PLANTED","TOTAL","NOT SPECIFIED","99,000",""
"SURVEY","2000","YEAR","","COUNTY","ILLINOIS","17","SOUTHEAST","90","HAMILTON","065","","","00000000","","CORN","CORN - ACRES PLANTED","TOTAL","NOT SPECIFIED","67,000",""
"SURVEY","2000","YEAR","","COUNTY","ILLINOIS","17","SOUTHEAST","90","HARDIN","069","","","00000000","","CORN","CORN - ACRES PLANTED","TOTAL","NOT SPECIFIED","2,000",""
"SURVEY","2000","YEAR","","COUNTY","ILLINOIS","17","SOUTHEAST","90","JEFFERSON","081","","","00000000","","CORN","CORN - ACRES PLANTED","TOTAL","NOT SPECIFIED","52,000",""
"SURVEY","2000","YEAR","","COUNTY","ILLINOIS","17","SOUTHEAST","90","MASSAC","127","","","00000000","","CORN","CORN - ACRES PLANTED","TOTAL","NOT SPECIFIED","31,000",""
"SURVEY","2000","YEAR","","COUNTY","ILLINOIS","17","SOUTHEAST","90","POPE","151","","","00000000","","CORN","CORN - ACRES PLANTED","TOTAL","NOT SPECIFIED","9,000",""
"SURVEY","2000","YEAR","","COUNTY","ILLINOIS","17","SOUTHEAST","90","SALINE","165","","","00000000","","CORN","CORN - ACRES PLANTED","TOTAL","NOT SPECIFIED","48,000",""
"SURVEY","2000","YEAR","","COUNTY","ILLINOIS","17","SOUTHEAST","90","WABASH","185","","","00000000","","CORN","CORN - ACRES PLANTED","TOTAL","NOT SPECIFIED","52,000",""
"SURVEY","2000","YEAR","","COUNTY","ILLINOIS","17","SOUTHEAST","90","WAYNE","191","","","00000000","","CORN","CORN - ACRES PLANTED","TOTAL","NOT SPECIFIED","95,000",""
"SURVEY","2000","YEAR","","COUNTY","ILLINOIS","17","SOUTHEAST","90","WHITE","193","","","00000000","","CORN","CORN - ACRES PLANTED","TOTAL","NOT SPECIFIED","102,000",""
"SURVEY","2000","YEAR","","COUNTY","ILLINOIS","17","SOUTHWEST","80","ALEXANDER","003","","","00000000","","CORN","CORN - ACRES PLANTED","TOTAL","NOT SPECIFIED","14,000",""
"SURVEY","2000","YEAR","","COUNTY","ILLINOIS","17","SOUTHWEST","80","CLINTON","027","","","00000000","","CORN","CORN - ACRES PLANTED","TOTAL","NOT SPECIFIED","83,000",""
"SURVEY","2000","YEAR","","COUNTY","ILLINOIS","17","SOUTHWEST","80","JACKSON","077","","","00000000","","CORN","CORN - ACRES PLANTED","TOTAL","NOT SPECIFIED","31,000",""
"SURVEY","2000","YEAR","","COUNTY","ILLINOIS","17","SOUTHWEST","80","JOHNSON","087","","","00000000","","CORN","CORN - ACRES PLANTED","TOTAL","NOT SPECIFIED","10,000",""
"SURVEY","2000","YEAR","","COUNTY","ILLINOIS","17","SOUTHWEST","80","MONROE","133","","","00000000","","CORN","CORN - ACRES PLANTED","TOTAL","NOT SPECIFIED","47,000",""
"SURVEY","2000","YEAR","","COUNTY","ILLINOIS","17","SOUTHWEST","80","PERRY","145","","","00000000","","CORN","CORN - ACRES PLANTED","TOTAL","NOT SPECIFIED","50,000",""
"SURVEY","2000","YEAR","","COUNTY","ILLINOIS","17","SOUTHWEST","80","PULASKI","153","","","00000000","","CORN","CORN - ACRES PLANTED","TOTAL","NOT SPECIFIED","18,000",""
"SURVEY","2000","YEAR","","COUNTY","ILLINOIS","17","SOUTHWEST","80","RANDOLPH","157","","","00000000","","CORN","CORN - ACRES PLANTED","TOTAL","NOT SPECIFIED","57,000",""
"SURVEY","2000","YEAR","","COUNTY","ILLINOIS","17","SOUTHWEST","80","ST CLAIR","163","","","00000000","","CORN","CORN - ACRES PLANTED","TOTAL","NOT SPECIFIED","100,000",""
"SURVEY","2000","YEAR","","COUNTY","ILLINOIS","17","SOUTHWEST","80","UNION","181","","","00000000","","CORN","CORN - ACRES PLANTED","TOTAL","NOT SPECIFIED","16,000",""
"SURVEY","2000","YEAR","","COUNTY","ILLINOIS","17","SOUTHWEST","80","WASHINGTON","189","","","00000000","","CORN","CORN - ACRES PLANTED","TOTAL","NOT SPECIFIED","95,000",""
"SURVEY","2000","YEAR","","COUNTY","ILLINOIS","17","SOUTHWEST","80","WILLIAMSON","199","","","00000000","","CORN","CORN - ACRES PLANTED","TOTAL","NOT SPECIFIED","18,000",""
"SURVEY","2000","YEAR","","COUNTY","ILLINOIS","17","WEST","30","ADAMS","001","","","00000000","","CORN","CORN - ACRES PLANTED","TOTAL","NOT SPECIFIED","128,000",""
"SURVEY","2000","YEAR","","COUNTY","ILLINOIS","17","WEST","30","BROWN","009","","","00000000","","CORN","CORN - ACRES PLANTED","TOTAL","NOT SPECIFIED","45,000",""
"SURVEY","2000","YEAR","","COUNTY","ILLINOIS","17","WEST","30","FULTON","057","","","00000000","","CORN","CORN - ACRES PLANTED","TOTAL","NOT SPECIFIED","144,000",""
"SURVEY","2000","YEAR","","COUNTY","ILLINOIS","17","WEST","30","HANCOCK","067","","","00000000","","CORN","CORN - ACRES PLANTED","TOTAL","NOT SPECIFIED","153,000",""
"SURVEY","2000","YEAR","","COUNTY","ILLINOIS","17","WEST","30","HENDERSON","071","","","00000000","","CORN","CORN - ACRES PLANTED","TOTAL","NOT SPECIFIED","92,000",""
"SURVEY","2000","YEAR","","COUNTY","ILLINOIS","17","WEST","30","KNOX","095","","","00000000","","CORN","CORN - ACRES PLANTED","TOTAL","NOT SPECIFIED","153,000",""
"SURVEY","2000","YEAR","","COUNTY","ILLINOIS","17","WEST","30","MCDONOUGH","109","","","00000000","","CORN","CORN - ACRES PLANTED","TOTAL","NOT SPECIFIED","138,000",""
"SURVEY","2000","YEAR","","COUNTY","ILLINOIS","17","WEST","30","SCHUYLER","169","","","00000000","","CORN","CORN - ACRES PLANTED","TOTAL","NOT SPECIFIED","61,000",""
"SURVEY","2000","YEAR","","COUNTY","ILLINOIS","17","WEST","30","WARREN","187","","","00000000","","CORN","CORN - ACRES PLANTED","TOTAL","NOT SPECIFIED","142,000",""
"SURVEY","2000","YEAR","","COUNTY","ILLINOIS","17","WEST SOUTHWEST","60","BOND","005","","","00000000","","CORN","CORN - ACRES PLANTED","TOTAL","NOT SPECIFIED","58,000",""
"SURVEY","2000","YEAR","","COUNTY","ILLINOIS","17","WEST SOUTHWEST","60","CALHOUN","013","","","00000000","","CORN","CORN - ACRES PLANTED","TOTAL","NOT SPECIFIED","22,000",""
"SURVEY","2000","YEAR","","COUNTY","ILLINOIS","17","WEST SOUTHWEST","60","CASS","017","","","00000000","","CORN","CORN - ACRES PLANTED","TOTAL","NOT SPECIFIED","82,000",""
"SURVEY","2000","YEAR","","COUNTY","ILLINOIS","17","WEST SOUTHWEST","60","CHRISTIAN","021","","","00000000","","CORN","CORN - ACRES PLANTED","TOTAL","NOT SPECIFIED","197,000",""
"SURVEY","2000","YEAR","","COUNTY","ILLINOIS","17","WEST SOUTHWEST","60","GREENE","061","","","00000000","","CORN","CORN - ACRES PLANTED","TOTAL","NOT SPECIFIED","112,000",""
"SURVEY","2000","YEAR","","COUNTY","ILLINOIS","17","WEST SOUTHWEST","60","JERSEY","083","","","00000000","","CORN","CORN - ACRES PLANTED","TOTAL","NOT SPECIFIED","65,000",""
"SURVEY","2000","YEAR","","COUNTY","ILLINOIS","17","WEST SOUTHWEST","60","MACOUPIN","117","","","00000000","","CORN","CORN - ACRES PLANTED","TOTAL","NOT SPECIFIED","169,000",""
"SURVEY","2000","YEAR","","COUNTY","ILLINOIS","17","WEST SOUTHWEST","60","MADISON","119","","","00000000","","CORN","CORN - ACRES PLANTED","TOTAL","NOT SPECIFIED","98,000",""
"SURVEY","2000","YEAR","","COUNTY","ILLINOIS","17","WEST SOUTHWEST","60","MONTGOMERY","135","","","00000000","","CORN","CORN - ACRES PLANTED","TOTAL","NOT SPECIFIED","154,000",""
"SURVEY","2000","YEAR","","COUNTY","ILLINOIS","17","WEST SOUTHWEST","60","MORGAN","137","","","00000000","","CORN","CORN - ACRES PLANTED","TOTAL","NOT SPECIFIED","130,000",""
"SURVEY","2000","YEAR","","COUNTY","ILLINOIS","17","WEST SOUTHWEST","60","PIKE","149","","","00000000","","CORN","CORN - ACRES PLANTED","TOTAL","NOT SPECIFIED","151,000",""
"SURVEY","2000","YEAR","","COUNTY","ILLINOIS","17","WEST SOUTHWEST","60","SANGAMON","167","","","00000000","","CORN","CORN - ACRES PLANTED","TOTAL","NOT SPECIFIED","206,000",""
"SURVEY","2000","YEAR","","COUNTY","ILLINOIS","17","WEST SOUTHWEST","60","SCOTT","171","","","00000000","","CORN","CORN - ACRES PLANTED","TOTAL","NOT SPECIFIED","57,000",""
"SURVEY","1999","YEAR","","COUNTY","ILLINOIS","17","CENTRAL","40","DE WITT","039","","","00000000","","CORN","CORN - ACRES PLANTED","TOTAL","NOT SPECIFIED","95,000",""
"SURVEY","1999","YEAR","","COUNTY","ILLINOIS","17","CENTRAL","40","LOGAN","107","","","00000000","","CORN","CORN - ACRES PLANTED","TOTAL","NOT SPECIFIED","176,000",""
"SURVEY","1999","YEAR","","COUNTY","ILLINOIS","17","CENTRAL","40","MACON","115","","","00000000","","CORN","CORN - ACRES PLANTED","TOTAL","NOT SPECIFIED","149,000",""
"SURVEY","1999","YEAR","","COUNTY","ILLINOIS","17","CENTRAL","40","MARSHALL","123","","","00000000","","CORN","CORN - ACRES PLANTED","TOTAL","NOT SPECIFIED","94,000",""
"SURVEY","1999","YEAR","","COUNTY","ILLINOIS","17","CENTRAL","40","MASON","125","","","00000000","","CORN","CORN - ACRES PLANTED","TOTAL","NOT SPECIFIED","115,000",""
"SURVEY","1999","YEAR","","COUNTY","ILLINOIS","17","CENTRAL","40","MCLEAN","113","","","00000000","","CORN","CORN - ACRES PLANTED","TOTAL","NOT SPECIFIED","320,000",""
"SURVEY","1999","YEAR","","COUNTY","ILLINOIS","17","CENTRAL","40","MENARD","129","","","00000000","","CORN","CORN - ACRES PLANTED","TOTAL","NOT SPECIFIED","78,000",""
"SURVEY","1999","YEAR","","COUNTY","ILLINOIS","17","CENTRAL","40","PEORIA","143","","","00000000","","CORN","CORN - ACRES PLANTED","TOTAL","NOT SPECIFIED","108,000",""
"SURVEY","1999","YEAR","","COUNTY","ILLINOIS","17","CENTRAL","40","STARK","175","","","00000000","","CORN","CORN - ACRES PLANTED","TOTAL","NOT SPECIFIED","88,000",""
"SURVEY","1999","YEAR","","COUNTY","ILLINOIS","17","CENTRAL","40","TAZEWELL","179","","","00000000","","CORN","CORN - ACRES PLANTED","TOTAL","NOT SPECIFIED","145,000",""
"SURVEY","1999","YEAR","","COUNTY","ILLINOIS","17","CENTRAL","40","WOODFORD","203","","","00000000","","CORN","CORN - ACRES PLANTED","TOTAL","NOT SPECIFIED","132,000",""
"SURVEY","1999","YEAR","","COUNTY","ILLINOIS","17","EAST","50","CHAMPAIGN","019","","","00000000","","CORN","CORN - ACRES PLANTED","TOTAL","NOT SPECIFIED","272,000",""
"SURVEY","1999","YEAR","","COUNTY","ILLINOIS","17","EAST","50","FORD","053","","","00000000","","CORN","CORN - ACRES PLANTED","TOTAL","NOT SPECIFIED","136,000",""
"SURVEY","1999","YEAR","","COUNTY","ILLINOIS","17","EAST","50","IROQUOIS","075","","","00000000","","CORN","CORN - ACRES PLANTED","TOTAL","NOT SPECIFIED","307,000",""
"SURVEY","1999","YEAR","","COUNTY","ILLINOIS","17","EAST","50","KANKAKEE","091","","","00000000","","CORN","CORN - ACRES PLANTED","TOTAL","NOT SPECIFIED","182,000",""
"SURVEY","1999","YEAR","","COUNTY","ILLINOIS","17","EAST","50","LIVINGSTON","105","","","00000000","","CORN","CORN - ACRES PLANTED","TOTAL","NOT SPECIFIED","283,000",""
"SURVEY","1999","YEAR","","COUNTY","ILLINOIS","17","EAST","50","PIATT","147","","","00000000","","CORN","CORN - ACRES PLANTED","TOTAL","NOT SPECIFIED","124,000",""
"SURVEY","1999","YEAR","","COUNTY","ILLINOIS","17","EAST","50","VERMILION","183","","","00000000","","CORN","CORN - ACRES PLANTED","TOTAL","NOT SPECIFIED","226,000",""
"SURVEY","1999","YEAR","","COUNTY","ILLINOIS","17","EAST SOUTHEAST","70","CLARK","023","","","00000000","","CORN","CORN - ACRES PLANTED","TOTAL","NOT SPECIFIED","98,000",""
"SURVEY","1999","YEAR","","COUNTY","ILLINOIS","17","EAST SOUTHEAST","70","CLAY","025","","","00000000","","CORN","CORN - ACRES PLANTED","TOTAL","NOT SPECIFIED","60,000",""
"SURVEY","1999","YEAR","","COUNTY","ILLINOIS","17","EAST SOUTHEAST","70","COLES","029","","","00000000","","CORN","CORN - ACRES PLANTED","TOTAL","NOT SPECIFIED","116,000",""
"SURVEY","1999","YEAR","","COUNTY","ILLINOIS","17","EAST SOUTHEAST","70","CRAWFORD","033","","","00000000","","CORN","CORN - ACRES PLANTED","TOTAL","NOT SPECIFIED","84,000",""
"SURVEY","1999","YEAR","","COUNTY","ILLINOIS","17","EAST SOUTHEAST","70","CUMBERLAND","035","","","00000000","","CORN","CORN - ACRES PLANTED","TOTAL","NOT SPECIFIED","75,000",""
"SURVEY","1999","YEAR","","COUNTY","ILLINOIS","17","EAST SOUTHEAST","70","DOUGLAS","041","","","00000000","","CORN","CORN - ACRES PLANTED","TOTAL","NOT SPECIFIED","121,000",""
"SURVEY","1999","YEAR","","COUNTY","ILLINOIS","17","EAST SOUTHEAST","70","EDGAR","045","","","00000000","","CORN","CORN - ACRES PLANTED","TOTAL","NOT SPECIFIED","163,000",""
"SURVEY","1999","YEAR","","COUNTY","ILLINOIS","17","EAST SOUTHEAST","70","EFFINGHAM","049","","","00000000","","CORN","CORN - ACRES PLANTED","TOTAL","NOT SPECIFIED","86,000",""
"SURVEY","1999","YEAR","","COUNTY","ILLINOIS","17","EAST SOUTHEAST","70","FAYETTE","051","","","00000000","","CORN","CORN - ACRES PLANTED","TOTAL","NOT SPECIFIED","94,000",""
"SURVEY","1999","YEAR","","COUNTY","ILLINOIS","17","EAST SOUTHEAST","70","JASPER","079","","","00000000","","CORN","CORN - ACRES PLANTED","TOTAL","NOT SPECIFIED","87,000",""
"SURVEY","1999","YEAR","","COUNTY","ILLINOIS","17","EAST SOUTHEAST","70","LAWRENCE","101","","","00000000","","CORN","CORN - ACRES PLANTED","TOTAL","NOT SPECIFIED","77,000",""
"SURVEY","1999","YEAR","","COUNTY","ILLINOIS","17","EAST SOUTHEAST","70","MARION","121","","","00000000","","CORN","CORN - ACRES PLANTED","TOTAL","NOT SPECIFIED","62,000",""
"SURVEY","1999","YEAR","","COUNTY","ILLINOIS","17","EAST SOUTHEAST","70","MOULTRIE","139","","","00000000","","CORN","CORN - ACRES PLANTED","TOTAL","NOT SPECIFIED","88,000",""
"SURVEY","1999","YEAR","","COUNTY","ILLINOIS","17","EAST SOUTHEAST","70","RICHLAND","159","","","00000000","","CORN","CORN - ACRES PLANTED","TOTAL","NOT SPECIFIED","75,000",""
"SURVEY","1999","YEAR","","COUNTY","ILLINOIS","17","EAST SOUTHEAST","70","SHELBY","173","","","00000000","","CORN","CORN - ACRES PLANTED","TOTAL","NOT SPECIFIED","164,000",""
"SURVEY","1999","YEAR","","COUNTY","ILLINOIS","17","NORTHEAST","20","BOONE","007","","","00000000","","CORN","CORN - ACRES PLANTED","TOTAL","NOT SPECIFIED","68,000",""
"SURVEY","1999","YEAR","","COUNTY","ILLINOIS","17","NORTHEAST","20","COOK","031","","","00000000","","CORN","CORN - ACRES PLANTED","TOTAL","NOT SPECIFIED","9,000",""
"SURVEY","1999","YEAR","","COUNTY","ILLINOIS","17","NORTHEAST","20","DE KALB","037","","","00000000","","CORN","CORN - ACRES PLANTED","TOTAL","NOT SPECIFIED","195,000",""
"SURVEY","1999","YEAR","","COUNTY","ILLINOIS","17","NORTHEAST","20","DU PAGE","043","","","00000000","","CORN","CORN - ACRES PLANTED","TOTAL","NOT SPECIFIED","5,000",""
"SURVEY","1999","YEAR","","COUNTY","ILLINOIS","17","NORTHEAST","20","GRUNDY","063","","","00000000","","CORN","CORN - ACRES PLANTED","TOTAL","NOT SPECIFIED","102,000",""
"SURVEY","1999","YEAR","","COUNTY","ILLINOIS","17","NORTHEAST","20","KANE","089","","","00000000","","CORN","CORN - ACRES PLANTED","TOTAL","NOT SPECIFIED","89,000",""
"SURVEY","1999","YEAR","","COUNTY","ILLINOIS","17","NORTHEAST","20","KENDALL","093","","","00000000","","CORN","CORN - ACRES PLANTED","TOTAL","NOT SPECIFIED","81,000",""
"SURVEY","1999","YEAR","","COUNTY","ILLINOIS","17","NORTHEAST","20","LA SALLE","099","","","00000000","","CORN","CORN - ACRES PLANTED","TOTAL","NOT SPECIFIED","276,000",""
"SURVEY","1999","YEAR","","COUNTY","ILLINOIS","17","NORTHEAST","20","LAKE","097","","","00000000","","CORN","CORN - ACRES PLANTED","TOTAL","NOT SPECIFIED","15,000",""
"SURVEY","1999","YEAR","","COUNTY","ILLINOIS","17","NORTHEAST","20","MCHENRY","111","","","00000000","","CORN","CORN - ACRES PLANTED","TOTAL","NOT SPECIFIED","92,000",""
"SURVEY","1999","YEAR","","COUNTY","ILLINOIS","17","NORTHEAST","20","WILL","197","","","00000000","","CORN","CORN - ACRES PLANTED","TOTAL","NOT SPECIFIED","128,000",""
"SURVEY","1999","YEAR","","COUNTY","ILLINOIS","17","NORTHWEST","10","BUREAU","011","","","00000000","","CORN","CORN - ACRES PLANTED","TOTAL","NOT SPECIFIED","242,000",""
"SURVEY","1999","YEAR","","COUNTY","ILLINOIS","17","NORTHWEST","10","CARROLL","015","","","00000000","","CORN","CORN - ACRES PLANTED","TOTAL","NOT SPECIFIED","129,000",""
"SURVEY","1999","YEAR","","COUNTY","ILLINOIS","17","NORTHWEST","10","HENRY","073","","","00000000","","CORN","CORN - ACRES PLANTED","TOTAL","NOT SPECIFIED","214,000",""
"SURVEY","1999","YEAR","","COUNTY","ILLINOIS","17","NORTHWEST","10","JO DAVIESS","085","","","00000000","","CORN","CORN - ACRES PLANTED","TOTAL","NOT SPECIFIED","79,000",""
"SURVEY","1999","YEAR","","COUNTY","ILLINOIS","17","NORTHWEST","10","LEE","103","","","00000000","","CORN","CORN - ACRES PLANTED","TOTAL","NOT SPECIFIED","206,000",""
"SURVEY","1999","YEAR","","COUNTY","ILLINOIS","17","NORTHWEST","10","MERCER","131","","","00000000","","CORN","CORN - ACRES PLANTED","TOTAL","NOT SPECIFIED","121,000",""
"SURVEY","1999","YEAR","","COUNTY","ILLINOIS","17","NORTHWEST","10","OGLE","141","","","00000000","","CORN","CORN - ACRES PLANTED","TOTAL","NOT SPECIFIED","195,000",""
"SURVEY","1999","YEAR","","COUNTY","ILLINOIS","17","NORTHWEST","10","PUTNAM","155","","","00000000","","CORN","CORN - ACRES PLANTED","TOTAL","NOT SPECIFIED","35,000",""
"SURVEY","1999","YEAR","","COUNTY","ILLINOIS","17","NORTHWEST","10","ROCK ISLAND","161","","","00000000","","CORN","CORN - ACRES PLANTED","TOTAL","NOT SPECIFIED","63,000",""
"SURVEY","1999","YEAR","","COUNTY","ILLINOIS","17","NORTHWEST","10","STEPHENSON","177","","","00000000","","CORN","CORN - ACRES PLANTED","TOTAL","NOT SPECIFIED","153,000",""
"SURVEY","1999","YEAR","","COUNTY","ILLINOIS","17","NORTHWEST","10","WHITESIDE","195","","","00000000","","CORN","CORN - ACRES PLANTED","TOTAL","NOT SPECIFIED","196,000",""
"SURVEY","1999","YEAR","","COUNTY","ILLINOIS","17","NORTHWEST","10","WINNEBAGO","201","","","00000000","","CORN","CORN - ACRES PLANTED","TOTAL","NOT SPECIFIED","87,000",""
"SURVEY","1999","YEAR","","COUNTY","ILLINOIS","17","SOUTHEAST","90","EDWARDS","047","","","00000000","","CORN","CORN - ACRES PLANTED","TOTAL","NOT SPECIFIED","37,000",""
"SURVEY","1999","YEAR","","COUNTY","ILLINOIS","17","SOUTHEAST","90","FRANKLIN","055","","","00000000","","CORN","CORN - ACRES PLANTED","TOTAL","NOT SPECIFIED","45,000",""
"SURVEY","1999","YEAR","","COUNTY","ILLINOIS","17","SOUTHEAST","90","GALLATIN","059","","","00000000","","CORN","CORN - ACRES PLANTED","TOTAL","NOT SPECIFIED","80,000",""
"SURVEY","1999","YEAR","","COUNTY","ILLINOIS","17","SOUTHEAST","90","HAMILTON","065","","","00000000","","CORN","CORN - ACRES PLANTED","TOTAL","NOT SPECIFIED","65,000",""
"SURVEY","1999","YEAR","","COUNTY","ILLINOIS","17","SOUTHEAST","90","HARDIN","069","","","00000000","","CORN","CORN - ACRES PLANTED","TOTAL","NOT SPECIFIED","3,000",""
"SURVEY","1999","YEAR","","COUNTY","ILLINOIS","17","SOUTHEAST","90","JEFFERSON","081","","","00000000","","CORN","CORN - ACRES PLANTED","TOTAL","NOT SPECIFIED","47,000",""
"SURVEY","1999","YEAR","","COUNTY","ILLINOIS","17","SOUTHEAST","90","MASSAC","127","","","00000000","","CORN","CORN - ACRES PLANTED","TOTAL","NOT SPECIFIED","27,000",""
"SURVEY","1999","YEAR","","COUNTY","ILLINOIS","17","SOUTHEAST","90","POPE","151","","","00000000","","CORN","CORN - ACRES PLANTED","TOTAL","NOT SPECIFIED","6,000",""
"SURVEY","1999","YEAR","","COUNTY","ILLINOIS","17","SOUTHEAST","90","SALINE","165","","","00000000","","CORN","CORN - ACRES PLANTED","TOTAL","NOT SPECIFIED","38,000",""
"SURVEY","1999","YEAR","","COUNTY","ILLINOIS","17","SOUTHEAST","90","WABASH","185","","","00000000","","CORN","CORN - ACRES PLANTED","TOTAL","NOT SPECIFIED","47,000",""
"SURVEY","1999","YEAR","","COUNTY","ILLINOIS","17","SOUTHEAST","90","WAYNE","191","","","00000000","","CORN","CORN - ACRES PLANTED","TOTAL","NOT SPECIFIED","86,000",""
"SURVEY","1999","YEAR","","COUNTY","ILLINOIS","17","SOUTHEAST","90","WHITE","193","","","00000000","","CORN","CORN - ACRES PLANTED","TOTAL","NOT SPECIFIED","89,000",""
"SURVEY","1999","YEAR","","COUNTY","ILLINOIS","17","SOUTHWEST","80","ALEXANDER","003","","","00000000","","CORN","CORN - ACRES PLANTED","TOTAL","NOT SPECIFIED","9,000",""
"SURVEY","1999","YEAR","","COUNTY","ILLINOIS","17","SOUTHWEST","80","CLINTON","027","","","00000000","","CORN","CORN - ACRES PLANTED","TOTAL","NOT SPECIFIED","80,000",""
"SURVEY","1999","YEAR","","COUNTY","ILLINOIS","17","SOUTHWEST","80","JACKSON","077","","","00000000","","CORN","CORN - ACRES PLANTED","TOTAL","NOT SPECIFIED","28,000",""
"SURVEY","1999","YEAR","","COUNTY","ILLINOIS","17","SOUTHWEST","80","JOHNSON","087","","","00000000","","CORN","CORN - ACRES PLANTED","TOTAL","NOT SPECIFIED","8,000",""
"SURVEY","1999","YEAR","","COUNTY","ILLINOIS","17","SOUTHWEST","80","MONROE","133","","","00000000","","CORN","CORN - ACRES PLANTED","TOTAL","NOT SPECIFIED","43,000",""
"SURVEY","1999","YEAR","","COUNTY","ILLINOIS","17","SOUTHWEST","80","PERRY","145","","","00000000","","CORN","CORN - ACRES PLANTED","TOTAL","NOT SPECIFIED","46,000",""
"SURVEY","1999","YEAR","","COUNTY","ILLINOIS","17","SOUTHWEST","80","PULASKI","153","","","00000000","","CORN","CORN - ACRES PLANTED","TOTAL","NOT SPECIFIED","16,000",""
"SURVEY","1999","YEAR","","COUNTY","ILLINOIS","17","SOUTHWEST","80","RANDOLPH","157","","","00000000","","CORN","CORN - ACRES PLANTED","TOTAL","NOT SPECIFIED","55,000",""
"SURVEY","1999","YEAR","","COUNTY","ILLINOIS","17","SOUTHWEST","80","ST CLAIR","163","","","00000000","","CORN","CORN - ACRES PLANTED","TOTAL","NOT SPECIFIED","89,000",""
"SURVEY","1999","YEAR","","COUNTY","ILLINOIS","17","SOUTHWEST","80","UNION","181","","","00000000","","CORN","CORN - ACRES PLANTED","TOTAL","NOT SPECIFIED","14,000",""
"SURVEY","1999","YEAR","","COUNTY","ILLINOIS","17","SOUTHWEST","80","WASHINGTON","189","","","00000000","","CORN","CORN - ACRES PLANTED","TOTAL","NOT SPECIFIED","88,000",""
"SURVEY","1999","YEAR","","COUNTY","ILLINOIS","17","SOUTHWEST","80","WILLIAMSON","199","","","00000000","","CORN","CORN - ACRES PLANTED","TOTAL","NOT SPECIFIED","14,000",""
"SURVEY","1999","YEAR","","COUNTY","ILLINOIS","17","WEST","30","ADAMS","001","","","00000000","","CORN","CORN - ACRES PLANTED","TOTAL","NOT SPECIFIED","121,000",""
"SURVEY","1999","YEAR","","COUNTY","ILLINOIS","17","WEST","30","BROWN","009","","","00000000","","CORN","CORN - ACRES PLANTED","TOTAL","NOT SPECIFIED","40,000",""
"SURVEY","1999","YEAR","","COUNTY","ILLINOIS","17","WEST","30","FULTON","057","","","00000000","","CORN","CORN - ACRES PLANTED","TOTAL","NOT SPECIFIED","153,000",""
"SURVEY","1999","YEAR","","COUNTY","ILLINOIS","17","WEST","30","HANCOCK","067","","","00000000","","CORN","CORN - ACRES PLANTED","TOTAL","NOT SPECIFIED","156,000",""
"SURVEY","1999","YEAR","","COUNTY","ILLINOIS","17","WEST","30","HENDERSON","071","","","00000000","","CORN","CORN - ACRES PLANTED","TOTAL","NOT SPECIFIED","89,000",""
"SURVEY","1999","YEAR","","COUNTY","ILLINOIS","17","WEST","30","KNOX","095","","","00000000","","CORN","CORN - ACRES PLANTED","TOTAL","NOT SPECIFIED","149,000",""
"SURVEY","1999","YEAR","","COUNTY","ILLINOIS","17","WEST","30","MCDONOUGH","109","","","00000000","","CORN","CORN - ACRES PLANTED","TOTAL","NOT SPECIFIED","136,000",""
"SURVEY","1999","YEAR","","COUNTY","ILLINOIS","17","WEST","30","SCHUYLER","169","","","00000000","","CORN","CORN - ACRES PLANTED","TOTAL","NOT SPECIFIED","61,000",""
"SURVEY","1999","YEAR","","COUNTY","ILLINOIS","17","WEST","30","WARREN","187","","","00000000","","CORN","CORN - ACRES PLANTED","TOTAL","NOT SPECIFIED","135,000",""
"SURVEY","1999","YEAR","","COUNTY","ILLINOIS","17","WEST SOUTHWEST","60","BOND","005","","","00000000","","CORN","CORN - ACRES PLANTED","TOTAL","NOT SPECIFIED","54,000",""
"SURVEY","1999","YEAR","","COUNTY","ILLINOIS","17","WEST SOUTHWEST","60","CALHOUN","013","","","00000000","","CORN","CORN - ACRES PLANTED","TOTAL","NOT SPECIFIED","18,000",""
"SURVEY","1999","YEAR","","COUNTY","ILLINOIS","17","WEST SOUTHWEST","60","CASS","017","","","00000000","","CORN","CORN - ACRES PLANTED","TOTAL","NOT SPECIFIED","80,000",""
"SURVEY","1999","YEAR","","COUNTY","ILLINOIS","17","WEST SOUTHWEST","60","CHRISTIAN","021","","","00000000","","CORN","CORN - ACRES PLANTED","TOTAL","NOT SPECIFIED","183,000",""
"SURVEY","1999","YEAR","","COUNTY","ILLINOIS","17","WEST SOUTHWEST","60","GREENE","061","","","00000000","","CORN","CORN - ACRES PLANTED","TOTAL","NOT SPECIFIED","115,000",""
"SURVEY","1999","YEAR","","COUNTY","ILLINOIS","17","WEST SOUTHWEST","60","JERSEY","083","","","00000000","","CORN","CORN - ACRES PLANTED","TOTAL","NOT SPECIFIED","64,000",""
"SURVEY","1999","YEAR","","COUNTY","ILLINOIS","17","WEST SOUTHWEST","60","MACOUPIN","117","","","00000000","","CORN","CORN - ACRES PLANTED","TOTAL","NOT SPECIFIED","163,000",""
"SURVEY","1999","YEAR","","COUNTY","ILLINOIS","17","WEST SOUTHWEST","60","MADISON","119","","","00000000","","CORN","CORN - ACRES PLANTED","TOTAL","NOT SPECIFIED","94,000",""
"SURVEY","1999","YEAR","","COUNTY","ILLINOIS","17","WEST SOUTHWEST","60","MONTGOMERY","135","","","00000000","","CORN","CORN - ACRES PLANTED","TOTAL","NOT SPECIFIED","151,000",""
"SURVEY","1999","YEAR","","COUNTY","ILLINOIS","17","WEST SOUTHWEST","60","MORGAN","137","","","00000000","","CORN","CORN - ACRES PLANTED","TOTAL","NOT SPECIFIED","127,000",""
"SURVEY","1999","YEAR","","COUNTY","ILLINOIS","17","WEST SOUTHWEST","60","PIKE","149","","","00000000","","CORN","CORN - ACRES PLANTED","TOTAL","NOT SPECIFIED","136,000",""
"SURVEY","1999","YEAR","","COUNTY","ILLINOIS","17","WEST SOUTHWEST","60","SANGAMON","167","","","00000000","","CORN","CORN - ACRES PLANTED","TOTAL","NOT SPECIFIED","204,000",""
"SURVEY","1999","YEAR","","COUNTY","ILLINOIS","17","WEST SOUTHWEST","60","SCOTT","171","","","00000000","","CORN","CORN - ACRES PLANTED","TOTAL","NOT SPECIFIED","51,000",""
"SURVEY","1998","YEAR","","COUNTY","ILLINOIS","17","CENTRAL","40","DE WITT","039","","","00000000","","CORN","CORN - ACRES PLANTED","TOTAL","NOT SPECIFIED","95,000",""
"SURVEY","1998","YEAR","","COUNTY","ILLINOIS","17","CENTRAL","40","LOGAN","107","","","00000000","","CORN","CORN - ACRES PLANTED","TOTAL","NOT SPECIFIED","186,000",""
"SURVEY","1998","YEAR","","COUNTY","ILLINOIS","17","CENTRAL","40","MACON","115","","","00000000","","CORN","CORN - ACRES PLANTED","TOTAL","NOT SPECIFIED","152,000",""
"SURVEY","1998","YEAR","","COUNTY","ILLINOIS","17","CENTRAL","40","MARSHALL","123","","","00000000","","CORN","CORN - ACRES PLANTED","TOTAL","NOT SPECIFIED","91,000",""
"SURVEY","1998","YEAR","","COUNTY","ILLINOIS","17","CENTRAL","40","MASON","125","","","00000000","","CORN","CORN - ACRES PLANTED","TOTAL","NOT SPECIFIED","116,000",""
"SURVEY","1998","YEAR","","COUNTY","ILLINOIS","17","CENTRAL","40","MCLEAN","113","","","00000000","","CORN","CORN - ACRES PLANTED","TOTAL","NOT SPECIFIED","338,000",""
"SURVEY","1998","YEAR","","COUNTY","ILLINOIS","17","CENTRAL","40","MENARD","129","","","00000000","","CORN","CORN - ACRES PLANTED","TOTAL","NOT SPECIFIED","71,000",""
"SURVEY","1998","YEAR","","COUNTY","ILLINOIS","17","CENTRAL","40","PEORIA","143","","","00000000","","CORN","CORN - ACRES PLANTED","TOTAL","NOT SPECIFIED","111,000",""
"SURVEY","1998","YEAR","","COUNTY","ILLINOIS","17","CENTRAL","40","STARK","175","","","00000000","","CORN","CORN - ACRES PLANTED","TOTAL","NOT SPECIFIED","76,000",""
"SURVEY","1998","YEAR","","COUNTY","ILLINOIS","17","CENTRAL","40","TAZEWELL","179","","","00000000","","CORN","CORN - ACRES PLANTED","TOTAL","NOT SPECIFIED","152,000",""
"SURVEY","1998","YEAR","","COUNTY","ILLINOIS","17","CENTRAL","40","WOODFORD","203","","","00000000","","CORN","CORN - ACRES PLANTED","TOTAL","NOT SPECIFIED","132,000",""
"SURVEY","1998","YEAR","","COUNTY","ILLINOIS","17","EAST","50","CHAMPAIGN","019","","","00000000","","CORN","CORN - ACRES PLANTED","TOTAL","NOT SPECIFIED","268,000",""
"SURVEY","1998","YEAR","","COUNTY","ILLINOIS","17","EAST","50","FORD","053","","","00000000","","CORN","CORN - ACRES PLANTED","TOTAL","NOT SPECIFIED","135,000",""
"SURVEY","1998","YEAR","","COUNTY","ILLINOIS","17","EAST","50","IROQUOIS","075","","","00000000","","CORN","CORN - ACRES PLANTED","TOTAL","NOT SPECIFIED","305,000",""
"SURVEY","1998","YEAR","","COUNTY","ILLINOIS","17","EAST","50","KANKAKEE","091","","","00000000","","CORN","CORN - ACRES PLANTED","TOTAL","NOT SPECIFIED","196,000",""
"SURVEY","1998","YEAR","","COUNTY","ILLINOIS","17","EAST","50","LIVINGSTON","105","","","00000000","","CORN","CORN - ACRES PLANTED","TOTAL","NOT SPECIFIED","286,000",""
"SURVEY","1998","YEAR","","COUNTY","ILLINOIS","17","EAST","50","PIATT","147","","","00000000","","CORN","CORN - ACRES PLANTED","TOTAL","NOT SPECIFIED","119,000",""
"SURVEY","1998","YEAR","","COUNTY","ILLINOIS","17","EAST","50","VERMILION","183","","","00000000","","CORN","CORN - ACRES PLANTED","TOTAL","NOT SPECIFIED","211,000",""
"SURVEY","1998","YEAR","","COUNTY","ILLINOIS","17","EAST SOUTHEAST","70","CLARK","023","","","00000000","","CORN","CORN - ACRES PLANTED","TOTAL","NOT SPECIFIED","90,000",""
"SURVEY","1998","YEAR","","COUNTY","ILLINOIS","17","EAST SOUTHEAST","70","CLAY","025","","","00000000","","CORN","CORN - ACRES PLANTED","TOTAL","NOT SPECIFIED","59,000",""
"SURVEY","1998","YEAR","","COUNTY","ILLINOIS","17","EAST SOUTHEAST","70","COLES","029","","","00000000","","CORN","CORN - ACRES PLANTED","TOTAL","NOT SPECIFIED","113,000",""
"SURVEY","1998","YEAR","","COUNTY","ILLINOIS","17","EAST SOUTHEAST","70","CRAWFORD","033","","","00000000","","CORN","CORN - ACRES PLANTED","TOTAL","NOT SPECIFIED","75,000",""
"SURVEY","1998","YEAR","","COUNTY","ILLINOIS","17","EAST SOUTHEAST","70","CUMBERLAND","035","","","00000000","","CORN","CORN - ACRES PLANTED","TOTAL","NOT SPECIFIED","69,000",""
"SURVEY","1998","YEAR","","COUNTY","ILLINOIS","17","EAST SOUTHEAST","70","DOUGLAS","041","","","00000000","","CORN","CORN - ACRES PLANTED","TOTAL","NOT SPECIFIED","116,000",""
"SURVEY","1998","YEAR","","COUNTY","ILLINOIS","17","EAST SOUTHEAST","70","EDGAR","045","","","00000000","","CORN","CORN - ACRES PLANTED","TOTAL","NOT SPECIFIED","155,000",""
"SURVEY","1998","YEAR","","COUNTY","ILLINOIS","17","EAST SOUTHEAST","70","EFFINGHAM","049","","","00000000","","CORN","CORN - ACRES PLANTED","TOTAL","NOT SPECIFIED","89,000",""
"SURVEY","1998","YEAR","","COUNTY","ILLINOIS","17","EAST SOUTHEAST","70","FAYETTE","051","","","00000000","","CORN","CORN - ACRES PLANTED","TOTAL","NOT SPECIFIED","86,000",""
"SURVEY","1998","YEAR","","COUNTY","ILLINOIS","17","EAST SOUTHEAST","70","JASPER","079","","","00000000","","CORN","CORN - ACRES PLANTED","TOTAL","NOT SPECIFIED","83,000",""
"SURVEY","1998","YEAR","","COUNTY","ILLINOIS","17","EAST SOUTHEAST","70","LAWRENCE","101","","","00000000","","CORN","CORN - ACRES PLANTED","TOTAL","NOT SPECIFIED","68,000",""
"SURVEY","1998","YEAR","","COUNTY","ILLINOIS","17","EAST SOUTHEAST","70","MARION","121","","","00000000","","CORN","CORN - ACRES PLANTED","TOTAL","NOT SPECIFIED","50,000",""
"SURVEY","1998","YEAR","","COUNTY","ILLINOIS","17","EAST SOUTHEAST","70","MOULTRIE","139","","","00000000","","CORN","CORN - ACRES PLANTED","TOTAL","NOT SPECIFIED","89,000",""
"SURVEY","1998","YEAR","","COUNTY","ILLINOIS","17","EAST SOUTHEAST","70","RICHLAND","159","","","00000000","","CORN","CORN - ACRES PLANTED","TOTAL","NOT SPECIFIED","65,000",""
"SURVEY","1998","YEAR","","COUNTY","ILLINOIS","17","EAST SOUTHEAST","70","SHELBY","173","","","00000000","","CORN","CORN - ACRES PLANTED","TOTAL","NOT SPECIFIED","163,000",""
"SURVEY","1998","YEAR","","COUNTY","ILLINOIS","17","NORTHEAST","20","BOONE","007","","","00000000","","CORN","CORN - ACRES PLANTED","TOTAL","NOT SPECIFIED","60,000",""
"SURVEY","1998","YEAR","","COUNTY","ILLINOIS","17","NORTHEAST","20","COOK","031","","","00000000","","CORN","CORN - ACRES PLANTED","TOTAL","NOT SPECIFIED","9,000",""
"SURVEY","1998","YEAR","","COUNTY","ILLINOIS","17","NORTHEAST","20","DE KALB","037","","","00000000","","CORN","CORN - ACRES PLANTED","TOTAL","NOT SPECIFIED","196,000",""
"SURVEY","1998","YEAR","","COUNTY","ILLINOIS","17","NORTHEAST","20","DU PAGE","043","","","00000000","","CORN","CORN - ACRES PLANTED","TOTAL","NOT SPECIFIED","7,000",""
"SURVEY","1998","YEAR","","COUNTY","ILLINOIS","17","NORTHEAST","20","GRUNDY","063","","","00000000","","CORN","CORN - ACRES PLANTED","TOTAL","NOT SPECIFIED","104,000",""
"SURVEY","1998","YEAR","","COUNTY","ILLINOIS","17","NORTHEAST","20","KANE","089","","","00000000","","CORN","CORN - ACRES PLANTED","TOTAL","NOT SPECIFIED","90,000",""
"SURVEY","1998","YEAR","","COUNTY","ILLINOIS","17","NORTHEAST","20","KENDALL","093","","","00000000","","CORN","CORN - ACRES PLANTED","TOTAL","NOT SPECIFIED","81,000",""
"SURVEY","1998","YEAR","","COUNTY","ILLINOIS","17","NORTHEAST","20","LA SALLE","099","","","00000000","","CORN","CORN - ACRES PLANTED","TOTAL","NOT SPECIFIED","287,000",""
"SURVEY","1998","YEAR","","COUNTY","ILLINOIS","17","NORTHEAST","20","LAKE","097","","","00000000","","CORN","CORN - ACRES PLANTED","TOTAL","NOT SPECIFIED","16,000",""
"SURVEY","1998","YEAR","","COUNTY","ILLINOIS","17","NORTHEAST","20","MCHENRY","111","","","00000000","","CORN","CORN - ACRES PLANTED","TOTAL","NOT SPECIFIED","109,000",""
"SURVEY","1998","YEAR","","COUNTY","ILLINOIS","17","NORTHEAST","20","WILL","197","","","00000000","","CORN","CORN - ACRES PLANTED","TOTAL","NOT SPECIFIED","121,000",""
"SURVEY","1998","YEAR","","COUNTY","ILLINOIS","17","NORTHWEST","10","BUREAU","011","","","00000000","","CORN","CORN - ACRES PLANTED","TOTAL","NOT SPECIFIED","240,000",""
"SURVEY","1998","YEAR","","COUNTY","ILLINOIS","17","NORTHWEST","10","CARROLL","015","","","00000000","","CORN","CORN - ACRES PLANTED","TOTAL","NOT SPECIFIED","138,000",""
"SURVEY","1998","YEAR","","COUNTY","ILLINOIS","17","NORTHWEST","10","HENRY","073","","","00000000","","CORN","CORN - ACRES PLANTED","TOTAL","NOT SPECIFIED","201,000",""
"SURVEY","1998","YEAR","","COUNTY","ILLINOIS","17","NORTHWEST","10","JO DAVIESS","085","","","00000000","","CORN","CORN - ACRES PLANTED","TOTAL","NOT SPECIFIED","85,000",""
"SURVEY","1998","YEAR","","COUNTY","ILLINOIS","17","NORTHWEST","10","LEE","103","","","00000000","","CORN","CORN - ACRES PLANTED","TOTAL","NOT SPECIFIED","196,000",""
"SURVEY","1998","YEAR","","COUNTY","ILLINOIS","17","NORTHWEST","10","MERCER","131","","","00000000","","CORN","CORN - ACRES PLANTED","TOTAL","NOT SPECIFIED","121,000",""
"SURVEY","1998","YEAR","","COUNTY","ILLINOIS","17","NORTHWEST","10","OGLE","141","","","00000000","","CORN","CORN - ACRES PLANTED","TOTAL","NOT SPECIFIED","174,000",""
"SURVEY","1998","YEAR","","COUNTY","ILLINOIS","17","NORTHWEST","10","PUTNAM","155","","","00000000","","CORN","CORN - ACRES PLANTED","TOTAL","NOT SPECIFIED","32,000",""
"SURVEY","1998","YEAR","","COUNTY","ILLINOIS","17","NORTHWEST","10","ROCK ISLAND","161","","","00000000","","CORN","CORN - ACRES PLANTED","TOTAL","NOT SPECIFIED","59,000",""
"SURVEY","1998","YEAR","","COUNTY","ILLINOIS","17","NORTHWEST","10","STEPHENSON","177","","","00000000","","CORN","CORN - ACRES PLANTED","TOTAL","NOT SPECIFIED","153,000",""
"SURVEY","1998","YEAR","","COUNTY","ILLINOIS","17","NORTHWEST","10","WHITESIDE","195","","","00000000","","CORN","CORN - ACRES PLANTED","TOTAL","NOT SPECIFIED","186,000",""
"SURVEY","1998","YEAR","","COUNTY","ILLINOIS","17","NORTHWEST","10","WINNEBAGO","201","","","00000000","","CORN","CORN - ACRES PLANTED","TOTAL","NOT SPECIFIED","85,000",""
"SURVEY","1998","YEAR","","COUNTY","ILLINOIS","17","SOUTHEAST","90","EDWARDS","047","","","00000000","","CORN","CORN - ACRES PLANTED","TOTAL","NOT SPECIFIED","37,000",""
"SURVEY","1998","YEAR","","COUNTY","ILLINOIS","17","SOUTHEAST","90","FRANKLIN","055","","","00000000","","CORN","CORN - ACRES PLANTED","TOTAL","NOT SPECIFIED","34,000",""
"SURVEY","1998","YEAR","","COUNTY","ILLINOIS","17","SOUTHEAST","90","GALLATIN","059","","","00000000","","CORN","CORN - ACRES PLANTED","TOTAL","NOT SPECIFIED","85,000",""
"SURVEY","1998","YEAR","","COUNTY","ILLINOIS","17","SOUTHEAST","90","HAMILTON","065","","","00000000","","CORN","CORN - ACRES PLANTED","TOTAL","NOT SPECIFIED","50,000",""
"SURVEY","1998","YEAR","","COUNTY","ILLINOIS","17","SOUTHEAST","90","HARDIN","069","","","00000000","","CORN","CORN - ACRES PLANTED","TOTAL","NOT SPECIFIED","2,000",""
"SURVEY","1998","YEAR","","COUNTY","ILLINOIS","17","SOUTHEAST","90","JEFFERSON","081","","","00000000","","CORN","CORN - ACRES PLANTED","TOTAL","NOT SPECIFIED","39,000",""
"SURVEY","1998","YEAR","","COUNTY","ILLINOIS","17","SOUTHEAST","90","MASSAC","127","","","00000000","","CORN","CORN - ACRES PLANTED","TOTAL","NOT SPECIFIED","27,000",""
"SURVEY","1998","YEAR","","COUNTY","ILLINOIS","17","SOUTHEAST","90","POPE","151","","","00000000","","CORN","CORN - ACRES PLANTED","TOTAL","NOT SPECIFIED","7,000",""
"SURVEY","1998","YEAR","","COUNTY","ILLINOIS","17","SOUTHEAST","90","SALINE","165","","","00000000","","CORN","CORN - ACRES PLANTED","TOTAL","NOT SPECIFIED","35,000",""
"SURVEY","1998","YEAR","","COUNTY","ILLINOIS","17","SOUTHEAST","90","WABASH","185","","","00000000","","CORN","CORN - ACRES PLANTED","TOTAL","NOT SPECIFIED","42,000",""
"SURVEY","1998","YEAR","","COUNTY","ILLINOIS","17","SOUTHEAST","90","WAYNE","191","","","00000000","","CORN","CORN - ACRES PLANTED","TOTAL","NOT SPECIFIED","75,000",""
"SURVEY","1998","YEAR","","COUNTY","ILLINOIS","17","SOUTHEAST","90","WHITE","193","","","00000000","","CORN","CORN - ACRES PLANTED","TOTAL","NOT SPECIFIED","77,000",""
"SURVEY","1998","YEAR","","COUNTY","ILLINOIS","17","SOUTHWEST","80","ALEXANDER","003","","","00000000","","CORN","CORN - ACRES PLANTED","TOTAL","NOT SPECIFIED","8,000",""
"SURVEY","1998","YEAR","","COUNTY","ILLINOIS","17","SOUTHWEST","80","CLINTON","027","","","00000000","","CORN","CORN - ACRES PLANTED","TOTAL","NOT SPECIFIED","67,000",""
"SURVEY","1998","YEAR","","COUNTY","ILLINOIS","17","SOUTHWEST","80","JACKSON","077","","","00000000","","CORN","CORN - ACRES PLANTED","TOTAL","NOT SPECIFIED","30,000",""
"SURVEY","1998","YEAR","","COUNTY","ILLINOIS","17","SOUTHWEST","80","JOHNSON","087","","","00000000","","CORN","CORN - ACRES PLANTED","TOTAL","NOT SPECIFIED","12,000",""
"SURVEY","1998","YEAR","","COUNTY","ILLINOIS","17","SOUTHWEST","80","MONROE","133","","","00000000","","CORN","CORN - ACRES PLANTED","TOTAL","NOT SPECIFIED","42,000",""
"SURVEY","1998","YEAR","","COUNTY","ILLINOIS","17","SOUTHWEST","80","PERRY","145","","","00000000","","CORN","CORN - ACRES PLANTED","TOTAL","NOT SPECIFIED","39,000",""
"SURVEY","1998","YEAR","","COUNTY","ILLINOIS","17","SOUTHWEST","80","PULASKI","153","","","00000000","","CORN","CORN - ACRES PLANTED","TOTAL","NOT SPECIFIED","15,000",""
"SURVEY","1998","YEAR","","COUNTY","ILLINOIS","17","SOUTHWEST","80","RANDOLPH","157","","","00000000","","CORN","CORN - ACRES PLANTED","TOTAL","NOT SPECIFIED","54,000",""
"SURVEY","1998","YEAR","","COUNTY","ILLINOIS","17","SOUTHWEST","80","ST CLAIR","163","","","00000000","","CORN","CORN - ACRES PLANTED","TOTAL","NOT SPECIFIED","85,000",""
"SURVEY","1998","YEAR","","COUNTY","ILLINOIS","17","SOUTHWEST","80","UNION","181","","","00000000","","CORN","CORN - ACRES PLANTED","TOTAL","NOT SPECIFIED","12,000",""
"SURVEY","1998","YEAR","","COUNTY","ILLINOIS","17","SOUTHWEST","80","WASHINGTON","189","","","00000000","","CORN","CORN - ACRES PLANTED","TOTAL","NOT SPECIFIED","90,000",""
"SURVEY","1998","YEAR","","COUNTY","ILLINOIS","17","SOUTHWEST","80","WILLIAMSON","199","","","00000000","","CORN","CORN - ACRES PLANTED","TOTAL","NOT SPECIFIED","16,000",""
"SURVEY","1998","YEAR","","COUNTY","ILLINOIS","17","WEST","30","ADAMS","001","","","00000000","","CORN","CORN - ACRES PLANTED","TOTAL","NOT SPECIFIED","121,000",""
"SURVEY","1998","YEAR","","COUNTY","ILLINOIS","17","WEST","30","BROWN","009","","","00000000","","CORN","CORN - ACRES PLANTED","TOTAL","NOT SPECIFIED","42,000",""
"SURVEY","1998","YEAR","","COUNTY","ILLINOIS","17","WEST","30","FULTON","057","","","00000000","","CORN","CORN - ACRES PLANTED","TOTAL","NOT SPECIFIED","171,000",""
"SURVEY","1998","YEAR","","COUNTY","ILLINOIS","17","WEST","30","HANCOCK","067","","","00000000","","CORN","CORN - ACRES PLANTED","TOTAL","NOT SPECIFIED","157,000",""
"SURVEY","1998","YEAR","","COUNTY","ILLINOIS","17","WEST","30","HENDERSON","071","","","00000000","","CORN","CORN - ACRES PLANTED","TOTAL","NOT SPECIFIED","84,000",""
"SURVEY","1998","YEAR","","COUNTY","ILLINOIS","17","WEST","30","KNOX","095","","","00000000","","CORN","CORN - ACRES PLANTED","TOTAL","NOT SPECIFIED","161,000",""
"SURVEY","1998","YEAR","","COUNTY","ILLINOIS","17","WEST","30","MCDONOUGH","109","","","00000000","","CORN","CORN - ACRES PLANTED","TOTAL","NOT SPECIFIED","134,000",""
"SURVEY","1998","YEAR","","COUNTY","ILLINOIS","17","WEST","30","SCHUYLER","169","","","00000000","","CORN","CORN - ACRES PLANTED","TOTAL","NOT SPECIFIED","52,000",""
"SURVEY","1998","YEAR","","COUNTY","ILLINOIS","17","WEST","30","WARREN","187","","","00000000","","CORN","CORN - ACRES PLANTED","TOTAL","NOT SPECIFIED","138,000",""
"SURVEY","1998","YEAR","","COUNTY","ILLINOIS","17","WEST SOUTHWEST","60","BOND","005","","","00000000","","CORN","CORN - ACRES PLANTED","TOTAL","NOT SPECIFIED","47,000",""
"SURVEY","1998","YEAR","","COUNTY","ILLINOIS","17","WEST SOUTHWEST","60","CALHOUN","013","","","00000000","","CORN","CORN - ACRES PLANTED","TOTAL","NOT SPECIFIED","18,000",""
"SURVEY","1998","YEAR","","COUNTY","ILLINOIS","17","WEST SOUTHWEST","60","CASS","017","","","00000000","","CORN","CORN - ACRES PLANTED","TOTAL","NOT SPECIFIED","87,000",""
"SURVEY","1998","YEAR","","COUNTY","ILLINOIS","17","WEST SOUTHWEST","60","CHRISTIAN","021","","","00000000","","CORN","CORN - ACRES PLANTED","TOTAL","NOT SPECIFIED","173,000",""
"SURVEY","1998","YEAR","","COUNTY","ILLINOIS","17","WEST SOUTHWEST","60","GREENE","061","","","00000000","","CORN","CORN - ACRES PLANTED","TOTAL","NOT SPECIFIED","112,000",""
"SURVEY","1998","YEAR","","COUNTY","ILLINOIS","17","WEST SOUTHWEST","60","JERSEY","083","","","00000000","","CORN","CORN - ACRES PLANTED","TOTAL","NOT SPECIFIED","57,000",""
"SURVEY","1998","YEAR","","COUNTY","ILLINOIS","17","WEST SOUTHWEST","60","MACOUPIN","117","","","00000000","","CORN","CORN - ACRES PLANTED","TOTAL","NOT SPECIFIED","149,000",""
"SURVEY","1998","YEAR","","COUNTY","ILLINOIS","17","WEST SOUTHWEST","60","MADISON","119","","","00000000","","CORN","CORN - ACRES PLANTED","TOTAL","NOT SPECIFIED","86,000",""
"SURVEY","1998","YEAR","","COUNTY","ILLINOIS","17","WEST SOUTHWEST","60","MONTGOMERY","135","","","00000000","","CORN","CORN - ACRES PLANTED","TOTAL","NOT SPECIFIED","146,000",""
"SURVEY","1998","YEAR","","COUNTY","ILLINOIS","17","WEST SOUTHWEST","60","MORGAN","137","","","00000000","","CORN","CORN - ACRES PLANTED","TOTAL","NOT SPECIFIED","123,000",""
"SURVEY","1998","YEAR","","COUNTY","ILLINOIS","17","WEST SOUTHWEST","60","PIKE","149","","","00000000","","CORN","CORN - ACRES PLANTED","TOTAL","NOT SPECIFIED","134,000",""
"SURVEY","1998","YEAR","","COUNTY","ILLINOIS","17","WEST SOUTHWEST","60","SANGAMON","167","","","00000000","","CORN","CORN - ACRES PLANTED","TOTAL","NOT SPECIFIED","214,000",""
"SURVEY","1998","YEAR","","COUNTY","ILLINOIS","17","WEST SOUTHWEST","60","SCOTT","171","","","00000000","","CORN","CORN - ACRES PLANTED","TOTAL","NOT SPECIFIED","54,000",""
"SURVEY","1997","YEAR","","COUNTY","ILLINOIS","17","CENTRAL","40","DE WITT","039","","","00000000","","CORN","CORN - ACRES PLANTED","TOTAL","NOT SPECIFIED","98,000",""
"SURVEY","1997","YEAR","","COUNTY","ILLINOIS","17","CENTRAL","40","LOGAN","107","","","00000000","","CORN","CORN - ACRES PLANTED","TOTAL","NOT SPECIFIED","184,000",""
"SURVEY","1997","YEAR","","COUNTY","ILLINOIS","17","CENTRAL","40","MACON","115","","","00000000","","CORN","CORN - ACRES PLANTED","TOTAL","NOT SPECIFIED","150,000",""
"SURVEY","1997","YEAR","","COUNTY","ILLINOIS","17","CENTRAL","40","MARSHALL","123","","","00000000","","CORN","CORN - ACRES PLANTED","TOTAL","NOT SPECIFIED","92,000",""
"SURVEY","1997","YEAR","","COUNTY","ILLINOIS","17","CENTRAL","40","MASON","125","","","00000000","","CORN","CORN - ACRES PLANTED","TOTAL","NOT SPECIFIED","116,000",""
"SURVEY","1997","YEAR","","COUNTY","ILLINOIS","17","CENTRAL","40","MCLEAN","113","","","00000000","","CORN","CORN - ACRES PLANTED","TOTAL","NOT SPECIFIED","337,000",""
"SURVEY","1997","YEAR","","COUNTY","ILLINOIS","17","CENTRAL","40","MENARD","129","","","00000000","","CORN","CORN - ACRES PLANTED","TOTAL","NOT SPECIFIED","72,000",""
"SURVEY","1997","YEAR","","COUNTY","ILLINOIS","17","CENTRAL","40","PEORIA","143","","","00000000","","CORN","CORN - ACRES PLANTED","TOTAL","NOT SPECIFIED","110,000",""
"SURVEY","1997","YEAR","","COUNTY","ILLINOIS","17","CENTRAL","40","STARK","175","","","00000000","","CORN","CORN - ACRES PLANTED","TOTAL","NOT SPECIFIED","91,000",""
"SURVEY","1997","YEAR","","COUNTY","ILLINOIS","17","CENTRAL","40","TAZEWELL","179","","","00000000","","CORN","CORN - ACRES PLANTED","TOTAL","NOT SPECIFIED","152,000",""
"SURVEY","1997","YEAR","","COUNTY","ILLINOIS","17","CENTRAL","40","WOODFORD","203","","","00000000","","CORN","CORN - ACRES PLANTED","TOTAL","NOT SPECIFIED","138,000",""
"SURVEY","1997","YEAR","","COUNTY","ILLINOIS","17","EAST","50","CHAMPAIGN","019","","","00000000","","CORN","CORN - ACRES PLANTED","TOTAL","NOT SPECIFIED","277,000",""
"SURVEY","1997","YEAR","","COUNTY","ILLINOIS","17","EAST","50","FORD","053","","","00000000","","CORN","CORN - ACRES PLANTED","TOTAL","NOT SPECIFIED","146,000",""
"SURVEY","1997","YEAR","","COUNTY","ILLINOIS","17","EAST","50","IROQUOIS","075","","","00000000","","CORN","CORN - ACRES PLANTED","TOTAL","NOT SPECIFIED","323,000",""
"SURVEY","1997","YEAR","","COUNTY","ILLINOIS","17","EAST","50","KANKAKEE","091","","","00000000","","CORN","CORN - ACRES PLANTED","TOTAL","NOT SPECIFIED","188,000",""
"SURVEY","1997","YEAR","","COUNTY","ILLINOIS","17","EAST","50","LIVINGSTON","105","","","00000000","","CORN","CORN - ACRES PLANTED","TOTAL","NOT SPECIFIED","297,000",""
"SURVEY","1997","YEAR","","COUNTY","ILLINOIS","17","EAST","50","PIATT","147","","","00000000","","CORN","CORN - ACRES PLANTED","TOTAL","NOT SPECIFIED","122,000",""
"SURVEY","1997","YEAR","","COUNTY","ILLINOIS","17","EAST","50","VERMILION","183","","","00000000","","CORN","CORN - ACRES PLANTED","TOTAL","NOT SPECIFIED","227,000",""
"SURVEY","1997","YEAR","","COUNTY","ILLINOIS","17","EAST SOUTHEAST","70","CLARK","023","","","00000000","","CORN","CORN - ACRES PLANTED","TOTAL","NOT SPECIFIED","107,000",""
"SURVEY","1997","YEAR","","COUNTY","ILLINOIS","17","EAST SOUTHEAST","70","CLAY","025","","","00000000","","CORN","CORN - ACRES PLANTED","TOTAL","NOT SPECIFIED","66,000",""
"SURVEY","1997","YEAR","","COUNTY","ILLINOIS","17","EAST SOUTHEAST","70","COLES","029","","","00000000","","CORN","CORN - ACRES PLANTED","TOTAL","NOT SPECIFIED","117,000",""
"SURVEY","1997","YEAR","","COUNTY","ILLINOIS","17","EAST SOUTHEAST","70","CRAWFORD","033","","","00000000","","CORN","CORN - ACRES PLANTED","TOTAL","NOT SPECIFIED","80,000",""
"SURVEY","1997","YEAR","","COUNTY","ILLINOIS","17","EAST SOUTHEAST","70","CUMBERLAND","035","","","00000000","","CORN","CORN - ACRES PLANTED","TOTAL","NOT SPECIFIED","72,000",""
"SURVEY","1997","YEAR","","COUNTY","ILLINOIS","17","EAST SOUTHEAST","70","DOUGLAS","041","","","00000000","","CORN","CORN - ACRES PLANTED","TOTAL","NOT SPECIFIED","121,000",""
"SURVEY","1997","YEAR","","COUNTY","ILLINOIS","17","EAST SOUTHEAST","70","EDGAR","045","","","00000000","","CORN","CORN - ACRES PLANTED","TOTAL","NOT SPECIFIED","158,000",""
"SURVEY","1997","YEAR","","COUNTY","ILLINOIS","17","EAST SOUTHEAST","70","EFFINGHAM","049","","","00000000","","CORN","CORN - ACRES PLANTED","TOTAL","NOT SPECIFIED","94,000",""
"SURVEY","1997","YEAR","","COUNTY","ILLINOIS","17","EAST SOUTHEAST","70","FAYETTE","051","","","00000000","","CORN","CORN - ACRES PLANTED","TOTAL","NOT SPECIFIED","93,000",""
"SURVEY","1997","YEAR","","COUNTY","ILLINOIS","17","EAST SOUTHEAST","70","JASPER","079","","","00000000","","CORN","CORN - ACRES PLANTED","TOTAL","NOT SPECIFIED","95,000",""
"SURVEY","1997","YEAR","","COUNTY","ILLINOIS","17","EAST SOUTHEAST","70","LAWRENCE","101","","","00000000","","CORN","CORN - ACRES PLANTED","TOTAL","NOT SPECIFIED","78,000",""
"SURVEY","1997","YEAR","","COUNTY","ILLINOIS","17","EAST SOUTHEAST","70","MARION","121","","","00000000","","CORN","CORN - ACRES PLANTED","TOTAL","NOT SPECIFIED","57,000",""
"SURVEY","1997","YEAR","","COUNTY","ILLINOIS","17","EAST SOUTHEAST","70","MOULTRIE","139","","","00000000","","CORN","CORN - ACRES PLANTED","TOTAL","NOT SPECIFIED","90,000",""
"SURVEY","1997","YEAR","","COUNTY","ILLINOIS","17","EAST SOUTHEAST","70","RICHLAND","159","","","00000000","","CORN","CORN - ACRES PLANTED","TOTAL","NOT SPECIFIED","73,000",""
"SURVEY","1997","YEAR","","COUNTY","ILLINOIS","17","EAST SOUTHEAST","70","SHELBY","173","","","00000000","","CORN","CORN - ACRES PLANTED","TOTAL","NOT SPECIFIED","169,000",""
"SURVEY","1997","YEAR","","COUNTY","ILLINOIS","17","NORTHEAST","20","BOONE","007","","","00000000","","CORN","CORN - ACRES PLANTED","TOTAL","NOT SPECIFIED","68,000",""
"SURVEY","1997","YEAR","","COUNTY","ILLINOIS","17","NORTHEAST","20","COOK","031","","","00000000","","CORN","CORN - ACRES PLANTED","TOTAL","NOT SPECIFIED","9,000",""
"SURVEY","1997","YEAR","","COUNTY","ILLINOIS","17","NORTHEAST","20","DE KALB","037","","","00000000","","CORN","CORN - ACRES PLANTED","TOTAL","NOT SPECIFIED","209,000",""
"SURVEY","1997","YEAR","","COUNTY","ILLINOIS","17","NORTHEAST","20","DU PAGE","043","","","00000000","","CORN","CORN - ACRES PLANTED","TOTAL","NOT SPECIFIED","7,000",""
"SURVEY","1997","YEAR","","COUNTY","ILLINOIS","17","NORTHEAST","20","GRUNDY","063","","","00000000","","CORN","CORN - ACRES PLANTED","TOTAL","NOT SPECIFIED","111,000",""
"SURVEY","1997","YEAR","","COUNTY","ILLINOIS","17","NORTHEAST","20","KANE","089","","","00000000","","CORN","CORN - ACRES PLANTED","TOTAL","NOT SPECIFIED","104,000",""
"SURVEY","1997","YEAR","","COUNTY","ILLINOIS","17","NORTHEAST","20","KENDALL","093","","","00000000","","CORN","CORN - ACRES PLANTED","TOTAL","NOT SPECIFIED","85,000",""
"SURVEY","1997","YEAR","","COUNTY","ILLINOIS","17","NORTHEAST","20","LA SALLE","099","","","00000000","","CORN","CORN - ACRES PLANTED","TOTAL","NOT SPECIFIED","296,000",""
"SURVEY","1997","YEAR","","COUNTY","ILLINOIS","17","NORTHEAST","20","LAKE","097","","","00000000","","CORN","CORN - ACRES PLANTED","TOTAL","NOT SPECIFIED","15,000",""
"SURVEY","1997","YEAR","","COUNTY","ILLINOIS","17","NORTHEAST","20","MCHENRY","111","","","00000000","","CORN","CORN - ACRES PLANTED","TOTAL","NOT SPECIFIED","109,000",""
"SURVEY","1997","YEAR","","COUNTY","ILLINOIS","17","NORTHEAST","20","WILL","197","","","00000000","","CORN","CORN - ACRES PLANTED","TOTAL","NOT SPECIFIED","137,000",""
"SURVEY","1997","YEAR","","COUNTY","ILLINOIS","17","NORTHWEST","10","BUREAU","011","","","00000000","","CORN","CORN - ACRES PLANTED","TOTAL","NOT SPECIFIED","264,000",""
"SURVEY","1997","YEAR","","COUNTY","ILLINOIS","17","NORTHWEST","10","CARROLL","015","","","00000000","","CORN","CORN - ACRES PLANTED","TOTAL","NOT SPECIFIED","142,000",""
"SURVEY","1997","YEAR","","COUNTY","ILLINOIS","17","NORTHWEST","10","HENRY","073","","","00000000","","CORN","CORN - ACRES PLANTED","TOTAL","NOT SPECIFIED","229,000",""
"SURVEY","1997","YEAR","","COUNTY","ILLINOIS","17","NORTHWEST","10","JO DAVIESS","085","","","00000000","","CORN","CORN - ACRES PLANTED","TOTAL","NOT SPECIFIED","89,000",""
"SURVEY","1997","YEAR","","COUNTY","ILLINOIS","17","NORTHWEST","10","LEE","103","","","00000000","","CORN","CORN - ACRES PLANTED","TOTAL","NOT SPECIFIED","215,000",""
"SURVEY","1997","YEAR","","COUNTY","ILLINOIS","17","NORTHWEST","10","MERCER","131","","","00000000","","CORN","CORN - ACRES PLANTED","TOTAL","NOT SPECIFIED","127,000",""
"SURVEY","1997","YEAR","","COUNTY","ILLINOIS","17","NORTHWEST","10","OGLE","141","","","00000000","","CORN","CORN - ACRES PLANTED","TOTAL","NOT SPECIFIED","203,000",""
"SURVEY","1997","YEAR","","COUNTY","ILLINOIS","17","NORTHWEST","10","PUTNAM","155","","","00000000","","CORN","CORN - ACRES PLANTED","TOTAL","NOT SPECIFIED","34,000",""
"SURVEY","1997","YEAR","","COUNTY","ILLINOIS","17","NORTHWEST","10","ROCK ISLAND","161","","","00000000","","CORN","CORN - ACRES PLANTED","TOTAL","NOT SPECIFIED","69,000",""
"SURVEY","1997","YEAR","","COUNTY","ILLINOIS","17","NORTHWEST","10","STEPHENSON","177","","","00000000","","CORN","CORN - ACRES PLANTED","TOTAL","NOT SPECIFIED","169,000",""
"SURVEY","1997","YEAR","","COUNTY","ILLINOIS","17","NORTHWEST","10","WHITESIDE","195","","","00000000","","CORN","CORN - ACRES PLANTED","TOTAL","NOT SPECIFIED","210,000",""
"SURVEY","1997","YEAR","","COUNTY","ILLINOIS","17","NORTHWEST","10","WINNEBAGO","201","","","00000000","","CORN","CORN - ACRES PLANTED","TOTAL","NOT SPECIFIED","99,000",""
"SURVEY","1997","YEAR","","COUNTY","ILLINOIS","17","SOUTHEAST","90","EDWARDS","047","","","00000000","","CORN","CORN - ACRES PLANTED","TOTAL","NOT SPECIFIED","41,000",""
"SURVEY","1997","YEAR","","COUNTY","ILLINOIS","17","SOUTHEAST","90","FRANKLIN","055","","","00000000","","CORN","CORN - ACRES PLANTED","TOTAL","NOT SPECIFIED","43,000",""
"SURVEY","1997","YEAR","","COUNTY","ILLINOIS","17","SOUTHEAST","90","GALLATIN","059","","","00000000","","CORN","CORN - ACRES PLANTED","TOTAL","NOT SPECIFIED","77,000",""
"SURVEY","1997","YEAR","","COUNTY","ILLINOIS","17","SOUTHEAST","90","HAMILTON","065","","","00000000","","CORN","CORN - ACRES PLANTED","TOTAL","NOT SPECIFIED","62,000",""
"SURVEY","1997","YEAR","","COUNTY","ILLINOIS","17","SOUTHEAST","90","HARDIN","069","","","00000000","","CORN","CORN - ACRES PLANTED","TOTAL","NOT SPECIFIED","3,000",""
"SURVEY","1997","YEAR","","COUNTY","ILLINOIS","17","SOUTHEAST","90","JEFFERSON","081","","","00000000","","CORN","CORN - ACRES PLANTED","TOTAL","NOT SPECIFIED","46,000",""
"SURVEY","1997","YEAR","","COUNTY","ILLINOIS","17","SOUTHEAST","90","MASSAC","127","","","00000000","","CORN","CORN - ACRES PLANTED","TOTAL","NOT SPECIFIED","27,000",""
"SURVEY","1997","YEAR","","COUNTY","ILLINOIS","17","SOUTHEAST","90","POPE","151","","","00000000","","CORN","CORN - ACRES PLANTED","TOTAL","NOT SPECIFIED","8,000",""
"SURVEY","1997","YEAR","","COUNTY","ILLINOIS","17","SOUTHEAST","90","SALINE","165","","","00000000","","CORN","CORN - ACRES PLANTED","TOTAL","NOT SPECIFIED","43,000",""
"SURVEY","1997","YEAR","","COUNTY","ILLINOIS","17","SOUTHEAST","90","WABASH","185","","","00000000","","CORN","CORN - ACRES PLANTED","TOTAL","NOT SPECIFIED","50,000",""
"SURVEY","1997","YEAR","","COUNTY","ILLINOIS","17","SOUTHEAST","90","WAYNE","191","","","00000000","","CORN","CORN - ACRES PLANTED","TOTAL","NOT SPECIFIED","90,000",""
"SURVEY","1997","YEAR","","COUNTY","ILLINOIS","17","SOUTHEAST","90","WHITE","193","","","00000000","","CORN","CORN - ACRES PLANTED","TOTAL","NOT SPECIFIED","90,000",""
"SURVEY","1997","YEAR","","COUNTY","ILLINOIS","17","SOUTHWEST","80","ALEXANDER","003","","","00000000","","CORN","CORN - ACRES PLANTED","TOTAL","NOT SPECIFIED","10,000",""
"SURVEY","1997","YEAR","","COUNTY","ILLINOIS","17","SOUTHWEST","80","CLINTON","027","","","00000000","","CORN","CORN - ACRES PLANTED","TOTAL","NOT SPECIFIED","78,000",""
"SURVEY","1997","YEAR","","COUNTY","ILLINOIS","17","SOUTHWEST","80","JACKSON","077","","","00000000","","CORN","CORN - ACRES PLANTED","TOTAL","NOT SPECIFIED","34,000",""
"SURVEY","1997","YEAR","","COUNTY","ILLINOIS","17","SOUTHWEST","80","JOHNSON","087","","","00000000","","CORN","CORN - ACRES PLANTED","TOTAL","NOT SPECIFIED","11,000",""
"SURVEY","1997","YEAR","","COUNTY","ILLINOIS","17","SOUTHWEST","80","MONROE","133","","","00000000","","CORN","CORN - ACRES PLANTED","TOTAL","NOT SPECIFIED","41,000",""
"SURVEY","1997","YEAR","","COUNTY","ILLINOIS","17","SOUTHWEST","80","PERRY","145","","","00000000","","CORN","CORN - ACRES PLANTED","TOTAL","NOT SPECIFIED","46,000",""
"SURVEY","1997","YEAR","","COUNTY","ILLINOIS","17","SOUTHWEST","80","PULASKI","153","","","00000000","","CORN","CORN - ACRES PLANTED","TOTAL","NOT SPECIFIED","16,000",""
"SURVEY","1997","YEAR","","COUNTY","ILLINOIS","17","SOUTHWEST","80","RANDOLPH","157","","","00000000","","CORN","CORN - ACRES PLANTED","TOTAL","NOT SPECIFIED","55,000",""
"SURVEY","1997","YEAR","","COUNTY","ILLINOIS","17","SOUTHWEST","80","ST CLAIR","163","","","00000000","","CORN","CORN - ACRES PLANTED","TOTAL","NOT SPECIFIED","89,000",""
"SURVEY","1997","YEAR","","COUNTY","ILLINOIS","17","SOUTHWEST","80","UNION","181","","","00000000","","CORN","CORN - ACRES PLANTED","TOTAL","NOT SPECIFIED","15,000",""
"SURVEY","1997","YEAR","","COUNTY","ILLINOIS","17","SOUTHWEST","80","WASHINGTON","189","","","00000000","","CORN","CORN - ACRES PLANTED","TOTAL","NOT SPECIFIED","91,000",""
"SURVEY","1997","YEAR","","COUNTY","ILLINOIS","17","SOUTHWEST","80","WILLIAMSON","199","","","00000000","","CORN","CORN - ACRES PLANTED","TOTAL","NOT SPECIFIED","14,000",""
"SURVEY","1997","YEAR","","COUNTY","ILLINOIS","17","WEST","30","ADAMS","001","","","00000000","","CORN","CORN - ACRES PLANTED","TOTAL","NOT SPECIFIED","132,000",""
"SURVEY","1997","YEAR","","COUNTY","ILLINOIS","17","WEST","30","BROWN","009","","","00000000","","CORN","CORN - ACRES PLANTED","TOTAL","NOT SPECIFIED","39,000",""
"SURVEY","1997","YEAR","","COUNTY","ILLINOIS","17","WEST","30","FULTON","057","","","00000000","","CORN","CORN - ACRES PLANTED","TOTAL","NOT SPECIFIED","166,000",""
"SURVEY","1997","YEAR","","COUNTY","ILLINOIS","17","WEST","30","HANCOCK","067","","","00000000","","CORN","CORN - ACRES PLANTED","TOTAL","NOT SPECIFIED","154,000",""
"SURVEY","1997","YEAR","","COUNTY","ILLINOIS","17","WEST","30","HENDERSON","071","","","00000000","","CORN","CORN - ACRES PLANTED","TOTAL","NOT SPECIFIED","95,000",""
"SURVEY","1997","YEAR","","COUNTY","ILLINOIS","17","WEST","30","KNOX","095","","","00000000","","CORN","CORN - ACRES PLANTED","TOTAL","NOT SPECIFIED","154,000",""
"SURVEY","1997","YEAR","","COUNTY","ILLINOIS","17","WEST","30","MCDONOUGH","109","","","00000000","","CORN","CORN - ACRES PLANTED","TOTAL","NOT SPECIFIED","139,000",""
"SURVEY","1997","YEAR","","COUNTY","ILLINOIS","17","WEST","30","SCHUYLER","169","","","00000000","","CORN","CORN - ACRES PLANTED","TOTAL","NOT SPECIFIED","65,000",""
"SURVEY","1997","YEAR","","COUNTY","ILLINOIS","17","WEST","30","WARREN","187","","","00000000","","CORN","CORN - ACRES PLANTED","TOTAL","NOT SPECIFIED","146,000",""
"SURVEY","1997","YEAR","","COUNTY","ILLINOIS","17","WEST SOUTHWEST","60","BOND","005","","","00000000","","CORN","CORN - ACRES PLANTED","TOTAL","NOT SPECIFIED","52,000",""
"SURVEY","1997","YEAR","","COUNTY","ILLINOIS","17","WEST SOUTHWEST","60","CALHOUN","013","","","00000000","","CORN","CORN - ACRES PLANTED","TOTAL","NOT SPECIFIED","22,000",""
"SURVEY","1997","YEAR","","COUNTY","ILLINOIS","17","WEST SOUTHWEST","60","CASS","017","","","00000000","","CORN","CORN - ACRES PLANTED","TOTAL","NOT SPECIFIED","80,000",""
"SURVEY","1997","YEAR","","COUNTY","ILLINOIS","17","WEST SOUTHWEST","60","CHRISTIAN","021","","","00000000","","CORN","CORN - ACRES PLANTED","TOTAL","NOT SPECIFIED","186,000",""
"SURVEY","1997","YEAR","","COUNTY","ILLINOIS","17","WEST SOUTHWEST","60","GREENE","061","","","00000000","","CORN","CORN - ACRES PLANTED","TOTAL","NOT SPECIFIED","113,000",""
"SURVEY","1997","YEAR","","COUNTY","ILLINOIS","17","WEST SOUTHWEST","60","JERSEY","083","","","00000000","","CORN","CORN - ACRES PLANTED","TOTAL","NOT SPECIFIED","56,000",""
"SURVEY","1997","YEAR","","COUNTY","ILLINOIS","17","WEST SOUTHWEST","60","MACOUPIN","117","","","00000000","","CORN","CORN - ACRES PLANTED","TOTAL","NOT SPECIFIED","151,000",""
"SURVEY","1997","YEAR","","COUNTY","ILLINOIS","17","WEST SOUTHWEST","60","MADISON","119","","","00000000","","CORN","CORN - ACRES PLANTED","TOTAL","NOT SPECIFIED","92,000",""
"SURVEY","1997","YEAR","","COUNTY","ILLINOIS","17","WEST SOUTHWEST","60","MONTGOMERY","135","","","00000000","","CORN","CORN - ACRES PLANTED","TOTAL","NOT SPECIFIED","158,000",""
"SURVEY","1997","YEAR","","COUNTY","ILLINOIS","17","WEST SOUTHWEST","60","MORGAN","137","","","00000000","","CORN","CORN - ACRES PLANTED","TOTAL","NOT SPECIFIED","128,000",""
"SURVEY","1997","YEAR","","COUNTY","ILLINOIS","17","WEST SOUTHWEST","60","PIKE","149","","","00000000","","CORN","CORN - ACRES PLANTED","TOTAL","NOT SPECIFIED","136,000",""
"SURVEY","1997","YEAR","","COUNTY","ILLINOIS","17","WEST SOUTHWEST","60","SANGAMON","167","","","00000000","","CORN","CORN - ACRES PLANTED","TOTAL","NOT SPECIFIED","212,000",""
"SURVEY","1997","YEAR","","COUNTY","ILLINOIS","17","WEST SOUTHWEST","60","SCOTT","171","","","00000000","","CORN","CORN - ACRES PLANTED","TOTAL","NOT SPECIFIED","54,000",""
"SURVEY","1996","YEAR","","COUNTY","ILLINOIS","17","CENTRAL","40","DE WITT","039","","","00000000","","CORN","CORN - ACRES PLANTED","TOTAL","NOT SPECIFIED","100,000",""
"SURVEY","1996","YEAR","","COUNTY","ILLINOIS","17","CENTRAL","40","LOGAN","107","","","00000000","","CORN","CORN - ACRES PLANTED","TOTAL","NOT SPECIFIED","185,000",""
"SURVEY","1996","YEAR","","COUNTY","ILLINOIS","17","CENTRAL","40","MACON","115","","","00000000","","CORN","CORN - ACRES PLANTED","TOTAL","NOT SPECIFIED","152,000",""
"SURVEY","1996","YEAR","","COUNTY","ILLINOIS","17","CENTRAL","40","MARSHALL","123","","","00000000","","CORN","CORN - ACRES PLANTED","TOTAL","NOT SPECIFIED","95,000",""
"SURVEY","1996","YEAR","","COUNTY","ILLINOIS","17","CENTRAL","40","MASON","125","","","00000000","","CORN","CORN - ACRES PLANTED","TOTAL","NOT SPECIFIED","113,000",""
"SURVEY","1996","YEAR","","COUNTY","ILLINOIS","17","CENTRAL","40","MCLEAN","113","","","00000000","","CORN","CORN - ACRES PLANTED","TOTAL","NOT SPECIFIED","332,000",""
"SURVEY","1996","YEAR","","COUNTY","ILLINOIS","17","CENTRAL","40","MENARD","129","","","00000000","","CORN","CORN - ACRES PLANTED","TOTAL","NOT SPECIFIED","77,000",""
"SURVEY","1996","YEAR","","COUNTY","ILLINOIS","17","CENTRAL","40","PEORIA","143","","","00000000","","CORN","CORN - ACRES PLANTED","TOTAL","NOT SPECIFIED","107,000",""
"SURVEY","1996","YEAR","","COUNTY","ILLINOIS","17","CENTRAL","40","STARK","175","","","00000000","","CORN","CORN - ACRES PLANTED","TOTAL","NOT SPECIFIED","92,000",""
"SURVEY","1996","YEAR","","COUNTY","ILLINOIS","17","CENTRAL","40","TAZEWELL","179","","","00000000","","CORN","CORN - ACRES PLANTED","TOTAL","NOT SPECIFIED","151,000",""
"SURVEY","1996","YEAR","","COUNTY","ILLINOIS","17","CENTRAL","40","WOODFORD","203","","","00000000","","CORN","CORN - ACRES PLANTED","TOTAL","NOT SPECIFIED","136,000",""
"SURVEY","1996","YEAR","","COUNTY","ILLINOIS","17","EAST","50","CHAMPAIGN","019","","","00000000","","CORN","CORN - ACRES PLANTED","TOTAL","NOT SPECIFIED","275,000",""
"SURVEY","1996","YEAR","","COUNTY","ILLINOIS","17","EAST","50","FORD","053","","","00000000","","CORN","CORN - ACRES PLANTED","TOTAL","NOT SPECIFIED","136,000",""
"SURVEY","1996","YEAR","","COUNTY","ILLINOIS","17","EAST","50","IROQUOIS","075","","","00000000","","CORN","CORN - ACRES PLANTED","TOTAL","NOT SPECIFIED","309,000",""
"SURVEY","1996","YEAR","","COUNTY","ILLINOIS","17","EAST","50","KANKAKEE","091","","","00000000","","CORN","CORN - ACRES PLANTED","TOTAL","NOT SPECIFIED","180,000",""
"SURVEY","1996","YEAR","","COUNTY","ILLINOIS","17","EAST","50","LIVINGSTON","105","","","00000000","","CORN","CORN - ACRES PLANTED","TOTAL","NOT SPECIFIED","289,000",""
"SURVEY","1996","YEAR","","COUNTY","ILLINOIS","17","EAST","50","PIATT","147","","","00000000","","CORN","CORN - ACRES PLANTED","TOTAL","NOT SPECIFIED","123,000",""
"SURVEY","1996","YEAR","","COUNTY","ILLINOIS","17","EAST","50","VERMILION","183","","","00000000","","CORN","CORN - ACRES PLANTED","TOTAL","NOT SPECIFIED","228,000",""
"SURVEY","1996","YEAR","","COUNTY","ILLINOIS","17","EAST SOUTHEAST","70","CLARK","023","","","00000000","","CORN","CORN - ACRES PLANTED","TOTAL","NOT SPECIFIED","88,000",""
"SURVEY","1996","YEAR","","COUNTY","ILLINOIS","17","EAST SOUTHEAST","70","CLAY","025","","","00000000","","CORN","CORN - ACRES PLANTED","TOTAL","NOT SPECIFIED","79,000",""
"SURVEY","1996","YEAR","","COUNTY","ILLINOIS","17","EAST SOUTHEAST","70","COLES","029","","","00000000","","CORN","CORN - ACRES PLANTED","TOTAL","NOT SPECIFIED","112,000",""
"SURVEY","1996","YEAR","","COUNTY","ILLINOIS","17","EAST SOUTHEAST","70","CRAWFORD","033","","","00000000","","CORN","CORN - ACRES PLANTED","TOTAL","NOT SPECIFIED","72,000",""
"SURVEY","1996","YEAR","","COUNTY","ILLINOIS","17","EAST SOUTHEAST","70","CUMBERLAND","035","","","00000000","","CORN","CORN - ACRES PLANTED","TOTAL","NOT SPECIFIED","67,000",""
"SURVEY","1996","YEAR","","COUNTY","ILLINOIS","17","EAST SOUTHEAST","70","DOUGLAS","041","","","00000000","","CORN","CORN - ACRES PLANTED","TOTAL","NOT SPECIFIED","132,000",""
"SURVEY","1996","YEAR","","COUNTY","ILLINOIS","17","EAST SOUTHEAST","70","EDGAR","045","","","00000000","","CORN","CORN - ACRES PLANTED","TOTAL","NOT SPECIFIED","158,000",""
"SURVEY","1996","YEAR","","COUNTY","ILLINOIS","17","EAST SOUTHEAST","70","EFFINGHAM","049","","","00000000","","CORN","CORN - ACRES PLANTED","TOTAL","NOT SPECIFIED","93,000",""
"SURVEY","1996","YEAR","","COUNTY","ILLINOIS","17","EAST SOUTHEAST","70","FAYETTE","051","","","00000000","","CORN","CORN - ACRES PLANTED","TOTAL","NOT SPECIFIED","85,000",""
"SURVEY","1996","YEAR","","COUNTY","ILLINOIS","17","EAST SOUTHEAST","70","JASPER","079","","","00000000","","CORN","CORN - ACRES PLANTED","TOTAL","NOT SPECIFIED","83,000",""
"SURVEY","1996","YEAR","","COUNTY","ILLINOIS","17","EAST SOUTHEAST","70","LAWRENCE","101","","","00000000","","CORN","CORN - ACRES PLANTED","TOTAL","NOT SPECIFIED","62,000",""
"SURVEY","1996","YEAR","","COUNTY","ILLINOIS","17","EAST SOUTHEAST","70","MARION","121","","","00000000","","CORN","CORN - ACRES PLANTED","TOTAL","NOT SPECIFIED","61,000",""
"SURVEY","1996","YEAR","","COUNTY","ILLINOIS","17","EAST SOUTHEAST","70","MOULTRIE","139","","","00000000","","CORN","CORN - ACRES PLANTED","TOTAL","NOT SPECIFIED","86,000",""
"SURVEY","1996","YEAR","","COUNTY","ILLINOIS","17","EAST SOUTHEAST","70","RICHLAND","159","","","00000000","","CORN","CORN - ACRES PLANTED","TOTAL","NOT SPECIFIED","66,000",""
"SURVEY","1996","YEAR","","COUNTY","ILLINOIS","17","EAST SOUTHEAST","70","SHELBY","173","","","00000000","","CORN","CORN - ACRES PLANTED","TOTAL","NOT SPECIFIED","166,000",""
"SURVEY","1996","YEAR","","COUNTY","ILLINOIS","17","NORTHEAST","20","BOONE","007","","","00000000","","CORN","CORN - ACRES PLANTED","TOTAL","NOT SPECIFIED","68,000",""
"SURVEY","1996","YEAR","","COUNTY","ILLINOIS","17","NORTHEAST","20","COOK","031","","","00000000","","CORN","CORN - ACRES PLANTED","TOTAL","NOT SPECIFIED","6,000",""
"SURVEY","1996","YEAR","","COUNTY","ILLINOIS","17","NORTHEAST","20","DE KALB","037","","","00000000","","CORN","CORN - ACRES PLANTED","TOTAL","NOT SPECIFIED","211,000",""
"SURVEY","1996","YEAR","","COUNTY","ILLINOIS","17","NORTHEAST","20","DU PAGE","043","","","00000000","","CORN","CORN - ACRES PLANTED","TOTAL","NOT SPECIFIED","7,000",""
"SURVEY","1996","YEAR","","COUNTY","ILLINOIS","17","NORTHEAST","20","GRUNDY","063","","","00000000","","CORN","CORN - ACRES PLANTED","TOTAL","NOT SPECIFIED","110,000",""
"SURVEY","1996","YEAR","","COUNTY","ILLINOIS","17","NORTHEAST","20","KANE","089","","","00000000","","CORN","CORN - ACRES PLANTED","TOTAL","NOT SPECIFIED","96,000",""
"SURVEY","1996","YEAR","","COUNTY","ILLINOIS","17","NORTHEAST","20","KENDALL","093","","","00000000","","CORN","CORN - ACRES PLANTED","TOTAL","NOT SPECIFIED","85,000",""
"SURVEY","1996","YEAR","","COUNTY","ILLINOIS","17","NORTHEAST","20","LA SALLE","099","","","00000000","","CORN","CORN - ACRES PLANTED","TOTAL","NOT SPECIFIED","285,000",""
"SURVEY","1996","YEAR","","COUNTY","ILLINOIS","17","NORTHEAST","20","LAKE","097","","","00000000","","CORN","CORN - ACRES PLANTED","TOTAL","NOT SPECIFIED","6,000",""
"SURVEY","1996","YEAR","","COUNTY","ILLINOIS","17","NORTHEAST","20","MCHENRY","111","","","00000000","","CORN","CORN - ACRES PLANTED","TOTAL","NOT SPECIFIED","106,000",""
"SURVEY","1996","YEAR","","COUNTY","ILLINOIS","17","NORTHEAST","20","WILL","197","","","00000000","","CORN","CORN - ACRES PLANTED","TOTAL","NOT SPECIFIED","100,000",""
"SURVEY","1996","YEAR","","COUNTY","ILLINOIS","17","NORTHWEST","10","BUREAU","011","","","00000000","","CORN","CORN - ACRES PLANTED","TOTAL","NOT SPECIFIED","251,000",""
"SURVEY","1996","YEAR","","COUNTY","ILLINOIS","17","NORTHWEST","10","CARROLL","015","","","00000000","","CORN","CORN - ACRES PLANTED","TOTAL","NOT SPECIFIED","142,000",""
"SURVEY","1996","YEAR","","COUNTY","ILLINOIS","17","NORTHWEST","10","HENRY","073","","","00000000","","CORN","CORN - ACRES PLANTED","TOTAL","NOT SPECIFIED","228,000",""
"SURVEY","1996","YEAR","","COUNTY","ILLINOIS","17","NORTHWEST","10","JO DAVIESS","085","","","00000000","","CORN","CORN - ACRES PLANTED","TOTAL","NOT SPECIFIED","91,000",""
"SURVEY","1996","YEAR","","COUNTY","ILLINOIS","17","NORTHWEST","10","LEE","103","","","00000000","","CORN","CORN - ACRES PLANTED","TOTAL","NOT SPECIFIED","217,000",""
"SURVEY","1996","YEAR","","COUNTY","ILLINOIS","17","NORTHWEST","10","MERCER","131","","","00000000","","CORN","CORN - ACRES PLANTED","TOTAL","NOT SPECIFIED","125,000",""
"SURVEY","1996","YEAR","","COUNTY","ILLINOIS","17","NORTHWEST","10","OGLE","141","","","00000000","","CORN","CORN - ACRES PLANTED","TOTAL","NOT SPECIFIED","204,000",""
"SURVEY","1996","YEAR","","COUNTY","ILLINOIS","17","NORTHWEST","10","PUTNAM","155","","","00000000","","CORN","CORN - ACRES PLANTED","TOTAL","NOT SPECIFIED","37,000",""
"SURVEY","1996","YEAR","","COUNTY","ILLINOIS","17","NORTHWEST","10","ROCK ISLAND","161","","","00000000","","CORN","CORN - ACRES PLANTED","TOTAL","NOT SPECIFIED","70,000",""
"SURVEY","1996","YEAR","","COUNTY","ILLINOIS","17","NORTHWEST","10","STEPHENSON","177","","","00000000","","CORN","CORN - ACRES PLANTED","TOTAL","NOT SPECIFIED","144,000",""
"SURVEY","1996","YEAR","","COUNTY","ILLINOIS","17","NORTHWEST","10","WHITESIDE","195","","","00000000","","CORN","CORN - ACRES PLANTED","TOTAL","NOT SPECIFIED","218,000",""
"SURVEY","1996","YEAR","","COUNTY","ILLINOIS","17","NORTHWEST","10","WINNEBAGO","201","","","00000000","","CORN","CORN - ACRES PLANTED","TOTAL","NOT SPECIFIED","93,000",""
"SURVEY","1996","YEAR","","COUNTY","ILLINOIS","17","SOUTHEAST","90","EDWARDS","047","","","00000000","","CORN","CORN - ACRES PLANTED","TOTAL","NOT SPECIFIED","41,000",""
"SURVEY","1996","YEAR","","COUNTY","ILLINOIS","17","SOUTHEAST","90","FRANKLIN","055","","","00000000","","CORN","CORN - ACRES PLANTED","TOTAL","NOT SPECIFIED","42,000",""
"SURVEY","1996","YEAR","","COUNTY","ILLINOIS","17","SOUTHEAST","90","GALLATIN","059","","","00000000","","CORN","CORN - ACRES PLANTED","TOTAL","NOT SPECIFIED","69,000",""
"SURVEY","1996","YEAR","","COUNTY","ILLINOIS","17","SOUTHEAST","90","HAMILTON","065","","","00000000","","CORN","CORN - ACRES PLANTED","TOTAL","NOT SPECIFIED","56,000",""
"SURVEY","1996","YEAR","","COUNTY","ILLINOIS","17","SOUTHEAST","90","HARDIN","069","","","00000000","","CORN","CORN - ACRES PLANTED","TOTAL","NOT SPECIFIED","2,000",""
"SURVEY","1996","YEAR","","COUNTY","ILLINOIS","17","SOUTHEAST","90","JEFFERSON","081","","","00000000","","CORN","CORN - ACRES PLANTED","TOTAL","NOT SPECIFIED","49,000",""
"SURVEY","1996","YEAR","","COUNTY","ILLINOIS","17","SOUTHEAST","90","MASSAC","127","","","00000000","","CORN","CORN - ACRES PLANTED","TOTAL","NOT SPECIFIED","28,000",""
"SURVEY","1996","YEAR","","COUNTY","ILLINOIS","17","SOUTHEAST","90","POPE","151","","","00000000","","CORN","CORN - ACRES PLANTED","TOTAL","NOT SPECIFIED","9,000",""
"SURVEY","1996","YEAR","","COUNTY","ILLINOIS","17","SOUTHEAST","90","SALINE","165","","","00000000","","CORN","CORN - ACRES PLANTED","TOTAL","NOT SPECIFIED","46,000",""
"SURVEY","1996","YEAR","","COUNTY","ILLINOIS","17","SOUTHEAST","90","WABASH","185","","","00000000","","CORN","CORN - ACRES PLANTED","TOTAL","NOT SPECIFIED","45,000",""
"SURVEY","1996","YEAR","","COUNTY","ILLINOIS","17","SOUTHEAST","90","WAYNE","191","","","00000000","","CORN","CORN - ACRES PLANTED","TOTAL","NOT SPECIFIED","94,000",""
"SURVEY","1996","YEAR","","COUNTY","ILLINOIS","17","SOUTHEAST","90","WHITE","193","","","00000000","","CORN","CORN - ACRES PLANTED","TOTAL","NOT SPECIFIED","79,000",""
"SURVEY","1996","YEAR","","COUNTY","ILLINOIS","17","SOUTHWEST","80","ALEXANDER","003","","","00000000","","CORN","CORN - ACRES PLANTED","TOTAL","NOT SPECIFIED","11,000",""
"SURVEY","1996","YEAR","","COUNTY","ILLINOIS","17","SOUTHWEST","80","CLINTON","027","","","00000000","","CORN","CORN - ACRES PLANTED","TOTAL","NOT SPECIFIED","84,000",""
"SURVEY","1996","YEAR","","COUNTY","ILLINOIS","17","SOUTHWEST","80","JACKSON","077","","","00000000","","CORN","CORN - ACRES PLANTED","TOTAL","NOT SPECIFIED","30,000",""
"SURVEY","1996","YEAR","","COUNTY","ILLINOIS","17","SOUTHWEST","80","JOHNSON","087","","","00000000","","CORN","CORN - ACRES PLANTED","TOTAL","NOT SPECIFIED","15,000",""
"SURVEY","1996","YEAR","","COUNTY","ILLINOIS","17","SOUTHWEST","80","MONROE","133","","","00000000","","CORN","CORN - ACRES PLANTED","TOTAL","NOT SPECIFIED","45,000",""
"SURVEY","1996","YEAR","","COUNTY","ILLINOIS","17","SOUTHWEST","80","PERRY","145","","","00000000","","CORN","CORN - ACRES PLANTED","TOTAL","NOT SPECIFIED","45,000",""
"SURVEY","1996","YEAR","","COUNTY","ILLINOIS","17","SOUTHWEST","80","PULASKI","153","","","00000000","","CORN","CORN - ACRES PLANTED","TOTAL","NOT SPECIFIED","17,000",""
"SURVEY","1996","YEAR","","COUNTY","ILLINOIS","17","SOUTHWEST","80","RANDOLPH","157","","","00000000","","CORN","CORN - ACRES PLANTED","TOTAL","NOT SPECIFIED","58,000",""
"SURVEY","1996","YEAR","","COUNTY","ILLINOIS","17","SOUTHWEST","80","ST CLAIR","163","","","00000000","","CORN","CORN - ACRES PLANTED","TOTAL","NOT SPECIFIED","87,000",""
"SURVEY","1996","YEAR","","COUNTY","ILLINOIS","17","SOUTHWEST","80","UNION","181","","","00000000","","CORN","CORN - ACRES PLANTED","TOTAL","NOT SPECIFIED","14,000",""
"SURVEY","1996","YEAR","","COUNTY","ILLINOIS","17","SOUTHWEST","80","WASHINGTON","189","","","00000000","","CORN","CORN - ACRES PLANTED","TOTAL","NOT SPECIFIED","93,000",""
"SURVEY","1996","YEAR","","COUNTY","ILLINOIS","17","SOUTHWEST","80","WILLIAMSON","199","","","00000000","","CORN","CORN - ACRES PLANTED","TOTAL","NOT SPECIFIED","21,000",""
"SURVEY","1996","YEAR","","COUNTY","ILLINOIS","17","WEST","30","ADAMS","001","","","00000000","","CORN","CORN - ACRES PLANTED","TOTAL","NOT SPECIFIED","153,000",""
"SURVEY","1996","YEAR","","COUNTY","ILLINOIS","17","WEST","30","BROWN","009","","","00000000","","CORN","CORN - ACRES PLANTED","TOTAL","NOT SPECIFIED","41,000",""
"SURVEY","1996","YEAR","","COUNTY","ILLINOIS","17","WEST","30","FULTON","057","","","00000000","","CORN","CORN - ACRES PLANTED","TOTAL","NOT SPECIFIED","141,000",""
"SURVEY","1996","YEAR","","COUNTY","ILLINOIS","17","WEST","30","HANCOCK","067","","","00000000","","CORN","CORN - ACRES PLANTED","TOTAL","NOT SPECIFIED","146,000",""
"SURVEY","1996","YEAR","","COUNTY","ILLINOIS","17","WEST","30","HENDERSON","071","","","00000000","","CORN","CORN - ACRES PLANTED","TOTAL","NOT SPECIFIED","94,000",""
"SURVEY","1996","YEAR","","COUNTY","ILLINOIS","17","WEST","30","KNOX","095","","","00000000","","CORN","CORN - ACRES PLANTED","TOTAL","NOT SPECIFIED","157,000",""
"SURVEY","1996","YEAR","","COUNTY","ILLINOIS","17","WEST","30","MCDONOUGH","109","","","00000000","","CORN","CORN - ACRES PLANTED","TOTAL","NOT SPECIFIED","136,000",""
"SURVEY","1996","YEAR","","COUNTY","ILLINOIS","17","WEST","30","SCHUYLER","169","","","00000000","","CORN","CORN - ACRES PLANTED","TOTAL","NOT SPECIFIED","62,000",""
"SURVEY","1996","YEAR","","COUNTY","ILLINOIS","17","WEST","30","WARREN","187","","","00000000","","CORN","CORN - ACRES PLANTED","TOTAL","NOT SPECIFIED","150,000",""
"SURVEY","1996","YEAR","","COUNTY","ILLINOIS","17","WEST SOUTHWEST","60","BOND","005","","","00000000","","CORN","CORN - ACRES PLANTED","TOTAL","NOT SPECIFIED","53,000",""
"SURVEY","1996","YEAR","","COUNTY","ILLINOIS","17","WEST SOUTHWEST","60","CALHOUN","013","","","00000000","","CORN","CORN - ACRES PLANTED","TOTAL","NOT SPECIFIED","21,000",""
"SURVEY","1996","YEAR","","COUNTY","ILLINOIS","17","WEST SOUTHWEST","60","CASS","017","","","00000000","","CORN","CORN - ACRES PLANTED","TOTAL","NOT SPECIFIED","84,000",""
"SURVEY","1996","YEAR","","COUNTY","ILLINOIS","17","WEST SOUTHWEST","60","CHRISTIAN","021","","","00000000","","CORN","CORN - ACRES PLANTED","TOTAL","NOT SPECIFIED","194,000",""
"SURVEY","1996","YEAR","","COUNTY","ILLINOIS","17","WEST SOUTHWEST","60","GREENE","061","","","00000000","","CORN","CORN - ACRES PLANTED","TOTAL","NOT SPECIFIED","101,000",""
"SURVEY","1996","YEAR","","COUNTY","ILLINOIS","17","WEST SOUTHWEST","60","JERSEY","083","","","00000000","","CORN","CORN - ACRES PLANTED","TOTAL","NOT SPECIFIED","59,000",""
"SURVEY","1996","YEAR","","COUNTY","ILLINOIS","17","WEST SOUTHWEST","60","MACOUPIN","117","","","00000000","","CORN","CORN - ACRES PLANTED","TOTAL","NOT SPECIFIED","163,000",""
"SURVEY","1996","YEAR","","COUNTY","ILLINOIS","17","WEST SOUTHWEST","60","MADISON","119","","","00000000","","CORN","CORN - ACRES PLANTED","TOTAL","NOT SPECIFIED","93,000",""
"SURVEY","1996","YEAR","","COUNTY","ILLINOIS","17","WEST SOUTHWEST","60","MONTGOMERY","135","","","00000000","","CORN","CORN - ACRES PLANTED","TOTAL","NOT SPECIFIED","152,000",""
"SURVEY","1996","YEAR","","COUNTY","ILLINOIS","17","WEST SOUTHWEST","60","MORGAN","137","","","00000000","","CORN","CORN - ACRES PLANTED","TOTAL","NOT SPECIFIED","129,000",""
"SURVEY","1996","YEAR","","COUNTY","ILLINOIS","17","WEST SOUTHWEST","60","PIKE","149","","","00000000","","CORN","CORN - ACRES PLANTED","TOTAL","NOT SPECIFIED","144,000",""
"SURVEY","1996","YEAR","","COUNTY","ILLINOIS","17","WEST SOUTHWEST","60","SANGAMON","167","","","00000000","","CORN","CORN - ACRES PLANTED","TOTAL","NOT SPECIFIED","205,000",""
"SURVEY","1996","YEAR","","COUNTY","ILLINOIS","17","WEST SOUTHWEST","60","SCOTT","171","","","00000000","","CORN","CORN - ACRES PLANTED","TOTAL","NOT SPECIFIED","52,000",""
"SURVEY","1995","YEAR","","COUNTY","ILLINOIS","17","CENTRAL","40","DE WITT","039","","","00000000","","CORN","CORN - ACRES PLANTED","TOTAL","NOT SPECIFIED","95,000",""
"SURVEY","1995","YEAR","","COUNTY","ILLINOIS","17","CENTRAL","40","LOGAN","107","","","00000000","","CORN","CORN - ACRES PLANTED","TOTAL","NOT SPECIFIED","171,000",""
"SURVEY","1995","YEAR","","COUNTY","ILLINOIS","17","CENTRAL","40","MACON","115","","","00000000","","CORN","CORN - ACRES PLANTED","TOTAL","NOT SPECIFIED","137,000",""
"SURVEY","1995","YEAR","","COUNTY","ILLINOIS","17","CENTRAL","40","MARSHALL","123","","","00000000","","CORN","CORN - ACRES PLANTED","TOTAL","NOT SPECIFIED","84,000",""
"SURVEY","1995","YEAR","","COUNTY","ILLINOIS","17","CENTRAL","40","MASON","125","","","00000000","","CORN","CORN - ACRES PLANTED","TOTAL","NOT SPECIFIED","100,000",""
"SURVEY","1995","YEAR","","COUNTY","ILLINOIS","17","CENTRAL","40","MCLEAN","113","","","00000000","","CORN","CORN - ACRES PLANTED","TOTAL","NOT SPECIFIED","310,000",""
"SURVEY","1995","YEAR","","COUNTY","ILLINOIS","17","CENTRAL","40","MENARD","129","","","00000000","","CORN","CORN - ACRES PLANTED","TOTAL","NOT SPECIFIED","74,000",""
"SURVEY","1995","YEAR","","COUNTY","ILLINOIS","17","CENTRAL","40","PEORIA","143","","","00000000","","CORN","CORN - ACRES PLANTED","TOTAL","NOT SPECIFIED","106,000",""
"SURVEY","1995","YEAR","","COUNTY","ILLINOIS","17","CENTRAL","40","STARK","175","","","00000000","","CORN","CORN - ACRES PLANTED","TOTAL","NOT SPECIFIED","88,000",""
"SURVEY","1995","YEAR","","COUNTY","ILLINOIS","17","CENTRAL","40","TAZEWELL","179","","","00000000","","CORN","CORN - ACRES PLANTED","TOTAL","NOT SPECIFIED","136,000",""
"SURVEY","1995","YEAR","","COUNTY","ILLINOIS","17","CENTRAL","40","WOODFORD","203","","","00000000","","CORN","CORN - ACRES PLANTED","TOTAL","NOT SPECIFIED","129,000",""
"SURVEY","1995","YEAR","","COUNTY","ILLINOIS","17","EAST","50","CHAMPAIGN","019","","","00000000","","CORN","CORN - ACRES PLANTED","TOTAL","NOT SPECIFIED","268,000",""
"SURVEY","1995","YEAR","","COUNTY","ILLINOIS","17","EAST","50","FORD","053","","","00000000","","CORN","CORN - ACRES PLANTED","TOTAL","NOT SPECIFIED","130,000",""
"SURVEY","1995","YEAR","","COUNTY","ILLINOIS","17","EAST","50","IROQUOIS","075","","","00000000","","CORN","CORN - ACRES PLANTED","TOTAL","NOT SPECIFIED","287,000",""
"SURVEY","1995","YEAR","","COUNTY","ILLINOIS","17","EAST","50","KANKAKEE","091","","","00000000","","CORN","CORN - ACRES PLANTED","TOTAL","NOT SPECIFIED","171,000",""
"SURVEY","1995","YEAR","","COUNTY","ILLINOIS","17","EAST","50","LIVINGSTON","105","","","00000000","","CORN","CORN - ACRES PLANTED","TOTAL","NOT SPECIFIED","271,000",""
"SURVEY","1995","YEAR","","COUNTY","ILLINOIS","17","EAST","50","PIATT","147","","","00000000","","CORN","CORN - ACRES PLANTED","TOTAL","NOT SPECIFIED","120,000",""
"SURVEY","1995","YEAR","","COUNTY","ILLINOIS","17","EAST","50","VERMILION","183","","","00000000","","CORN","CORN - ACRES PLANTED","TOTAL","NOT SPECIFIED","213,000",""
"SURVEY","1995","YEAR","","COUNTY","ILLINOIS","17","EAST SOUTHEAST","70","CLARK","023","","","00000000","","CORN","CORN - ACRES PLANTED","TOTAL","NOT SPECIFIED","92,000",""
"SURVEY","1995","YEAR","","COUNTY","ILLINOIS","17","EAST SOUTHEAST","70","CLAY","025","","","00000000","","CORN","CORN - ACRES PLANTED","TOTAL","NOT SPECIFIED","45,000",""
"SURVEY","1995","YEAR","","COUNTY","ILLINOIS","17","EAST SOUTHEAST","70","COLES","029","","","00000000","","CORN","CORN - ACRES PLANTED","TOTAL","NOT SPECIFIED","113,000",""
"SURVEY","1995","YEAR","","COUNTY","ILLINOIS","17","EAST SOUTHEAST","70","CRAWFORD","033","","","00000000","","CORN","CORN - ACRES PLANTED","TOTAL","NOT SPECIFIED","74,000",""
"SURVEY","1995","YEAR","","COUNTY","ILLINOIS","17","EAST SOUTHEAST","70","CUMBERLAND","035","","","00000000","","CORN","CORN - ACRES PLANTED","TOTAL","NOT SPECIFIED","60,000",""
"SURVEY","1995","YEAR","","COUNTY","ILLINOIS","17","EAST SOUTHEAST","70","DOUGLAS","041","","","00000000","","CORN","CORN - ACRES PLANTED","TOTAL","NOT SPECIFIED","118,000",""
"SURVEY","1995","YEAR","","COUNTY","ILLINOIS","17","EAST SOUTHEAST","70","EDGAR","045","","","00000000","","CORN","CORN - ACRES PLANTED","TOTAL","NOT SPECIFIED","148,000",""
"SURVEY","1995","YEAR","","COUNTY","ILLINOIS","17","EAST SOUTHEAST","70","EFFINGHAM","049","","","00000000","","CORN","CORN - ACRES PLANTED","TOTAL","NOT SPECIFIED","82,000",""
"SURVEY","1995","YEAR","","COUNTY","ILLINOIS","17","EAST SOUTHEAST","70","FAYETTE","051","","","00000000","","CORN","CORN - ACRES PLANTED","TOTAL","NOT SPECIFIED","75,000",""
"SURVEY","1995","YEAR","","COUNTY","ILLINOIS","17","EAST SOUTHEAST","70","JASPER","079","","","00000000","","CORN","CORN - ACRES PLANTED","TOTAL","NOT SPECIFIED","82,000",""
"SURVEY","1995","YEAR","","COUNTY","ILLINOIS","17","EAST SOUTHEAST","70","LAWRENCE","101","","","00000000","","CORN","CORN - ACRES PLANTED","TOTAL","NOT SPECIFIED","72,000",""
"SURVEY","1995","YEAR","","COUNTY","ILLINOIS","17","EAST SOUTHEAST","70","MARION","121","","","00000000","","CORN","CORN - ACRES PLANTED","TOTAL","NOT SPECIFIED","38,000",""
"SURVEY","1995","YEAR","","COUNTY","ILLINOIS","17","EAST SOUTHEAST","70","MOULTRIE","139","","","00000000","","CORN","CORN - ACRES PLANTED","TOTAL","NOT SPECIFIED","83,000",""
"SURVEY","1995","YEAR","","COUNTY","ILLINOIS","17","EAST SOUTHEAST","70","RICHLAND","159","","","00000000","","CORN","CORN - ACRES PLANTED","TOTAL","NOT SPECIFIED","63,000",""
"SURVEY","1995","YEAR","","COUNTY","ILLINOIS","17","EAST SOUTHEAST","70","SHELBY","173","","","00000000","","CORN","CORN - ACRES PLANTED","TOTAL","NOT SPECIFIED","155,000",""
"SURVEY","1995","YEAR","","COUNTY","ILLINOIS","17","NORTHEAST","20","BOONE","007","","","00000000","","CORN","CORN - ACRES PLANTED","TOTAL","NOT SPECIFIED","69,000",""
"SURVEY","1995","YEAR","","COUNTY","ILLINOIS","17","NORTHEAST","20","COOK","031","","","00000000","","CORN","CORN - ACRES PLANTED","TOTAL","NOT SPECIFIED","11,000",""
"SURVEY","1995","YEAR","","COUNTY","ILLINOIS","17","NORTHEAST","20","DE KALB","037","","","00000000","","CORN","CORN - ACRES PLANTED","TOTAL","NOT SPECIFIED","195,000",""
"SURVEY","1995","YEAR","","COUNTY","ILLINOIS","17","NORTHEAST","20","DU PAGE","043","","","00000000","","CORN","CORN - ACRES PLANTED","TOTAL","NOT SPECIFIED","7,000",""
"SURVEY","1995","YEAR","","COUNTY","ILLINOIS","17","NORTHEAST","20","GRUNDY","063","","","00000000","","CORN","CORN - ACRES PLANTED","TOTAL","NOT SPECIFIED","104,000",""
"SURVEY","1995","YEAR","","COUNTY","ILLINOIS","17","NORTHEAST","20","KANE","089","","","00000000","","CORN","CORN - ACRES PLANTED","TOTAL","NOT SPECIFIED","95,000",""
"SURVEY","1995","YEAR","","COUNTY","ILLINOIS","17","NORTHEAST","20","KENDALL","093","","","00000000","","CORN","CORN - ACRES PLANTED","TOTAL","NOT SPECIFIED","83,000",""
"SURVEY","1995","YEAR","","COUNTY","ILLINOIS","17","NORTHEAST","20","LA SALLE","099","","","00000000","","CORN","CORN - ACRES PLANTED","TOTAL","NOT SPECIFIED","276,000",""
"SURVEY","1995","YEAR","","COUNTY","ILLINOIS","17","NORTHEAST","20","LAKE","097","","","00000000","","CORN","CORN - ACRES PLANTED","TOTAL","NOT SPECIFIED","17,000",""
"SURVEY","1995","YEAR","","COUNTY","ILLINOIS","17","NORTHEAST","20","MCHENRY","111","","","00000000","","CORN","CORN - ACRES PLANTED","TOTAL","NOT SPECIFIED","107,000",""
"SURVEY","1995","YEAR","","COUNTY","ILLINOIS","17","NORTHEAST","20","WILL","197","","","00000000","","CORN","CORN - ACRES PLANTED","TOTAL","NOT SPECIFIED","126,000",""
"SURVEY","1995","YEAR","","COUNTY","ILLINOIS","17","NORTHWEST","10","BUREAU","011","","","00000000","","CORN","CORN - ACRES PLANTED","TOTAL","NOT SPECIFIED","243,000",""
"SURVEY","1995","YEAR","","COUNTY","ILLINOIS","17","NORTHWEST","10","CARROLL","015","","","00000000","","CORN","CORN - ACRES PLANTED","TOTAL","NOT SPECIFIED","131,000",""
"SURVEY","1995","YEAR","","COUNTY","ILLINOIS","17","NORTHWEST","10","HENRY","073","","","00000000","","CORN","CORN - ACRES PLANTED","TOTAL","NOT SPECIFIED","223,000",""
"SURVEY","1995","YEAR","","COUNTY","ILLINOIS","17","NORTHWEST","10","JO DAVIESS","085","","","00000000","","CORN","CORN - ACRES PLANTED","TOTAL","NOT SPECIFIED","83,000",""
"SURVEY","1995","YEAR","","COUNTY","ILLINOIS","17","NORTHWEST","10","LEE","103","","","00000000","","CORN","CORN - ACRES PLANTED","TOTAL","NOT SPECIFIED","210,000",""
"SURVEY","1995","YEAR","","COUNTY","ILLINOIS","17","NORTHWEST","10","MERCER","131","","","00000000","","CORN","CORN - ACRES PLANTED","TOTAL","NOT SPECIFIED","120,000",""
"SURVEY","1995","YEAR","","COUNTY","ILLINOIS","17","NORTHWEST","10","OGLE","141","","","00000000","","CORN","CORN - ACRES PLANTED","TOTAL","NOT SPECIFIED","201,000",""
"SURVEY","1995","YEAR","","COUNTY","ILLINOIS","17","NORTHWEST","10","PUTNAM","155","","","00000000","","CORN","CORN - ACRES PLANTED","TOTAL","NOT SPECIFIED","33,000",""
"SURVEY","1995","YEAR","","COUNTY","ILLINOIS","17","NORTHWEST","10","ROCK ISLAND","161","","","00000000","","CORN","CORN - ACRES PLANTED","TOTAL","NOT SPECIFIED","66,000",""
"SURVEY","1995","YEAR","","COUNTY","ILLINOIS","17","NORTHWEST","10","STEPHENSON","177","","","00000000","","CORN","CORN - ACRES PLANTED","TOTAL","NOT SPECIFIED","149,000",""
"SURVEY","1995","YEAR","","COUNTY","ILLINOIS","17","NORTHWEST","10","WHITESIDE","195","","","00000000","","CORN","CORN - ACRES PLANTED","TOTAL","NOT SPECIFIED","205,000",""
"SURVEY","1995","YEAR","","COUNTY","ILLINOIS","17","NORTHWEST","10","WINNEBAGO","201","","","00000000","","CORN","CORN - ACRES PLANTED","TOTAL","NOT SPECIFIED","96,000",""
"SURVEY","1995","YEAR","","COUNTY","ILLINOIS","17","SOUTHEAST","90","EDWARDS","047","","","00000000","","CORN","CORN - ACRES PLANTED","TOTAL","NOT SPECIFIED","38,000",""
"SURVEY","1995","YEAR","","COUNTY","ILLINOIS","17","SOUTHEAST","90","FRANKLIN","055","","","00000000","","CORN","CORN - ACRES PLANTED","TOTAL","NOT SPECIFIED","45,000",""
"SURVEY","1995","YEAR","","COUNTY","ILLINOIS","17","SOUTHEAST","90","GALLATIN","059","","","00000000","","CORN","CORN - ACRES PLANTED","TOTAL","NOT SPECIFIED","84,000",""
"SURVEY","1995","YEAR","","COUNTY","ILLINOIS","17","SOUTHEAST","90","HAMILTON","065","","","00000000","","CORN","CORN - ACRES PLANTED","TOTAL","NOT SPECIFIED","47,000",""
"SURVEY","1995","YEAR","","COUNTY","ILLINOIS","17","SOUTHEAST","90","HARDIN","069","","","00000000","","CORN","CORN - ACRES PLANTED","TOTAL","NOT SPECIFIED","3,000",""
"SURVEY","1995","YEAR","","COUNTY","ILLINOIS","17","SOUTHEAST","90","JEFFERSON","081","","","00000000","","CORN","CORN - ACRES PLANTED","TOTAL","NOT SPECIFIED","32,000",""
"SURVEY","1995","YEAR","","COUNTY","ILLINOIS","17","SOUTHEAST","90","MASSAC","127","","","00000000","","CORN","CORN - ACRES PLANTED","TOTAL","NOT SPECIFIED","28,000",""
"SURVEY","1995","YEAR","","COUNTY","ILLINOIS","17","SOUTHEAST","90","POPE","151","","","00000000","","CORN","CORN - ACRES PLANTED","TOTAL","NOT SPECIFIED","8,000",""
"SURVEY","1995","YEAR","","COUNTY","ILLINOIS","17","SOUTHEAST","90","SALINE","165","","","00000000","","CORN","CORN - ACRES PLANTED","TOTAL","NOT SPECIFIED","42,000",""
"SURVEY","1995","YEAR","","COUNTY","ILLINOIS","17","SOUTHEAST","90","WABASH","185","","","00000000","","CORN","CORN - ACRES PLANTED","TOTAL","NOT SPECIFIED","45,000",""
"SURVEY","1995","YEAR","","COUNTY","ILLINOIS","17","SOUTHEAST","90","WAYNE","191","","","00000000","","CORN","CORN - ACRES PLANTED","TOTAL","NOT SPECIFIED","71,000",""
"SURVEY","1995","YEAR","","COUNTY","ILLINOIS","17","SOUTHEAST","90","WHITE","193","","","00000000","","CORN","CORN - ACRES PLANTED","TOTAL","NOT SPECIFIED","87,000",""
"SURVEY","1995","YEAR","","COUNTY","ILLINOIS","17","SOUTHWEST","80","ALEXANDER","003","","","00000000","","CORN","CORN - ACRES PLANTED","TOTAL","NOT SPECIFIED","10,000",""
"SURVEY","1995","YEAR","","COUNTY","ILLINOIS","17","SOUTHWEST","80","CLINTON","027","","","00000000","","CORN","CORN - ACRES PLANTED","TOTAL","NOT SPECIFIED","64,000",""
"SURVEY","1995","YEAR","","COUNTY","ILLINOIS","17","SOUTHWEST","80","JACKSON","077","","","00000000","","CORN","CORN - ACRES PLANTED","TOTAL","NOT SPECIFIED","31,000",""
"SURVEY","1995","YEAR","","COUNTY","ILLINOIS","17","SOUTHWEST","80","JOHNSON","087","","","00000000","","CORN","CORN - ACRES PLANTED","TOTAL","NOT SPECIFIED","11,000",""
"SURVEY","1995","YEAR","","COUNTY","ILLINOIS","17","SOUTHWEST","80","MONROE","133","","","00000000","","CORN","CORN - ACRES PLANTED","TOTAL","NOT SPECIFIED","38,000",""
"SURVEY","1995","YEAR","","COUNTY","ILLINOIS","17","SOUTHWEST","80","PERRY","145","","","00000000","","CORN","CORN - ACRES PLANTED","TOTAL","NOT SPECIFIED","45,000",""
"SURVEY","1995","YEAR","","COUNTY","ILLINOIS","17","SOUTHWEST","80","PULASKI","153","","","00000000","","CORN","CORN - ACRES PLANTED","TOTAL","NOT SPECIFIED","16,000",""
"SURVEY","1995","YEAR","","COUNTY","ILLINOIS","17","SOUTHWEST","80","RANDOLPH","157","","","00000000","","CORN","CORN - ACRES PLANTED","TOTAL","NOT SPECIFIED","51,000",""
"SURVEY","1995","YEAR","","COUNTY","ILLINOIS","17","SOUTHWEST","80","ST CLAIR","163","","","00000000","","CORN","CORN - ACRES PLANTED","TOTAL","NOT SPECIFIED","80,000",""
"SURVEY","1995","YEAR","","COUNTY","ILLINOIS","17","SOUTHWEST","80","UNION","181","","","00000000","","CORN","CORN - ACRES PLANTED","TOTAL","NOT SPECIFIED","12,000",""
"SURVEY","1995","YEAR","","COUNTY","ILLINOIS","17","SOUTHWEST","80","WASHINGTON","189","","","00000000","","CORN","CORN - ACRES PLANTED","TOTAL","NOT SPECIFIED","76,000",""
"SURVEY","1995","YEAR","","COUNTY","ILLINOIS","17","SOUTHWEST","80","WILLIAMSON","199","","","00000000","","CORN","CORN - ACRES PLANTED","TOTAL","NOT SPECIFIED","16,000",""
"SURVEY","1995","YEAR","","COUNTY","ILLINOIS","17","WEST","30","ADAMS","001","","","00000000","","CORN","CORN - ACRES PLANTED","TOTAL","NOT SPECIFIED","97,000",""
"SURVEY","1995","YEAR","","COUNTY","ILLINOIS","17","WEST","30","BROWN","009","","","00000000","","CORN","CORN - ACRES PLANTED","TOTAL","NOT SPECIFIED","33,000",""
"SURVEY","1995","YEAR","","COUNTY","ILLINOIS","17","WEST","30","FULTON","057","","","00000000","","CORN","CORN - ACRES PLANTED","TOTAL","NOT SPECIFIED","127,000",""
"SURVEY","1995","YEAR","","COUNTY","ILLINOIS","17","WEST","30","HANCOCK","067","","","00000000","","CORN","CORN - ACRES PLANTED","TOTAL","NOT SPECIFIED","128,000",""
"SURVEY","1995","YEAR","","COUNTY","ILLINOIS","17","WEST","30","HENDERSON","071","","","00000000","","CORN","CORN - ACRES PLANTED","TOTAL","NOT SPECIFIED","87,000",""
"SURVEY","1995","YEAR","","COUNTY","ILLINOIS","17","WEST","30","KNOX","095","","","00000000","","CORN","CORN - ACRES PLANTED","TOTAL","NOT SPECIFIED","144,000",""
"SURVEY","1995","YEAR","","COUNTY","ILLINOIS","17","WEST","30","MCDONOUGH","109","","","00000000","","CORN","CORN - ACRES PLANTED","TOTAL","NOT SPECIFIED","122,000",""
"SURVEY","1995","YEAR","","COUNTY","ILLINOIS","17","WEST","30","SCHUYLER","169","","","00000000","","CORN","CORN - ACRES PLANTED","TOTAL","NOT SPECIFIED","48,000",""
"SURVEY","1995","YEAR","","COUNTY","ILLINOIS","17","WEST","30","WARREN","187","","","00000000","","CORN","CORN - ACRES PLANTED","TOTAL","NOT SPECIFIED","144,000",""
"SURVEY","1995","YEAR","","COUNTY","ILLINOIS","17","WEST SOUTHWEST","60","BOND","005","","","00000000","","CORN","CORN - ACRES PLANTED","TOTAL","NOT SPECIFIED","33,000",""
"SURVEY","1995","YEAR","","COUNTY","ILLINOIS","17","WEST SOUTHWEST","60","CALHOUN","013","","","00000000","","CORN","CORN - ACRES PLANTED","TOTAL","NOT SPECIFIED","17,000",""
"SURVEY","1995","YEAR","","COUNTY","ILLINOIS","17","WEST SOUTHWEST","60","CASS","017","","","00000000","","CORN","CORN - ACRES PLANTED","TOTAL","NOT SPECIFIED","81,000",""
"SURVEY","1995","YEAR","","COUNTY","ILLINOIS","17","WEST SOUTHWEST","60","CHRISTIAN","021","","","00000000","","CORN","CORN - ACRES PLANTED","TOTAL","NOT SPECIFIED","174,000",""
"SURVEY","1995","YEAR","","COUNTY","ILLINOIS","17","WEST SOUTHWEST","60","GREENE","061","","","00000000","","CORN","CORN - ACRES PLANTED","TOTAL","NOT SPECIFIED","88,000",""
"SURVEY","1995","YEAR","","COUNTY","ILLINOIS","17","WEST SOUTHWEST","60","JERSEY","083","","","00000000","","CORN","CORN - ACRES PLANTED","TOTAL","NOT SPECIFIED","49,000",""
"SURVEY","1995","YEAR","","COUNTY","ILLINOIS","17","WEST SOUTHWEST","60","MACOUPIN","117","","","00000000","","CORN","CORN - ACRES PLANTED","TOTAL","NOT SPECIFIED","137,000",""
"SURVEY","1995","YEAR","","COUNTY","ILLINOIS","17","WEST SOUTHWEST","60","MADISON","119","","","00000000","","CORN","CORN - ACRES PLANTED","TOTAL","NOT SPECIFIED","65,000",""
"SURVEY","1995","YEAR","","COUNTY","ILLINOIS","17","WEST SOUTHWEST","60","MONTGOMERY","135","","","00000000","","CORN","CORN - ACRES PLANTED","TOTAL","NOT SPECIFIED","122,000",""
"SURVEY","1995","YEAR","","COUNTY","ILLINOIS","17","WEST SOUTHWEST","60","MORGAN","137","","","00000000","","CORN","CORN - ACRES PLANTED","TOTAL","NOT SPECIFIED","120,000",""
"SURVEY","1995","YEAR","","COUNTY","ILLINOIS","17","WEST SOUTHWEST","60","PIKE","149","","","00000000","","CORN","CORN - ACRES PLANTED","TOTAL","NOT SPECIFIED","110,000",""
"SURVEY","1995","YEAR","","COUNTY","ILLINOIS","17","WEST SOUTHWEST","60","SANGAMON","167","","","00000000","","CORN","CORN - ACRES PLANTED","TOTAL","NOT SPECIFIED","208,000",""
"SURVEY","1995","YEAR","","COUNTY","ILLINOIS","17","WEST SOUTHWEST","60","SCOTT","171","","","00000000","","CORN","CORN - ACRES PLANTED","TOTAL","NOT SPECIFIED","46,000",""
"SURVEY","1994","YEAR","","COUNTY","ILLINOIS","17","CENTRAL","40","DE WITT","039","","","00000000","","CORN","CORN - ACRES PLANTED","TOTAL","NOT SPECIFIED","104,000",""
"SURVEY","1994","YEAR","","COUNTY","ILLINOIS","17","CENTRAL","40","LOGAN","107","","","00000000","","CORN","CORN - ACRES PLANTED","TOTAL","NOT SPECIFIED","186,000",""
"SURVEY","1994","YEAR","","COUNTY","ILLINOIS","17","CENTRAL","40","MACON","115","","","00000000","","CORN","CORN - ACRES PLANTED","TOTAL","NOT SPECIFIED","153,000",""
"SURVEY","1994","YEAR","","COUNTY","ILLINOIS","17","CENTRAL","40","MARSHALL","123","","","00000000","","CORN","CORN - ACRES PLANTED","TOTAL","NOT SPECIFIED","97,000",""
"SURVEY","1994","YEAR","","COUNTY","ILLINOIS","17","CENTRAL","40","MASON","125","","","00000000","","CORN","CORN - ACRES PLANTED","TOTAL","NOT SPECIFIED","110,000",""
"SURVEY","1994","YEAR","","COUNTY","ILLINOIS","17","CENTRAL","40","MCLEAN","113","","","00000000","","CORN","CORN - ACRES PLANTED","TOTAL","NOT SPECIFIED","360,000",""
"SURVEY","1994","YEAR","","COUNTY","ILLINOIS","17","CENTRAL","40","MENARD","129","","","00000000","","CORN","CORN - ACRES PLANTED","TOTAL","NOT SPECIFIED","79,000",""
"SURVEY","1994","YEAR","","COUNTY","ILLINOIS","17","CENTRAL","40","PEORIA","143","","","00000000","","CORN","CORN - ACRES PLANTED","TOTAL","NOT SPECIFIED","120,000",""
"SURVEY","1994","YEAR","","COUNTY","ILLINOIS","17","CENTRAL","40","STARK","175","","","00000000","","CORN","CORN - ACRES PLANTED","TOTAL","NOT SPECIFIED","95,000",""
"SURVEY","1994","YEAR","","COUNTY","ILLINOIS","17","CENTRAL","40","TAZEWELL","179","","","00000000","","CORN","CORN - ACRES PLANTED","TOTAL","NOT SPECIFIED","154,000",""
"SURVEY","1994","YEAR","","COUNTY","ILLINOIS","17","CENTRAL","40","WOODFORD","203","","","00000000","","CORN","CORN - ACRES PLANTED","TOTAL","NOT SPECIFIED","142,000",""
"SURVEY","1994","YEAR","","COUNTY","ILLINOIS","17","EAST","50","CHAMPAIGN","019","","","00000000","","CORN","CORN - ACRES PLANTED","TOTAL","NOT SPECIFIED","296,000",""
"SURVEY","1994","YEAR","","COUNTY","ILLINOIS","17","EAST","50","FORD","053","","","00000000","","CORN","CORN - ACRES PLANTED","TOTAL","NOT SPECIFIED","141,000",""
"SURVEY","1994","YEAR","","COUNTY","ILLINOIS","17","EAST","50","IROQUOIS","075","","","00000000","","CORN","CORN - ACRES PLANTED","TOTAL","NOT SPECIFIED","323,000",""
"SURVEY","1994","YEAR","","COUNTY","ILLINOIS","17","EAST","50","KANKAKEE","091","","","00000000","","CORN","CORN - ACRES PLANTED","TOTAL","NOT SPECIFIED","195,000",""
"SURVEY","1994","YEAR","","COUNTY","ILLINOIS","17","EAST","50","LIVINGSTON","105","","","00000000","","CORN","CORN - ACRES PLANTED","TOTAL","NOT SPECIFIED","299,000",""
"SURVEY","1994","YEAR","","COUNTY","ILLINOIS","17","EAST","50","PIATT","147","","","00000000","","CORN","CORN - ACRES PLANTED","TOTAL","NOT SPECIFIED","129,000",""
"SURVEY","1994","YEAR","","COUNTY","ILLINOIS","17","EAST","50","VERMILION","183","","","00000000","","CORN","CORN - ACRES PLANTED","TOTAL","NOT SPECIFIED","237,000",""
"SURVEY","1994","YEAR","","COUNTY","ILLINOIS","17","EAST SOUTHEAST","70","CLARK","023","","","00000000","","CORN","CORN - ACRES PLANTED","TOTAL","NOT SPECIFIED","102,000",""
"SURVEY","1994","YEAR","","COUNTY","ILLINOIS","17","EAST SOUTHEAST","70","CLAY","025","","","00000000","","CORN","CORN - ACRES PLANTED","TOTAL","NOT SPECIFIED","70,000",""
"SURVEY","1994","YEAR","","COUNTY","ILLINOIS","17","EAST SOUTHEAST","70","COLES","029","","","00000000","","CORN","CORN - ACRES PLANTED","TOTAL","NOT SPECIFIED","125,000",""
"SURVEY","1994","YEAR","","COUNTY","ILLINOIS","17","EAST SOUTHEAST","70","CRAWFORD","033","","","00000000","","CORN","CORN - ACRES PLANTED","TOTAL","NOT SPECIFIED","90,000",""
"SURVEY","1994","YEAR","","COUNTY","ILLINOIS","17","EAST SOUTHEAST","70","CUMBERLAND","035","","","00000000","","CORN","CORN - ACRES PLANTED","TOTAL","NOT SPECIFIED","72,000",""
"SURVEY","1994","YEAR","","COUNTY","ILLINOIS","17","EAST SOUTHEAST","70","DOUGLAS","041","","","00000000","","CORN","CORN - ACRES PLANTED","TOTAL","NOT SPECIFIED","128,000",""
"SURVEY","1994","YEAR","","COUNTY","ILLINOIS","17","EAST SOUTHEAST","70","EDGAR","045","","","00000000","","CORN","CORN - ACRES PLANTED","TOTAL","NOT SPECIFIED","166,000",""
"SURVEY","1994","YEAR","","COUNTY","ILLINOIS","17","EAST SOUTHEAST","70","EFFINGHAM","049","","","00000000","","CORN","CORN - ACRES PLANTED","TOTAL","NOT SPECIFIED","97,000",""
"SURVEY","1994","YEAR","","COUNTY","ILLINOIS","17","EAST SOUTHEAST","70","FAYETTE","051","","","00000000","","CORN","CORN - ACRES PLANTED","TOTAL","NOT SPECIFIED","92,000",""
"SURVEY","1994","YEAR","","COUNTY","ILLINOIS","17","EAST SOUTHEAST","70","JASPER","079","","","00000000","","CORN","CORN - ACRES PLANTED","TOTAL","NOT SPECIFIED","100,000",""
"SURVEY","1994","YEAR","","COUNTY","ILLINOIS","17","EAST SOUTHEAST","70","LAWRENCE","101","","","00000000","","CORN","CORN - ACRES PLANTED","TOTAL","NOT SPECIFIED","81,000",""
"SURVEY","1994","YEAR","","COUNTY","ILLINOIS","17","EAST SOUTHEAST","70","MARION","121","","","00000000","","CORN","CORN - ACRES PLANTED","TOTAL","NOT SPECIFIED","59,000",""
"SURVEY","1994","YEAR","","COUNTY","ILLINOIS","17","EAST SOUTHEAST","70","MOULTRIE","139","","","00000000","","CORN","CORN - ACRES PLANTED","TOTAL","NOT SPECIFIED","89,000",""
"SURVEY","1994","YEAR","","COUNTY","ILLINOIS","17","EAST SOUTHEAST","70","RICHLAND","159","","","00000000","","CORN","CORN - ACRES PLANTED","TOTAL","NOT SPECIFIED","77,000",""
"SURVEY","1994","YEAR","","COUNTY","ILLINOIS","17","EAST SOUTHEAST","70","SHELBY","173","","","00000000","","CORN","CORN - ACRES PLANTED","TOTAL","NOT SPECIFIED","172,000",""
"SURVEY","1994","YEAR","","COUNTY","ILLINOIS","17","NORTHEAST","20","BOONE","007","","","00000000","","CORN","CORN - ACRES PLANTED","TOTAL","NOT SPECIFIED","74,000",""
"SURVEY","1994","YEAR","","COUNTY","ILLINOIS","17","NORTHEAST","20","COOK","031","","","00000000","","CORN","CORN - ACRES PLANTED","TOTAL","NOT SPECIFIED","12,000",""
"SURVEY","1994","YEAR","","COUNTY","ILLINOIS","17","NORTHEAST","20","DE KALB","037","","","00000000","","CORN","CORN - ACRES PLANTED","TOTAL","NOT SPECIFIED","210,000",""
"SURVEY","1994","YEAR","","COUNTY","ILLINOIS","17","NORTHEAST","20","DU PAGE","043","","","00000000","","CORN","CORN - ACRES PLANTED","TOTAL","NOT SPECIFIED","8,000",""
"SURVEY","1994","YEAR","","COUNTY","ILLINOIS","17","NORTHEAST","20","GRUNDY","063","","","00000000","","CORN","CORN - ACRES PLANTED","TOTAL","NOT SPECIFIED","117,000",""
"SURVEY","1994","YEAR","","COUNTY","ILLINOIS","17","NORTHEAST","20","KANE","089","","","00000000","","CORN","CORN - ACRES PLANTED","TOTAL","NOT SPECIFIED","110,000",""
"SURVEY","1994","YEAR","","COUNTY","ILLINOIS","17","NORTHEAST","20","KENDALL","093","","","00000000","","CORN","CORN - ACRES PLANTED","TOTAL","NOT SPECIFIED","90,000",""
"SURVEY","1994","YEAR","","COUNTY","ILLINOIS","17","NORTHEAST","20","LA SALLE","099","","","00000000","","CORN","CORN - ACRES PLANTED","TOTAL","NOT SPECIFIED","307,000",""
"SURVEY","1994","YEAR","","COUNTY","ILLINOIS","17","NORTHEAST","20","LAKE","097","","","00000000","","CORN","CORN - ACRES PLANTED","TOTAL","NOT SPECIFIED","20,000",""
"SURVEY","1994","YEAR","","COUNTY","ILLINOIS","17","NORTHEAST","20","MCHENRY","111","","","00000000","","CORN","CORN - ACRES PLANTED","TOTAL","NOT SPECIFIED","119,000",""
"SURVEY","1994","YEAR","","COUNTY","ILLINOIS","17","NORTHEAST","20","WILL","197","","","00000000","","CORN","CORN - ACRES PLANTED","TOTAL","NOT SPECIFIED","143,000",""
"SURVEY","1994","YEAR","","COUNTY","ILLINOIS","17","NORTHWEST","10","BUREAU","011","","","00000000","","CORN","CORN - ACRES PLANTED","TOTAL","NOT SPECIFIED","269,000",""
"SURVEY","1994","YEAR","","COUNTY","ILLINOIS","17","NORTHWEST","10","CARROLL","015","","","00000000","","CORN","CORN - ACRES PLANTED","TOTAL","NOT SPECIFIED","140,000",""
"SURVEY","1994","YEAR","","COUNTY","ILLINOIS","17","NORTHWEST","10","HENRY","073","","","00000000","","CORN","CORN - ACRES PLANTED","TOTAL","NOT SPECIFIED","247,000",""
"SURVEY","1994","YEAR","","COUNTY","ILLINOIS","17","NORTHWEST","10","JO DAVIESS","085","","","00000000","","CORN","CORN - ACRES PLANTED","TOTAL","NOT SPECIFIED","92,000",""
"SURVEY","1994","YEAR","","COUNTY","ILLINOIS","17","NORTHWEST","10","LEE","103","","","00000000","","CORN","CORN - ACRES PLANTED","TOTAL","NOT SPECIFIED","229,000",""
"SURVEY","1994","YEAR","","COUNTY","ILLINOIS","17","NORTHWEST","10","MERCER","131","","","00000000","","CORN","CORN - ACRES PLANTED","TOTAL","NOT SPECIFIED","129,000",""
"SURVEY","1994","YEAR","","COUNTY","ILLINOIS","17","NORTHWEST","10","OGLE","141","","","00000000","","CORN","CORN - ACRES PLANTED","TOTAL","NOT SPECIFIED","218,000",""
"SURVEY","1994","YEAR","","COUNTY","ILLINOIS","17","NORTHWEST","10","PUTNAM","155","","","00000000","","CORN","CORN - ACRES PLANTED","TOTAL","NOT SPECIFIED","38,000",""
"SURVEY","1994","YEAR","","COUNTY","ILLINOIS","17","NORTHWEST","10","ROCK ISLAND","161","","","00000000","","CORN","CORN - ACRES PLANTED","TOTAL","NOT SPECIFIED","75,000",""
"SURVEY","1994","YEAR","","COUNTY","ILLINOIS","17","NORTHWEST","10","STEPHENSON","177","","","00000000","","CORN","CORN - ACRES PLANTED","TOTAL","NOT SPECIFIED","167,000",""
"SURVEY","1994","YEAR","","COUNTY","ILLINOIS","17","NORTHWEST","10","WHITESIDE","195","","","00000000","","CORN","CORN - ACRES PLANTED","TOTAL","NOT SPECIFIED","231,000",""
"SURVEY","1994","YEAR","","COUNTY","ILLINOIS","17","NORTHWEST","10","WINNEBAGO","201","","","00000000","","CORN","CORN - ACRES PLANTED","TOTAL","NOT SPECIFIED","105,000",""
"SURVEY","1994","YEAR","","COUNTY","ILLINOIS","17","SOUTHEAST","90","EDWARDS","047","","","00000000","","CORN","CORN - ACRES PLANTED","TOTAL","NOT SPECIFIED","47,000",""
"SURVEY","1994","YEAR","","COUNTY","ILLINOIS","17","SOUTHEAST","90","FRANKLIN","055","","","00000000","","CORN","CORN - ACRES PLANTED","TOTAL","NOT SPECIFIED","53,000",""
"SURVEY","1994","YEAR","","COUNTY","ILLINOIS","17","SOUTHEAST","90","GALLATIN","059","","","00000000","","CORN","CORN - ACRES PLANTED","TOTAL","NOT SPECIFIED","85,000",""
"SURVEY","1994","YEAR","","COUNTY","ILLINOIS","17","SOUTHEAST","90","HAMILTON","065","","","00000000","","CORN","CORN - ACRES PLANTED","TOTAL","NOT SPECIFIED","69,000",""
"SURVEY","1994","YEAR","","COUNTY","ILLINOIS","17","SOUTHEAST","90","HARDIN","069","","","00000000","","CORN","CORN - ACRES PLANTED","TOTAL","NOT SPECIFIED","3,000",""
"SURVEY","1994","YEAR","","COUNTY","ILLINOIS","17","SOUTHEAST","90","JEFFERSON","081","","","00000000","","CORN","CORN - ACRES PLANTED","TOTAL","NOT SPECIFIED","49,000",""
"SURVEY","1994","YEAR","","COUNTY","ILLINOIS","17","SOUTHEAST","90","MASSAC","127","","","00000000","","CORN","CORN - ACRES PLANTED","TOTAL","NOT SPECIFIED","28,000",""
"SURVEY","1994","YEAR","","COUNTY","ILLINOIS","17","SOUTHEAST","90","POPE","151","","","00000000","","CORN","CORN - ACRES PLANTED","TOTAL","NOT SPECIFIED","9,000",""
"SURVEY","1994","YEAR","","COUNTY","ILLINOIS","17","SOUTHEAST","90","SALINE","165","","","00000000","","CORN","CORN - ACRES PLANTED","TOTAL","NOT SPECIFIED","48,000",""
"SURVEY","1994","YEAR","","COUNTY","ILLINOIS","17","SOUTHEAST","90","WABASH","185","","","00000000","","CORN","CORN - ACRES PLANTED","TOTAL","NOT SPECIFIED","49,000",""
"SURVEY","1994","YEAR","","COUNTY","ILLINOIS","17","SOUTHEAST","90","WAYNE","191","","","00000000","","CORN","CORN - ACRES PLANTED","TOTAL","NOT SPECIFIED","97,000",""
"SURVEY","1994","YEAR","","COUNTY","ILLINOIS","17","SOUTHEAST","90","WHITE","193","","","00000000","","CORN","CORN - ACRES PLANTED","TOTAL","NOT SPECIFIED","103,000",""
"SURVEY","1994","YEAR","","COUNTY","ILLINOIS","17","SOUTHWEST","80","ALEXANDER","003","","","00000000","","CORN","CORN - ACRES PLANTED","TOTAL","NOT SPECIFIED","8,000",""
"SURVEY","1994","YEAR","","COUNTY","ILLINOIS","17","SOUTHWEST","80","CLINTON","027","","","00000000","","CORN","CORN - ACRES PLANTED","TOTAL","NOT SPECIFIED","83,000",""
"SURVEY","1994","YEAR","","COUNTY","ILLINOIS","17","SOUTHWEST","80","JACKSON","077","","","00000000","","CORN","CORN - ACRES PLANTED","TOTAL","NOT SPECIFIED","36,000",""
"SURVEY","1994","YEAR","","COUNTY","ILLINOIS","17","SOUTHWEST","80","JOHNSON","087","","","00000000","","CORN","CORN - ACRES PLANTED","TOTAL","NOT SPECIFIED","14,000",""
"SURVEY","1994","YEAR","","COUNTY","ILLINOIS","17","SOUTHWEST","80","MONROE","133","","","00000000","","CORN","CORN - ACRES PLANTED","TOTAL","NOT SPECIFIED","48,000",""
"SURVEY","1994","YEAR","","COUNTY","ILLINOIS","17","SOUTHWEST","80","PERRY","145","","","00000000","","CORN","CORN - ACRES PLANTED","TOTAL","NOT SPECIFIED","53,000",""
"SURVEY","1994","YEAR","","COUNTY","ILLINOIS","17","SOUTHWEST","80","PULASKI","153","","","00000000","","CORN","CORN - ACRES PLANTED","TOTAL","NOT SPECIFIED","17,000",""
"SURVEY","1994","YEAR","","COUNTY","ILLINOIS","17","SOUTHWEST","80","RANDOLPH","157","","","00000000","","CORN","CORN - ACRES PLANTED","TOTAL","NOT SPECIFIED","61,000",""
"SURVEY","1994","YEAR","","COUNTY","ILLINOIS","17","SOUTHWEST","80","ST CLAIR","163","","","00000000","","CORN","CORN - ACRES PLANTED","TOTAL","NOT SPECIFIED","88,000",""
"SURVEY","1994","YEAR","","COUNTY","ILLINOIS","17","SOUTHWEST","80","UNION","181","","","00000000","","CORN","CORN - ACRES PLANTED","TOTAL","NOT SPECIFIED","14,000",""
"SURVEY","1994","YEAR","","COUNTY","ILLINOIS","17","SOUTHWEST","80","WASHINGTON","189","","","00000000","","CORN","CORN - ACRES PLANTED","TOTAL","NOT SPECIFIED","95,000",""
"SURVEY","1994","YEAR","","COUNTY","ILLINOIS","17","SOUTHWEST","80","WILLIAMSON","199","","","00000000","","CORN","CORN - ACRES PLANTED","TOTAL","NOT SPECIFIED","23,000",""
"SURVEY","1994","YEAR","","COUNTY","ILLINOIS","17","WEST","30","ADAMS","001","","","00000000","","CORN","CORN - ACRES PLANTED","TOTAL","NOT SPECIFIED","132,000",""
"SURVEY","1994","YEAR","","COUNTY","ILLINOIS","17","WEST","30","BROWN","009","","","00000000","","CORN","CORN - ACRES PLANTED","TOTAL","NOT SPECIFIED","44,000",""
"SURVEY","1994","YEAR","","COUNTY","ILLINOIS","17","WEST","30","FULTON","057","","","00000000","","CORN","CORN - ACRES PLANTED","TOTAL","NOT SPECIFIED","135,000",""
"SURVEY","1994","YEAR","","COUNTY","ILLINOIS","17","WEST","30","HANCOCK","067","","","00000000","","CORN","CORN - ACRES PLANTED","TOTAL","NOT SPECIFIED","162,000",""
"SURVEY","1994","YEAR","","COUNTY","ILLINOIS","17","WEST","30","HENDERSON","071","","","00000000","","CORN","CORN - ACRES PLANTED","TOTAL","NOT SPECIFIED","99,000",""
"SURVEY","1994","YEAR","","COUNTY","ILLINOIS","17","WEST","30","KNOX","095","","","00000000","","CORN","CORN - ACRES PLANTED","TOTAL","NOT SPECIFIED","162,000",""
"SURVEY","1994","YEAR","","COUNTY","ILLINOIS","17","WEST","30","MCDONOUGH","109","","","00000000","","CORN","CORN - ACRES PLANTED","TOTAL","NOT SPECIFIED","137,000",""
"SURVEY","1994","YEAR","","COUNTY","ILLINOIS","17","WEST","30","SCHUYLER","169","","","00000000","","CORN","CORN - ACRES PLANTED","TOTAL","NOT SPECIFIED","65,000",""
"SURVEY","1994","YEAR","","COUNTY","ILLINOIS","17","WEST","30","WARREN","187","","","00000000","","CORN","CORN - ACRES PLANTED","TOTAL","NOT SPECIFIED","154,000",""
"SURVEY","1994","YEAR","","COUNTY","ILLINOIS","17","WEST SOUTHWEST","60","BOND","005","","","00000000","","CORN","CORN - ACRES PLANTED","TOTAL","NOT SPECIFIED","52,000",""
"SURVEY","1994","YEAR","","COUNTY","ILLINOIS","17","WEST SOUTHWEST","60","CALHOUN","013","","","00000000","","CORN","CORN - ACRES PLANTED","TOTAL","NOT SPECIFIED","21,000",""
"SURVEY","1994","YEAR","","COUNTY","ILLINOIS","17","WEST SOUTHWEST","60","CASS","017","","","00000000","","CORN","CORN - ACRES PLANTED","TOTAL","NOT SPECIFIED","86,000",""
"SURVEY","1994","YEAR","","COUNTY","ILLINOIS","17","WEST SOUTHWEST","60","CHRISTIAN","021","","","00000000","","CORN","CORN - ACRES PLANTED","TOTAL","NOT SPECIFIED","188,000",""
"SURVEY","1994","YEAR","","COUNTY","ILLINOIS","17","WEST SOUTHWEST","60","GREENE","061","","","00000000","","CORN","CORN - ACRES PLANTED","TOTAL","NOT SPECIFIED","103,000",""
"SURVEY","1994","YEAR","","COUNTY","ILLINOIS","17","WEST SOUTHWEST","60","JERSEY","083","","","00000000","","CORN","CORN - ACRES PLANTED","TOTAL","NOT SPECIFIED","58,000",""
"SURVEY","1994","YEAR","","COUNTY","ILLINOIS","17","WEST SOUTHWEST","60","MACOUPIN","117","","","00000000","","CORN","CORN - ACRES PLANTED","TOTAL","NOT SPECIFIED","162,000",""
"SURVEY","1994","YEAR","","COUNTY","ILLINOIS","17","WEST SOUTHWEST","60","MADISON","119","","","00000000","","CORN","CORN - ACRES PLANTED","TOTAL","NOT SPECIFIED","87,000",""
"SURVEY","1994","YEAR","","COUNTY","ILLINOIS","17","WEST SOUTHWEST","60","MONTGOMERY","135","","","00000000","","CORN","CORN - ACRES PLANTED","TOTAL","NOT SPECIFIED","146,000",""
"SURVEY","1994","YEAR","","COUNTY","ILLINOIS","17","WEST SOUTHWEST","60","MORGAN","137","","","00000000","","CORN","CORN - ACRES PLANTED","TOTAL","NOT SPECIFIED","134,000",""
"SURVEY","1994","YEAR","","COUNTY","ILLINOIS","17","WEST SOUTHWEST","60","PIKE","149","","","00000000","","CORN","CORN - ACRES PLANTED","TOTAL","NOT SPECIFIED","119,000",""
"SURVEY","1994","YEAR","","COUNTY","ILLINOIS","17","WEST SOUTHWEST","60","SANGAMON","167","","","00000000","","CORN","CORN - ACRES PLANTED","TOTAL","NOT SPECIFIED","234,000",""
"SURVEY","1994","YEAR","","COUNTY","ILLINOIS","17","WEST SOUTHWEST","60","SCOTT","171","","","00000000","","CORN","CORN - ACRES PLANTED","TOTAL","NOT SPECIFIED","50,000",""
"SURVEY","1993","YEAR","","COUNTY","ILLINOIS","17","CENTRAL","40","DE WITT","039","","","00000000","","CORN","CORN - ACRES PLANTED","TOTAL","NOT SPECIFIED","100,000",""
"SURVEY","1993","YEAR","","COUNTY","ILLINOIS","17","CENTRAL","40","LOGAN","107","","","00000000","","CORN","CORN - ACRES PLANTED","TOTAL","NOT SPECIFIED","168,000",""
"SURVEY","1993","YEAR","","COUNTY","ILLINOIS","17","CENTRAL","40","MACON","115","","","00000000","","CORN","CORN - ACRES PLANTED","TOTAL","NOT SPECIFIED","140,000",""
"SURVEY","1993","YEAR","","COUNTY","ILLINOIS","17","CENTRAL","40","MARSHALL","123","","","00000000","","CORN","CORN - ACRES PLANTED","TOTAL","NOT SPECIFIED","89,000",""
"SURVEY","1993","YEAR","","COUNTY","ILLINOIS","17","CENTRAL","40","MASON","125","","","00000000","","CORN","CORN - ACRES PLANTED","TOTAL","NOT SPECIFIED","100,000",""
"SURVEY","1993","YEAR","","COUNTY","ILLINOIS","17","CENTRAL","40","MCLEAN","113","","","00000000","","CORN","CORN - ACRES PLANTED","TOTAL","NOT SPECIFIED","330,000",""
"SURVEY","1993","YEAR","","COUNTY","ILLINOIS","17","CENTRAL","40","MENARD","129","","","00000000","","CORN","CORN - ACRES PLANTED","TOTAL","NOT SPECIFIED","71,000",""
"SURVEY","1993","YEAR","","COUNTY","ILLINOIS","17","CENTRAL","40","PEORIA","143","","","00000000","","CORN","CORN - ACRES PLANTED","TOTAL","NOT SPECIFIED","107,000",""
"SURVEY","1993","YEAR","","COUNTY","ILLINOIS","17","CENTRAL","40","STARK","175","","","00000000","","CORN","CORN - ACRES PLANTED","TOTAL","NOT SPECIFIED","88,000",""
"SURVEY","1993","YEAR","","COUNTY","ILLINOIS","17","CENTRAL","40","TAZEWELL","179","","","00000000","","CORN","CORN - ACRES PLANTED","TOTAL","NOT SPECIFIED","146,000",""
"SURVEY","1993","YEAR","","COUNTY","ILLINOIS","17","CENTRAL","40","WOODFORD","203","","","00000000","","CORN","CORN - ACRES PLANTED","TOTAL","NOT SPECIFIED","131,000",""
"SURVEY","1993","YEAR","","COUNTY","ILLINOIS","17","EAST","50","CHAMPAIGN","019","","","00000000","","CORN","CORN - ACRES PLANTED","TOTAL","NOT SPECIFIED","280,000",""
"SURVEY","1993","YEAR","","COUNTY","ILLINOIS","17","EAST","50","FORD","053","","","00000000","","CORN","CORN - ACRES PLANTED","TOTAL","NOT SPECIFIED","130,000",""
"SURVEY","1993","YEAR","","COUNTY","ILLINOIS","17","EAST","50","IROQUOIS","075","","","00000000","","CORN","CORN - ACRES PLANTED","TOTAL","NOT SPECIFIED","299,000",""
"SURVEY","1993","YEAR","","COUNTY","ILLINOIS","17","EAST","50","KANKAKEE","091","","","00000000","","CORN","CORN - ACRES PLANTED","TOTAL","NOT SPECIFIED","178,000",""
"SURVEY","1993","YEAR","","COUNTY","ILLINOIS","17","EAST","50","LIVINGSTON","105","","","00000000","","CORN","CORN - ACRES PLANTED","TOTAL","NOT SPECIFIED","273,000",""
"SURVEY","1993","YEAR","","COUNTY","ILLINOIS","17","EAST","50","PIATT","147","","","00000000","","CORN","CORN - ACRES PLANTED","TOTAL","NOT SPECIFIED","122,000",""
"SURVEY","1993","YEAR","","COUNTY","ILLINOIS","17","EAST","50","VERMILION","183","","","00000000","","CORN","CORN - ACRES PLANTED","TOTAL","NOT SPECIFIED","218,000",""
"SURVEY","1993","YEAR","","COUNTY","ILLINOIS","17","EAST SOUTHEAST","70","CLARK","023","","","00000000","","CORN","CORN - ACRES PLANTED","TOTAL","NOT SPECIFIED","91,000",""
"SURVEY","1993","YEAR","","COUNTY","ILLINOIS","17","EAST SOUTHEAST","70","CLAY","025","","","00000000","","CORN","CORN - ACRES PLANTED","TOTAL","NOT SPECIFIED","58,000",""
"SURVEY","1993","YEAR","","COUNTY","ILLINOIS","17","EAST SOUTHEAST","70","COLES","029","","","00000000","","CORN","CORN - ACRES PLANTED","TOTAL","NOT SPECIFIED","115,000",""
"SURVEY","1993","YEAR","","COUNTY","ILLINOIS","17","EAST SOUTHEAST","70","CRAWFORD","033","","","00000000","","CORN","CORN - ACRES PLANTED","TOTAL","NOT SPECIFIED","78,000",""
"SURVEY","1993","YEAR","","COUNTY","ILLINOIS","17","EAST SOUTHEAST","70","CUMBERLAND","035","","","00000000","","CORN","CORN - ACRES PLANTED","TOTAL","NOT SPECIFIED","65,000",""
"SURVEY","1993","YEAR","","COUNTY","ILLINOIS","17","EAST SOUTHEAST","70","DOUGLAS","041","","","00000000","","CORN","CORN - ACRES PLANTED","TOTAL","NOT SPECIFIED","119,000",""
"SURVEY","1993","YEAR","","COUNTY","ILLINOIS","17","EAST SOUTHEAST","70","EDGAR","045","","","00000000","","CORN","CORN - ACRES PLANTED","TOTAL","NOT SPECIFIED","151,000",""
"SURVEY","1993","YEAR","","COUNTY","ILLINOIS","17","EAST SOUTHEAST","70","EFFINGHAM","049","","","00000000","","CORN","CORN - ACRES PLANTED","TOTAL","NOT SPECIFIED","78,000",""
"SURVEY","1993","YEAR","","COUNTY","ILLINOIS","17","EAST SOUTHEAST","70","FAYETTE","051","","","00000000","","CORN","CORN - ACRES PLANTED","TOTAL","NOT SPECIFIED","64,000",""
"SURVEY","1993","YEAR","","COUNTY","ILLINOIS","17","EAST SOUTHEAST","70","JASPER","079","","","00000000","","CORN","CORN - ACRES PLANTED","TOTAL","NOT SPECIFIED","83,000",""
"SURVEY","1993","YEAR","","COUNTY","ILLINOIS","17","EAST SOUTHEAST","70","LAWRENCE","101","","","00000000","","CORN","CORN - ACRES PLANTED","TOTAL","NOT SPECIFIED","72,000",""
"SURVEY","1993","YEAR","","COUNTY","ILLINOIS","17","EAST SOUTHEAST","70","MARION","121","","","00000000","","CORN","CORN - ACRES PLANTED","TOTAL","NOT SPECIFIED","40,000",""
"SURVEY","1993","YEAR","","COUNTY","ILLINOIS","17","EAST SOUTHEAST","70","MOULTRIE","139","","","00000000","","CORN","CORN - ACRES PLANTED","TOTAL","NOT SPECIFIED","87,000",""
"SURVEY","1993","YEAR","","COUNTY","ILLINOIS","17","EAST SOUTHEAST","70","RICHLAND","159","","","00000000","","CORN","CORN - ACRES PLANTED","TOTAL","NOT SPECIFIED","68,000",""
"SURVEY","1993","YEAR","","COUNTY","ILLINOIS","17","EAST SOUTHEAST","70","SHELBY","173","","","00000000","","CORN","CORN - ACRES PLANTED","TOTAL","NOT SPECIFIED","151,000",""
"SURVEY","1993","YEAR","","COUNTY","ILLINOIS","17","NORTHEAST","20","BOONE","007","","","00000000","","CORN","CORN - ACRES PLANTED","TOTAL","NOT SPECIFIED","67,000",""
"SURVEY","1993","YEAR","","COUNTY","ILLINOIS","17","NORTHEAST","20","COOK","031","","","00000000","","CORN","CORN - ACRES PLANTED","TOTAL","NOT SPECIFIED","10,000",""
"SURVEY","1993","YEAR","","COUNTY","ILLINOIS","17","NORTHEAST","20","DE KALB","037","","","00000000","","CORN","CORN - ACRES PLANTED","TOTAL","NOT SPECIFIED","198,000",""
"SURVEY","1993","YEAR","","COUNTY","ILLINOIS","17","NORTHEAST","20","DU PAGE","043","","","00000000","","CORN","CORN - ACRES PLANTED","TOTAL","NOT SPECIFIED","7,000",""
"SURVEY","1993","YEAR","","COUNTY","ILLINOIS","17","NORTHEAST","20","GRUNDY","063","","","00000000","","CORN","CORN - ACRES PLANTED","TOTAL","NOT SPECIFIED","109,000",""
"SURVEY","1993","YEAR","","COUNTY","ILLINOIS","17","NORTHEAST","20","KANE","089","","","00000000","","CORN","CORN - ACRES PLANTED","TOTAL","NOT SPECIFIED","105,000",""
"SURVEY","1993","YEAR","","COUNTY","ILLINOIS","17","NORTHEAST","20","KENDALL","093","","","00000000","","CORN","CORN - ACRES PLANTED","TOTAL","NOT SPECIFIED","90,000",""
"SURVEY","1993","YEAR","","COUNTY","ILLINOIS","17","NORTHEAST","20","LA SALLE","099","","","00000000","","CORN","CORN - ACRES PLANTED","TOTAL","NOT SPECIFIED","283,000",""
"SURVEY","1993","YEAR","","COUNTY","ILLINOIS","17","NORTHEAST","20","LAKE","097","","","00000000","","CORN","CORN - ACRES PLANTED","TOTAL","NOT SPECIFIED","20,000",""
"SURVEY","1993","YEAR","","COUNTY","ILLINOIS","17","NORTHEAST","20","MCHENRY","111","","","00000000","","CORN","CORN - ACRES PLANTED","TOTAL","NOT SPECIFIED","113,000",""
"SURVEY","1993","YEAR","","COUNTY","ILLINOIS","17","NORTHEAST","20","WILL","197","","","00000000","","CORN","CORN - ACRES PLANTED","TOTAL","NOT SPECIFIED","128,000",""
"SURVEY","1993","YEAR","","COUNTY","ILLINOIS","17","NORTHWEST","10","BUREAU","011","","","00000000","","CORN","CORN - ACRES PLANTED","TOTAL","NOT SPECIFIED","246,000",""
"SURVEY","1993","YEAR","","COUNTY","ILLINOIS","17","NORTHWEST","10","CARROLL","015","","","00000000","","CORN","CORN - ACRES PLANTED","TOTAL","NOT SPECIFIED","131,000",""
"SURVEY","1993","YEAR","","COUNTY","ILLINOIS","17","NORTHWEST","10","HENRY","073","","","00000000","","CORN","CORN - ACRES PLANTED","TOTAL","NOT SPECIFIED","226,000",""
"SURVEY","1993","YEAR","","COUNTY","ILLINOIS","17","NORTHWEST","10","JO DAVIESS","085","","","00000000","","CORN","CORN - ACRES PLANTED","TOTAL","NOT SPECIFIED","88,000",""
"SURVEY","1993","YEAR","","COUNTY","ILLINOIS","17","NORTHWEST","10","LEE","103","","","00000000","","CORN","CORN - ACRES PLANTED","TOTAL","NOT SPECIFIED","213,000",""
"SURVEY","1993","YEAR","","COUNTY","ILLINOIS","17","NORTHWEST","10","MERCER","131","","","00000000","","CORN","CORN - ACRES PLANTED","TOTAL","NOT SPECIFIED","122,000",""
"SURVEY","1993","YEAR","","COUNTY","ILLINOIS","17","NORTHWEST","10","OGLE","141","","","00000000","","CORN","CORN - ACRES PLANTED","TOTAL","NOT SPECIFIED","199,000",""
"SURVEY","1993","YEAR","","COUNTY","ILLINOIS","17","NORTHWEST","10","PUTNAM","155","","","00000000","","CORN","CORN - ACRES PLANTED","TOTAL","NOT SPECIFIED","34,000",""
"SURVEY","1993","YEAR","","COUNTY","ILLINOIS","17","NORTHWEST","10","ROCK ISLAND","161","","","00000000","","CORN","CORN - ACRES PLANTED","TOTAL","NOT SPECIFIED","71,000",""
"SURVEY","1993","YEAR","","COUNTY","ILLINOIS","17","NORTHWEST","10","STEPHENSON","177","","","00000000","","CORN","CORN - ACRES PLANTED","TOTAL","NOT SPECIFIED","153,000",""
"SURVEY","1993","YEAR","","COUNTY","ILLINOIS","17","NORTHWEST","10","WHITESIDE","195","","","00000000","","CORN","CORN - ACRES PLANTED","TOTAL","NOT SPECIFIED","206,000",""
"SURVEY","1993","YEAR","","COUNTY","ILLINOIS","17","NORTHWEST","10","WINNEBAGO","201","","","00000000","","CORN","CORN - ACRES PLANTED","TOTAL","NOT SPECIFIED","91,000",""
"SURVEY","1993","YEAR","","COUNTY","ILLINOIS","17","SOUTHEAST","90","EDWARDS","047","","","00000000","","CORN","CORN - ACRES PLANTED","TOTAL","NOT SPECIFIED","40,000",""
"SURVEY","1993","YEAR","","COUNTY","ILLINOIS","17","SOUTHEAST","90","FRANKLIN","055","","","00000000","","CORN","CORN - ACRES PLANTED","TOTAL","NOT SPECIFIED","39,000",""
"SURVEY","1993","YEAR","","COUNTY","ILLINOIS","17","SOUTHEAST","90","GALLATIN","059","","","00000000","","CORN","CORN - ACRES PLANTED","TOTAL","NOT SPECIFIED","76,000",""
"SURVEY","1993","YEAR","","COUNTY","ILLINOIS","17","SOUTHEAST","90","HAMILTON","065","","","00000000","","CORN","CORN - ACRES PLANTED","TOTAL","NOT SPECIFIED","58,000",""
"SURVEY","1993","YEAR","","COUNTY","ILLINOIS","17","SOUTHEAST","90","HARDIN","069","","","00000000","","CORN","CORN - ACRES PLANTED","TOTAL","NOT SPECIFIED","3,000",""
"SURVEY","1993","YEAR","","COUNTY","ILLINOIS","17","SOUTHEAST","90","JEFFERSON","081","","","00000000","","CORN","CORN - ACRES PLANTED","TOTAL","NOT SPECIFIED","41,000",""
"SURVEY","1993","YEAR","","COUNTY","ILLINOIS","17","SOUTHEAST","90","MASSAC","127","","","00000000","","CORN","CORN - ACRES PLANTED","TOTAL","NOT SPECIFIED","26,000",""
"SURVEY","1993","YEAR","","COUNTY","ILLINOIS","17","SOUTHEAST","90","POPE","151","","","00000000","","CORN","CORN - ACRES PLANTED","TOTAL","NOT SPECIFIED","7,000",""
"SURVEY","1993","YEAR","","COUNTY","ILLINOIS","17","SOUTHEAST","90","SALINE","165","","","00000000","","CORN","CORN - ACRES PLANTED","TOTAL","NOT SPECIFIED","48,000",""
"SURVEY","1993","YEAR","","COUNTY","ILLINOIS","17","SOUTHEAST","90","WABASH","185","","","00000000","","CORN","CORN - ACRES PLANTED","TOTAL","NOT SPECIFIED","46,000",""
"SURVEY","1993","YEAR","","COUNTY","ILLINOIS","17","SOUTHEAST","90","WAYNE","191","","","00000000","","CORN","CORN - ACRES PLANTED","TOTAL","NOT SPECIFIED","82,000",""
"SURVEY","1993","YEAR","","COUNTY","ILLINOIS","17","SOUTHEAST","90","WHITE","193","","","00000000","","CORN","CORN - ACRES PLANTED","TOTAL","NOT SPECIFIED","94,000",""
"SURVEY","1993","YEAR","","COUNTY","ILLINOIS","17","SOUTHWEST","80","ALEXANDER","003","","","00000000","","CORN","CORN - ACRES PLANTED","TOTAL","NOT SPECIFIED","8,000",""
"SURVEY","1993","YEAR","","COUNTY","ILLINOIS","17","SOUTHWEST","80","CLINTON","027","","","00000000","","CORN","CORN - ACRES PLANTED","TOTAL","NOT SPECIFIED","69,000",""
"SURVEY","1993","YEAR","","COUNTY","ILLINOIS","17","SOUTHWEST","80","JACKSON","077","","","00000000","","CORN","CORN - ACRES PLANTED","TOTAL","NOT SPECIFIED","29,000",""
"SURVEY","1993","YEAR","","COUNTY","ILLINOIS","17","SOUTHWEST","80","JOHNSON","087","","","00000000","","CORN","CORN - ACRES PLANTED","TOTAL","NOT SPECIFIED","11,000",""
"SURVEY","1993","YEAR","","COUNTY","ILLINOIS","17","SOUTHWEST","80","MONROE","133","","","00000000","","CORN","CORN - ACRES PLANTED","TOTAL","NOT SPECIFIED","40,000",""
"SURVEY","1993","YEAR","","COUNTY","ILLINOIS","17","SOUTHWEST","80","PERRY","145","","","00000000","","CORN","CORN - ACRES PLANTED","TOTAL","NOT SPECIFIED","43,000",""
"SURVEY","1993","YEAR","","COUNTY","ILLINOIS","17","SOUTHWEST","80","PULASKI","153","","","00000000","","CORN","CORN - ACRES PLANTED","TOTAL","NOT SPECIFIED","14,000",""
"SURVEY","1993","YEAR","","COUNTY","ILLINOIS","17","SOUTHWEST","80","RANDOLPH","157","","","00000000","","CORN","CORN - ACRES PLANTED","TOTAL","NOT SPECIFIED","52,000",""
"SURVEY","1993","YEAR","","COUNTY","ILLINOIS","17","SOUTHWEST","80","ST CLAIR","163","","","00000000","","CORN","CORN - ACRES PLANTED","TOTAL","NOT SPECIFIED","76,000",""
"SURVEY","1993","YEAR","","COUNTY","ILLINOIS","17","SOUTHWEST","80","UNION","181","","","00000000","","CORN","CORN - ACRES PLANTED","TOTAL","NOT SPECIFIED","10,000",""
"SURVEY","1993","YEAR","","COUNTY","ILLINOIS","17","SOUTHWEST","80","WASHINGTON","189","","","00000000","","CORN","CORN - ACRES PLANTED","TOTAL","NOT SPECIFIED","81,000",""
"SURVEY","1993","YEAR","","COUNTY","ILLINOIS","17","SOUTHWEST","80","WILLIAMSON","199","","","00000000","","CORN","CORN - ACRES PLANTED","TOTAL","NOT SPECIFIED","17,000",""
"SURVEY","1993","YEAR","","COUNTY","ILLINOIS","17","WEST","30","ADAMS","001","","","00000000","","CORN","CORN - ACRES PLANTED","TOTAL","NOT SPECIFIED","126,000",""
"SURVEY","1993","YEAR","","COUNTY","ILLINOIS","17","WEST","30","BROWN","009","","","00000000","","CORN","CORN - ACRES PLANTED","TOTAL","NOT SPECIFIED","37,000",""
"SURVEY","1993","YEAR","","COUNTY","ILLINOIS","17","WEST","30","FULTON","057","","","00000000","","CORN","CORN - ACRES PLANTED","TOTAL","NOT SPECIFIED","132,000",""
"SURVEY","1993","YEAR","","COUNTY","ILLINOIS","17","WEST","30","HANCOCK","067","","","00000000","","CORN","CORN - ACRES PLANTED","TOTAL","NOT SPECIFIED","141,000",""
"SURVEY","1993","YEAR","","COUNTY","ILLINOIS","17","WEST","30","HENDERSON","071","","","00000000","","CORN","CORN - ACRES PLANTED","TOTAL","NOT SPECIFIED","88,000",""
"SURVEY","1993","YEAR","","COUNTY","ILLINOIS","17","WEST","30","KNOX","095","","","00000000","","CORN","CORN - ACRES PLANTED","TOTAL","NOT SPECIFIED","152,000",""
"SURVEY","1993","YEAR","","COUNTY","ILLINOIS","17","WEST","30","MCDONOUGH","109","","","00000000","","CORN","CORN - ACRES PLANTED","TOTAL","NOT SPECIFIED","129,000",""
"SURVEY","1993","YEAR","","COUNTY","ILLINOIS","17","WEST","30","SCHUYLER","169","","","00000000","","CORN","CORN - ACRES PLANTED","TOTAL","NOT SPECIFIED","59,000",""
"SURVEY","1993","YEAR","","COUNTY","ILLINOIS","17","WEST","30","WARREN","187","","","00000000","","CORN","CORN - ACRES PLANTED","TOTAL","NOT SPECIFIED","146,000",""
"SURVEY","1993","YEAR","","COUNTY","ILLINOIS","17","WEST SOUTHWEST","60","BOND","005","","","00000000","","CORN","CORN - ACRES PLANTED","TOTAL","NOT SPECIFIED","34,000",""
"SURVEY","1993","YEAR","","COUNTY","ILLINOIS","17","WEST SOUTHWEST","60","CALHOUN","013","","","00000000","","CORN","CORN - ACRES PLANTED","TOTAL","NOT SPECIFIED","19,000",""
"SURVEY","1993","YEAR","","COUNTY","ILLINOIS","17","WEST SOUTHWEST","60","CASS","017","","","00000000","","CORN","CORN - ACRES PLANTED","TOTAL","NOT SPECIFIED","82,000",""
"SURVEY","1993","YEAR","","COUNTY","ILLINOIS","17","WEST SOUTHWEST","60","CHRISTIAN","021","","","00000000","","CORN","CORN - ACRES PLANTED","TOTAL","NOT SPECIFIED","173,000",""
"SURVEY","1993","YEAR","","COUNTY","ILLINOIS","17","WEST SOUTHWEST","60","GREENE","061","","","00000000","","CORN","CORN - ACRES PLANTED","TOTAL","NOT SPECIFIED","91,000",""
"SURVEY","1993","YEAR","","COUNTY","ILLINOIS","17","WEST SOUTHWEST","60","JERSEY","083","","","00000000","","CORN","CORN - ACRES PLANTED","TOTAL","NOT SPECIFIED","51,000",""
"SURVEY","1993","YEAR","","COUNTY","ILLINOIS","17","WEST SOUTHWEST","60","MACOUPIN","117","","","00000000","","CORN","CORN - ACRES PLANTED","TOTAL","NOT SPECIFIED","147,000",""
"SURVEY","1993","YEAR","","COUNTY","ILLINOIS","17","WEST SOUTHWEST","60","MADISON","119","","","00000000","","CORN","CORN - ACRES PLANTED","TOTAL","NOT SPECIFIED","75,000",""
"SURVEY","1993","YEAR","","COUNTY","ILLINOIS","17","WEST SOUTHWEST","60","MONTGOMERY","135","","","00000000","","CORN","CORN - ACRES PLANTED","TOTAL","NOT SPECIFIED","127,000",""
"SURVEY","1993","YEAR","","COUNTY","ILLINOIS","17","WEST SOUTHWEST","60","MORGAN","137","","","00000000","","CORN","CORN - ACRES PLANTED","TOTAL","NOT SPECIFIED","120,000",""
"SURVEY","1993","YEAR","","COUNTY","ILLINOIS","17","WEST SOUTHWEST","60","PIKE","149","","","00000000","","CORN","CORN - ACRES PLANTED","TOTAL","NOT SPECIFIED","106,000",""
"SURVEY","1993","YEAR","","COUNTY","ILLINOIS","17","WEST SOUTHWEST","60","SANGAMON","167","","","00000000","","CORN","CORN - ACRES PLANTED","TOTAL","NOT SPECIFIED","209,000",""
"SURVEY","1993","YEAR","","COUNTY","ILLINOIS","17","WEST SOUTHWEST","60","SCOTT","171","","","00000000","","CORN","CORN - ACRES PLANTED","TOTAL","NOT SPECIFIED","46,000",""
"SURVEY","1992","YEAR","","COUNTY","ILLINOIS","17","CENTRAL","40","DE WITT","039","","","00000000","","CORN","CORN - ACRES PLANTED","TOTAL","NOT SPECIFIED","105,000",""
"SURVEY","1992","YEAR","","COUNTY","ILLINOIS","17","CENTRAL","40","LOGAN","107","","","00000000","","CORN","CORN - ACRES PLANTED","TOTAL","NOT SPECIFIED","178,000",""
"SURVEY","1992","YEAR","","COUNTY","ILLINOIS","17","CENTRAL","40","MACON","115","","","00000000","","CORN","CORN - ACRES PLANTED","TOTAL","NOT SPECIFIED","146,000",""
"SURVEY","1992","YEAR","","COUNTY","ILLINOIS","17","CENTRAL","40","MARSHALL","123","","","00000000","","CORN","CORN - ACRES PLANTED","TOTAL","NOT SPECIFIED","95,000",""
"SURVEY","1992","YEAR","","COUNTY","ILLINOIS","17","CENTRAL","40","MASON","125","","","00000000","","CORN","CORN - ACRES PLANTED","TOTAL","NOT SPECIFIED","112,000",""
"SURVEY","1992","YEAR","","COUNTY","ILLINOIS","17","CENTRAL","40","MCLEAN","113","","","00000000","","CORN","CORN - ACRES PLANTED","TOTAL","NOT SPECIFIED","349,000",""
"SURVEY","1992","YEAR","","COUNTY","ILLINOIS","17","CENTRAL","40","MENARD","129","","","00000000","","CORN","CORN - ACRES PLANTED","TOTAL","NOT SPECIFIED","76,000",""
"SURVEY","1992","YEAR","","COUNTY","ILLINOIS","17","CENTRAL","40","PEORIA","143","","","00000000","","CORN","CORN - ACRES PLANTED","TOTAL","NOT SPECIFIED","114,000",""
"SURVEY","1992","YEAR","","COUNTY","ILLINOIS","17","CENTRAL","40","STARK","175","","","00000000","","CORN","CORN - ACRES PLANTED","TOTAL","NOT SPECIFIED","89,000",""
"SURVEY","1992","YEAR","","COUNTY","ILLINOIS","17","CENTRAL","40","TAZEWELL","179","","","00000000","","CORN","CORN - ACRES PLANTED","TOTAL","NOT SPECIFIED","147,000",""
"SURVEY","1992","YEAR","","COUNTY","ILLINOIS","17","CENTRAL","40","WOODFORD","203","","","00000000","","CORN","CORN - ACRES PLANTED","TOTAL","NOT SPECIFIED","139,000",""
"SURVEY","1992","YEAR","","COUNTY","ILLINOIS","17","EAST","50","CHAMPAIGN","019","","","00000000","","CORN","CORN - ACRES PLANTED","TOTAL","NOT SPECIFIED","291,000",""
"SURVEY","1992","YEAR","","COUNTY","ILLINOIS","17","EAST","50","FORD","053","","","00000000","","CORN","CORN - ACRES PLANTED","TOTAL","NOT SPECIFIED","134,000",""
"SURVEY","1992","YEAR","","COUNTY","ILLINOIS","17","EAST","50","IROQUOIS","075","","","00000000","","CORN","CORN - ACRES PLANTED","TOTAL","NOT SPECIFIED","323,000",""
"SURVEY","1992","YEAR","","COUNTY","ILLINOIS","17","EAST","50","KANKAKEE","091","","","00000000","","CORN","CORN - ACRES PLANTED","TOTAL","NOT SPECIFIED","199,000",""
"SURVEY","1992","YEAR","","COUNTY","ILLINOIS","17","EAST","50","LIVINGSTON","105","","","00000000","","CORN","CORN - ACRES PLANTED","TOTAL","NOT SPECIFIED","297,000",""
"SURVEY","1992","YEAR","","COUNTY","ILLINOIS","17","EAST","50","PIATT","147","","","00000000","","CORN","CORN - ACRES PLANTED","TOTAL","NOT SPECIFIED","126,000",""
"SURVEY","1992","YEAR","","COUNTY","ILLINOIS","17","EAST","50","VERMILION","183","","","00000000","","CORN","CORN - ACRES PLANTED","TOTAL","NOT SPECIFIED","220,000",""
"SURVEY","1992","YEAR","","COUNTY","ILLINOIS","17","EAST SOUTHEAST","70","CLARK","023","","","00000000","","CORN","CORN - ACRES PLANTED","TOTAL","NOT SPECIFIED","96,000",""
"SURVEY","1992","YEAR","","COUNTY","ILLINOIS","17","EAST SOUTHEAST","70","CLAY","025","","","00000000","","CORN","CORN - ACRES PLANTED","TOTAL","NOT SPECIFIED","59,000",""
"SURVEY","1992","YEAR","","COUNTY","ILLINOIS","17","EAST SOUTHEAST","70","COLES","029","","","00000000","","CORN","CORN - ACRES PLANTED","TOTAL","NOT SPECIFIED","118,000",""
"SURVEY","1992","YEAR","","COUNTY","ILLINOIS","17","EAST SOUTHEAST","70","CRAWFORD","033","","","00000000","","CORN","CORN - ACRES PLANTED","TOTAL","NOT SPECIFIED","80,000",""
"SURVEY","1992","YEAR","","COUNTY","ILLINOIS","17","EAST SOUTHEAST","70","CUMBERLAND","035","","","00000000","","CORN","CORN - ACRES PLANTED","TOTAL","NOT SPECIFIED","67,000",""
"SURVEY","1992","YEAR","","COUNTY","ILLINOIS","17","EAST SOUTHEAST","70","DOUGLAS","041","","","00000000","","CORN","CORN - ACRES PLANTED","TOTAL","NOT SPECIFIED","125,000",""
"SURVEY","1992","YEAR","","COUNTY","ILLINOIS","17","EAST SOUTHEAST","70","EDGAR","045","","","00000000","","CORN","CORN - ACRES PLANTED","TOTAL","NOT SPECIFIED","156,000",""
"SURVEY","1992","YEAR","","COUNTY","ILLINOIS","17","EAST SOUTHEAST","70","EFFINGHAM","049","","","00000000","","CORN","CORN - ACRES PLANTED","TOTAL","NOT SPECIFIED","84,000",""
"SURVEY","1992","YEAR","","COUNTY","ILLINOIS","17","EAST SOUTHEAST","70","FAYETTE","051","","","00000000","","CORN","CORN - ACRES PLANTED","TOTAL","NOT SPECIFIED","72,000",""
"SURVEY","1992","YEAR","","COUNTY","ILLINOIS","17","EAST SOUTHEAST","70","JASPER","079","","","00000000","","CORN","CORN - ACRES PLANTED","TOTAL","NOT SPECIFIED","87,000",""
"SURVEY","1992","YEAR","","COUNTY","ILLINOIS","17","EAST SOUTHEAST","70","LAWRENCE","101","","","00000000","","CORN","CORN - ACRES PLANTED","TOTAL","NOT SPECIFIED","73,000",""
"SURVEY","1992","YEAR","","COUNTY","ILLINOIS","17","EAST SOUTHEAST","70","MARION","121","","","00000000","","CORN","CORN - ACRES PLANTED","TOTAL","NOT SPECIFIED","46,000",""
"SURVEY","1992","YEAR","","COUNTY","ILLINOIS","17","EAST SOUTHEAST","70","MOULTRIE","139","","","00000000","","CORN","CORN - ACRES PLANTED","TOTAL","NOT SPECIFIED","89,000",""
"SURVEY","1992","YEAR","","COUNTY","ILLINOIS","17","EAST SOUTHEAST","70","RICHLAND","159","","","00000000","","CORN","CORN - ACRES PLANTED","TOTAL","NOT SPECIFIED","71,000",""
"SURVEY","1992","YEAR","","COUNTY","ILLINOIS","17","EAST SOUTHEAST","70","SHELBY","173","","","00000000","","CORN","CORN - ACRES PLANTED","TOTAL","NOT SPECIFIED","167,000",""
"SURVEY","1992","YEAR","","COUNTY","ILLINOIS","17","NORTHEAST","20","BOONE","007","","","00000000","","CORN","CORN - ACRES PLANTED","TOTAL","NOT SPECIFIED","77,000",""
"SURVEY","1992","YEAR","","COUNTY","ILLINOIS","17","NORTHEAST","20","COOK","031","","","00000000","","CORN","CORN - ACRES PLANTED","TOTAL","NOT SPECIFIED","10,000",""
"SURVEY","1992","YEAR","","COUNTY","ILLINOIS","17","NORTHEAST","20","DE KALB","037","","","00000000","","CORN","CORN - ACRES PLANTED","TOTAL","NOT SPECIFIED","220,000",""
"SURVEY","1992","YEAR","","COUNTY","ILLINOIS","17","NORTHEAST","20","DU PAGE","043","","","00000000","","CORN","CORN - ACRES PLANTED","TOTAL","NOT SPECIFIED","7,000",""
"SURVEY","1992","YEAR","","COUNTY","ILLINOIS","17","NORTHEAST","20","GRUNDY","063","","","00000000","","CORN","CORN - ACRES PLANTED","TOTAL","NOT SPECIFIED","120,000",""
"SURVEY","1992","YEAR","","COUNTY","ILLINOIS","17","NORTHEAST","20","KANE","089","","","00000000","","CORN","CORN - ACRES PLANTED","TOTAL","NOT SPECIFIED","118,000",""
"SURVEY","1992","YEAR","","COUNTY","ILLINOIS","17","NORTHEAST","20","KENDALL","093","","","00000000","","CORN","CORN - ACRES PLANTED","TOTAL","NOT SPECIFIED","100,000",""
"SURVEY","1992","YEAR","","COUNTY","ILLINOIS","17","NORTHEAST","20","LA SALLE","099","","","00000000","","CORN","CORN - ACRES PLANTED","TOTAL","NOT SPECIFIED","298,000",""
"SURVEY","1992","YEAR","","COUNTY","ILLINOIS","17","NORTHEAST","20","LAKE","097","","","00000000","","CORN","CORN - ACRES PLANTED","TOTAL","NOT SPECIFIED","21,000",""
"SURVEY","1992","YEAR","","COUNTY","ILLINOIS","17","NORTHEAST","20","MCHENRY","111","","","00000000","","CORN","CORN - ACRES PLANTED","TOTAL","NOT SPECIFIED","125,000",""
"SURVEY","1992","YEAR","","COUNTY","ILLINOIS","17","NORTHEAST","20","WILL","197","","","00000000","","CORN","CORN - ACRES PLANTED","TOTAL","NOT SPECIFIED","134,000",""
"SURVEY","1992","YEAR","","COUNTY","ILLINOIS","17","NORTHWEST","10","BUREAU","011","","","00000000","","CORN","CORN - ACRES PLANTED","TOTAL","NOT SPECIFIED","269,000",""
"SURVEY","1992","YEAR","","COUNTY","ILLINOIS","17","NORTHWEST","10","CARROLL","015","","","00000000","","CORN","CORN - ACRES PLANTED","TOTAL","NOT SPECIFIED","147,000",""
"SURVEY","1992","YEAR","","COUNTY","ILLINOIS","17","NORTHWEST","10","HENRY","073","","","00000000","","CORN","CORN - ACRES PLANTED","TOTAL","NOT SPECIFIED","246,000",""
"SURVEY","1992","YEAR","","COUNTY","ILLINOIS","17","NORTHWEST","10","JO DAVIESS","085","","","00000000","","CORN","CORN - ACRES PLANTED","TOTAL","NOT SPECIFIED","101,000",""
"SURVEY","1992","YEAR","","COUNTY","ILLINOIS","17","NORTHWEST","10","LEE","103","","","00000000","","CORN","CORN - ACRES PLANTED","TOTAL","NOT SPECIFIED","227,000",""
"SURVEY","1992","YEAR","","COUNTY","ILLINOIS","17","NORTHWEST","10","MERCER","131","","","00000000","","CORN","CORN - ACRES PLANTED","TOTAL","NOT SPECIFIED","131,000",""
"SURVEY","1992","YEAR","","COUNTY","ILLINOIS","17","NORTHWEST","10","OGLE","141","","","00000000","","CORN","CORN - ACRES PLANTED","TOTAL","NOT SPECIFIED","217,000",""
"SURVEY","1992","YEAR","","COUNTY","ILLINOIS","17","NORTHWEST","10","PUTNAM","155","","","00000000","","CORN","CORN - ACRES PLANTED","TOTAL","NOT SPECIFIED","37,000",""
"SURVEY","1992","YEAR","","COUNTY","ILLINOIS","17","NORTHWEST","10","ROCK ISLAND","161","","","00000000","","CORN","CORN - ACRES PLANTED","TOTAL","NOT SPECIFIED","82,000",""
"SURVEY","1992","YEAR","","COUNTY","ILLINOIS","17","NORTHWEST","10","STEPHENSON","177","","","00000000","","CORN","CORN - ACRES PLANTED","TOTAL","NOT SPECIFIED","156,000",""
"SURVEY","1992","YEAR","","COUNTY","ILLINOIS","17","NORTHWEST","10","WHITESIDE","195","","","00000000","","CORN","CORN - ACRES PLANTED","TOTAL","NOT SPECIFIED","222,000",""
"SURVEY","1992","YEAR","","COUNTY","ILLINOIS","17","NORTHWEST","10","WINNEBAGO","201","","","00000000","","CORN","CORN - ACRES PLANTED","TOTAL","NOT SPECIFIED","105,000",""
"SURVEY","1992","YEAR","","COUNTY","ILLINOIS","17","SOUTHEAST","90","EDWARDS","047","","","00000000","","CORN","CORN - ACRES PLANTED","TOTAL","NOT SPECIFIED","40,000",""
"SURVEY","1992","YEAR","","COUNTY","ILLINOIS","17","SOUTHEAST","90","FRANKLIN","055","","","00000000","","CORN","CORN - ACRES PLANTED","TOTAL","NOT SPECIFIED","41,000",""
"SURVEY","1992","YEAR","","COUNTY","ILLINOIS","17","SOUTHEAST","90","GALLATIN","059","","","00000000","","CORN","CORN - ACRES PLANTED","TOTAL","NOT SPECIFIED","80,000",""
"SURVEY","1992","YEAR","","COUNTY","ILLINOIS","17","SOUTHEAST","90","HAMILTON","065","","","00000000","","CORN","CORN - ACRES PLANTED","TOTAL","NOT SPECIFIED","58,000",""
"SURVEY","1992","YEAR","","COUNTY","ILLINOIS","17","SOUTHEAST","90","HARDIN","069","","","00000000","","CORN","CORN - ACRES PLANTED","TOTAL","NOT SPECIFIED","3,000",""
"SURVEY","1992","YEAR","","COUNTY","ILLINOIS","17","SOUTHEAST","90","JEFFERSON","081","","","00000000","","CORN","CORN - ACRES PLANTED","TOTAL","NOT SPECIFIED","42,000",""
"SURVEY","1992","YEAR","","COUNTY","ILLINOIS","17","SOUTHEAST","90","MASSAC","127","","","00000000","","CORN","CORN - ACRES PLANTED","TOTAL","NOT SPECIFIED","27,000",""
"SURVEY","1992","YEAR","","COUNTY","ILLINOIS","17","SOUTHEAST","90","POPE","151","","","00000000","","CORN","CORN - ACRES PLANTED","TOTAL","NOT SPECIFIED","8,000",""
"SURVEY","1992","YEAR","","COUNTY","ILLINOIS","17","SOUTHEAST","90","SALINE","165","","","00000000","","CORN","CORN - ACRES PLANTED","TOTAL","NOT SPECIFIED","47,000",""
"SURVEY","1992","YEAR","","COUNTY","ILLINOIS","17","SOUTHEAST","90","WABASH","185","","","00000000","","CORN","CORN - ACRES PLANTED","TOTAL","NOT SPECIFIED","47,000",""
"SURVEY","1992","YEAR","","COUNTY","ILLINOIS","17","SOUTHEAST","90","WAYNE","191","","","00000000","","CORN","CORN - ACRES PLANTED","TOTAL","NOT SPECIFIED","84,000",""
"SURVEY","1992","YEAR","","COUNTY","ILLINOIS","17","SOUTHEAST","90","WHITE","193","","","00000000","","CORN","CORN - ACRES PLANTED","TOTAL","NOT SPECIFIED","93,000",""
"SURVEY","1992","YEAR","","COUNTY","ILLINOIS","17","SOUTHWEST","80","ALEXANDER","003","","","00000000","","CORN","CORN - ACRES PLANTED","TOTAL","NOT SPECIFIED","11,000",""
"SURVEY","1992","YEAR","","COUNTY","ILLINOIS","17","SOUTHWEST","80","CLINTON","027","","","00000000","","CORN","CORN - ACRES PLANTED","TOTAL","NOT SPECIFIED","73,000",""
"SURVEY","1992","YEAR","","COUNTY","ILLINOIS","17","SOUTHWEST","80","JACKSON","077","","","00000000","","CORN","CORN - ACRES PLANTED","TOTAL","NOT SPECIFIED","32,000",""
"SURVEY","1992","YEAR","","COUNTY","ILLINOIS","17","SOUTHWEST","80","JOHNSON","087","","","00000000","","CORN","CORN - ACRES PLANTED","TOTAL","NOT SPECIFIED","12,000",""
"SURVEY","1992","YEAR","","COUNTY","ILLINOIS","17","SOUTHWEST","80","MONROE","133","","","00000000","","CORN","CORN - ACRES PLANTED","TOTAL","NOT SPECIFIED","43,000",""
"SURVEY","1992","YEAR","","COUNTY","ILLINOIS","17","SOUTHWEST","80","PERRY","145","","","00000000","","CORN","CORN - ACRES PLANTED","TOTAL","NOT SPECIFIED","45,000",""
"SURVEY","1992","YEAR","","COUNTY","ILLINOIS","17","SOUTHWEST","80","PULASKI","153","","","00000000","","CORN","CORN - ACRES PLANTED","TOTAL","NOT SPECIFIED","16,000",""
"SURVEY","1992","YEAR","","COUNTY","ILLINOIS","17","SOUTHWEST","80","RANDOLPH","157","","","00000000","","CORN","CORN - ACRES PLANTED","TOTAL","NOT SPECIFIED","56,000",""
"SURVEY","1992","YEAR","","COUNTY","ILLINOIS","17","SOUTHWEST","80","ST CLAIR","163","","","00000000","","CORN","CORN - ACRES PLANTED","TOTAL","NOT SPECIFIED","82,000",""
"SURVEY","1992","YEAR","","COUNTY","ILLINOIS","17","SOUTHWEST","80","UNION","181","","","00000000","","CORN","CORN - ACRES PLANTED","TOTAL","NOT SPECIFIED","13,000",""
"SURVEY","1992","YEAR","","COUNTY","ILLINOIS","17","SOUTHWEST","80","WASHINGTON","189","","","00000000","","CORN","CORN - ACRES PLANTED","TOTAL","NOT SPECIFIED","88,000",""
"SURVEY","1992","YEAR","","COUNTY","ILLINOIS","17","SOUTHWEST","80","WILLIAMSON","199","","","00000000","","CORN","CORN - ACRES PLANTED","TOTAL","NOT SPECIFIED","19,000",""
"SURVEY","1992","YEAR","","COUNTY","ILLINOIS","17","WEST","30","ADAMS","001","","","00000000","","CORN","CORN - ACRES PLANTED","TOTAL","NOT SPECIFIED","129,000",""
"SURVEY","1992","YEAR","","COUNTY","ILLINOIS","17","WEST","30","BROWN","009","","","00000000","","CORN","CORN - ACRES PLANTED","TOTAL","NOT SPECIFIED","41,000",""
"SURVEY","1992","YEAR","","COUNTY","ILLINOIS","17","WEST","30","FULTON","057","","","00000000","","CORN","CORN - ACRES PLANTED","TOTAL","NOT SPECIFIED","137,000",""
"SURVEY","1992","YEAR","","COUNTY","ILLINOIS","17","WEST","30","HANCOCK","067","","","00000000","","CORN","CORN - ACRES PLANTED","TOTAL","NOT SPECIFIED","150,000",""
"SURVEY","1992","YEAR","","COUNTY","ILLINOIS","17","WEST","30","HENDERSON","071","","","00000000","","CORN","CORN - ACRES PLANTED","TOTAL","NOT SPECIFIED","98,000",""
"SURVEY","1992","YEAR","","COUNTY","ILLINOIS","17","WEST","30","KNOX","095","","","00000000","","CORN","CORN - ACRES PLANTED","TOTAL","NOT SPECIFIED","164,000",""
"SURVEY","1992","YEAR","","COUNTY","ILLINOIS","17","WEST","30","MCDONOUGH","109","","","00000000","","CORN","CORN - ACRES PLANTED","TOTAL","NOT SPECIFIED","133,000",""
"SURVEY","1992","YEAR","","COUNTY","ILLINOIS","17","WEST","30","SCHUYLER","169","","","00000000","","CORN","CORN - ACRES PLANTED","TOTAL","NOT SPECIFIED","66,000",""
"SURVEY","1992","YEAR","","COUNTY","ILLINOIS","17","WEST","30","WARREN","187","","","00000000","","CORN","CORN - ACRES PLANTED","TOTAL","NOT SPECIFIED","152,000",""
"SURVEY","1992","YEAR","","COUNTY","ILLINOIS","17","WEST SOUTHWEST","60","BOND","005","","","00000000","","CORN","CORN - ACRES PLANTED","TOTAL","NOT SPECIFIED","38,000",""
"SURVEY","1992","YEAR","","COUNTY","ILLINOIS","17","WEST SOUTHWEST","60","CALHOUN","013","","","00000000","","CORN","CORN - ACRES PLANTED","TOTAL","NOT SPECIFIED","21,000",""
"SURVEY","1992","YEAR","","COUNTY","ILLINOIS","17","WEST SOUTHWEST","60","CASS","017","","","00000000","","CORN","CORN - ACRES PLANTED","TOTAL","NOT SPECIFIED","85,000",""
"SURVEY","1992","YEAR","","COUNTY","ILLINOIS","17","WEST SOUTHWEST","60","CHRISTIAN","021","","","00000000","","CORN","CORN - ACRES PLANTED","TOTAL","NOT SPECIFIED","187,000",""
"SURVEY","1992","YEAR","","COUNTY","ILLINOIS","17","WEST SOUTHWEST","60","GREENE","061","","","00000000","","CORN","CORN - ACRES PLANTED","TOTAL","NOT SPECIFIED","96,000",""
"SURVEY","1992","YEAR","","COUNTY","ILLINOIS","17","WEST SOUTHWEST","60","JERSEY","083","","","00000000","","CORN","CORN - ACRES PLANTED","TOTAL","NOT SPECIFIED","56,000",""
"SURVEY","1992","YEAR","","COUNTY","ILLINOIS","17","WEST SOUTHWEST","60","MACOUPIN","117","","","00000000","","CORN","CORN - ACRES PLANTED","TOTAL","NOT SPECIFIED","158,000",""
"SURVEY","1992","YEAR","","COUNTY","ILLINOIS","17","WEST SOUTHWEST","60","MADISON","119","","","00000000","","CORN","CORN - ACRES PLANTED","TOTAL","NOT SPECIFIED","76,000",""
"SURVEY","1992","YEAR","","COUNTY","ILLINOIS","17","WEST SOUTHWEST","60","MONTGOMERY","135","","","00000000","","CORN","CORN - ACRES PLANTED","TOTAL","NOT SPECIFIED","139,000",""
"SURVEY","1992","YEAR","","COUNTY","ILLINOIS","17","WEST SOUTHWEST","60","MORGAN","137","","","00000000","","CORN","CORN - ACRES PLANTED","TOTAL","NOT SPECIFIED","125,000",""
"SURVEY","1992","YEAR","","COUNTY","ILLINOIS","17","WEST SOUTHWEST","60","PIKE","149","","","00000000","","CORN","CORN - ACRES PLANTED","TOTAL","NOT SPECIFIED","129,000",""
"SURVEY","1992","YEAR","","COUNTY","ILLINOIS","17","WEST SOUTHWEST","60","SANGAMON","167","","","00000000","","CORN","CORN - ACRES PLANTED","TOTAL","NOT SPECIFIED","211,000",""
"SURVEY","1992","YEAR","","COUNTY","ILLINOIS","17","WEST SOUTHWEST","60","SCOTT","171","","","00000000","","CORN","CORN - ACRES PLANTED","TOTAL","NOT SPECIFIED","49,000",""
"SURVEY","1991","YEAR","","COUNTY","ILLINOIS","17","CENTRAL","40","DE WITT","039","","","00000000","","CORN","CORN - ACRES PLANTED","TOTAL","NOT SPECIFIED","100,000",""
"SURVEY","1991","YEAR","","COUNTY","ILLINOIS","17","CENTRAL","40","LOGAN","107","","","00000000","","CORN","CORN - ACRES PLANTED","TOTAL","NOT SPECIFIED","175,000",""
"SURVEY","1991","YEAR","","COUNTY","ILLINOIS","17","CENTRAL","40","MACON","115","","","00000000","","CORN","CORN - ACRES PLANTED","TOTAL","NOT SPECIFIED","140,000",""
"SURVEY","1991","YEAR","","COUNTY","ILLINOIS","17","CENTRAL","40","MARSHALL","123","","","00000000","","CORN","CORN - ACRES PLANTED","TOTAL","NOT SPECIFIED","92,000",""
"SURVEY","1991","YEAR","","COUNTY","ILLINOIS","17","CENTRAL","40","MASON","125","","","00000000","","CORN","CORN - ACRES PLANTED","TOTAL","NOT SPECIFIED","107,000",""
"SURVEY","1991","YEAR","","COUNTY","ILLINOIS","17","CENTRAL","40","MCLEAN","113","","","00000000","","CORN","CORN - ACRES PLANTED","TOTAL","NOT SPECIFIED","348,000",""
"SURVEY","1991","YEAR","","COUNTY","ILLINOIS","17","CENTRAL","40","MENARD","129","","","00000000","","CORN","CORN - ACRES PLANTED","TOTAL","NOT SPECIFIED","77,000",""
"SURVEY","1991","YEAR","","COUNTY","ILLINOIS","17","CENTRAL","40","PEORIA","143","","","00000000","","CORN","CORN - ACRES PLANTED","TOTAL","NOT SPECIFIED","115,000",""
"SURVEY","1991","YEAR","","COUNTY","ILLINOIS","17","CENTRAL","40","STARK","175","","","00000000","","CORN","CORN - ACRES PLANTED","TOTAL","NOT SPECIFIED","92,000",""
"SURVEY","1991","YEAR","","COUNTY","ILLINOIS","17","CENTRAL","40","TAZEWELL","179","","","00000000","","CORN","CORN - ACRES PLANTED","TOTAL","NOT SPECIFIED","154,000",""
"SURVEY","1991","YEAR","","COUNTY","ILLINOIS","17","CENTRAL","40","WOODFORD","203","","","00000000","","CORN","CORN - ACRES PLANTED","TOTAL","NOT SPECIFIED","130,000",""
"SURVEY","1991","YEAR","","COUNTY","ILLINOIS","17","EAST","50","CHAMPAIGN","019","","","00000000","","CORN","CORN - ACRES PLANTED","TOTAL","NOT SPECIFIED","285,000",""
"SURVEY","1991","YEAR","","COUNTY","ILLINOIS","17","EAST","50","FORD","053","","","00000000","","CORN","CORN - ACRES PLANTED","TOTAL","NOT SPECIFIED","134,000",""
"SURVEY","1991","YEAR","","COUNTY","ILLINOIS","17","EAST","50","IROQUOIS","075","","","00000000","","CORN","CORN - ACRES PLANTED","TOTAL","NOT SPECIFIED","304,000",""
"SURVEY","1991","YEAR","","COUNTY","ILLINOIS","17","EAST","50","KANKAKEE","091","","","00000000","","CORN","CORN - ACRES PLANTED","TOTAL","NOT SPECIFIED","188,000",""
"SURVEY","1991","YEAR","","COUNTY","ILLINOIS","17","EAST","50","LIVINGSTON","105","","","00000000","","CORN","CORN - ACRES PLANTED","TOTAL","NOT SPECIFIED","290,000",""
"SURVEY","1991","YEAR","","COUNTY","ILLINOIS","17","EAST","50","PIATT","147","","","00000000","","CORN","CORN - ACRES PLANTED","TOTAL","NOT SPECIFIED","126,000",""
"SURVEY","1991","YEAR","","COUNTY","ILLINOIS","17","EAST","50","VERMILION","183","","","00000000","","CORN","CORN - ACRES PLANTED","TOTAL","NOT SPECIFIED","213,000",""
"SURVEY","1991","YEAR","","COUNTY","ILLINOIS","17","EAST SOUTHEAST","70","CLARK","023","","","00000000","","CORN","CORN - ACRES PLANTED","TOTAL","NOT SPECIFIED","100,000",""
"SURVEY","1991","YEAR","","COUNTY","ILLINOIS","17","EAST SOUTHEAST","70","CLAY","025","","","00000000","","CORN","CORN - ACRES PLANTED","TOTAL","NOT SPECIFIED","61,000",""
"SURVEY","1991","YEAR","","COUNTY","ILLINOIS","17","EAST SOUTHEAST","70","COLES","029","","","00000000","","CORN","CORN - ACRES PLANTED","TOTAL","NOT SPECIFIED","121,000",""
"SURVEY","1991","YEAR","","COUNTY","ILLINOIS","17","EAST SOUTHEAST","70","CRAWFORD","033","","","00000000","","CORN","CORN - ACRES PLANTED","TOTAL","NOT SPECIFIED","79,000",""
"SURVEY","1991","YEAR","","COUNTY","ILLINOIS","17","EAST SOUTHEAST","70","CUMBERLAND","035","","","00000000","","CORN","CORN - ACRES PLANTED","TOTAL","NOT SPECIFIED","68,000",""
"SURVEY","1991","YEAR","","COUNTY","ILLINOIS","17","EAST SOUTHEAST","70","DOUGLAS","041","","","00000000","","CORN","CORN - ACRES PLANTED","TOTAL","NOT SPECIFIED","123,000",""
"SURVEY","1991","YEAR","","COUNTY","ILLINOIS","17","EAST SOUTHEAST","70","EDGAR","045","","","00000000","","CORN","CORN - ACRES PLANTED","TOTAL","NOT SPECIFIED","161,000",""
"SURVEY","1991","YEAR","","COUNTY","ILLINOIS","17","EAST SOUTHEAST","70","EFFINGHAM","049","","","00000000","","CORN","CORN - ACRES PLANTED","TOTAL","NOT SPECIFIED","87,000",""
"SURVEY","1991","YEAR","","COUNTY","ILLINOIS","17","EAST SOUTHEAST","70","FAYETTE","051","","","00000000","","CORN","CORN - ACRES PLANTED","TOTAL","NOT SPECIFIED","76,000",""
"SURVEY","1991","YEAR","","COUNTY","ILLINOIS","17","EAST SOUTHEAST","70","JASPER","079","","","00000000","","CORN","CORN - ACRES PLANTED","TOTAL","NOT SPECIFIED","92,000",""
"SURVEY","1991","YEAR","","COUNTY","ILLINOIS","17","EAST SOUTHEAST","70","LAWRENCE","101","","","00000000","","CORN","CORN - ACRES PLANTED","TOTAL","NOT SPECIFIED","76,000",""
"SURVEY","1991","YEAR","","COUNTY","ILLINOIS","17","EAST SOUTHEAST","70","MARION","121","","","00000000","","CORN","CORN - ACRES PLANTED","TOTAL","NOT SPECIFIED","52,000",""
"SURVEY","1991","YEAR","","COUNTY","ILLINOIS","17","EAST SOUTHEAST","70","MOULTRIE","139","","","00000000","","CORN","CORN - ACRES PLANTED","TOTAL","NOT SPECIFIED","87,000",""
"SURVEY","1991","YEAR","","COUNTY","ILLINOIS","17","EAST SOUTHEAST","70","RICHLAND","159","","","00000000","","CORN","CORN - ACRES PLANTED","TOTAL","NOT SPECIFIED","77,000",""
"SURVEY","1991","YEAR","","COUNTY","ILLINOIS","17","EAST SOUTHEAST","70","SHELBY","173","","","00000000","","CORN","CORN - ACRES PLANTED","TOTAL","NOT SPECIFIED","160,000",""
"SURVEY","1991","YEAR","","COUNTY","ILLINOIS","17","NORTHEAST","20","BOONE","007","","","00000000","","CORN","CORN - ACRES PLANTED","TOTAL","NOT SPECIFIED","78,000",""
"SURVEY","1991","YEAR","","COUNTY","ILLINOIS","17","NORTHEAST","20","COOK","031","","","00000000","","CORN","CORN - ACRES PLANTED","TOTAL","NOT SPECIFIED","11,000",""
"SURVEY","1991","YEAR","","COUNTY","ILLINOIS","17","NORTHEAST","20","DE KALB","037","","","00000000","","CORN","CORN - ACRES PLANTED","TOTAL","NOT SPECIFIED","207,000",""
"SURVEY","1991","YEAR","","COUNTY","ILLINOIS","17","NORTHEAST","20","DU PAGE","043","","","00000000","","CORN","CORN - ACRES PLANTED","TOTAL","NOT SPECIFIED","10,000",""
"SURVEY","1991","YEAR","","COUNTY","ILLINOIS","17","NORTHEAST","20","GRUNDY","063","","","00000000","","CORN","CORN - ACRES PLANTED","TOTAL","NOT SPECIFIED","118,000",""
"SURVEY","1991","YEAR","","COUNTY","ILLINOIS","17","NORTHEAST","20","KANE","089","","","00000000","","CORN","CORN - ACRES PLANTED","TOTAL","NOT SPECIFIED","122,000",""
"SURVEY","1991","YEAR","","COUNTY","ILLINOIS","17","NORTHEAST","20","KENDALL","093","","","00000000","","CORN","CORN - ACRES PLANTED","TOTAL","NOT SPECIFIED","102,000",""
"SURVEY","1991","YEAR","","COUNTY","ILLINOIS","17","NORTHEAST","20","LA SALLE","099","","","00000000","","CORN","CORN - ACRES PLANTED","TOTAL","NOT SPECIFIED","302,000",""
"SURVEY","1991","YEAR","","COUNTY","ILLINOIS","17","NORTHEAST","20","LAKE","097","","","00000000","","CORN","CORN - ACRES PLANTED","TOTAL","NOT SPECIFIED","23,000",""
"SURVEY","1991","YEAR","","COUNTY","ILLINOIS","17","NORTHEAST","20","MCHENRY","111","","","00000000","","CORN","CORN - ACRES PLANTED","TOTAL","NOT SPECIFIED","141,000",""
"SURVEY","1991","YEAR","","COUNTY","ILLINOIS","17","NORTHEAST","20","WILL","197","","","00000000","","CORN","CORN - ACRES PLANTED","TOTAL","NOT SPECIFIED","136,000",""
"SURVEY","1991","YEAR","","COUNTY","ILLINOIS","17","NORTHWEST","10","BUREAU","011","","","00000000","","CORN","CORN - ACRES PLANTED","TOTAL","NOT SPECIFIED","262,000",""
"SURVEY","1991","YEAR","","COUNTY","ILLINOIS","17","NORTHWEST","10","CARROLL","015","","","00000000","","CORN","CORN - ACRES PLANTED","TOTAL","NOT SPECIFIED","144,000",""
"SURVEY","1991","YEAR","","COUNTY","ILLINOIS","17","NORTHWEST","10","HENRY","073","","","00000000","","CORN","CORN - ACRES PLANTED","TOTAL","NOT SPECIFIED","250,000",""
"SURVEY","1991","YEAR","","COUNTY","ILLINOIS","17","NORTHWEST","10","JO DAVIESS","085","","","00000000","","CORN","CORN - ACRES PLANTED","TOTAL","NOT SPECIFIED","105,000",""
"SURVEY","1991","YEAR","","COUNTY","ILLINOIS","17","NORTHWEST","10","LEE","103","","","00000000","","CORN","CORN - ACRES PLANTED","TOTAL","NOT SPECIFIED","226,000",""
"SURVEY","1991","YEAR","","COUNTY","ILLINOIS","17","NORTHWEST","10","MERCER","131","","","00000000","","CORN","CORN - ACRES PLANTED","TOTAL","NOT SPECIFIED","133,000",""
"SURVEY","1991","YEAR","","COUNTY","ILLINOIS","17","NORTHWEST","10","OGLE","141","","","00000000","","CORN","CORN - ACRES PLANTED","TOTAL","NOT SPECIFIED","222,000",""
"SURVEY","1991","YEAR","","COUNTY","ILLINOIS","17","NORTHWEST","10","PUTNAM","155","","","00000000","","CORN","CORN - ACRES PLANTED","TOTAL","NOT SPECIFIED","37,000",""
"SURVEY","1991","YEAR","","COUNTY","ILLINOIS","17","NORTHWEST","10","ROCK ISLAND","161","","","00000000","","CORN","CORN - ACRES PLANTED","TOTAL","NOT SPECIFIED","84,000",""
"SURVEY","1991","YEAR","","COUNTY","ILLINOIS","17","NORTHWEST","10","STEPHENSON","177","","","00000000","","CORN","CORN - ACRES PLANTED","TOTAL","NOT SPECIFIED","158,000",""
"SURVEY","1991","YEAR","","COUNTY","ILLINOIS","17","NORTHWEST","10","WHITESIDE","195","","","00000000","","CORN","CORN - ACRES PLANTED","TOTAL","NOT SPECIFIED","228,000",""
"SURVEY","1991","YEAR","","COUNTY","ILLINOIS","17","NORTHWEST","10","WINNEBAGO","201","","","00000000","","CORN","CORN - ACRES PLANTED","TOTAL","NOT SPECIFIED","101,000",""
"SURVEY","1991","YEAR","","COUNTY","ILLINOIS","17","SOUTHEAST","90","EDWARDS","047","","","00000000","","CORN","CORN - ACRES PLANTED","TOTAL","NOT SPECIFIED","42,000",""
"SURVEY","1991","YEAR","","COUNTY","ILLINOIS","17","SOUTHEAST","90","FRANKLIN","055","","","00000000","","CORN","CORN - ACRES PLANTED","TOTAL","NOT SPECIFIED","40,000",""
"SURVEY","1991","YEAR","","COUNTY","ILLINOIS","17","SOUTHEAST","90","GALLATIN","059","","","00000000","","CORN","CORN - ACRES PLANTED","TOTAL","NOT SPECIFIED","72,000",""
"SURVEY","1991","YEAR","","COUNTY","ILLINOIS","17","SOUTHEAST","90","HAMILTON","065","","","00000000","","CORN","CORN - ACRES PLANTED","TOTAL","NOT SPECIFIED","59,000",""
"SURVEY","1991","YEAR","","COUNTY","ILLINOIS","17","SOUTHEAST","90","HARDIN","069","","","00000000","","CORN","CORN - ACRES PLANTED","TOTAL","NOT SPECIFIED","3,000",""
"SURVEY","1991","YEAR","","COUNTY","ILLINOIS","17","SOUTHEAST","90","JEFFERSON","081","","","00000000","","CORN","CORN - ACRES PLANTED","TOTAL","NOT SPECIFIED","48,000",""
"SURVEY","1991","YEAR","","COUNTY","ILLINOIS","17","SOUTHEAST","90","MASSAC","127","","","00000000","","CORN","CORN - ACRES PLANTED","TOTAL","NOT SPECIFIED","26,000",""
"SURVEY","1991","YEAR","","COUNTY","ILLINOIS","17","SOUTHEAST","90","POPE","151","","","00000000","","CORN","CORN - ACRES PLANTED","TOTAL","NOT SPECIFIED","8,000",""
"SURVEY","1991","YEAR","","COUNTY","ILLINOIS","17","SOUTHEAST","90","SALINE","165","","","00000000","","CORN","CORN - ACRES PLANTED","TOTAL","NOT SPECIFIED","50,000",""
"SURVEY","1991","YEAR","","COUNTY","ILLINOIS","17","SOUTHEAST","90","WABASH","185","","","00000000","","CORN","CORN - ACRES PLANTED","TOTAL","NOT SPECIFIED","47,000",""
"SURVEY","1991","YEAR","","COUNTY","ILLINOIS","17","SOUTHEAST","90","WAYNE","191","","","00000000","","CORN","CORN - ACRES PLANTED","TOTAL","NOT SPECIFIED","89,000",""
"SURVEY","1991","YEAR","","COUNTY","ILLINOIS","17","SOUTHEAST","90","WHITE","193","","","00000000","","CORN","CORN - ACRES PLANTED","TOTAL","NOT SPECIFIED","96,000",""
"SURVEY","1991","YEAR","","COUNTY","ILLINOIS","17","SOUTHWEST","80","ALEXANDER","003","","","00000000","","CORN","CORN - ACRES PLANTED","TOTAL","NOT SPECIFIED","9,000",""
"SURVEY","1991","YEAR","","COUNTY","ILLINOIS","17","SOUTHWEST","80","CLINTON","027","","","00000000","","CORN","CORN - ACRES PLANTED","TOTAL","NOT SPECIFIED","72,000",""
"SURVEY","1991","YEAR","","COUNTY","ILLINOIS","17","SOUTHWEST","80","JACKSON","077","","","00000000","","CORN","CORN - ACRES PLANTED","TOTAL","NOT SPECIFIED","38,000",""
"SURVEY","1991","YEAR","","COUNTY","ILLINOIS","17","SOUTHWEST","80","JOHNSON","087","","","00000000","","CORN","CORN - ACRES PLANTED","TOTAL","NOT SPECIFIED","14,000",""
"SURVEY","1991","YEAR","","COUNTY","ILLINOIS","17","SOUTHWEST","80","MONROE","133","","","00000000","","CORN","CORN - ACRES PLANTED","TOTAL","NOT SPECIFIED","45,000",""
"SURVEY","1991","YEAR","","COUNTY","ILLINOIS","17","SOUTHWEST","80","PERRY","145","","","00000000","","CORN","CORN - ACRES PLANTED","TOTAL","NOT SPECIFIED","46,000",""
"SURVEY","1991","YEAR","","COUNTY","ILLINOIS","17","SOUTHWEST","80","PULASKI","153","","","00000000","","CORN","CORN - ACRES PLANTED","TOTAL","NOT SPECIFIED","16,000",""
"SURVEY","1991","YEAR","","COUNTY","ILLINOIS","17","SOUTHWEST","80","RANDOLPH","157","","","00000000","","CORN","CORN - ACRES PLANTED","TOTAL","NOT SPECIFIED","59,000",""
"SURVEY","1991","YEAR","","COUNTY","ILLINOIS","17","SOUTHWEST","80","ST CLAIR","163","","","00000000","","CORN","CORN - ACRES PLANTED","TOTAL","NOT SPECIFIED","74,000",""
"SURVEY","1991","YEAR","","COUNTY","ILLINOIS","17","SOUTHWEST","80","UNION","181","","","00000000","","CORN","CORN - ACRES PLANTED","TOTAL","NOT SPECIFIED","12,000",""
"SURVEY","1991","YEAR","","COUNTY","ILLINOIS","17","SOUTHWEST","80","WASHINGTON","189","","","00000000","","CORN","CORN - ACRES PLANTED","TOTAL","NOT SPECIFIED","84,000",""
"SURVEY","1991","YEAR","","COUNTY","ILLINOIS","17","SOUTHWEST","80","WILLIAMSON","199","","","00000000","","CORN","CORN - ACRES PLANTED","TOTAL","NOT SPECIFIED","21,000",""
"SURVEY","1991","YEAR","","COUNTY","ILLINOIS","17","WEST","30","ADAMS","001","","","00000000","","CORN","CORN - ACRES PLANTED","TOTAL","NOT SPECIFIED","117,000",""
"SURVEY","1991","YEAR","","COUNTY","ILLINOIS","17","WEST","30","BROWN","009","","","00000000","","CORN","CORN - ACRES PLANTED","TOTAL","NOT SPECIFIED","39,000",""
"SURVEY","1991","YEAR","","COUNTY","ILLINOIS","17","WEST","30","FULTON","057","","","00000000","","CORN","CORN - ACRES PLANTED","TOTAL","NOT SPECIFIED","165,000",""
"SURVEY","1991","YEAR","","COUNTY","ILLINOIS","17","WEST","30","HANCOCK","067","","","00000000","","CORN","CORN - ACRES PLANTED","TOTAL","NOT SPECIFIED","152,000",""
"SURVEY","1991","YEAR","","COUNTY","ILLINOIS","17","WEST","30","HENDERSON","071","","","00000000","","CORN","CORN - ACRES PLANTED","TOTAL","NOT SPECIFIED","96,000",""
"SURVEY","1991","YEAR","","COUNTY","ILLINOIS","17","WEST","30","KNOX","095","","","00000000","","CORN","CORN - ACRES PLANTED","TOTAL","NOT SPECIFIED","169,000",""
"SURVEY","1991","YEAR","","COUNTY","ILLINOIS","17","WEST","30","MCDONOUGH","109","","","00000000","","CORN","CORN - ACRES PLANTED","TOTAL","NOT SPECIFIED","132,000",""
"SURVEY","1991","YEAR","","COUNTY","ILLINOIS","17","WEST","30","SCHUYLER","169","","","00000000","","CORN","CORN - ACRES PLANTED","TOTAL","NOT SPECIFIED","59,000",""
"SURVEY","1991","YEAR","","COUNTY","ILLINOIS","17","WEST","30","WARREN","187","","","00000000","","CORN","CORN - ACRES PLANTED","TOTAL","NOT SPECIFIED","161,000",""
"SURVEY","1991","YEAR","","COUNTY","ILLINOIS","17","WEST SOUTHWEST","60","BOND","005","","","00000000","","CORN","CORN - ACRES PLANTED","TOTAL","NOT SPECIFIED","41,000",""
"SURVEY","1991","YEAR","","COUNTY","ILLINOIS","17","WEST SOUTHWEST","60","CALHOUN","013","","","00000000","","CORN","CORN - ACRES PLANTED","TOTAL","NOT SPECIFIED","21,000",""
"SURVEY","1991","YEAR","","COUNTY","ILLINOIS","17","WEST SOUTHWEST","60","CASS","017","","","00000000","","CORN","CORN - ACRES PLANTED","TOTAL","NOT SPECIFIED","81,000",""
"SURVEY","1991","YEAR","","COUNTY","ILLINOIS","17","WEST SOUTHWEST","60","CHRISTIAN","021","","","00000000","","CORN","CORN - ACRES PLANTED","TOTAL","NOT SPECIFIED","184,000",""
"SURVEY","1991","YEAR","","COUNTY","ILLINOIS","17","WEST SOUTHWEST","60","GREENE","061","","","00000000","","CORN","CORN - ACRES PLANTED","TOTAL","NOT SPECIFIED","92,000",""
"SURVEY","1991","YEAR","","COUNTY","ILLINOIS","17","WEST SOUTHWEST","60","JERSEY","083","","","00000000","","CORN","CORN - ACRES PLANTED","TOTAL","NOT SPECIFIED","54,000",""
"SURVEY","1991","YEAR","","COUNTY","ILLINOIS","17","WEST SOUTHWEST","60","MACOUPIN","117","","","00000000","","CORN","CORN - ACRES PLANTED","TOTAL","NOT SPECIFIED","157,000",""
"SURVEY","1991","YEAR","","COUNTY","ILLINOIS","17","WEST SOUTHWEST","60","MADISON","119","","","00000000","","CORN","CORN - ACRES PLANTED","TOTAL","NOT SPECIFIED","71,000",""
"SURVEY","1991","YEAR","","COUNTY","ILLINOIS","17","WEST SOUTHWEST","60","MONTGOMERY","135","","","00000000","","CORN","CORN - ACRES PLANTED","TOTAL","NOT SPECIFIED","134,000",""
"SURVEY","1991","YEAR","","COUNTY","ILLINOIS","17","WEST SOUTHWEST","60","MORGAN","137","","","00000000","","CORN","CORN - ACRES PLANTED","TOTAL","NOT SPECIFIED","123,000",""
"SURVEY","1991","YEAR","","COUNTY","ILLINOIS","17","WEST SOUTHWEST","60","PIKE","149","","","00000000","","CORN","CORN - ACRES PLANTED","TOTAL","NOT SPECIFIED","130,000",""
"SURVEY","1991","YEAR","","COUNTY","ILLINOIS","17","WEST SOUTHWEST","60","SANGAMON","167","","","00000000","","CORN","CORN - ACRES PLANTED","TOTAL","NOT SPECIFIED","212,000",""
"SURVEY","1991","YEAR","","COUNTY","ILLINOIS","17","WEST SOUTHWEST","60","SCOTT","171","","","00000000","","CORN","CORN - ACRES PLANTED","TOTAL","NOT SPECIFIED","50,000",""
"SURVEY","1990","YEAR","","COUNTY","ILLINOIS","17","CENTRAL","40","DE WITT","039","","","00000000","","CORN","CORN - ACRES PLANTED","TOTAL","NOT SPECIFIED","98,700",""
"SURVEY","1990","YEAR","","COUNTY","ILLINOIS","17","CENTRAL","40","LOGAN","107","","","00000000","","CORN","CORN - ACRES PLANTED","TOTAL","NOT SPECIFIED","170,000",""
"SURVEY","1990","YEAR","","COUNTY","ILLINOIS","17","CENTRAL","40","MACON","115","","","00000000","","CORN","CORN - ACRES PLANTED","TOTAL","NOT SPECIFIED","136,600",""
"SURVEY","1990","YEAR","","COUNTY","ILLINOIS","17","CENTRAL","40","MARSHALL","123","","","00000000","","CORN","CORN - ACRES PLANTED","TOTAL","NOT SPECIFIED","90,500",""
"SURVEY","1990","YEAR","","COUNTY","ILLINOIS","17","CENTRAL","40","MASON","125","","","00000000","","CORN","CORN - ACRES PLANTED","TOTAL","NOT SPECIFIED","96,500",""
"SURVEY","1990","YEAR","","COUNTY","ILLINOIS","17","CENTRAL","40","MCLEAN","113","","","00000000","","CORN","CORN - ACRES PLANTED","TOTAL","NOT SPECIFIED","338,400",""
"SURVEY","1990","YEAR","","COUNTY","ILLINOIS","17","CENTRAL","40","MENARD","129","","","00000000","","CORN","CORN - ACRES PLANTED","TOTAL","NOT SPECIFIED","70,300",""
"SURVEY","1990","YEAR","","COUNTY","ILLINOIS","17","CENTRAL","40","PEORIA","143","","","00000000","","CORN","CORN - ACRES PLANTED","TOTAL","NOT SPECIFIED","106,500",""
"SURVEY","1990","YEAR","","COUNTY","ILLINOIS","17","CENTRAL","40","STARK","175","","","00000000","","CORN","CORN - ACRES PLANTED","TOTAL","NOT SPECIFIED","90,300",""
"SURVEY","1990","YEAR","","COUNTY","ILLINOIS","17","CENTRAL","40","TAZEWELL","179","","","00000000","","CORN","CORN - ACRES PLANTED","TOTAL","NOT SPECIFIED","153,300",""
"SURVEY","1990","YEAR","","COUNTY","ILLINOIS","17","CENTRAL","40","WOODFORD","203","","","00000000","","CORN","CORN - ACRES PLANTED","TOTAL","NOT SPECIFIED","124,900",""
"SURVEY","1990","YEAR","","COUNTY","ILLINOIS","17","EAST","50","CHAMPAIGN","019","","","00000000","","CORN","CORN - ACRES PLANTED","TOTAL","NOT SPECIFIED","290,400",""
"SURVEY","1990","YEAR","","COUNTY","ILLINOIS","17","EAST","50","FORD","053","","","00000000","","CORN","CORN - ACRES PLANTED","TOTAL","NOT SPECIFIED","134,800",""
"SURVEY","1990","YEAR","","COUNTY","ILLINOIS","17","EAST","50","IROQUOIS","075","","","00000000","","CORN","CORN - ACRES PLANTED","TOTAL","NOT SPECIFIED","311,700",""
"SURVEY","1990","YEAR","","COUNTY","ILLINOIS","17","EAST","50","KANKAKEE","091","","","00000000","","CORN","CORN - ACRES PLANTED","TOTAL","NOT SPECIFIED","192,800",""
"SURVEY","1990","YEAR","","COUNTY","ILLINOIS","17","EAST","50","LIVINGSTON","105","","","00000000","","CORN","CORN - ACRES PLANTED","TOTAL","NOT SPECIFIED","296,500",""
"SURVEY","1990","YEAR","","COUNTY","ILLINOIS","17","EAST","50","PIATT","147","","","00000000","","CORN","CORN - ACRES PLANTED","TOTAL","NOT SPECIFIED","121,500",""
"SURVEY","1990","YEAR","","COUNTY","ILLINOIS","17","EAST","50","VERMILION","183","","","00000000","","CORN","CORN - ACRES PLANTED","TOTAL","NOT SPECIFIED","209,300",""
"SURVEY","1990","YEAR","","COUNTY","ILLINOIS","17","EAST SOUTHEAST","70","CLARK","023","","","00000000","","CORN","CORN - ACRES PLANTED","TOTAL","NOT SPECIFIED","86,200",""
"SURVEY","1990","YEAR","","COUNTY","ILLINOIS","17","EAST SOUTHEAST","70","CLAY","025","","","00000000","","CORN","CORN - ACRES PLANTED","TOTAL","NOT SPECIFIED","49,400",""
"SURVEY","1990","YEAR","","COUNTY","ILLINOIS","17","EAST SOUTHEAST","70","COLES","029","","","00000000","","CORN","CORN - ACRES PLANTED","TOTAL","NOT SPECIFIED","116,600",""
"SURVEY","1990","YEAR","","COUNTY","ILLINOIS","17","EAST SOUTHEAST","70","CRAWFORD","033","","","00000000","","CORN","CORN - ACRES PLANTED","TOTAL","NOT SPECIFIED","73,400",""
"SURVEY","1990","YEAR","","COUNTY","ILLINOIS","17","EAST SOUTHEAST","70","CUMBERLAND","035","","","00000000","","CORN","CORN - ACRES PLANTED","TOTAL","NOT SPECIFIED","60,300",""
"SURVEY","1990","YEAR","","COUNTY","ILLINOIS","17","EAST SOUTHEAST","70","DOUGLAS","041","","","00000000","","CORN","CORN - ACRES PLANTED","TOTAL","NOT SPECIFIED","121,700",""
"SURVEY","1990","YEAR","","COUNTY","ILLINOIS","17","EAST SOUTHEAST","70","EDGAR","045","","","00000000","","CORN","CORN - ACRES PLANTED","TOTAL","NOT SPECIFIED","153,400",""
"SURVEY","1990","YEAR","","COUNTY","ILLINOIS","17","EAST SOUTHEAST","70","EFFINGHAM","049","","","00000000","","CORN","CORN - ACRES PLANTED","TOTAL","NOT SPECIFIED","71,200",""
"SURVEY","1990","YEAR","","COUNTY","ILLINOIS","17","EAST SOUTHEAST","70","FAYETTE","051","","","00000000","","CORN","CORN - ACRES PLANTED","TOTAL","NOT SPECIFIED","54,400",""
"SURVEY","1990","YEAR","","COUNTY","ILLINOIS","17","EAST SOUTHEAST","70","JASPER","079","","","00000000","","CORN","CORN - ACRES PLANTED","TOTAL","NOT SPECIFIED","83,400",""
"SURVEY","1990","YEAR","","COUNTY","ILLINOIS","17","EAST SOUTHEAST","70","LAWRENCE","101","","","00000000","","CORN","CORN - ACRES PLANTED","TOTAL","NOT SPECIFIED","63,000",""
"SURVEY","1990","YEAR","","COUNTY","ILLINOIS","17","EAST SOUTHEAST","70","MARION","121","","","00000000","","CORN","CORN - ACRES PLANTED","TOTAL","NOT SPECIFIED","36,300",""
"SURVEY","1990","YEAR","","COUNTY","ILLINOIS","17","EAST SOUTHEAST","70","MOULTRIE","139","","","00000000","","CORN","CORN - ACRES PLANTED","TOTAL","NOT SPECIFIED","83,800",""
"SURVEY","1990","YEAR","","COUNTY","ILLINOIS","17","EAST SOUTHEAST","70","RICHLAND","159","","","00000000","","CORN","CORN - ACRES PLANTED","TOTAL","NOT SPECIFIED","57,600",""
"SURVEY","1990","YEAR","","COUNTY","ILLINOIS","17","EAST SOUTHEAST","70","SHELBY","173","","","00000000","","CORN","CORN - ACRES PLANTED","TOTAL","NOT SPECIFIED","151,300",""
"SURVEY","1990","YEAR","","COUNTY","ILLINOIS","17","NORTHEAST","20","BOONE","007","","","00000000","","CORN","CORN - ACRES PLANTED","TOTAL","NOT SPECIFIED","78,500",""
"SURVEY","1990","YEAR","","COUNTY","ILLINOIS","17","NORTHEAST","20","COOK","031","","","00000000","","CORN","CORN - ACRES PLANTED","TOTAL","NOT SPECIFIED","14,400",""
"SURVEY","1990","YEAR","","COUNTY","ILLINOIS","17","NORTHEAST","20","DE KALB","037","","","00000000","","CORN","CORN - ACRES PLANTED","TOTAL","NOT SPECIFIED","210,600",""
"SURVEY","1990","YEAR","","COUNTY","ILLINOIS","17","NORTHEAST","20","DU PAGE","043","","","00000000","","CORN","CORN - ACRES PLANTED","TOTAL","NOT SPECIFIED","12,000",""
"SURVEY","1990","YEAR","","COUNTY","ILLINOIS","17","NORTHEAST","20","GRUNDY","063","","","00000000","","CORN","CORN - ACRES PLANTED","TOTAL","NOT SPECIFIED","110,300",""
"SURVEY","1990","YEAR","","COUNTY","ILLINOIS","17","NORTHEAST","20","KANE","089","","","00000000","","CORN","CORN - ACRES PLANTED","TOTAL","NOT SPECIFIED","119,900",""
"SURVEY","1990","YEAR","","COUNTY","ILLINOIS","17","NORTHEAST","20","KENDALL","093","","","00000000","","CORN","CORN - ACRES PLANTED","TOTAL","NOT SPECIFIED","93,300",""
"SURVEY","1990","YEAR","","COUNTY","ILLINOIS","17","NORTHEAST","20","LA SALLE","099","","","00000000","","CORN","CORN - ACRES PLANTED","TOTAL","NOT SPECIFIED","297,700",""
"SURVEY","1990","YEAR","","COUNTY","ILLINOIS","17","NORTHEAST","20","LAKE","097","","","00000000","","CORN","CORN - ACRES PLANTED","TOTAL","NOT SPECIFIED","25,500",""
"SURVEY","1990","YEAR","","COUNTY","ILLINOIS","17","NORTHEAST","20","MCHENRY","111","","","00000000","","CORN","CORN - ACRES PLANTED","TOTAL","NOT SPECIFIED","120,300",""
"SURVEY","1990","YEAR","","COUNTY","ILLINOIS","17","NORTHEAST","20","WILL","197","","","00000000","","CORN","CORN - ACRES PLANTED","TOTAL","NOT SPECIFIED","147,500",""
"SURVEY","1990","YEAR","","COUNTY","ILLINOIS","17","NORTHWEST","10","BUREAU","011","","","00000000","","CORN","CORN - ACRES PLANTED","TOTAL","NOT SPECIFIED","256,700",""
"SURVEY","1990","YEAR","","COUNTY","ILLINOIS","17","NORTHWEST","10","CARROLL","015","","","00000000","","CORN","CORN - ACRES PLANTED","TOTAL","NOT SPECIFIED","134,400",""
"SURVEY","1990","YEAR","","COUNTY","ILLINOIS","17","NORTHWEST","10","HENRY","073","","","00000000","","CORN","CORN - ACRES PLANTED","TOTAL","NOT SPECIFIED","243,700",""
"SURVEY","1990","YEAR","","COUNTY","ILLINOIS","17","NORTHWEST","10","JO DAVIESS","085","","","00000000","","CORN","CORN - ACRES PLANTED","TOTAL","NOT SPECIFIED","86,000",""
"SURVEY","1990","YEAR","","COUNTY","ILLINOIS","17","NORTHWEST","10","LEE","103","","","00000000","","CORN","CORN - ACRES PLANTED","TOTAL","NOT SPECIFIED","226,000",""
"SURVEY","1990","YEAR","","COUNTY","ILLINOIS","17","NORTHWEST","10","MERCER","131","","","00000000","","CORN","CORN - ACRES PLANTED","TOTAL","NOT SPECIFIED","131,100",""
"SURVEY","1990","YEAR","","COUNTY","ILLINOIS","17","NORTHWEST","10","OGLE","141","","","00000000","","CORN","CORN - ACRES PLANTED","TOTAL","NOT SPECIFIED","214,600",""
"SURVEY","1990","YEAR","","COUNTY","ILLINOIS","17","NORTHWEST","10","PUTNAM","155","","","00000000","","CORN","CORN - ACRES PLANTED","TOTAL","NOT SPECIFIED","35,000",""
"SURVEY","1990","YEAR","","COUNTY","ILLINOIS","17","NORTHWEST","10","ROCK ISLAND","161","","","00000000","","CORN","CORN - ACRES PLANTED","TOTAL","NOT SPECIFIED","75,900",""
"SURVEY","1990","YEAR","","COUNTY","ILLINOIS","17","NORTHWEST","10","STEPHENSON","177","","","00000000","","CORN","CORN - ACRES PLANTED","TOTAL","NOT SPECIFIED","154,800",""
"SURVEY","1990","YEAR","","COUNTY","ILLINOIS","17","NORTHWEST","10","WHITESIDE","195","","","00000000","","CORN","CORN - ACRES PLANTED","TOTAL","NOT SPECIFIED","214,400",""
"SURVEY","1990","YEAR","","COUNTY","ILLINOIS","17","NORTHWEST","10","WINNEBAGO","201","","","00000000","","CORN","CORN - ACRES PLANTED","TOTAL","NOT SPECIFIED","100,400",""
"SURVEY","1990","YEAR","","COUNTY","ILLINOIS","17","SOUTHEAST","90","EDWARDS","047","","","00000000","","CORN","CORN - ACRES PLANTED","TOTAL","NOT SPECIFIED","41,100",""
"SURVEY","1990","YEAR","","COUNTY","ILLINOIS","17","SOUTHEAST","90","FRANKLIN","055","","","00000000","","CORN","CORN - ACRES PLANTED","TOTAL","NOT SPECIFIED","38,100",""
"SURVEY","1990","YEAR","","COUNTY","ILLINOIS","17","SOUTHEAST","90","GALLATIN","059","","","00000000","","CORN","CORN - ACRES PLANTED","TOTAL","NOT SPECIFIED","61,800",""
"SURVEY","1990","YEAR","","COUNTY","ILLINOIS","17","SOUTHEAST","90","HAMILTON","065","","","00000000","","CORN","CORN - ACRES PLANTED","TOTAL","NOT SPECIFIED","39,400",""
"SURVEY","1990","YEAR","","COUNTY","ILLINOIS","17","SOUTHEAST","90","HARDIN","069","","","00000000","","CORN","CORN - ACRES PLANTED","TOTAL","NOT SPECIFIED","2,100",""
"SURVEY","1990","YEAR","","COUNTY","ILLINOIS","17","SOUTHEAST","90","JEFFERSON","081","","","00000000","","CORN","CORN - ACRES PLANTED","TOTAL","NOT SPECIFIED","36,500",""
"SURVEY","1990","YEAR","","COUNTY","ILLINOIS","17","SOUTHEAST","90","MASSAC","127","","","00000000","","CORN","CORN - ACRES PLANTED","TOTAL","NOT SPECIFIED","23,200",""
"SURVEY","1990","YEAR","","COUNTY","ILLINOIS","17","SOUTHEAST","90","POPE","151","","","00000000","","CORN","CORN - ACRES PLANTED","TOTAL","NOT SPECIFIED","7,200",""
"SURVEY","1990","YEAR","","COUNTY","ILLINOIS","17","SOUTHEAST","90","SALINE","165","","","00000000","","CORN","CORN - ACRES PLANTED","TOTAL","NOT SPECIFIED","40,400",""
"SURVEY","1990","YEAR","","COUNTY","ILLINOIS","17","SOUTHEAST","90","WABASH","185","","","00000000","","CORN","CORN - ACRES PLANTED","TOTAL","NOT SPECIFIED","42,100",""
"SURVEY","1990","YEAR","","COUNTY","ILLINOIS","17","SOUTHEAST","90","WAYNE","191","","","00000000","","CORN","CORN - ACRES PLANTED","TOTAL","NOT SPECIFIED","70,400",""
"SURVEY","1990","YEAR","","COUNTY","ILLINOIS","17","SOUTHEAST","90","WHITE","193","","","00000000","","CORN","CORN - ACRES PLANTED","TOTAL","NOT SPECIFIED","80,700",""
"SURVEY","1990","YEAR","","COUNTY","ILLINOIS","17","SOUTHWEST","80","ALEXANDER","003","","","00000000","","CORN","CORN - ACRES PLANTED","TOTAL","NOT SPECIFIED","7,900",""
"SURVEY","1990","YEAR","","COUNTY","ILLINOIS","17","SOUTHWEST","80","CLINTON","027","","","00000000","","CORN","CORN - ACRES PLANTED","TOTAL","NOT SPECIFIED","61,100",""
"SURVEY","1990","YEAR","","COUNTY","ILLINOIS","17","SOUTHWEST","80","JACKSON","077","","","00000000","","CORN","CORN - ACRES PLANTED","TOTAL","NOT SPECIFIED","28,600",""
"SURVEY","1990","YEAR","","COUNTY","ILLINOIS","17","SOUTHWEST","80","JOHNSON","087","","","00000000","","CORN","CORN - ACRES PLANTED","TOTAL","NOT SPECIFIED","9,700",""
"SURVEY","1990","YEAR","","COUNTY","ILLINOIS","17","SOUTHWEST","80","MONROE","133","","","00000000","","CORN","CORN - ACRES PLANTED","TOTAL","NOT SPECIFIED","43,300",""
"SURVEY","1990","YEAR","","COUNTY","ILLINOIS","17","SOUTHWEST","80","PERRY","145","","","00000000","","CORN","CORN - ACRES PLANTED","TOTAL","NOT SPECIFIED","41,500",""
"SURVEY","1990","YEAR","","COUNTY","ILLINOIS","17","SOUTHWEST","80","PULASKI","153","","","00000000","","CORN","CORN - ACRES PLANTED","TOTAL","NOT SPECIFIED","12,600",""
"SURVEY","1990","YEAR","","COUNTY","ILLINOIS","17","SOUTHWEST","80","RANDOLPH","157","","","00000000","","CORN","CORN - ACRES PLANTED","TOTAL","NOT SPECIFIED","54,800",""
"SURVEY","1990","YEAR","","COUNTY","ILLINOIS","17","SOUTHWEST","80","ST CLAIR","163","","","00000000","","CORN","CORN - ACRES PLANTED","TOTAL","NOT SPECIFIED","66,300",""
"SURVEY","1990","YEAR","","COUNTY","ILLINOIS","17","SOUTHWEST","80","UNION","181","","","00000000","","CORN","CORN - ACRES PLANTED","TOTAL","NOT SPECIFIED","14,800",""
"SURVEY","1990","YEAR","","COUNTY","ILLINOIS","17","SOUTHWEST","80","WASHINGTON","189","","","00000000","","CORN","CORN - ACRES PLANTED","TOTAL","NOT SPECIFIED","76,800",""
"SURVEY","1990","YEAR","","COUNTY","ILLINOIS","17","SOUTHWEST","80","WILLIAMSON","199","","","00000000","","CORN","CORN - ACRES PLANTED","TOTAL","NOT SPECIFIED","14,600",""
"SURVEY","1990","YEAR","","COUNTY","ILLINOIS","17","WEST","30","ADAMS","001","","","00000000","","CORN","CORN - ACRES PLANTED","TOTAL","NOT SPECIFIED","114,100",""
"SURVEY","1990","YEAR","","COUNTY","ILLINOIS","17","WEST","30","BROWN","009","","","00000000","","CORN","CORN - ACRES PLANTED","TOTAL","NOT SPECIFIED","35,400",""
"SURVEY","1990","YEAR","","COUNTY","ILLINOIS","17","WEST","30","FULTON","057","","","00000000","","CORN","CORN - ACRES PLANTED","TOTAL","NOT SPECIFIED","151,300",""
"SURVEY","1990","YEAR","","COUNTY","ILLINOIS","17","WEST","30","HANCOCK","067","","","00000000","","CORN","CORN - ACRES PLANTED","TOTAL","NOT SPECIFIED","137,000",""
"SURVEY","1990","YEAR","","COUNTY","ILLINOIS","17","WEST","30","HENDERSON","071","","","00000000","","CORN","CORN - ACRES PLANTED","TOTAL","NOT SPECIFIED","96,100",""
"SURVEY","1990","YEAR","","COUNTY","ILLINOIS","17","WEST","30","KNOX","095","","","00000000","","CORN","CORN - ACRES PLANTED","TOTAL","NOT SPECIFIED","162,800",""
"SURVEY","1990","YEAR","","COUNTY","ILLINOIS","17","WEST","30","MCDONOUGH","109","","","00000000","","CORN","CORN - ACRES PLANTED","TOTAL","NOT SPECIFIED","128,400",""
"SURVEY","1990","YEAR","","COUNTY","ILLINOIS","17","WEST","30","SCHUYLER","169","","","00000000","","CORN","CORN - ACRES PLANTED","TOTAL","NOT SPECIFIED","52,900",""
"SURVEY","1990","YEAR","","COUNTY","ILLINOIS","17","WEST","30","WARREN","187","","","00000000","","CORN","CORN - ACRES PLANTED","TOTAL","NOT SPECIFIED","151,000",""
"SURVEY","1990","YEAR","","COUNTY","ILLINOIS","17","WEST SOUTHWEST","60","BOND","005","","","00000000","","CORN","CORN - ACRES PLANTED","TOTAL","NOT SPECIFIED","33,200",""
"SURVEY","1990","YEAR","","COUNTY","ILLINOIS","17","WEST SOUTHWEST","60","CALHOUN","013","","","00000000","","CORN","CORN - ACRES PLANTED","TOTAL","NOT SPECIFIED","18,400",""
"SURVEY","1990","YEAR","","COUNTY","ILLINOIS","17","WEST SOUTHWEST","60","CASS","017","","","00000000","","CORN","CORN - ACRES PLANTED","TOTAL","NOT SPECIFIED","77,900",""
"SURVEY","1990","YEAR","","COUNTY","ILLINOIS","17","WEST SOUTHWEST","60","CHRISTIAN","021","","","00000000","","CORN","CORN - ACRES PLANTED","TOTAL","NOT SPECIFIED","172,200",""
"SURVEY","1990","YEAR","","COUNTY","ILLINOIS","17","WEST SOUTHWEST","60","GREENE","061","","","00000000","","CORN","CORN - ACRES PLANTED","TOTAL","NOT SPECIFIED","86,400",""
"SURVEY","1990","YEAR","","COUNTY","ILLINOIS","17","WEST SOUTHWEST","60","JERSEY","083","","","00000000","","CORN","CORN - ACRES PLANTED","TOTAL","NOT SPECIFIED","46,700",""
"SURVEY","1990","YEAR","","COUNTY","ILLINOIS","17","WEST SOUTHWEST","60","MACOUPIN","117","","","00000000","","CORN","CORN - ACRES PLANTED","TOTAL","NOT SPECIFIED","134,400",""
"SURVEY","1990","YEAR","","COUNTY","ILLINOIS","17","WEST SOUTHWEST","60","MADISON","119","","","00000000","","CORN","CORN - ACRES PLANTED","TOTAL","NOT SPECIFIED","72,500",""
"SURVEY","1990","YEAR","","COUNTY","ILLINOIS","17","WEST SOUTHWEST","60","MONTGOMERY","135","","","00000000","","CORN","CORN - ACRES PLANTED","TOTAL","NOT SPECIFIED","125,000",""
"SURVEY","1990","YEAR","","COUNTY","ILLINOIS","17","WEST SOUTHWEST","60","MORGAN","137","","","00000000","","CORN","CORN - ACRES PLANTED","TOTAL","NOT SPECIFIED","128,800",""
"SURVEY","1990","YEAR","","COUNTY","ILLINOIS","17","WEST SOUTHWEST","60","PIKE","149","","","00000000","","CORN","CORN - ACRES PLANTED","TOTAL","NOT SPECIFIED","117,000",""
"SURVEY","1990","YEAR","","COUNTY","ILLINOIS","17","WEST SOUTHWEST","60","SANGAMON","167","","","00000000","","CORN","CORN - ACRES PLANTED","TOTAL","NOT SPECIFIED","196,500",""
"SURVEY","1990","YEAR","","COUNTY","ILLINOIS","17","WEST SOUTHWEST","60","SCOTT","171","","","00000000","","CORN","CORN - ACRES PLANTED","TOTAL","NOT SPECIFIED","49,000",""
"SURVEY","1989","YEAR","","COUNTY","ILLINOIS","17","CENTRAL","40","DE WITT","039","","","00000000","","CORN","CORN - ACRES PLANTED","TOTAL","NOT SPECIFIED","97,400",""
"SURVEY","1989","YEAR","","COUNTY","ILLINOIS","17","CENTRAL","40","LOGAN","107","","","00000000","","CORN","CORN - ACRES PLANTED","TOTAL","NOT SPECIFIED","173,600",""
"SURVEY","1989","YEAR","","COUNTY","ILLINOIS","17","CENTRAL","40","MACON","115","","","00000000","","CORN","CORN - ACRES PLANTED","TOTAL","NOT SPECIFIED","141,300",""
"SURVEY","1989","YEAR","","COUNTY","ILLINOIS","17","CENTRAL","40","MARSHALL","123","","","00000000","","CORN","CORN - ACRES PLANTED","TOTAL","NOT SPECIFIED","91,900",""
"SURVEY","1989","YEAR","","COUNTY","ILLINOIS","17","CENTRAL","40","MASON","125","","","00000000","","CORN","CORN - ACRES PLANTED","TOTAL","NOT SPECIFIED","101,200",""
"SURVEY","1989","YEAR","","COUNTY","ILLINOIS","17","CENTRAL","40","MCLEAN","113","","","00000000","","CORN","CORN - ACRES PLANTED","TOTAL","NOT SPECIFIED","333,200",""
"SURVEY","1989","YEAR","","COUNTY","ILLINOIS","17","CENTRAL","40","MENARD","129","","","00000000","","CORN","CORN - ACRES PLANTED","TOTAL","NOT SPECIFIED","74,100",""
"SURVEY","1989","YEAR","","COUNTY","ILLINOIS","17","CENTRAL","40","PEORIA","143","","","00000000","","CORN","CORN - ACRES PLANTED","TOTAL","NOT SPECIFIED","107,800",""
"SURVEY","1989","YEAR","","COUNTY","ILLINOIS","17","CENTRAL","40","STARK","175","","","00000000","","CORN","CORN - ACRES PLANTED","TOTAL","NOT SPECIFIED","88,900",""
"SURVEY","1989","YEAR","","COUNTY","ILLINOIS","17","CENTRAL","40","TAZEWELL","179","","","00000000","","CORN","CORN - ACRES PLANTED","TOTAL","NOT SPECIFIED","160,200",""
"SURVEY","1989","YEAR","","COUNTY","ILLINOIS","17","CENTRAL","40","WOODFORD","203","","","00000000","","CORN","CORN - ACRES PLANTED","TOTAL","NOT SPECIFIED","127,400",""
"SURVEY","1989","YEAR","","COUNTY","ILLINOIS","17","EAST","50","CHAMPAIGN","019","","","00000000","","CORN","CORN - ACRES PLANTED","TOTAL","NOT SPECIFIED","287,800",""
"SURVEY","1989","YEAR","","COUNTY","ILLINOIS","17","EAST","50","FORD","053","","","00000000","","CORN","CORN - ACRES PLANTED","TOTAL","NOT SPECIFIED","135,000",""
"SURVEY","1989","YEAR","","COUNTY","ILLINOIS","17","EAST","50","IROQUOIS","075","","","00000000","","CORN","CORN - ACRES PLANTED","TOTAL","NOT SPECIFIED","308,400",""
"SURVEY","1989","YEAR","","COUNTY","ILLINOIS","17","EAST","50","KANKAKEE","091","","","00000000","","CORN","CORN - ACRES PLANTED","TOTAL","NOT SPECIFIED","180,100",""
"SURVEY","1989","YEAR","","COUNTY","ILLINOIS","17","EAST","50","LIVINGSTON","105","","","00000000","","CORN","CORN - ACRES PLANTED","TOTAL","NOT SPECIFIED","284,000",""
"SURVEY","1989","YEAR","","COUNTY","ILLINOIS","17","EAST","50","PIATT","147","","","00000000","","CORN","CORN - ACRES PLANTED","TOTAL","NOT SPECIFIED","121,200",""
"SURVEY","1989","YEAR","","COUNTY","ILLINOIS","17","EAST","50","VERMILION","183","","","00000000","","CORN","CORN - ACRES PLANTED","TOTAL","NOT SPECIFIED","209,500",""
"SURVEY","1989","YEAR","","COUNTY","ILLINOIS","17","EAST SOUTHEAST","70","CLARK","023","","","00000000","","CORN","CORN - ACRES PLANTED","TOTAL","NOT SPECIFIED","85,600",""
"SURVEY","1989","YEAR","","COUNTY","ILLINOIS","17","EAST SOUTHEAST","70","CLAY","025","","","00000000","","CORN","CORN - ACRES PLANTED","TOTAL","NOT SPECIFIED","58,100",""
"SURVEY","1989","YEAR","","COUNTY","ILLINOIS","17","EAST SOUTHEAST","70","COLES","029","","","00000000","","CORN","CORN - ACRES PLANTED","TOTAL","NOT SPECIFIED","116,900",""
"SURVEY","1989","YEAR","","COUNTY","ILLINOIS","17","EAST SOUTHEAST","70","CRAWFORD","033","","","00000000","","CORN","CORN - ACRES PLANTED","TOTAL","NOT SPECIFIED","73,700",""
"SURVEY","1989","YEAR","","COUNTY","ILLINOIS","17","EAST SOUTHEAST","70","CUMBERLAND","035","","","00000000","","CORN","CORN - ACRES PLANTED","TOTAL","NOT SPECIFIED","61,900",""
"SURVEY","1989","YEAR","","COUNTY","ILLINOIS","17","EAST SOUTHEAST","70","DOUGLAS","041","","","00000000","","CORN","CORN - ACRES PLANTED","TOTAL","NOT SPECIFIED","118,100",""
"SURVEY","1989","YEAR","","COUNTY","ILLINOIS","17","EAST SOUTHEAST","70","EDGAR","045","","","00000000","","CORN","CORN - ACRES PLANTED","TOTAL","NOT SPECIFIED","156,600",""
"SURVEY","1989","YEAR","","COUNTY","ILLINOIS","17","EAST SOUTHEAST","70","EFFINGHAM","049","","","00000000","","CORN","CORN - ACRES PLANTED","TOTAL","NOT SPECIFIED","79,800",""
"SURVEY","1989","YEAR","","COUNTY","ILLINOIS","17","EAST SOUTHEAST","70","FAYETTE","051","","","00000000","","CORN","CORN - ACRES PLANTED","TOTAL","NOT SPECIFIED","73,400",""
"SURVEY","1989","YEAR","","COUNTY","ILLINOIS","17","EAST SOUTHEAST","70","JASPER","079","","","00000000","","CORN","CORN - ACRES PLANTED","TOTAL","NOT SPECIFIED","91,600",""
"SURVEY","1989","YEAR","","COUNTY","ILLINOIS","17","EAST SOUTHEAST","70","LAWRENCE","101","","","00000000","","CORN","CORN - ACRES PLANTED","TOTAL","NOT SPECIFIED","71,900",""
"SURVEY","1989","YEAR","","COUNTY","ILLINOIS","17","EAST SOUTHEAST","70","MARION","121","","","00000000","","CORN","CORN - ACRES PLANTED","TOTAL","NOT SPECIFIED","50,900",""
"SURVEY","1989","YEAR","","COUNTY","ILLINOIS","17","EAST SOUTHEAST","70","MOULTRIE","139","","","00000000","","CORN","CORN - ACRES PLANTED","TOTAL","NOT SPECIFIED","82,000",""
"SURVEY","1989","YEAR","","COUNTY","ILLINOIS","17","EAST SOUTHEAST","70","RICHLAND","159","","","00000000","","CORN","CORN - ACRES PLANTED","TOTAL","NOT SPECIFIED","68,100",""
"SURVEY","1989","YEAR","","COUNTY","ILLINOIS","17","EAST SOUTHEAST","70","SHELBY","173","","","00000000","","CORN","CORN - ACRES PLANTED","TOTAL","NOT SPECIFIED","153,400",""
"SURVEY","1989","YEAR","","COUNTY","ILLINOIS","17","NORTHEAST","20","BOONE","007","","","00000000","","CORN","CORN - ACRES PLANTED","TOTAL","NOT SPECIFIED","77,100",""
"SURVEY","1989","YEAR","","COUNTY","ILLINOIS","17","NORTHEAST","20","COOK","031","","","00000000","","CORN","CORN - ACRES PLANTED","TOTAL","NOT SPECIFIED","15,200",""
"SURVEY","1989","YEAR","","COUNTY","ILLINOIS","17","NORTHEAST","20","DE KALB","037","","","00000000","","CORN","CORN - ACRES PLANTED","TOTAL","NOT SPECIFIED","201,900",""
"SURVEY","1989","YEAR","","COUNTY","ILLINOIS","17","NORTHEAST","20","DU PAGE","043","","","00000000","","CORN","CORN - ACRES PLANTED","TOTAL","NOT SPECIFIED","13,100",""
"SURVEY","1989","YEAR","","COUNTY","ILLINOIS","17","NORTHEAST","20","GRUNDY","063","","","00000000","","CORN","CORN - ACRES PLANTED","TOTAL","NOT SPECIFIED","108,300",""
"SURVEY","1989","YEAR","","COUNTY","ILLINOIS","17","NORTHEAST","20","KANE","089","","","00000000","","CORN","CORN - ACRES PLANTED","TOTAL","NOT SPECIFIED","119,800",""
"SURVEY","1989","YEAR","","COUNTY","ILLINOIS","17","NORTHEAST","20","KENDALL","093","","","00000000","","CORN","CORN - ACRES PLANTED","TOTAL","NOT SPECIFIED","97,300",""
"SURVEY","1989","YEAR","","COUNTY","ILLINOIS","17","NORTHEAST","20","LA SALLE","099","","","00000000","","CORN","CORN - ACRES PLANTED","TOTAL","NOT SPECIFIED","288,400",""
"SURVEY","1989","YEAR","","COUNTY","ILLINOIS","17","NORTHEAST","20","LAKE","097","","","00000000","","CORN","CORN - ACRES PLANTED","TOTAL","NOT SPECIFIED","25,700",""
"SURVEY","1989","YEAR","","COUNTY","ILLINOIS","17","NORTHEAST","20","MCHENRY","111","","","00000000","","CORN","CORN - ACRES PLANTED","TOTAL","NOT SPECIFIED","124,700",""
"SURVEY","1989","YEAR","","COUNTY","ILLINOIS","17","NORTHEAST","20","WILL","197","","","00000000","","CORN","CORN - ACRES PLANTED","TOTAL","NOT SPECIFIED","138,500",""
"SURVEY","1989","YEAR","","COUNTY","ILLINOIS","17","NORTHWEST","10","BUREAU","011","","","00000000","","CORN","CORN - ACRES PLANTED","TOTAL","NOT SPECIFIED","264,200",""
"SURVEY","1989","YEAR","","COUNTY","ILLINOIS","17","NORTHWEST","10","CARROLL","015","","","00000000","","CORN","CORN - ACRES PLANTED","TOTAL","NOT SPECIFIED","139,700",""
"SURVEY","1989","YEAR","","COUNTY","ILLINOIS","17","NORTHWEST","10","HENRY","073","","","00000000","","CORN","CORN - ACRES PLANTED","TOTAL","NOT SPECIFIED","256,700",""
"SURVEY","1989","YEAR","","COUNTY","ILLINOIS","17","NORTHWEST","10","JO DAVIESS","085","","","00000000","","CORN","CORN - ACRES PLANTED","TOTAL","NOT SPECIFIED","89,100",""
"SURVEY","1989","YEAR","","COUNTY","ILLINOIS","17","NORTHWEST","10","LEE","103","","","00000000","","CORN","CORN - ACRES PLANTED","TOTAL","NOT SPECIFIED","219,500",""
"SURVEY","1989","YEAR","","COUNTY","ILLINOIS","17","NORTHWEST","10","MERCER","131","","","00000000","","CORN","CORN - ACRES PLANTED","TOTAL","NOT SPECIFIED","143,200",""
"SURVEY","1989","YEAR","","COUNTY","ILLINOIS","17","NORTHWEST","10","OGLE","141","","","00000000","","CORN","CORN - ACRES PLANTED","TOTAL","NOT SPECIFIED","216,900",""
"SURVEY","1989","YEAR","","COUNTY","ILLINOIS","17","NORTHWEST","10","PUTNAM","155","","","00000000","","CORN","CORN - ACRES PLANTED","TOTAL","NOT SPECIFIED","35,900",""
"SURVEY","1989","YEAR","","COUNTY","ILLINOIS","17","NORTHWEST","10","ROCK ISLAND","161","","","00000000","","CORN","CORN - ACRES PLANTED","TOTAL","NOT SPECIFIED","79,100",""
"SURVEY","1989","YEAR","","COUNTY","ILLINOIS","17","NORTHWEST","10","STEPHENSON","177","","","00000000","","CORN","CORN - ACRES PLANTED","TOTAL","NOT SPECIFIED","156,900",""
"SURVEY","1989","YEAR","","COUNTY","ILLINOIS","17","NORTHWEST","10","WHITESIDE","195","","","00000000","","CORN","CORN - ACRES PLANTED","TOTAL","NOT SPECIFIED","222,300",""
"SURVEY","1989","YEAR","","COUNTY","ILLINOIS","17","NORTHWEST","10","WINNEBAGO","201","","","00000000","","CORN","CORN - ACRES PLANTED","TOTAL","NOT SPECIFIED","94,500",""
"SURVEY","1989","YEAR","","COUNTY","ILLINOIS","17","SOUTHEAST","90","EDWARDS","047","","","00000000","","CORN","CORN - ACRES PLANTED","TOTAL","NOT SPECIFIED","43,200",""
"SURVEY","1989","YEAR","","COUNTY","ILLINOIS","17","SOUTHEAST","90","FRANKLIN","055","","","00000000","","CORN","CORN - ACRES PLANTED","TOTAL","NOT SPECIFIED","42,400",""
"SURVEY","1989","YEAR","","COUNTY","ILLINOIS","17","SOUTHEAST","90","GALLATIN","059","","","00000000","","CORN","CORN - ACRES PLANTED","TOTAL","NOT SPECIFIED","69,100",""
"SURVEY","1989","YEAR","","COUNTY","ILLINOIS","17","SOUTHEAST","90","HAMILTON","065","","","00000000","","CORN","CORN - ACRES PLANTED","TOTAL","NOT SPECIFIED","53,800",""
"SURVEY","1989","YEAR","","COUNTY","ILLINOIS","17","SOUTHEAST","90","HARDIN","069","","","00000000","","CORN","CORN - ACRES PLANTED","TOTAL","NOT SPECIFIED","2,800",""
"SURVEY","1989","YEAR","","COUNTY","ILLINOIS","17","SOUTHEAST","90","JEFFERSON","081","","","00000000","","CORN","CORN - ACRES PLANTED","TOTAL","NOT SPECIFIED","45,900",""
"SURVEY","1989","YEAR","","COUNTY","ILLINOIS","17","SOUTHEAST","90","MASSAC","127","","","00000000","","CORN","CORN - ACRES PLANTED","TOTAL","NOT SPECIFIED","26,600",""
"SURVEY","1989","YEAR","","COUNTY","ILLINOIS","17","SOUTHEAST","90","POPE","151","","","00000000","","CORN","CORN - ACRES PLANTED","TOTAL","NOT SPECIFIED","10,600",""
"SURVEY","1989","YEAR","","COUNTY","ILLINOIS","17","SOUTHEAST","90","SALINE","165","","","00000000","","CORN","CORN - ACRES PLANTED","TOTAL","NOT SPECIFIED","45,700",""
"SURVEY","1989","YEAR","","COUNTY","ILLINOIS","17","SOUTHEAST","90","WABASH","185","","","00000000","","CORN","CORN - ACRES PLANTED","TOTAL","NOT SPECIFIED","46,800",""
"SURVEY","1989","YEAR","","COUNTY","ILLINOIS","17","SOUTHEAST","90","WAYNE","191","","","00000000","","CORN","CORN - ACRES PLANTED","TOTAL","NOT SPECIFIED","89,700",""
"SURVEY","1989","YEAR","","COUNTY","ILLINOIS","17","SOUTHEAST","90","WHITE","193","","","00000000","","CORN","CORN - ACRES PLANTED","TOTAL","NOT SPECIFIED","87,400",""
"SURVEY","1989","YEAR","","COUNTY","ILLINOIS","17","SOUTHWEST","80","ALEXANDER","003","","","00000000","","CORN","CORN - ACRES PLANTED","TOTAL","NOT SPECIFIED","7,700",""
"SURVEY","1989","YEAR","","COUNTY","ILLINOIS","17","SOUTHWEST","80","CLINTON","027","","","00000000","","CORN","CORN - ACRES PLANTED","TOTAL","NOT SPECIFIED","72,100",""
"SURVEY","1989","YEAR","","COUNTY","ILLINOIS","17","SOUTHWEST","80","JACKSON","077","","","00000000","","CORN","CORN - ACRES PLANTED","TOTAL","NOT SPECIFIED","34,500",""
"SURVEY","1989","YEAR","","COUNTY","ILLINOIS","17","SOUTHWEST","80","JOHNSON","087","","","00000000","","CORN","CORN - ACRES PLANTED","TOTAL","NOT SPECIFIED","11,500",""
"SURVEY","1989","YEAR","","COUNTY","ILLINOIS","17","SOUTHWEST","80","MONROE","133","","","00000000","","CORN","CORN - ACRES PLANTED","TOTAL","NOT SPECIFIED","45,300",""
"SURVEY","1989","YEAR","","COUNTY","ILLINOIS","17","SOUTHWEST","80","PERRY","145","","","00000000","","CORN","CORN - ACRES PLANTED","TOTAL","NOT SPECIFIED","43,600",""
"SURVEY","1989","YEAR","","COUNTY","ILLINOIS","17","SOUTHWEST","80","PULASKI","153","","","00000000","","CORN","CORN - ACRES PLANTED","TOTAL","NOT SPECIFIED","13,500",""
"SURVEY","1989","YEAR","","COUNTY","ILLINOIS","17","SOUTHWEST","80","RANDOLPH","157","","","00000000","","CORN","CORN - ACRES PLANTED","TOTAL","NOT SPECIFIED","56,800",""
"SURVEY","1989","YEAR","","COUNTY","ILLINOIS","17","SOUTHWEST","80","ST CLAIR","163","","","00000000","","CORN","CORN - ACRES PLANTED","TOTAL","NOT SPECIFIED","73,600",""
"SURVEY","1989","YEAR","","COUNTY","ILLINOIS","17","SOUTHWEST","80","UNION","181","","","00000000","","CORN","CORN - ACRES PLANTED","TOTAL","NOT SPECIFIED","14,900",""
"SURVEY","1989","YEAR","","COUNTY","ILLINOIS","17","SOUTHWEST","80","WASHINGTON","189","","","00000000","","CORN","CORN - ACRES PLANTED","TOTAL","NOT SPECIFIED","86,300",""
"SURVEY","1989","YEAR","","COUNTY","ILLINOIS","17","SOUTHWEST","80","WILLIAMSON","199","","","00000000","","CORN","CORN - ACRES PLANTED","TOTAL","NOT SPECIFIED","19,200",""
"SURVEY","1989","YEAR","","COUNTY","ILLINOIS","17","WEST","30","ADAMS","001","","","00000000","","CORN","CORN - ACRES PLANTED","TOTAL","NOT SPECIFIED","123,300",""
"SURVEY","1989","YEAR","","COUNTY","ILLINOIS","17","WEST","30","BROWN","009","","","00000000","","CORN","CORN - ACRES PLANTED","TOTAL","NOT SPECIFIED","36,400",""
"SURVEY","1989","YEAR","","COUNTY","ILLINOIS","17","WEST","30","FULTON","057","","","00000000","","CORN","CORN - ACRES PLANTED","TOTAL","NOT SPECIFIED","142,500",""
"SURVEY","1989","YEAR","","COUNTY","ILLINOIS","17","WEST","30","HANCOCK","067","","","00000000","","CORN","CORN - ACRES PLANTED","TOTAL","NOT SPECIFIED","149,700",""
"SURVEY","1989","YEAR","","COUNTY","ILLINOIS","17","WEST","30","HENDERSON","071","","","00000000","","CORN","CORN - ACRES PLANTED","TOTAL","NOT SPECIFIED","97,200",""
"SURVEY","1989","YEAR","","COUNTY","ILLINOIS","17","WEST","30","KNOX","095","","","00000000","","CORN","CORN - ACRES PLANTED","TOTAL","NOT SPECIFIED","167,400",""
"SURVEY","1989","YEAR","","COUNTY","ILLINOIS","17","WEST","30","MCDONOUGH","109","","","00000000","","CORN","CORN - ACRES PLANTED","TOTAL","NOT SPECIFIED","128,200",""
"SURVEY","1989","YEAR","","COUNTY","ILLINOIS","17","WEST","30","SCHUYLER","169","","","00000000","","CORN","CORN - ACRES PLANTED","TOTAL","NOT SPECIFIED","57,600",""
"SURVEY","1989","YEAR","","COUNTY","ILLINOIS","17","WEST","30","WARREN","187","","","00000000","","CORN","CORN - ACRES PLANTED","TOTAL","NOT SPECIFIED","155,700",""
"SURVEY","1989","YEAR","","COUNTY","ILLINOIS","17","WEST SOUTHWEST","60","BOND","005","","","00000000","","CORN","CORN - ACRES PLANTED","TOTAL","NOT SPECIFIED","37,000",""
"SURVEY","1989","YEAR","","COUNTY","ILLINOIS","17","WEST SOUTHWEST","60","CALHOUN","013","","","00000000","","CORN","CORN - ACRES PLANTED","TOTAL","NOT SPECIFIED","21,500",""
"SURVEY","1989","YEAR","","COUNTY","ILLINOIS","17","WEST SOUTHWEST","60","CASS","017","","","00000000","","CORN","CORN - ACRES PLANTED","TOTAL","NOT SPECIFIED","80,200",""
"SURVEY","1989","YEAR","","COUNTY","ILLINOIS","17","WEST SOUTHWEST","60","CHRISTIAN","021","","","00000000","","CORN","CORN - ACRES PLANTED","TOTAL","NOT SPECIFIED","171,400",""
"SURVEY","1989","YEAR","","COUNTY","ILLINOIS","17","WEST SOUTHWEST","60","GREENE","061","","","00000000","","CORN","CORN - ACRES PLANTED","TOTAL","NOT SPECIFIED","93,100",""
"SURVEY","1989","YEAR","","COUNTY","ILLINOIS","17","WEST SOUTHWEST","60","JERSEY","083","","","00000000","","CORN","CORN - ACRES PLANTED","TOTAL","NOT SPECIFIED","52,100",""
"SURVEY","1989","YEAR","","COUNTY","ILLINOIS","17","WEST SOUTHWEST","60","MACOUPIN","117","","","00000000","","CORN","CORN - ACRES PLANTED","TOTAL","NOT SPECIFIED","145,400",""
"SURVEY","1989","YEAR","","COUNTY","ILLINOIS","17","WEST SOUTHWEST","60","MADISON","119","","","00000000","","CORN","CORN - ACRES PLANTED","TOTAL","NOT SPECIFIED","78,200",""
"SURVEY","1989","YEAR","","COUNTY","ILLINOIS","17","WEST SOUTHWEST","60","MONTGOMERY","135","","","00000000","","CORN","CORN - ACRES PLANTED","TOTAL","NOT SPECIFIED","128,600",""
"SURVEY","1989","YEAR","","COUNTY","ILLINOIS","17","WEST SOUTHWEST","60","MORGAN","137","","","00000000","","CORN","CORN - ACRES PLANTED","TOTAL","NOT SPECIFIED","127,900",""
"SURVEY","1989","YEAR","","COUNTY","ILLINOIS","17","WEST SOUTHWEST","60","PIKE","149","","","00000000","","CORN","CORN - ACRES PLANTED","TOTAL","NOT SPECIFIED","114,100",""
"SURVEY","1989","YEAR","","COUNTY","ILLINOIS","17","WEST SOUTHWEST","60","SANGAMON","167","","","00000000","","CORN","CORN - ACRES PLANTED","TOTAL","NOT SPECIFIED","207,300",""
"SURVEY","1989","YEAR","","COUNTY","ILLINOIS","17","WEST SOUTHWEST","60","SCOTT","171","","","00000000","","CORN","CORN - ACRES PLANTED","TOTAL","NOT SPECIFIED","49,200",""
"SURVEY","1988","YEAR","","COUNTY","ILLINOIS","17","CENTRAL","40","DE WITT","039","","","00000000","","CORN","CORN - ACRES PLANTED","TOTAL","NOT SPECIFIED","83,500",""
"SURVEY","1988","YEAR","","COUNTY","ILLINOIS","17","CENTRAL","40","LOGAN","107","","","00000000","","CORN","CORN - ACRES PLANTED","TOTAL","NOT SPECIFIED","152,000",""
"SURVEY","1988","YEAR","","COUNTY","ILLINOIS","17","CENTRAL","40","MACON","115","","","00000000","","CORN","CORN - ACRES PLANTED","TOTAL","NOT SPECIFIED","128,100",""
"SURVEY","1988","YEAR","","COUNTY","ILLINOIS","17","CENTRAL","40","MARSHALL","123","","","00000000","","CORN","CORN - ACRES PLANTED","TOTAL","NOT SPECIFIED","82,800",""
"SURVEY","1988","YEAR","","COUNTY","ILLINOIS","17","CENTRAL","40","MASON","125","","","00000000","","CORN","CORN - ACRES PLANTED","TOTAL","NOT SPECIFIED","95,400",""
"SURVEY","1988","YEAR","","COUNTY","ILLINOIS","17","CENTRAL","40","MCLEAN","113","","","00000000","","CORN","CORN - ACRES PLANTED","TOTAL","NOT SPECIFIED","297,700",""
"SURVEY","1988","YEAR","","COUNTY","ILLINOIS","17","CENTRAL","40","MENARD","129","","","00000000","","CORN","CORN - ACRES PLANTED","TOTAL","NOT SPECIFIED","66,800",""
"SURVEY","1988","YEAR","","COUNTY","ILLINOIS","17","CENTRAL","40","PEORIA","143","","","00000000","","CORN","CORN - ACRES PLANTED","TOTAL","NOT SPECIFIED","112,300",""
"SURVEY","1988","YEAR","","COUNTY","ILLINOIS","17","CENTRAL","40","STARK","175","","","00000000","","CORN","CORN - ACRES PLANTED","TOTAL","NOT SPECIFIED","85,900",""
"SURVEY","1988","YEAR","","COUNTY","ILLINOIS","17","CENTRAL","40","TAZEWELL","179","","","00000000","","CORN","CORN - ACRES PLANTED","TOTAL","NOT SPECIFIED","149,600",""
"SURVEY","1988","YEAR","","COUNTY","ILLINOIS","17","CENTRAL","40","WOODFORD","203","","","00000000","","CORN","CORN - ACRES PLANTED","TOTAL","NOT SPECIFIED","121,900",""
"SURVEY","1988","YEAR","","COUNTY","ILLINOIS","17","EAST","50","CHAMPAIGN","019","","","00000000","","CORN","CORN - ACRES PLANTED","TOTAL","NOT SPECIFIED","235,500",""
"SURVEY","1988","YEAR","","COUNTY","ILLINOIS","17","EAST","50","FORD","053","","","00000000","","CORN","CORN - ACRES PLANTED","TOTAL","NOT SPECIFIED","110,700",""
"SURVEY","1988","YEAR","","COUNTY","ILLINOIS","17","EAST","50","IROQUOIS","075","","","00000000","","CORN","CORN - ACRES PLANTED","TOTAL","NOT SPECIFIED","266,900",""
"SURVEY","1988","YEAR","","COUNTY","ILLINOIS","17","EAST","50","KANKAKEE","091","","","00000000","","CORN","CORN - ACRES PLANTED","TOTAL","NOT SPECIFIED","163,200",""
"SURVEY","1988","YEAR","","COUNTY","ILLINOIS","17","EAST","50","LIVINGSTON","105","","","00000000","","CORN","CORN - ACRES PLANTED","TOTAL","NOT SPECIFIED","244,200",""
"SURVEY","1988","YEAR","","COUNTY","ILLINOIS","17","EAST","50","PIATT","147","","","00000000","","CORN","CORN - ACRES PLANTED","TOTAL","NOT SPECIFIED","106,000",""
"SURVEY","1988","YEAR","","COUNTY","ILLINOIS","17","EAST","50","VERMILION","183","","","00000000","","CORN","CORN - ACRES PLANTED","TOTAL","NOT SPECIFIED","181,400",""
"SURVEY","1988","YEAR","","COUNTY","ILLINOIS","17","EAST SOUTHEAST","70","CLARK","023","","","00000000","","CORN","CORN - ACRES PLANTED","TOTAL","NOT SPECIFIED","78,700",""
"SURVEY","1988","YEAR","","COUNTY","ILLINOIS","17","EAST SOUTHEAST","70","CLAY","025","","","00000000","","CORN","CORN - ACRES PLANTED","TOTAL","NOT SPECIFIED","50,300",""
"SURVEY","1988","YEAR","","COUNTY","ILLINOIS","17","EAST SOUTHEAST","70","COLES","029","","","00000000","","CORN","CORN - ACRES PLANTED","TOTAL","NOT SPECIFIED","102,600",""
"SURVEY","1988","YEAR","","COUNTY","ILLINOIS","17","EAST SOUTHEAST","70","CRAWFORD","033","","","00000000","","CORN","CORN - ACRES PLANTED","TOTAL","NOT SPECIFIED","66,900",""
"SURVEY","1988","YEAR","","COUNTY","ILLINOIS","17","EAST SOUTHEAST","70","CUMBERLAND","035","","","00000000","","CORN","CORN - ACRES PLANTED","TOTAL","NOT SPECIFIED","54,400",""
"SURVEY","1988","YEAR","","COUNTY","ILLINOIS","17","EAST SOUTHEAST","70","DOUGLAS","041","","","00000000","","CORN","CORN - ACRES PLANTED","TOTAL","NOT SPECIFIED","110,600",""
"SURVEY","1988","YEAR","","COUNTY","ILLINOIS","17","EAST SOUTHEAST","70","EDGAR","045","","","00000000","","CORN","CORN - ACRES PLANTED","TOTAL","NOT SPECIFIED","137,300",""
"SURVEY","1988","YEAR","","COUNTY","ILLINOIS","17","EAST SOUTHEAST","70","EFFINGHAM","049","","","00000000","","CORN","CORN - ACRES PLANTED","TOTAL","NOT SPECIFIED","73,800",""
"SURVEY","1988","YEAR","","COUNTY","ILLINOIS","17","EAST SOUTHEAST","70","FAYETTE","051","","","00000000","","CORN","CORN - ACRES PLANTED","TOTAL","NOT SPECIFIED","71,900",""
"SURVEY","1988","YEAR","","COUNTY","ILLINOIS","17","EAST SOUTHEAST","70","JASPER","079","","","00000000","","CORN","CORN - ACRES PLANTED","TOTAL","NOT SPECIFIED","81,000",""
"SURVEY","1988","YEAR","","COUNTY","ILLINOIS","17","EAST SOUTHEAST","70","LAWRENCE","101","","","00000000","","CORN","CORN - ACRES PLANTED","TOTAL","NOT SPECIFIED","63,000",""
"SURVEY","1988","YEAR","","COUNTY","ILLINOIS","17","EAST SOUTHEAST","70","MARION","121","","","00000000","","CORN","CORN - ACRES PLANTED","TOTAL","NOT SPECIFIED","48,000",""
"SURVEY","1988","YEAR","","COUNTY","ILLINOIS","17","EAST SOUTHEAST","70","MOULTRIE","139","","","00000000","","CORN","CORN - ACRES PLANTED","TOTAL","NOT SPECIFIED","72,200",""
"SURVEY","1988","YEAR","","COUNTY","ILLINOIS","17","EAST SOUTHEAST","70","RICHLAND","159","","","00000000","","CORN","CORN - ACRES PLANTED","TOTAL","NOT SPECIFIED","60,200",""
"SURVEY","1988","YEAR","","COUNTY","ILLINOIS","17","EAST SOUTHEAST","70","SHELBY","173","","","00000000","","CORN","CORN - ACRES PLANTED","TOTAL","NOT SPECIFIED","134,100",""
"SURVEY","1988","YEAR","","COUNTY","ILLINOIS","17","NORTHEAST","20","BOONE","007","","","00000000","","CORN","CORN - ACRES PLANTED","TOTAL","NOT SPECIFIED","69,600",""
"SURVEY","1988","YEAR","","COUNTY","ILLINOIS","17","NORTHEAST","20","COOK","031","","","00000000","","CORN","CORN - ACRES PLANTED","TOTAL","NOT SPECIFIED","14,300",""
"SURVEY","1988","YEAR","","COUNTY","ILLINOIS","17","NORTHEAST","20","DE KALB","037","","","00000000","","CORN","CORN - ACRES PLANTED","TOTAL","NOT SPECIFIED","189,000",""
"SURVEY","1988","YEAR","","COUNTY","ILLINOIS","17","NORTHEAST","20","DU PAGE","043","","","00000000","","CORN","CORN - ACRES PLANTED","TOTAL","NOT SPECIFIED","13,800",""
"SURVEY","1988","YEAR","","COUNTY","ILLINOIS","17","NORTHEAST","20","GRUNDY","063","","","00000000","","CORN","CORN - ACRES PLANTED","TOTAL","NOT SPECIFIED","99,000",""
"SURVEY","1988","YEAR","","COUNTY","ILLINOIS","17","NORTHEAST","20","KANE","089","","","00000000","","CORN","CORN - ACRES PLANTED","TOTAL","NOT SPECIFIED","103,200",""
"SURVEY","1988","YEAR","","COUNTY","ILLINOIS","17","NORTHEAST","20","KENDALL","093","","","00000000","","CORN","CORN - ACRES PLANTED","TOTAL","NOT SPECIFIED","86,900",""
"SURVEY","1988","YEAR","","COUNTY","ILLINOIS","17","NORTHEAST","20","LA SALLE","099","","","00000000","","CORN","CORN - ACRES PLANTED","TOTAL","NOT SPECIFIED","259,200",""
"SURVEY","1988","YEAR","","COUNTY","ILLINOIS","17","NORTHEAST","20","LAKE","097","","","00000000","","CORN","CORN - ACRES PLANTED","TOTAL","NOT SPECIFIED","26,500",""
"SURVEY","1988","YEAR","","COUNTY","ILLINOIS","17","NORTHEAST","20","MCHENRY","111","","","00000000","","CORN","CORN - ACRES PLANTED","TOTAL","NOT SPECIFIED","114,900",""
"SURVEY","1988","YEAR","","COUNTY","ILLINOIS","17","NORTHEAST","20","WILL","197","","","00000000","","CORN","CORN - ACRES PLANTED","TOTAL","NOT SPECIFIED","129,800",""
"SURVEY","1988","YEAR","","COUNTY","ILLINOIS","17","NORTHWEST","10","BUREAU","011","","","00000000","","CORN","CORN - ACRES PLANTED","TOTAL","NOT SPECIFIED","242,400",""
"SURVEY","1988","YEAR","","COUNTY","ILLINOIS","17","NORTHWEST","10","CARROLL","015","","","00000000","","CORN","CORN - ACRES PLANTED","TOTAL","NOT SPECIFIED","139,100",""
"SURVEY","1988","YEAR","","COUNTY","ILLINOIS","17","NORTHWEST","10","HENRY","073","","","00000000","","CORN","CORN - ACRES PLANTED","TOTAL","NOT SPECIFIED","234,600",""
"SURVEY","1988","YEAR","","COUNTY","ILLINOIS","17","NORTHWEST","10","JO DAVIESS","085","","","00000000","","CORN","CORN - ACRES PLANTED","TOTAL","NOT SPECIFIED","88,900",""
"SURVEY","1988","YEAR","","COUNTY","ILLINOIS","17","NORTHWEST","10","LEE","103","","","00000000","","CORN","CORN - ACRES PLANTED","TOTAL","NOT SPECIFIED","195,800",""
"SURVEY","1988","YEAR","","COUNTY","ILLINOIS","17","NORTHWEST","10","MERCER","131","","","00000000","","CORN","CORN - ACRES PLANTED","TOTAL","NOT SPECIFIED","138,900",""
"SURVEY","1988","YEAR","","COUNTY","ILLINOIS","17","NORTHWEST","10","OGLE","141","","","00000000","","CORN","CORN - ACRES PLANTED","TOTAL","NOT SPECIFIED","200,400",""
"SURVEY","1988","YEAR","","COUNTY","ILLINOIS","17","NORTHWEST","10","PUTNAM","155","","","00000000","","CORN","CORN - ACRES PLANTED","TOTAL","NOT SPECIFIED","34,200",""
"SURVEY","1988","YEAR","","COUNTY","ILLINOIS","17","NORTHWEST","10","ROCK ISLAND","161","","","00000000","","CORN","CORN - ACRES PLANTED","TOTAL","NOT SPECIFIED","78,900",""
"SURVEY","1988","YEAR","","COUNTY","ILLINOIS","17","NORTHWEST","10","STEPHENSON","177","","","00000000","","CORN","CORN - ACRES PLANTED","TOTAL","NOT SPECIFIED","141,000",""
"SURVEY","1988","YEAR","","COUNTY","ILLINOIS","17","NORTHWEST","10","WHITESIDE","195","","","00000000","","CORN","CORN - ACRES PLANTED","TOTAL","NOT SPECIFIED","197,000",""
"SURVEY","1988","YEAR","","COUNTY","ILLINOIS","17","NORTHWEST","10","WINNEBAGO","201","","","00000000","","CORN","CORN - ACRES PLANTED","TOTAL","NOT SPECIFIED","87,700",""
"SURVEY","1988","YEAR","","COUNTY","ILLINOIS","17","SOUTHEAST","90","EDWARDS","047","","","00000000","","CORN","CORN - ACRES PLANTED","TOTAL","NOT SPECIFIED","39,400",""
"SURVEY","1988","YEAR","","COUNTY","ILLINOIS","17","SOUTHEAST","90","FRANKLIN","055","","","00000000","","CORN","CORN - ACRES PLANTED","TOTAL","NOT SPECIFIED","34,100",""
"SURVEY","1988","YEAR","","COUNTY","ILLINOIS","17","SOUTHEAST","90","GALLATIN","059","","","00000000","","CORN","CORN - ACRES PLANTED","TOTAL","NOT SPECIFIED","61,200",""
"SURVEY","1988","YEAR","","COUNTY","ILLINOIS","17","SOUTHEAST","90","HAMILTON","065","","","00000000","","CORN","CORN - ACRES PLANTED","TOTAL","NOT SPECIFIED","52,300",""
"SURVEY","1988","YEAR","","COUNTY","ILLINOIS","17","SOUTHEAST","90","HARDIN","069","","","00000000","","CORN","CORN - ACRES PLANTED","TOTAL","NOT SPECIFIED","3,200",""
"SURVEY","1988","YEAR","","COUNTY","ILLINOIS","17","SOUTHEAST","90","JEFFERSON","081","","","00000000","","CORN","CORN - ACRES PLANTED","TOTAL","NOT SPECIFIED","47,700",""
"SURVEY","1988","YEAR","","COUNTY","ILLINOIS","17","SOUTHEAST","90","MASSAC","127","","","00000000","","CORN","CORN - ACRES PLANTED","TOTAL","NOT SPECIFIED","25,500",""
"SURVEY","1988","YEAR","","COUNTY","ILLINOIS","17","SOUTHEAST","90","POPE","151","","","00000000","","CORN","CORN - ACRES PLANTED","TOTAL","NOT SPECIFIED","9,900",""
"SURVEY","1988","YEAR","","COUNTY","ILLINOIS","17","SOUTHEAST","90","SALINE","165","","","00000000","","CORN","CORN - ACRES PLANTED","TOTAL","NOT SPECIFIED","42,100",""
"SURVEY","1988","YEAR","","COUNTY","ILLINOIS","17","SOUTHEAST","90","WABASH","185","","","00000000","","CORN","CORN - ACRES PLANTED","TOTAL","NOT SPECIFIED","42,900",""
"SURVEY","1988","YEAR","","COUNTY","ILLINOIS","17","SOUTHEAST","90","WAYNE","191","","","00000000","","CORN","CORN - ACRES PLANTED","TOTAL","NOT SPECIFIED","82,600",""
"SURVEY","1988","YEAR","","COUNTY","ILLINOIS","17","SOUTHEAST","90","WHITE","193","","","00000000","","CORN","CORN - ACRES PLANTED","TOTAL","NOT SPECIFIED","79,000",""
"SURVEY","1988","YEAR","","COUNTY","ILLINOIS","17","SOUTHWEST","80","ALEXANDER","003","","","00000000","","CORN","CORN - ACRES PLANTED","TOTAL","NOT SPECIFIED","7,600",""
"SURVEY","1988","YEAR","","COUNTY","ILLINOIS","17","SOUTHWEST","80","CLINTON","027","","","00000000","","CORN","CORN - ACRES PLANTED","TOTAL","NOT SPECIFIED","68,800",""
"SURVEY","1988","YEAR","","COUNTY","ILLINOIS","17","SOUTHWEST","80","JACKSON","077","","","00000000","","CORN","CORN - ACRES PLANTED","TOTAL","NOT SPECIFIED","33,200",""
"SURVEY","1988","YEAR","","COUNTY","ILLINOIS","17","SOUTHWEST","80","JOHNSON","087","","","00000000","","CORN","CORN - ACRES PLANTED","TOTAL","NOT SPECIFIED","13,100",""
"SURVEY","1988","YEAR","","COUNTY","ILLINOIS","17","SOUTHWEST","80","MONROE","133","","","00000000","","CORN","CORN - ACRES PLANTED","TOTAL","NOT SPECIFIED","39,900",""
"SURVEY","1988","YEAR","","COUNTY","ILLINOIS","17","SOUTHWEST","80","PERRY","145","","","00000000","","CORN","CORN - ACRES PLANTED","TOTAL","NOT SPECIFIED","40,400",""
"SURVEY","1988","YEAR","","COUNTY","ILLINOIS","17","SOUTHWEST","80","PULASKI","153","","","00000000","","CORN","CORN - ACRES PLANTED","TOTAL","NOT SPECIFIED","10,900",""
"SURVEY","1988","YEAR","","COUNTY","ILLINOIS","17","SOUTHWEST","80","RANDOLPH","157","","","00000000","","CORN","CORN - ACRES PLANTED","TOTAL","NOT SPECIFIED","51,800",""
"SURVEY","1988","YEAR","","COUNTY","ILLINOIS","17","SOUTHWEST","80","ST CLAIR","163","","","00000000","","CORN","CORN - ACRES PLANTED","TOTAL","NOT SPECIFIED","67,500",""
"SURVEY","1988","YEAR","","COUNTY","ILLINOIS","17","SOUTHWEST","80","UNION","181","","","00000000","","CORN","CORN - ACRES PLANTED","TOTAL","NOT SPECIFIED","13,300",""
"SURVEY","1988","YEAR","","COUNTY","ILLINOIS","17","SOUTHWEST","80","WASHINGTON","189","","","00000000","","CORN","CORN - ACRES PLANTED","TOTAL","NOT SPECIFIED","76,500",""
"SURVEY","1988","YEAR","","COUNTY","ILLINOIS","17","SOUTHWEST","80","WILLIAMSON","199","","","00000000","","CORN","CORN - ACRES PLANTED","TOTAL","NOT SPECIFIED","17,800",""
"SURVEY","1988","YEAR","","COUNTY","ILLINOIS","17","WEST","30","ADAMS","001","","","00000000","","CORN","CORN - ACRES PLANTED","TOTAL","NOT SPECIFIED","120,600",""
"SURVEY","1988","YEAR","","COUNTY","ILLINOIS","17","WEST","30","BROWN","009","","","00000000","","CORN","CORN - ACRES PLANTED","TOTAL","NOT SPECIFIED","33,800",""
"SURVEY","1988","YEAR","","COUNTY","ILLINOIS","17","WEST","30","FULTON","057","","","00000000","","CORN","CORN - ACRES PLANTED","TOTAL","NOT SPECIFIED","130,200",""
"SURVEY","1988","YEAR","","COUNTY","ILLINOIS","17","WEST","30","HANCOCK","067","","","00000000","","CORN","CORN - ACRES PLANTED","TOTAL","NOT SPECIFIED","136,800",""
"SURVEY","1988","YEAR","","COUNTY","ILLINOIS","17","WEST","30","HENDERSON","071","","","00000000","","CORN","CORN - ACRES PLANTED","TOTAL","NOT SPECIFIED","87,400",""
"SURVEY","1988","YEAR","","COUNTY","ILLINOIS","17","WEST","30","KNOX","095","","","00000000","","CORN","CORN - ACRES PLANTED","TOTAL","NOT SPECIFIED","160,700",""
"SURVEY","1988","YEAR","","COUNTY","ILLINOIS","17","WEST","30","MCDONOUGH","109","","","00000000","","CORN","CORN - ACRES PLANTED","TOTAL","NOT SPECIFIED","118,500",""
"SURVEY","1988","YEAR","","COUNTY","ILLINOIS","17","WEST","30","SCHUYLER","169","","","00000000","","CORN","CORN - ACRES PLANTED","TOTAL","NOT SPECIFIED","51,900",""
"SURVEY","1988","YEAR","","COUNTY","ILLINOIS","17","WEST","30","WARREN","187","","","00000000","","CORN","CORN - ACRES PLANTED","TOTAL","NOT SPECIFIED","146,900",""
"SURVEY","1988","YEAR","","COUNTY","ILLINOIS","17","WEST SOUTHWEST","60","BOND","005","","","00000000","","CORN","CORN - ACRES PLANTED","TOTAL","NOT SPECIFIED","36,500",""
"SURVEY","1988","YEAR","","COUNTY","ILLINOIS","17","WEST SOUTHWEST","60","CALHOUN","013","","","00000000","","CORN","CORN - ACRES PLANTED","TOTAL","NOT SPECIFIED","19,500",""
"SURVEY","1988","YEAR","","COUNTY","ILLINOIS","17","WEST SOUTHWEST","60","CASS","017","","","00000000","","CORN","CORN - ACRES PLANTED","TOTAL","NOT SPECIFIED","72,800",""
"SURVEY","1988","YEAR","","COUNTY","ILLINOIS","17","WEST SOUTHWEST","60","CHRISTIAN","021","","","00000000","","CORN","CORN - ACRES PLANTED","TOTAL","NOT SPECIFIED","151,700",""
"SURVEY","1988","YEAR","","COUNTY","ILLINOIS","17","WEST SOUTHWEST","60","GREENE","061","","","00000000","","CORN","CORN - ACRES PLANTED","TOTAL","NOT SPECIFIED","80,400",""
"SURVEY","1988","YEAR","","COUNTY","ILLINOIS","17","WEST SOUTHWEST","60","JERSEY","083","","","00000000","","CORN","CORN - ACRES PLANTED","TOTAL","NOT SPECIFIED","47,300",""
"SURVEY","1988","YEAR","","COUNTY","ILLINOIS","17","WEST SOUTHWEST","60","MACOUPIN","117","","","00000000","","CORN","CORN - ACRES PLANTED","TOTAL","NOT SPECIFIED","127,800",""
"SURVEY","1988","YEAR","","COUNTY","ILLINOIS","17","WEST SOUTHWEST","60","MADISON","119","","","00000000","","CORN","CORN - ACRES PLANTED","TOTAL","NOT SPECIFIED","74,900",""
"SURVEY","1988","YEAR","","COUNTY","ILLINOIS","17","WEST SOUTHWEST","60","MONTGOMERY","135","","","00000000","","CORN","CORN - ACRES PLANTED","TOTAL","NOT SPECIFIED","115,800",""
"SURVEY","1988","YEAR","","COUNTY","ILLINOIS","17","WEST SOUTHWEST","60","MORGAN","137","","","00000000","","CORN","CORN - ACRES PLANTED","TOTAL","NOT SPECIFIED","111,400",""
"SURVEY","1988","YEAR","","COUNTY","ILLINOIS","17","WEST SOUTHWEST","60","PIKE","149","","","00000000","","CORN","CORN - ACRES PLANTED","TOTAL","NOT SPECIFIED","109,900",""
"SURVEY","1988","YEAR","","COUNTY","ILLINOIS","17","WEST SOUTHWEST","60","SANGAMON","167","","","00000000","","CORN","CORN - ACRES PLANTED","TOTAL","NOT SPECIFIED","182,700",""
"SURVEY","1988","YEAR","","COUNTY","ILLINOIS","17","WEST SOUTHWEST","60","SCOTT","171","","","00000000","","CORN","CORN - ACRES PLANTED","TOTAL","NOT SPECIFIED","47,800",""
"SURVEY","1987","YEAR","","COUNTY","ILLINOIS","17","CENTRAL","40","DE WITT","039","","","00000000","","CORN","CORN - ACRES PLANTED","TOTAL","NOT SPECIFIED","81,000",""
"SURVEY","1987","YEAR","","COUNTY","ILLINOIS","17","CENTRAL","40","LOGAN","107","","","00000000","","CORN","CORN - ACRES PLANTED","TOTAL","NOT SPECIFIED","142,800",""
"SURVEY","1987","YEAR","","COUNTY","ILLINOIS","17","CENTRAL","40","MACON","115","","","00000000","","CORN","CORN - ACRES PLANTED","TOTAL","NOT SPECIFIED","120,100",""
"SURVEY","1987","YEAR","","COUNTY","ILLINOIS","17","CENTRAL","40","MARSHALL","123","","","00000000","","CORN","CORN - ACRES PLANTED","TOTAL","NOT SPECIFIED","78,600",""
"SURVEY","1987","YEAR","","COUNTY","ILLINOIS","17","CENTRAL","40","MASON","125","","","00000000","","CORN","CORN - ACRES PLANTED","TOTAL","NOT SPECIFIED","91,000",""
"SURVEY","1987","YEAR","","COUNTY","ILLINOIS","17","CENTRAL","40","MCLEAN","113","","","00000000","","CORN","CORN - ACRES PLANTED","TOTAL","NOT SPECIFIED","281,300",""
"SURVEY","1987","YEAR","","COUNTY","ILLINOIS","17","CENTRAL","40","MENARD","129","","","00000000","","CORN","CORN - ACRES PLANTED","TOTAL","NOT SPECIFIED","64,200",""
"SURVEY","1987","YEAR","","COUNTY","ILLINOIS","17","CENTRAL","40","PEORIA","143","","","00000000","","CORN","CORN - ACRES PLANTED","TOTAL","NOT SPECIFIED","104,100",""
"SURVEY","1987","YEAR","","COUNTY","ILLINOIS","17","CENTRAL","40","STARK","175","","","00000000","","CORN","CORN - ACRES PLANTED","TOTAL","NOT SPECIFIED","80,000",""
"SURVEY","1987","YEAR","","COUNTY","ILLINOIS","17","CENTRAL","40","TAZEWELL","179","","","00000000","","CORN","CORN - ACRES PLANTED","TOTAL","NOT SPECIFIED","140,200",""
"SURVEY","1987","YEAR","","COUNTY","ILLINOIS","17","CENTRAL","40","WOODFORD","203","","","00000000","","CORN","CORN - ACRES PLANTED","TOTAL","NOT SPECIFIED","113,500",""
"SURVEY","1987","YEAR","","COUNTY","ILLINOIS","17","EAST","50","CHAMPAIGN","019","","","00000000","","CORN","CORN - ACRES PLANTED","TOTAL","NOT SPECIFIED","219,900",""
"SURVEY","1987","YEAR","","COUNTY","ILLINOIS","17","EAST","50","FORD","053","","","00000000","","CORN","CORN - ACRES PLANTED","TOTAL","NOT SPECIFIED","103,300",""
"SURVEY","1987","YEAR","","COUNTY","ILLINOIS","17","EAST","50","IROQUOIS","075","","","00000000","","CORN","CORN - ACRES PLANTED","TOTAL","NOT SPECIFIED","245,200",""
"SURVEY","1987","YEAR","","COUNTY","ILLINOIS","17","EAST","50","KANKAKEE","091","","","00000000","","CORN","CORN - ACRES PLANTED","TOTAL","NOT SPECIFIED","152,900",""
"SURVEY","1987","YEAR","","COUNTY","ILLINOIS","17","EAST","50","LIVINGSTON","105","","","00000000","","CORN","CORN - ACRES PLANTED","TOTAL","NOT SPECIFIED","226,700",""
"SURVEY","1987","YEAR","","COUNTY","ILLINOIS","17","EAST","50","PIATT","147","","","00000000","","CORN","CORN - ACRES PLANTED","TOTAL","NOT SPECIFIED","100,100",""
"SURVEY","1987","YEAR","","COUNTY","ILLINOIS","17","EAST","50","VERMILION","183","","","00000000","","CORN","CORN - ACRES PLANTED","TOTAL","NOT SPECIFIED","168,600",""
"SURVEY","1987","YEAR","","COUNTY","ILLINOIS","17","EAST SOUTHEAST","70","CLARK","023","","","00000000","","CORN","CORN - ACRES PLANTED","TOTAL","NOT SPECIFIED","75,600",""
"SURVEY","1987","YEAR","","COUNTY","ILLINOIS","17","EAST SOUTHEAST","70","CLAY","025","","","00000000","","CORN","CORN - ACRES PLANTED","TOTAL","NOT SPECIFIED","47,700",""
"SURVEY","1987","YEAR","","COUNTY","ILLINOIS","17","EAST SOUTHEAST","70","COLES","029","","","00000000","","CORN","CORN - ACRES PLANTED","TOTAL","NOT SPECIFIED","95,200",""
"SURVEY","1987","YEAR","","COUNTY","ILLINOIS","17","EAST SOUTHEAST","70","CRAWFORD","033","","","00000000","","CORN","CORN - ACRES PLANTED","TOTAL","NOT SPECIFIED","63,500",""
"SURVEY","1987","YEAR","","COUNTY","ILLINOIS","17","EAST SOUTHEAST","70","CUMBERLAND","035","","","00000000","","CORN","CORN - ACRES PLANTED","TOTAL","NOT SPECIFIED","52,300",""
"SURVEY","1987","YEAR","","COUNTY","ILLINOIS","17","EAST SOUTHEAST","70","DOUGLAS","041","","","00000000","","CORN","CORN - ACRES PLANTED","TOTAL","NOT SPECIFIED","102,900",""
"SURVEY","1987","YEAR","","COUNTY","ILLINOIS","17","EAST SOUTHEAST","70","EDGAR","045","","","00000000","","CORN","CORN - ACRES PLANTED","TOTAL","NOT SPECIFIED","127,800",""
"SURVEY","1987","YEAR","","COUNTY","ILLINOIS","17","EAST SOUTHEAST","70","EFFINGHAM","049","","","00000000","","CORN","CORN - ACRES PLANTED","TOTAL","NOT SPECIFIED","69,200",""
"SURVEY","1987","YEAR","","COUNTY","ILLINOIS","17","EAST SOUTHEAST","70","FAYETTE","051","","","00000000","","CORN","CORN - ACRES PLANTED","TOTAL","NOT SPECIFIED","69,200",""
"SURVEY","1987","YEAR","","COUNTY","ILLINOIS","17","EAST SOUTHEAST","70","JASPER","079","","","00000000","","CORN","CORN - ACRES PLANTED","TOTAL","NOT SPECIFIED","75,100",""
"SURVEY","1987","YEAR","","COUNTY","ILLINOIS","17","EAST SOUTHEAST","70","LAWRENCE","101","","","00000000","","CORN","CORN - ACRES PLANTED","TOTAL","NOT SPECIFIED","60,000",""
"SURVEY","1987","YEAR","","COUNTY","ILLINOIS","17","EAST SOUTHEAST","70","MARION","121","","","00000000","","CORN","CORN - ACRES PLANTED","TOTAL","NOT SPECIFIED","44,100",""
"SURVEY","1987","YEAR","","COUNTY","ILLINOIS","17","EAST SOUTHEAST","70","MOULTRIE","139","","","00000000","","CORN","CORN - ACRES PLANTED","TOTAL","NOT SPECIFIED","67,000",""
"SURVEY","1987","YEAR","","COUNTY","ILLINOIS","17","EAST SOUTHEAST","70","RICHLAND","159","","","00000000","","CORN","CORN - ACRES PLANTED","TOTAL","NOT SPECIFIED","57,500",""
"SURVEY","1987","YEAR","","COUNTY","ILLINOIS","17","EAST SOUTHEAST","70","SHELBY","173","","","00000000","","CORN","CORN - ACRES PLANTED","TOTAL","NOT SPECIFIED","134,100",""
"SURVEY","1987","YEAR","","COUNTY","ILLINOIS","17","NORTHEAST","20","BOONE","007","","","00000000","","CORN","CORN - ACRES PLANTED","TOTAL","NOT SPECIFIED","64,800",""
"SURVEY","1987","YEAR","","COUNTY","ILLINOIS","17","NORTHEAST","20","COOK","031","","","00000000","","CORN","CORN - ACRES PLANTED","TOTAL","NOT SPECIFIED","12,800",""
"SURVEY","1987","YEAR","","COUNTY","ILLINOIS","17","NORTHEAST","20","DE KALB","037","","","00000000","","CORN","CORN - ACRES PLANTED","TOTAL","NOT SPECIFIED","176,900",""
"SURVEY","1987","YEAR","","COUNTY","ILLINOIS","17","NORTHEAST","20","DU PAGE","043","","","00000000","","CORN","CORN - ACRES PLANTED","TOTAL","NOT SPECIFIED","12,300",""
"SURVEY","1987","YEAR","","COUNTY","ILLINOIS","17","NORTHEAST","20","GRUNDY","063","","","00000000","","CORN","CORN - ACRES PLANTED","TOTAL","NOT SPECIFIED","91,300",""
"SURVEY","1987","YEAR","","COUNTY","ILLINOIS","17","NORTHEAST","20","KANE","089","","","00000000","","CORN","CORN - ACRES PLANTED","TOTAL","NOT SPECIFIED","97,500",""
"SURVEY","1987","YEAR","","COUNTY","ILLINOIS","17","NORTHEAST","20","KENDALL","093","","","00000000","","CORN","CORN - ACRES PLANTED","TOTAL","NOT SPECIFIED","80,100",""
"SURVEY","1987","YEAR","","COUNTY","ILLINOIS","17","NORTHEAST","20","LA SALLE","099","","","00000000","","CORN","CORN - ACRES PLANTED","TOTAL","NOT SPECIFIED","244,800",""
"SURVEY","1987","YEAR","","COUNTY","ILLINOIS","17","NORTHEAST","20","LAKE","097","","","00000000","","CORN","CORN - ACRES PLANTED","TOTAL","NOT SPECIFIED","24,000",""
"SURVEY","1987","YEAR","","COUNTY","ILLINOIS","17","NORTHEAST","20","MCHENRY","111","","","00000000","","CORN","CORN - ACRES PLANTED","TOTAL","NOT SPECIFIED","111,000",""
"SURVEY","1987","YEAR","","COUNTY","ILLINOIS","17","NORTHEAST","20","WILL","197","","","00000000","","CORN","CORN - ACRES PLANTED","TOTAL","NOT SPECIFIED","116,700",""
"SURVEY","1987","YEAR","","COUNTY","ILLINOIS","17","NORTHWEST","10","BUREAU","011","","","00000000","","CORN","CORN - ACRES PLANTED","TOTAL","NOT SPECIFIED","233,400",""
"SURVEY","1987","YEAR","","COUNTY","ILLINOIS","17","NORTHWEST","10","CARROLL","015","","","00000000","","CORN","CORN - ACRES PLANTED","TOTAL","NOT SPECIFIED","132,600",""
"SURVEY","1987","YEAR","","COUNTY","ILLINOIS","17","NORTHWEST","10","HENRY","073","","","00000000","","CORN","CORN - ACRES PLANTED","TOTAL","NOT SPECIFIED","221,700",""
"SURVEY","1987","YEAR","","COUNTY","ILLINOIS","17","NORTHWEST","10","JO DAVIESS","085","","","00000000","","CORN","CORN - ACRES PLANTED","TOTAL","NOT SPECIFIED","81,800",""
"SURVEY","1987","YEAR","","COUNTY","ILLINOIS","17","NORTHWEST","10","LEE","103","","","00000000","","CORN","CORN - ACRES PLANTED","TOTAL","NOT SPECIFIED","191,300",""
"SURVEY","1987","YEAR","","COUNTY","ILLINOIS","17","NORTHWEST","10","MERCER","131","","","00000000","","CORN","CORN - ACRES PLANTED","TOTAL","NOT SPECIFIED","135,500",""
"SURVEY","1987","YEAR","","COUNTY","ILLINOIS","17","NORTHWEST","10","OGLE","141","","","00000000","","CORN","CORN - ACRES PLANTED","TOTAL","NOT SPECIFIED","189,500",""
"SURVEY","1987","YEAR","","COUNTY","ILLINOIS","17","NORTHWEST","10","PUTNAM","155","","","00000000","","CORN","CORN - ACRES PLANTED","TOTAL","NOT SPECIFIED","32,300",""
"SURVEY","1987","YEAR","","COUNTY","ILLINOIS","17","NORTHWEST","10","ROCK ISLAND","161","","","00000000","","CORN","CORN - ACRES PLANTED","TOTAL","NOT SPECIFIED","75,700",""
"SURVEY","1987","YEAR","","COUNTY","ILLINOIS","17","NORTHWEST","10","STEPHENSON","177","","","00000000","","CORN","CORN - ACRES PLANTED","TOTAL","NOT SPECIFIED","134,600",""
"SURVEY","1987","YEAR","","COUNTY","ILLINOIS","17","NORTHWEST","10","WHITESIDE","195","","","00000000","","CORN","CORN - ACRES PLANTED","TOTAL","NOT SPECIFIED","190,600",""
"SURVEY","1987","YEAR","","COUNTY","ILLINOIS","17","NORTHWEST","10","WINNEBAGO","201","","","00000000","","CORN","CORN - ACRES PLANTED","TOTAL","NOT SPECIFIED","87,200",""
"SURVEY","1987","YEAR","","COUNTY","ILLINOIS","17","SOUTHEAST","90","EDWARDS","047","","","00000000","","CORN","CORN - ACRES PLANTED","TOTAL","NOT SPECIFIED","36,700",""
"SURVEY","1987","YEAR","","COUNTY","ILLINOIS","17","SOUTHEAST","90","FRANKLIN","055","","","00000000","","CORN","CORN - ACRES PLANTED","TOTAL","NOT SPECIFIED","29,900",""
"SURVEY","1987","YEAR","","COUNTY","ILLINOIS","17","SOUTHEAST","90","GALLATIN","059","","","00000000","","CORN","CORN - ACRES PLANTED","TOTAL","NOT SPECIFIED","56,400",""
"SURVEY","1987","YEAR","","COUNTY","ILLINOIS","17","SOUTHEAST","90","HAMILTON","065","","","00000000","","CORN","CORN - ACRES PLANTED","TOTAL","NOT SPECIFIED","47,700",""
"SURVEY","1987","YEAR","","COUNTY","ILLINOIS","17","SOUTHEAST","90","HARDIN","069","","","00000000","","CORN","CORN - ACRES PLANTED","TOTAL","NOT SPECIFIED","3,200",""
"SURVEY","1987","YEAR","","COUNTY","ILLINOIS","17","SOUTHEAST","90","JEFFERSON","081","","","00000000","","CORN","CORN - ACRES PLANTED","TOTAL","NOT SPECIFIED","43,100",""
"SURVEY","1987","YEAR","","COUNTY","ILLINOIS","17","SOUTHEAST","90","MASSAC","127","","","00000000","","CORN","CORN - ACRES PLANTED","TOTAL","NOT SPECIFIED","23,200",""
"SURVEY","1987","YEAR","","COUNTY","ILLINOIS","17","SOUTHEAST","90","POPE","151","","","00000000","","CORN","CORN - ACRES PLANTED","TOTAL","NOT SPECIFIED","8,300",""
"SURVEY","1987","YEAR","","COUNTY","ILLINOIS","17","SOUTHEAST","90","SALINE","165","","","00000000","","CORN","CORN - ACRES PLANTED","TOTAL","NOT SPECIFIED","37,600",""
"SURVEY","1987","YEAR","","COUNTY","ILLINOIS","17","SOUTHEAST","90","WABASH","185","","","00000000","","CORN","CORN - ACRES PLANTED","TOTAL","NOT SPECIFIED","37,600",""
"SURVEY","1987","YEAR","","COUNTY","ILLINOIS","17","SOUTHEAST","90","WAYNE","191","","","00000000","","CORN","CORN - ACRES PLANTED","TOTAL","NOT SPECIFIED","76,200",""
"SURVEY","1987","YEAR","","COUNTY","ILLINOIS","17","SOUTHEAST","90","WHITE","193","","","00000000","","CORN","CORN - ACRES PLANTED","TOTAL","NOT SPECIFIED","73,500",""
"SURVEY","1987","YEAR","","COUNTY","ILLINOIS","17","SOUTHWEST","80","ALEXANDER","003","","","00000000","","CORN","CORN - ACRES PLANTED","TOTAL","NOT SPECIFIED","6,800",""
"SURVEY","1987","YEAR","","COUNTY","ILLINOIS","17","SOUTHWEST","80","CLINTON","027","","","00000000","","CORN","CORN - ACRES PLANTED","TOTAL","NOT SPECIFIED","65,200",""
"SURVEY","1987","YEAR","","COUNTY","ILLINOIS","17","SOUTHWEST","80","JACKSON","077","","","00000000","","CORN","CORN - ACRES PLANTED","TOTAL","NOT SPECIFIED","32,700",""
"SURVEY","1987","YEAR","","COUNTY","ILLINOIS","17","SOUTHWEST","80","JOHNSON","087","","","00000000","","CORN","CORN - ACRES PLANTED","TOTAL","NOT SPECIFIED","12,400",""
"SURVEY","1987","YEAR","","COUNTY","ILLINOIS","17","SOUTHWEST","80","MONROE","133","","","00000000","","CORN","CORN - ACRES PLANTED","TOTAL","NOT SPECIFIED","37,900",""
"SURVEY","1987","YEAR","","COUNTY","ILLINOIS","17","SOUTHWEST","80","PERRY","145","","","00000000","","CORN","CORN - ACRES PLANTED","TOTAL","NOT SPECIFIED","37,800",""
"SURVEY","1987","YEAR","","COUNTY","ILLINOIS","17","SOUTHWEST","80","PULASKI","153","","","00000000","","CORN","CORN - ACRES PLANTED","TOTAL","NOT SPECIFIED","10,500",""
"SURVEY","1987","YEAR","","COUNTY","ILLINOIS","17","SOUTHWEST","80","RANDOLPH","157","","","00000000","","CORN","CORN - ACRES PLANTED","TOTAL","NOT SPECIFIED","48,200",""
"SURVEY","1987","YEAR","","COUNTY","ILLINOIS","17","SOUTHWEST","80","ST CLAIR","163","","","00000000","","CORN","CORN - ACRES PLANTED","TOTAL","NOT SPECIFIED","64,800",""
"SURVEY","1987","YEAR","","COUNTY","ILLINOIS","17","SOUTHWEST","80","UNION","181","","","00000000","","CORN","CORN - ACRES PLANTED","TOTAL","NOT SPECIFIED","12,100",""
"SURVEY","1987","YEAR","","COUNTY","ILLINOIS","17","SOUTHWEST","80","WASHINGTON","189","","","00000000","","CORN","CORN - ACRES PLANTED","TOTAL","NOT SPECIFIED","71,000",""
"SURVEY","1987","YEAR","","COUNTY","ILLINOIS","17","SOUTHWEST","80","WILLIAMSON","199","","","00000000","","CORN","CORN - ACRES PLANTED","TOTAL","NOT SPECIFIED","16,000",""
"SURVEY","1987","YEAR","","COUNTY","ILLINOIS","17","WEST","30","ADAMS","001","","","00000000","","CORN","CORN - ACRES PLANTED","TOTAL","NOT SPECIFIED","108,500",""
"SURVEY","1987","YEAR","","COUNTY","ILLINOIS","17","WEST","30","BROWN","009","","","00000000","","CORN","CORN - ACRES PLANTED","TOTAL","NOT SPECIFIED","31,600",""
"SURVEY","1987","YEAR","","COUNTY","ILLINOIS","17","WEST","30","FULTON","057","","","00000000","","CORN","CORN - ACRES PLANTED","TOTAL","NOT SPECIFIED","129,400",""
"SURVEY","1987","YEAR","","COUNTY","ILLINOIS","17","WEST","30","HANCOCK","067","","","00000000","","CORN","CORN - ACRES PLANTED","TOTAL","NOT SPECIFIED","125,800",""
"SURVEY","1987","YEAR","","COUNTY","ILLINOIS","17","WEST","30","HENDERSON","071","","","00000000","","CORN","CORN - ACRES PLANTED","TOTAL","NOT SPECIFIED","83,400",""
"SURVEY","1987","YEAR","","COUNTY","ILLINOIS","17","WEST","30","KNOX","095","","","00000000","","CORN","CORN - ACRES PLANTED","TOTAL","NOT SPECIFIED","149,700",""
"SURVEY","1987","YEAR","","COUNTY","ILLINOIS","17","WEST","30","MCDONOUGH","109","","","00000000","","CORN","CORN - ACRES PLANTED","TOTAL","NOT SPECIFIED","109,900",""
"SURVEY","1987","YEAR","","COUNTY","ILLINOIS","17","WEST","30","SCHUYLER","169","","","00000000","","CORN","CORN - ACRES PLANTED","TOTAL","NOT SPECIFIED","48,100",""
"SURVEY","1987","YEAR","","COUNTY","ILLINOIS","17","WEST","30","WARREN","187","","","00000000","","CORN","CORN - ACRES PLANTED","TOTAL","NOT SPECIFIED","141,200",""
"SURVEY","1987","YEAR","","COUNTY","ILLINOIS","17","WEST SOUTHWEST","60","BOND","005","","","00000000","","CORN","CORN - ACRES PLANTED","TOTAL","NOT SPECIFIED","36,300",""
"SURVEY","1987","YEAR","","COUNTY","ILLINOIS","17","WEST SOUTHWEST","60","CALHOUN","013","","","00000000","","CORN","CORN - ACRES PLANTED","TOTAL","NOT SPECIFIED","18,400",""
"SURVEY","1987","YEAR","","COUNTY","ILLINOIS","17","WEST SOUTHWEST","60","CASS","017","","","00000000","","CORN","CORN - ACRES PLANTED","TOTAL","NOT SPECIFIED","70,100",""
"SURVEY","1987","YEAR","","COUNTY","ILLINOIS","17","WEST SOUTHWEST","60","CHRISTIAN","021","","","00000000","","CORN","CORN - ACRES PLANTED","TOTAL","NOT SPECIFIED","144,900",""
"SURVEY","1987","YEAR","","COUNTY","ILLINOIS","17","WEST SOUTHWEST","60","GREENE","061","","","00000000","","CORN","CORN - ACRES PLANTED","TOTAL","NOT SPECIFIED","78,700",""
"SURVEY","1987","YEAR","","COUNTY","ILLINOIS","17","WEST SOUTHWEST","60","JERSEY","083","","","00000000","","CORN","CORN - ACRES PLANTED","TOTAL","NOT SPECIFIED","47,900",""
"SURVEY","1987","YEAR","","COUNTY","ILLINOIS","17","WEST SOUTHWEST","60","MACOUPIN","117","","","00000000","","CORN","CORN - ACRES PLANTED","TOTAL","NOT SPECIFIED","122,500",""
"SURVEY","1987","YEAR","","COUNTY","ILLINOIS","17","WEST SOUTHWEST","60","MADISON","119","","","00000000","","CORN","CORN - ACRES PLANTED","TOTAL","NOT SPECIFIED","72,600",""
"SURVEY","1987","YEAR","","COUNTY","ILLINOIS","17","WEST SOUTHWEST","60","MONTGOMERY","135","","","00000000","","CORN","CORN - ACRES PLANTED","TOTAL","NOT SPECIFIED","110,100",""
"SURVEY","1987","YEAR","","COUNTY","ILLINOIS","17","WEST SOUTHWEST","60","MORGAN","137","","","00000000","","CORN","CORN - ACRES PLANTED","TOTAL","NOT SPECIFIED","108,600",""
"SURVEY","1987","YEAR","","COUNTY","ILLINOIS","17","WEST SOUTHWEST","60","PIKE","149","","","00000000","","CORN","CORN - ACRES PLANTED","TOTAL","NOT SPECIFIED","107,900",""
"SURVEY","1987","YEAR","","COUNTY","ILLINOIS","17","WEST SOUTHWEST","60","SANGAMON","167","","","00000000","","CORN","CORN - ACRES PLANTED","TOTAL","NOT SPECIFIED","177,300",""
"SURVEY","1987","YEAR","","COUNTY","ILLINOIS","17","WEST SOUTHWEST","60","SCOTT","171","","","00000000","","CORN","CORN - ACRES PLANTED","TOTAL","NOT SPECIFIED","45,200",""
"SURVEY","1986","YEAR","","COUNTY","ILLINOIS","17","CENTRAL","40","DE WITT","039","","","00000000","","CORN","CORN - ACRES PLANTED","TOTAL","NOT SPECIFIED","93,700",""
"SURVEY","1986","YEAR","","COUNTY","ILLINOIS","17","CENTRAL","40","LOGAN","107","","","00000000","","CORN","CORN - ACRES PLANTED","TOTAL","NOT SPECIFIED","155,900",""
"SURVEY","1986","YEAR","","COUNTY","ILLINOIS","17","CENTRAL","40","MACON","115","","","00000000","","CORN","CORN - ACRES PLANTED","TOTAL","NOT SPECIFIED","128,400",""
"SURVEY","1986","YEAR","","COUNTY","ILLINOIS","17","CENTRAL","40","MARSHALL","123","","","00000000","","CORN","CORN - ACRES PLANTED","TOTAL","NOT SPECIFIED","87,900",""
"SURVEY","1986","YEAR","","COUNTY","ILLINOIS","17","CENTRAL","40","MASON","125","","","00000000","","CORN","CORN - ACRES PLANTED","TOTAL","NOT SPECIFIED","104,300",""
"SURVEY","1986","YEAR","","COUNTY","ILLINOIS","17","CENTRAL","40","MCLEAN","113","","","00000000","","CORN","CORN - ACRES PLANTED","TOTAL","NOT SPECIFIED","316,800",""
"SURVEY","1986","YEAR","","COUNTY","ILLINOIS","17","CENTRAL","40","MENARD","129","","","00000000","","CORN","CORN - ACRES PLANTED","TOTAL","NOT SPECIFIED","71,600",""
"SURVEY","1986","YEAR","","COUNTY","ILLINOIS","17","CENTRAL","40","PEORIA","143","","","00000000","","CORN","CORN - ACRES PLANTED","TOTAL","NOT SPECIFIED","117,900",""
"SURVEY","1986","YEAR","","COUNTY","ILLINOIS","17","CENTRAL","40","STARK","175","","","00000000","","CORN","CORN - ACRES PLANTED","TOTAL","NOT SPECIFIED","91,900",""
"SURVEY","1986","YEAR","","COUNTY","ILLINOIS","17","CENTRAL","40","TAZEWELL","179","","","00000000","","CORN","CORN - ACRES PLANTED","TOTAL","NOT SPECIFIED","152,700",""
"SURVEY","1986","YEAR","","COUNTY","ILLINOIS","17","CENTRAL","40","WOODFORD","203","","","00000000","","CORN","CORN - ACRES PLANTED","TOTAL","NOT SPECIFIED","132,400",""
"SURVEY","1986","YEAR","","COUNTY","ILLINOIS","17","EAST","50","CHAMPAIGN","019","","","00000000","","CORN","CORN - ACRES PLANTED","TOTAL","NOT SPECIFIED","263,000",""
"SURVEY","1986","YEAR","","COUNTY","ILLINOIS","17","EAST","50","FORD","053","","","00000000","","CORN","CORN - ACRES PLANTED","TOTAL","NOT SPECIFIED","117,600",""
"SURVEY","1986","YEAR","","COUNTY","ILLINOIS","17","EAST","50","IROQUOIS","075","","","00000000","","CORN","CORN - ACRES PLANTED","TOTAL","NOT SPECIFIED","290,000",""
"SURVEY","1986","YEAR","","COUNTY","ILLINOIS","17","EAST","50","KANKAKEE","091","","","00000000","","CORN","CORN - ACRES PLANTED","TOTAL","NOT SPECIFIED","181,100",""
"SURVEY","1986","YEAR","","COUNTY","ILLINOIS","17","EAST","50","LIVINGSTON","105","","","00000000","","CORN","CORN - ACRES PLANTED","TOTAL","NOT SPECIFIED","260,100",""
"SURVEY","1986","YEAR","","COUNTY","ILLINOIS","17","EAST","50","PIATT","147","","","00000000","","CORN","CORN - ACRES PLANTED","TOTAL","NOT SPECIFIED","121,500",""
"SURVEY","1986","YEAR","","COUNTY","ILLINOIS","17","EAST","50","VERMILION","183","","","00000000","","CORN","CORN - ACRES PLANTED","TOTAL","NOT SPECIFIED","198,400",""
"SURVEY","1986","YEAR","","COUNTY","ILLINOIS","17","EAST SOUTHEAST","70","CLARK","023","","","00000000","","CORN","CORN - ACRES PLANTED","TOTAL","NOT SPECIFIED","84,900",""
"SURVEY","1986","YEAR","","COUNTY","ILLINOIS","17","EAST SOUTHEAST","70","CLAY","025","","","00000000","","CORN","CORN - ACRES PLANTED","TOTAL","NOT SPECIFIED","48,400",""
"SURVEY","1986","YEAR","","COUNTY","ILLINOIS","17","EAST SOUTHEAST","70","COLES","029","","","00000000","","CORN","CORN - ACRES PLANTED","TOTAL","NOT SPECIFIED","107,100",""
"SURVEY","1986","YEAR","","COUNTY","ILLINOIS","17","EAST SOUTHEAST","70","CRAWFORD","033","","","00000000","","CORN","CORN - ACRES PLANTED","TOTAL","NOT SPECIFIED","69,900",""
"SURVEY","1986","YEAR","","COUNTY","ILLINOIS","17","EAST SOUTHEAST","70","CUMBERLAND","035","","","00000000","","CORN","CORN - ACRES PLANTED","TOTAL","NOT SPECIFIED","58,900",""
"SURVEY","1986","YEAR","","COUNTY","ILLINOIS","17","EAST SOUTHEAST","70","DOUGLAS","041","","","00000000","","CORN","CORN - ACRES PLANTED","TOTAL","NOT SPECIFIED","117,400",""
"SURVEY","1986","YEAR","","COUNTY","ILLINOIS","17","EAST SOUTHEAST","70","EDGAR","045","","","00000000","","CORN","CORN - ACRES PLANTED","TOTAL","NOT SPECIFIED","135,900",""
"SURVEY","1986","YEAR","","COUNTY","ILLINOIS","17","EAST SOUTHEAST","70","EFFINGHAM","049","","","00000000","","CORN","CORN - ACRES PLANTED","TOTAL","NOT SPECIFIED","74,700",""
"SURVEY","1986","YEAR","","COUNTY","ILLINOIS","17","EAST SOUTHEAST","70","FAYETTE","051","","","00000000","","CORN","CORN - ACRES PLANTED","TOTAL","NOT SPECIFIED","72,800",""
"SURVEY","1986","YEAR","","COUNTY","ILLINOIS","17","EAST SOUTHEAST","70","JASPER","079","","","00000000","","CORN","CORN - ACRES PLANTED","TOTAL","NOT SPECIFIED","84,200",""
"SURVEY","1986","YEAR","","COUNTY","ILLINOIS","17","EAST SOUTHEAST","70","LAWRENCE","101","","","00000000","","CORN","CORN - ACRES PLANTED","TOTAL","NOT SPECIFIED","65,500",""
"SURVEY","1986","YEAR","","COUNTY","ILLINOIS","17","EAST SOUTHEAST","70","MARION","121","","","00000000","","CORN","CORN - ACRES PLANTED","TOTAL","NOT SPECIFIED","52,100",""
"SURVEY","1986","YEAR","","COUNTY","ILLINOIS","17","EAST SOUTHEAST","70","MOULTRIE","139","","","00000000","","CORN","CORN - ACRES PLANTED","TOTAL","NOT SPECIFIED","75,500",""
"SURVEY","1986","YEAR","","COUNTY","ILLINOIS","17","EAST SOUTHEAST","70","RICHLAND","159","","","00000000","","CORN","CORN - ACRES PLANTED","TOTAL","NOT SPECIFIED","64,800",""
"SURVEY","1986","YEAR","","COUNTY","ILLINOIS","17","EAST SOUTHEAST","70","SHELBY","173","","","00000000","","CORN","CORN - ACRES PLANTED","TOTAL","NOT SPECIFIED","144,700",""
"SURVEY","1986","YEAR","","COUNTY","ILLINOIS","17","NORTHEAST","20","BOONE","007","","","00000000","","CORN","CORN - ACRES PLANTED","TOTAL","NOT SPECIFIED","72,500",""
"SURVEY","1986","YEAR","","COUNTY","ILLINOIS","17","NORTHEAST","20","COOK","031","","","00000000","","CORN","CORN - ACRES PLANTED","TOTAL","NOT SPECIFIED","14,900",""
"SURVEY","1986","YEAR","","COUNTY","ILLINOIS","17","NORTHEAST","20","DE KALB","037","","","00000000","","CORN","CORN - ACRES PLANTED","TOTAL","NOT SPECIFIED","195,100",""
"SURVEY","1986","YEAR","","COUNTY","ILLINOIS","17","NORTHEAST","20","DU PAGE","043","","","00000000","","CORN","CORN - ACRES PLANTED","TOTAL","NOT SPECIFIED","15,900",""
"SURVEY","1986","YEAR","","COUNTY","ILLINOIS","17","NORTHEAST","20","GRUNDY","063","","","00000000","","CORN","CORN - ACRES PLANTED","TOTAL","NOT SPECIFIED","99,700",""
"SURVEY","1986","YEAR","","COUNTY","ILLINOIS","17","NORTHEAST","20","KANE","089","","","00000000","","CORN","CORN - ACRES PLANTED","TOTAL","NOT SPECIFIED","106,500",""
"SURVEY","1986","YEAR","","COUNTY","ILLINOIS","17","NORTHEAST","20","KENDALL","093","","","00000000","","CORN","CORN - ACRES PLANTED","TOTAL","NOT SPECIFIED","88,400",""
"SURVEY","1986","YEAR","","COUNTY","ILLINOIS","17","NORTHEAST","20","LA SALLE","099","","","00000000","","CORN","CORN - ACRES PLANTED","TOTAL","NOT SPECIFIED","280,600",""
"SURVEY","1986","YEAR","","COUNTY","ILLINOIS","17","NORTHEAST","20","LAKE","097","","","00000000","","CORN","CORN - ACRES PLANTED","TOTAL","NOT SPECIFIED","27,400",""
"SURVEY","1986","YEAR","","COUNTY","ILLINOIS","17","NORTHEAST","20","MCHENRY","111","","","00000000","","CORN","CORN - ACRES PLANTED","TOTAL","NOT SPECIFIED","127,400",""
"SURVEY","1986","YEAR","","COUNTY","ILLINOIS","17","NORTHEAST","20","WILL","197","","","00000000","","CORN","CORN - ACRES PLANTED","TOTAL","NOT SPECIFIED","139,900",""
"SURVEY","1986","YEAR","","COUNTY","ILLINOIS","17","NORTHWEST","10","BUREAU","011","","","00000000","","CORN","CORN - ACRES PLANTED","TOTAL","NOT SPECIFIED","264,400",""
"SURVEY","1986","YEAR","","COUNTY","ILLINOIS","17","NORTHWEST","10","CARROLL","015","","","00000000","","CORN","CORN - ACRES PLANTED","TOTAL","NOT SPECIFIED","139,000",""
"SURVEY","1986","YEAR","","COUNTY","ILLINOIS","17","NORTHWEST","10","HENRY","073","","","00000000","","CORN","CORN - ACRES PLANTED","TOTAL","NOT SPECIFIED","249,600",""
"SURVEY","1986","YEAR","","COUNTY","ILLINOIS","17","NORTHWEST","10","JO DAVIESS","085","","","00000000","","CORN","CORN - ACRES PLANTED","TOTAL","NOT SPECIFIED","98,700",""
"SURVEY","1986","YEAR","","COUNTY","ILLINOIS","17","NORTHWEST","10","LEE","103","","","00000000","","CORN","CORN - ACRES PLANTED","TOTAL","NOT SPECIFIED","218,500",""
"SURVEY","1986","YEAR","","COUNTY","ILLINOIS","17","NORTHWEST","10","MERCER","131","","","00000000","","CORN","CORN - ACRES PLANTED","TOTAL","NOT SPECIFIED","152,800",""
"SURVEY","1986","YEAR","","COUNTY","ILLINOIS","17","NORTHWEST","10","OGLE","141","","","00000000","","CORN","CORN - ACRES PLANTED","TOTAL","NOT SPECIFIED","219,000",""
"SURVEY","1986","YEAR","","COUNTY","ILLINOIS","17","NORTHWEST","10","PUTNAM","155","","","00000000","","CORN","CORN - ACRES PLANTED","TOTAL","NOT SPECIFIED","35,300",""
"SURVEY","1986","YEAR","","COUNTY","ILLINOIS","17","NORTHWEST","10","ROCK ISLAND","161","","","00000000","","CORN","CORN - ACRES PLANTED","TOTAL","NOT SPECIFIED","83,500",""
"SURVEY","1986","YEAR","","COUNTY","ILLINOIS","17","NORTHWEST","10","STEPHENSON","177","","","00000000","","CORN","CORN - ACRES PLANTED","TOTAL","NOT SPECIFIED","150,900",""
"SURVEY","1986","YEAR","","COUNTY","ILLINOIS","17","NORTHWEST","10","WHITESIDE","195","","","00000000","","CORN","CORN - ACRES PLANTED","TOTAL","NOT SPECIFIED","205,500",""
"SURVEY","1986","YEAR","","COUNTY","ILLINOIS","17","NORTHWEST","10","WINNEBAGO","201","","","00000000","","CORN","CORN - ACRES PLANTED","TOTAL","NOT SPECIFIED","100,400",""
"SURVEY","1986","YEAR","","COUNTY","ILLINOIS","17","SOUTHEAST","90","EDWARDS","047","","","00000000","","CORN","CORN - ACRES PLANTED","TOTAL","NOT SPECIFIED","42,600",""
"SURVEY","1986","YEAR","","COUNTY","ILLINOIS","17","SOUTHEAST","90","FRANKLIN","055","","","00000000","","CORN","CORN - ACRES PLANTED","TOTAL","NOT SPECIFIED","32,800",""
"SURVEY","1986","YEAR","","COUNTY","ILLINOIS","17","SOUTHEAST","90","GALLATIN","059","","","00000000","","CORN","CORN - ACRES PLANTED","TOTAL","NOT SPECIFIED","65,900",""
"SURVEY","1986","YEAR","","COUNTY","ILLINOIS","17","SOUTHEAST","90","HAMILTON","065","","","00000000","","CORN","CORN - ACRES PLANTED","TOTAL","NOT SPECIFIED","52,500",""
"SURVEY","1986","YEAR","","COUNTY","ILLINOIS","17","SOUTHEAST","90","HARDIN","069","","","00000000","","CORN","CORN - ACRES PLANTED","TOTAL","NOT SPECIFIED","4,500",""
"SURVEY","1986","YEAR","","COUNTY","ILLINOIS","17","SOUTHEAST","90","JEFFERSON","081","","","00000000","","CORN","CORN - ACRES PLANTED","TOTAL","NOT SPECIFIED","51,800",""
"SURVEY","1986","YEAR","","COUNTY","ILLINOIS","17","SOUTHEAST","90","MASSAC","127","","","00000000","","CORN","CORN - ACRES PLANTED","TOTAL","NOT SPECIFIED","24,500",""
"SURVEY","1986","YEAR","","COUNTY","ILLINOIS","17","SOUTHEAST","90","POPE","151","","","00000000","","CORN","CORN - ACRES PLANTED","TOTAL","NOT SPECIFIED","11,300",""
"SURVEY","1986","YEAR","","COUNTY","ILLINOIS","17","SOUTHEAST","90","SALINE","165","","","00000000","","CORN","CORN - ACRES PLANTED","TOTAL","NOT SPECIFIED","48,100",""
"SURVEY","1986","YEAR","","COUNTY","ILLINOIS","17","SOUTHEAST","90","WABASH","185","","","00000000","","CORN","CORN - ACRES PLANTED","TOTAL","NOT SPECIFIED","48,400",""
"SURVEY","1986","YEAR","","COUNTY","ILLINOIS","17","SOUTHEAST","90","WAYNE","191","","","00000000","","CORN","CORN - ACRES PLANTED","TOTAL","NOT SPECIFIED","89,800",""
"SURVEY","1986","YEAR","","COUNTY","ILLINOIS","17","SOUTHEAST","90","WHITE","193","","","00000000","","CORN","CORN - ACRES PLANTED","TOTAL","NOT SPECIFIED","86,700",""
"SURVEY","1986","YEAR","","COUNTY","ILLINOIS","17","SOUTHWEST","80","ALEXANDER","003","","","00000000","","CORN","CORN - ACRES PLANTED","TOTAL","NOT SPECIFIED","8,100",""
"SURVEY","1986","YEAR","","COUNTY","ILLINOIS","17","SOUTHWEST","80","CLINTON","027","","","00000000","","CORN","CORN - ACRES PLANTED","TOTAL","NOT SPECIFIED","66,600",""
"SURVEY","1986","YEAR","","COUNTY","ILLINOIS","17","SOUTHWEST","80","JACKSON","077","","","00000000","","CORN","CORN - ACRES PLANTED","TOTAL","NOT SPECIFIED","30,200",""
"SURVEY","1986","YEAR","","COUNTY","ILLINOIS","17","SOUTHWEST","80","JOHNSON","087","","","00000000","","CORN","CORN - ACRES PLANTED","TOTAL","NOT SPECIFIED","12,900",""
"SURVEY","1986","YEAR","","COUNTY","ILLINOIS","17","SOUTHWEST","80","MONROE","133","","","00000000","","CORN","CORN - ACRES PLANTED","TOTAL","NOT SPECIFIED","40,000",""
"SURVEY","1986","YEAR","","COUNTY","ILLINOIS","17","SOUTHWEST","80","PERRY","145","","","00000000","","CORN","CORN - ACRES PLANTED","TOTAL","NOT SPECIFIED","40,400",""
"SURVEY","1986","YEAR","","COUNTY","ILLINOIS","17","SOUTHWEST","80","PULASKI","153","","","00000000","","CORN","CORN - ACRES PLANTED","TOTAL","NOT SPECIFIED","10,200",""
"SURVEY","1986","YEAR","","COUNTY","ILLINOIS","17","SOUTHWEST","80","RANDOLPH","157","","","00000000","","CORN","CORN - ACRES PLANTED","TOTAL","NOT SPECIFIED","52,600",""
"SURVEY","1986","YEAR","","COUNTY","ILLINOIS","17","SOUTHWEST","80","ST CLAIR","163","","","00000000","","CORN","CORN - ACRES PLANTED","TOTAL","NOT SPECIFIED","68,600",""
"SURVEY","1986","YEAR","","COUNTY","ILLINOIS","17","SOUTHWEST","80","UNION","181","","","00000000","","CORN","CORN - ACRES PLANTED","TOTAL","NOT SPECIFIED","14,200",""
"SURVEY","1986","YEAR","","COUNTY","ILLINOIS","17","SOUTHWEST","80","WASHINGTON","189","","","00000000","","CORN","CORN - ACRES PLANTED","TOTAL","NOT SPECIFIED","72,700",""
"SURVEY","1986","YEAR","","COUNTY","ILLINOIS","17","SOUTHWEST","80","WILLIAMSON","199","","","00000000","","CORN","CORN - ACRES PLANTED","TOTAL","NOT SPECIFIED","14,400",""
"SURVEY","1986","YEAR","","COUNTY","ILLINOIS","17","WEST","30","ADAMS","001","","","00000000","","CORN","CORN - ACRES PLANTED","TOTAL","NOT SPECIFIED","135,300",""
"SURVEY","1986","YEAR","","COUNTY","ILLINOIS","17","WEST","30","BROWN","009","","","00000000","","CORN","CORN - ACRES PLANTED","TOTAL","NOT SPECIFIED","36,100",""
"SURVEY","1986","YEAR","","COUNTY","ILLINOIS","17","WEST","30","FULTON","057","","","00000000","","CORN","CORN - ACRES PLANTED","TOTAL","NOT SPECIFIED","147,000",""
"SURVEY","1986","YEAR","","COUNTY","ILLINOIS","17","WEST","30","HANCOCK","067","","","00000000","","CORN","CORN - ACRES PLANTED","TOTAL","NOT SPECIFIED","146,300",""
"SURVEY","1986","YEAR","","COUNTY","ILLINOIS","17","WEST","30","HENDERSON","071","","","00000000","","CORN","CORN - ACRES PLANTED","TOTAL","NOT SPECIFIED","96,500",""
"SURVEY","1986","YEAR","","COUNTY","ILLINOIS","17","WEST","30","KNOX","095","","","00000000","","CORN","CORN - ACRES PLANTED","TOTAL","NOT SPECIFIED","171,600",""
"SURVEY","1986","YEAR","","COUNTY","ILLINOIS","17","WEST","30","MCDONOUGH","109","","","00000000","","CORN","CORN - ACRES PLANTED","TOTAL","NOT SPECIFIED","128,400",""
"SURVEY","1986","YEAR","","COUNTY","ILLINOIS","17","WEST","30","SCHUYLER","169","","","00000000","","CORN","CORN - ACRES PLANTED","TOTAL","NOT SPECIFIED","54,300",""
"SURVEY","1986","YEAR","","COUNTY","ILLINOIS","17","WEST","30","WARREN","187","","","00000000","","CORN","CORN - ACRES PLANTED","TOTAL","NOT SPECIFIED","160,800",""
"SURVEY","1986","YEAR","","COUNTY","ILLINOIS","17","WEST SOUTHWEST","60","BOND","005","","","00000000","","CORN","CORN - ACRES PLANTED","TOTAL","NOT SPECIFIED","39,900",""
"SURVEY","1986","YEAR","","COUNTY","ILLINOIS","17","WEST SOUTHWEST","60","CALHOUN","013","","","00000000","","CORN","CORN - ACRES PLANTED","TOTAL","NOT SPECIFIED","21,400",""
"SURVEY","1986","YEAR","","COUNTY","ILLINOIS","17","WEST SOUTHWEST","60","CASS","017","","","00000000","","CORN","CORN - ACRES PLANTED","TOTAL","NOT SPECIFIED","75,200",""
"SURVEY","1986","YEAR","","COUNTY","ILLINOIS","17","WEST SOUTHWEST","60","CHRISTIAN","021","","","00000000","","CORN","CORN - ACRES PLANTED","TOTAL","NOT SPECIFIED","172,100",""
"SURVEY","1986","YEAR","","COUNTY","ILLINOIS","17","WEST SOUTHWEST","60","GREENE","061","","","00000000","","CORN","CORN - ACRES PLANTED","TOTAL","NOT SPECIFIED","92,900",""
"SURVEY","1986","YEAR","","COUNTY","ILLINOIS","17","WEST SOUTHWEST","60","JERSEY","083","","","00000000","","CORN","CORN - ACRES PLANTED","TOTAL","NOT SPECIFIED","53,200",""
"SURVEY","1986","YEAR","","COUNTY","ILLINOIS","17","WEST SOUTHWEST","60","MACOUPIN","117","","","00000000","","CORN","CORN - ACRES PLANTED","TOTAL","NOT SPECIFIED","142,800",""
"SURVEY","1986","YEAR","","COUNTY","ILLINOIS","17","WEST SOUTHWEST","60","MADISON","119","","","00000000","","CORN","CORN - ACRES PLANTED","TOTAL","NOT SPECIFIED","80,900",""
"SURVEY","1986","YEAR","","COUNTY","ILLINOIS","17","WEST SOUTHWEST","60","MONTGOMERY","135","","","00000000","","CORN","CORN - ACRES PLANTED","TOTAL","NOT SPECIFIED","133,400",""
"SURVEY","1986","YEAR","","COUNTY","ILLINOIS","17","WEST SOUTHWEST","60","MORGAN","137","","","00000000","","CORN","CORN - ACRES PLANTED","TOTAL","NOT SPECIFIED","124,200",""
"SURVEY","1986","YEAR","","COUNTY","ILLINOIS","17","WEST SOUTHWEST","60","PIKE","149","","","00000000","","CORN","CORN - ACRES PLANTED","TOTAL","NOT SPECIFIED","131,300",""
"SURVEY","1986","YEAR","","COUNTY","ILLINOIS","17","WEST SOUTHWEST","60","SANGAMON","167","","","00000000","","CORN","CORN - ACRES PLANTED","TOTAL","NOT SPECIFIED","188,800",""
"SURVEY","1986","YEAR","","COUNTY","ILLINOIS","17","WEST SOUTHWEST","60","SCOTT","171","","","00000000","","CORN","CORN - ACRES PLANTED","TOTAL","NOT SPECIFIED","49,900",""
"SURVEY","1985","YEAR","","COUNTY","ILLINOIS","17","CENTRAL","40","DE WITT","039","","","00000000","","CORN","CORN - ACRES PLANTED","TOTAL","NOT SPECIFIED","98,400",""
"SURVEY","1985","YEAR","","COUNTY","ILLINOIS","17","CENTRAL","40","LOGAN","107","","","00000000","","CORN","CORN - ACRES PLANTED","TOTAL","NOT SPECIFIED","167,300",""
"SURVEY","1985","YEAR","","COUNTY","ILLINOIS","17","CENTRAL","40","MACON","115","","","00000000","","CORN","CORN - ACRES PLANTED","TOTAL","NOT SPECIFIED","140,600",""
"SURVEY","1985","YEAR","","COUNTY","ILLINOIS","17","CENTRAL","40","MARSHALL","123","","","00000000","","CORN","CORN - ACRES PLANTED","TOTAL","NOT SPECIFIED","92,200",""
"SURVEY","1985","YEAR","","COUNTY","ILLINOIS","17","CENTRAL","40","MASON","125","","","00000000","","CORN","CORN - ACRES PLANTED","TOTAL","NOT SPECIFIED","119,000",""
"SURVEY","1985","YEAR","","COUNTY","ILLINOIS","17","CENTRAL","40","MCLEAN","113","","","00000000","","CORN","CORN - ACRES PLANTED","TOTAL","NOT SPECIFIED","353,900",""
"SURVEY","1985","YEAR","","COUNTY","ILLINOIS","17","CENTRAL","40","MENARD","129","","","00000000","","CORN","CORN - ACRES PLANTED","TOTAL","NOT SPECIFIED","75,200",""
"SURVEY","1985","YEAR","","COUNTY","ILLINOIS","17","CENTRAL","40","PEORIA","143","","","00000000","","CORN","CORN - ACRES PLANTED","TOTAL","NOT SPECIFIED","127,300",""
"SURVEY","1985","YEAR","","COUNTY","ILLINOIS","17","CENTRAL","40","STARK","175","","","00000000","","CORN","CORN - ACRES PLANTED","TOTAL","NOT SPECIFIED","103,100",""
"SURVEY","1985","YEAR","","COUNTY","ILLINOIS","17","CENTRAL","40","TAZEWELL","179","","","00000000","","CORN","CORN - ACRES PLANTED","TOTAL","NOT SPECIFIED","162,300",""
"SURVEY","1985","YEAR","","COUNTY","ILLINOIS","17","CENTRAL","40","WOODFORD","203","","","00000000","","CORN","CORN - ACRES PLANTED","TOTAL","NOT SPECIFIED","146,200",""
"SURVEY","1985","YEAR","","COUNTY","ILLINOIS","17","EAST","50","CHAMPAIGN","019","","","00000000","","CORN","CORN - ACRES PLANTED","TOTAL","NOT SPECIFIED","297,800",""
"SURVEY","1985","YEAR","","COUNTY","ILLINOIS","17","EAST","50","FORD","053","","","00000000","","CORN","CORN - ACRES PLANTED","TOTAL","NOT SPECIFIED","132,200",""
"SURVEY","1985","YEAR","","COUNTY","ILLINOIS","17","EAST","50","IROQUOIS","075","","","00000000","","CORN","CORN - ACRES PLANTED","TOTAL","NOT SPECIFIED","325,500",""
"SURVEY","1985","YEAR","","COUNTY","ILLINOIS","17","EAST","50","KANKAKEE","091","","","00000000","","CORN","CORN - ACRES PLANTED","TOTAL","NOT SPECIFIED","202,800",""
"SURVEY","1985","YEAR","","COUNTY","ILLINOIS","17","EAST","50","LIVINGSTON","105","","","00000000","","CORN","CORN - ACRES PLANTED","TOTAL","NOT SPECIFIED","282,800",""
"SURVEY","1985","YEAR","","COUNTY","ILLINOIS","17","EAST","50","PIATT","147","","","00000000","","CORN","CORN - ACRES PLANTED","TOTAL","NOT SPECIFIED","138,400",""
"SURVEY","1985","YEAR","","COUNTY","ILLINOIS","17","EAST","50","VERMILION","183","","","00000000","","CORN","CORN - ACRES PLANTED","TOTAL","NOT SPECIFIED","214,400",""
"SURVEY","1985","YEAR","","COUNTY","ILLINOIS","17","EAST SOUTHEAST","70","CLARK","023","","","00000000","","CORN","CORN - ACRES PLANTED","TOTAL","NOT SPECIFIED","89,300",""
"SURVEY","1985","YEAR","","COUNTY","ILLINOIS","17","EAST SOUTHEAST","70","CLAY","025","","","00000000","","CORN","CORN - ACRES PLANTED","TOTAL","NOT SPECIFIED","49,100",""
"SURVEY","1985","YEAR","","COUNTY","ILLINOIS","17","EAST SOUTHEAST","70","COLES","029","","","00000000","","CORN","CORN - ACRES PLANTED","TOTAL","NOT SPECIFIED","119,300",""
"SURVEY","1985","YEAR","","COUNTY","ILLINOIS","17","EAST SOUTHEAST","70","CRAWFORD","033","","","00000000","","CORN","CORN - ACRES PLANTED","TOTAL","NOT SPECIFIED","75,200",""
"SURVEY","1985","YEAR","","COUNTY","ILLINOIS","17","EAST SOUTHEAST","70","CUMBERLAND","035","","","00000000","","CORN","CORN - ACRES PLANTED","TOTAL","NOT SPECIFIED","70,100",""
"SURVEY","1985","YEAR","","COUNTY","ILLINOIS","17","EAST SOUTHEAST","70","DOUGLAS","041","","","00000000","","CORN","CORN - ACRES PLANTED","TOTAL","NOT SPECIFIED","133,300",""
"SURVEY","1985","YEAR","","COUNTY","ILLINOIS","17","EAST SOUTHEAST","70","EDGAR","045","","","00000000","","CORN","CORN - ACRES PLANTED","TOTAL","NOT SPECIFIED","155,200",""
"SURVEY","1985","YEAR","","COUNTY","ILLINOIS","17","EAST SOUTHEAST","70","EFFINGHAM","049","","","00000000","","CORN","CORN - ACRES PLANTED","TOTAL","NOT SPECIFIED","83,200",""
"SURVEY","1985","YEAR","","COUNTY","ILLINOIS","17","EAST SOUTHEAST","70","FAYETTE","051","","","00000000","","CORN","CORN - ACRES PLANTED","TOTAL","NOT SPECIFIED","75,200",""
"SURVEY","1985","YEAR","","COUNTY","ILLINOIS","17","EAST SOUTHEAST","70","JASPER","079","","","00000000","","CORN","CORN - ACRES PLANTED","TOTAL","NOT SPECIFIED","88,200",""
"SURVEY","1985","YEAR","","COUNTY","ILLINOIS","17","EAST SOUTHEAST","70","LAWRENCE","101","","","00000000","","CORN","CORN - ACRES PLANTED","TOTAL","NOT SPECIFIED","80,400",""
"SURVEY","1985","YEAR","","COUNTY","ILLINOIS","17","EAST SOUTHEAST","70","MARION","121","","","00000000","","CORN","CORN - ACRES PLANTED","TOTAL","NOT SPECIFIED","56,200",""
"SURVEY","1985","YEAR","","COUNTY","ILLINOIS","17","EAST SOUTHEAST","70","MOULTRIE","139","","","00000000","","CORN","CORN - ACRES PLANTED","TOTAL","NOT SPECIFIED","87,200",""
"SURVEY","1985","YEAR","","COUNTY","ILLINOIS","17","EAST SOUTHEAST","70","RICHLAND","159","","","00000000","","CORN","CORN - ACRES PLANTED","TOTAL","NOT SPECIFIED","71,200",""
"SURVEY","1985","YEAR","","COUNTY","ILLINOIS","17","EAST SOUTHEAST","70","SHELBY","173","","","00000000","","CORN","CORN - ACRES PLANTED","TOTAL","NOT SPECIFIED","150,300",""
"SURVEY","1985","YEAR","","COUNTY","ILLINOIS","17","NORTHEAST","20","BOONE","007","","","00000000","","CORN","CORN - ACRES PLANTED","TOTAL","NOT SPECIFIED","90,100",""
"SURVEY","1985","YEAR","","COUNTY","ILLINOIS","17","NORTHEAST","20","COOK","031","","","00000000","","CORN","CORN - ACRES PLANTED","TOTAL","NOT SPECIFIED","17,000",""
"SURVEY","1985","YEAR","","COUNTY","ILLINOIS","17","NORTHEAST","20","DE KALB","037","","","00000000","","CORN","CORN - ACRES PLANTED","TOTAL","NOT SPECIFIED","225,300",""
"SURVEY","1985","YEAR","","COUNTY","ILLINOIS","17","NORTHEAST","20","DU PAGE","043","","","00000000","","CORN","CORN - ACRES PLANTED","TOTAL","NOT SPECIFIED","20,000",""
"SURVEY","1985","YEAR","","COUNTY","ILLINOIS","17","NORTHEAST","20","GRUNDY","063","","","00000000","","CORN","CORN - ACRES PLANTED","TOTAL","NOT SPECIFIED","108,300",""
"SURVEY","1985","YEAR","","COUNTY","ILLINOIS","17","NORTHEAST","20","KANE","089","","","00000000","","CORN","CORN - ACRES PLANTED","TOTAL","NOT SPECIFIED","122,300",""
"SURVEY","1985","YEAR","","COUNTY","ILLINOIS","17","NORTHEAST","20","KENDALL","093","","","00000000","","CORN","CORN - ACRES PLANTED","TOTAL","NOT SPECIFIED","103,200",""
"SURVEY","1985","YEAR","","COUNTY","ILLINOIS","17","NORTHEAST","20","LA SALLE","099","","","00000000","","CORN","CORN - ACRES PLANTED","TOTAL","NOT SPECIFIED","315,700",""
"SURVEY","1985","YEAR","","COUNTY","ILLINOIS","17","NORTHEAST","20","LAKE","097","","","00000000","","CORN","CORN - ACRES PLANTED","TOTAL","NOT SPECIFIED","31,400",""
"SURVEY","1985","YEAR","","COUNTY","ILLINOIS","17","NORTHEAST","20","MCHENRY","111","","","00000000","","CORN","CORN - ACRES PLANTED","TOTAL","NOT SPECIFIED","152,300",""
"SURVEY","1985","YEAR","","COUNTY","ILLINOIS","17","NORTHEAST","20","WILL","197","","","00000000","","CORN","CORN - ACRES PLANTED","TOTAL","NOT SPECIFIED","167,700",""
"SURVEY","1985","YEAR","","COUNTY","ILLINOIS","17","NORTHWEST","10","BUREAU","011","","","00000000","","CORN","CORN - ACRES PLANTED","TOTAL","NOT SPECIFIED","294,000",""
"SURVEY","1985","YEAR","","COUNTY","ILLINOIS","17","NORTHWEST","10","CARROLL","015","","","00000000","","CORN","CORN - ACRES PLANTED","TOTAL","NOT SPECIFIED","155,400",""
"SURVEY","1985","YEAR","","COUNTY","ILLINOIS","17","NORTHWEST","10","HENRY","073","","","00000000","","CORN","CORN - ACRES PLANTED","TOTAL","NOT SPECIFIED","281,700",""
"SURVEY","1985","YEAR","","COUNTY","ILLINOIS","17","NORTHWEST","10","JO DAVIESS","085","","","00000000","","CORN","CORN - ACRES PLANTED","TOTAL","NOT SPECIFIED","116,500",""
"SURVEY","1985","YEAR","","COUNTY","ILLINOIS","17","NORTHWEST","10","LEE","103","","","00000000","","CORN","CORN - ACRES PLANTED","TOTAL","NOT SPECIFIED","236,300",""
"SURVEY","1985","YEAR","","COUNTY","ILLINOIS","17","NORTHWEST","10","MERCER","131","","","00000000","","CORN","CORN - ACRES PLANTED","TOTAL","NOT SPECIFIED","165,400",""
"SURVEY","1985","YEAR","","COUNTY","ILLINOIS","17","NORTHWEST","10","OGLE","141","","","00000000","","CORN","CORN - ACRES PLANTED","TOTAL","NOT SPECIFIED","248,300",""
"SURVEY","1985","YEAR","","COUNTY","ILLINOIS","17","NORTHWEST","10","PUTNAM","155","","","00000000","","CORN","CORN - ACRES PLANTED","TOTAL","NOT SPECIFIED","38,100",""
"SURVEY","1985","YEAR","","COUNTY","ILLINOIS","17","NORTHWEST","10","ROCK ISLAND","161","","","00000000","","CORN","CORN - ACRES PLANTED","TOTAL","NOT SPECIFIED","95,200",""
"SURVEY","1985","YEAR","","COUNTY","ILLINOIS","17","NORTHWEST","10","STEPHENSON","177","","","00000000","","CORN","CORN - ACRES PLANTED","TOTAL","NOT SPECIFIED","175,600",""
"SURVEY","1985","YEAR","","COUNTY","ILLINOIS","17","NORTHWEST","10","WHITESIDE","195","","","00000000","","CORN","CORN - ACRES PLANTED","TOTAL","NOT SPECIFIED","232,600",""
"SURVEY","1985","YEAR","","COUNTY","ILLINOIS","17","NORTHWEST","10","WINNEBAGO","201","","","00000000","","CORN","CORN - ACRES PLANTED","TOTAL","NOT SPECIFIED","120,300",""
"SURVEY","1985","YEAR","","COUNTY","ILLINOIS","17","SOUTHEAST","90","EDWARDS","047","","","00000000","","CORN","CORN - ACRES PLANTED","TOTAL","NOT SPECIFIED","44,100",""
"SURVEY","1985","YEAR","","COUNTY","ILLINOIS","17","SOUTHEAST","90","FRANKLIN","055","","","00000000","","CORN","CORN - ACRES PLANTED","TOTAL","NOT SPECIFIED","34,100",""
"SURVEY","1985","YEAR","","COUNTY","ILLINOIS","17","SOUTHEAST","90","GALLATIN","059","","","00000000","","CORN","CORN - ACRES PLANTED","TOTAL","NOT SPECIFIED","72,200",""
"SURVEY","1985","YEAR","","COUNTY","ILLINOIS","17","SOUTHEAST","90","HAMILTON","065","","","00000000","","CORN","CORN - ACRES PLANTED","TOTAL","NOT SPECIFIED","50,200",""
"SURVEY","1985","YEAR","","COUNTY","ILLINOIS","17","SOUTHEAST","90","HARDIN","069","","","00000000","","CORN","CORN - ACRES PLANTED","TOTAL","NOT SPECIFIED","5,000",""
"SURVEY","1985","YEAR","","COUNTY","ILLINOIS","17","SOUTHEAST","90","JEFFERSON","081","","","00000000","","CORN","CORN - ACRES PLANTED","TOTAL","NOT SPECIFIED","52,200",""
"SURVEY","1985","YEAR","","COUNTY","ILLINOIS","17","SOUTHEAST","90","MASSAC","127","","","00000000","","CORN","CORN - ACRES PLANTED","TOTAL","NOT SPECIFIED","23,500",""
"SURVEY","1985","YEAR","","COUNTY","ILLINOIS","17","SOUTHEAST","90","POPE","151","","","00000000","","CORN","CORN - ACRES PLANTED","TOTAL","NOT SPECIFIED","12,200",""
"SURVEY","1985","YEAR","","COUNTY","ILLINOIS","17","SOUTHEAST","90","SALINE","165","","","00000000","","CORN","CORN - ACRES PLANTED","TOTAL","NOT SPECIFIED","49,200",""
"SURVEY","1985","YEAR","","COUNTY","ILLINOIS","17","SOUTHEAST","90","WABASH","185","","","00000000","","CORN","CORN - ACRES PLANTED","TOTAL","NOT SPECIFIED","55,600",""
"SURVEY","1985","YEAR","","COUNTY","ILLINOIS","17","SOUTHEAST","90","WAYNE","191","","","00000000","","CORN","CORN - ACRES PLANTED","TOTAL","NOT SPECIFIED","91,200",""
"SURVEY","1985","YEAR","","COUNTY","ILLINOIS","17","SOUTHEAST","90","WHITE","193","","","00000000","","CORN","CORN - ACRES PLANTED","TOTAL","NOT SPECIFIED","98,100",""
"SURVEY","1985","YEAR","","COUNTY","ILLINOIS","17","SOUTHWEST","80","ALEXANDER","003","","","00000000","","CORN","CORN - ACRES PLANTED","TOTAL","NOT SPECIFIED","8,100",""
"SURVEY","1985","YEAR","","COUNTY","ILLINOIS","17","SOUTHWEST","80","CLINTON","027","","","00000000","","CORN","CORN - ACRES PLANTED","TOTAL","NOT SPECIFIED","68,200",""
"SURVEY","1985","YEAR","","COUNTY","ILLINOIS","17","SOUTHWEST","80","JACKSON","077","","","00000000","","CORN","CORN - ACRES PLANTED","TOTAL","NOT SPECIFIED","26,700",""
"SURVEY","1985","YEAR","","COUNTY","ILLINOIS","17","SOUTHWEST","80","JOHNSON","087","","","00000000","","CORN","CORN - ACRES PLANTED","TOTAL","NOT SPECIFIED","12,200",""
"SURVEY","1985","YEAR","","COUNTY","ILLINOIS","17","SOUTHWEST","80","MONROE","133","","","00000000","","CORN","CORN - ACRES PLANTED","TOTAL","NOT SPECIFIED","40,100",""
"SURVEY","1985","YEAR","","COUNTY","ILLINOIS","17","SOUTHWEST","80","PERRY","145","","","00000000","","CORN","CORN - ACRES PLANTED","TOTAL","NOT SPECIFIED","44,100",""
"SURVEY","1985","YEAR","","COUNTY","ILLINOIS","17","SOUTHWEST","80","PULASKI","153","","","00000000","","CORN","CORN - ACRES PLANTED","TOTAL","NOT SPECIFIED","9,500",""
"SURVEY","1985","YEAR","","COUNTY","ILLINOIS","17","SOUTHWEST","80","RANDOLPH","157","","","00000000","","CORN","CORN - ACRES PLANTED","TOTAL","NOT SPECIFIED","51,200",""
"SURVEY","1985","YEAR","","COUNTY","ILLINOIS","17","SOUTHWEST","80","ST CLAIR","163","","","00000000","","CORN","CORN - ACRES PLANTED","TOTAL","NOT SPECIFIED","73,200",""
"SURVEY","1985","YEAR","","COUNTY","ILLINOIS","17","SOUTHWEST","80","UNION","181","","","00000000","","CORN","CORN - ACRES PLANTED","TOTAL","NOT SPECIFIED","15,000",""
"SURVEY","1985","YEAR","","COUNTY","ILLINOIS","17","SOUTHWEST","80","WASHINGTON","189","","","00000000","","CORN","CORN - ACRES PLANTED","TOTAL","NOT SPECIFIED","75,100",""
"SURVEY","1985","YEAR","","COUNTY","ILLINOIS","17","SOUTHWEST","80","WILLIAMSON","199","","","00000000","","CORN","CORN - ACRES PLANTED","TOTAL","NOT SPECIFIED","13,500",""
"SURVEY","1985","YEAR","","COUNTY","ILLINOIS","17","WEST","30","ADAMS","001","","","00000000","","CORN","CORN - ACRES PLANTED","TOTAL","NOT SPECIFIED","137,300",""
"SURVEY","1985","YEAR","","COUNTY","ILLINOIS","17","WEST","30","BROWN","009","","","00000000","","CORN","CORN - ACRES PLANTED","TOTAL","NOT SPECIFIED","37,300",""
"SURVEY","1985","YEAR","","COUNTY","ILLINOIS","17","WEST","30","FULTON","057","","","00000000","","CORN","CORN - ACRES PLANTED","TOTAL","NOT SPECIFIED","143,500",""
"SURVEY","1985","YEAR","","COUNTY","ILLINOIS","17","WEST","30","HANCOCK","067","","","00000000","","CORN","CORN - ACRES PLANTED","TOTAL","NOT SPECIFIED","155,700",""
"SURVEY","1985","YEAR","","COUNTY","ILLINOIS","17","WEST","30","HENDERSON","071","","","00000000","","CORN","CORN - ACRES PLANTED","TOTAL","NOT SPECIFIED","107,500",""
"SURVEY","1985","YEAR","","COUNTY","ILLINOIS","17","WEST","30","KNOX","095","","","00000000","","CORN","CORN - ACRES PLANTED","TOTAL","NOT SPECIFIED","183,300",""
"SURVEY","1985","YEAR","","COUNTY","ILLINOIS","17","WEST","30","MCDONOUGH","109","","","00000000","","CORN","CORN - ACRES PLANTED","TOTAL","NOT SPECIFIED","146,300",""
"SURVEY","1985","YEAR","","COUNTY","ILLINOIS","17","WEST","30","SCHUYLER","169","","","00000000","","CORN","CORN - ACRES PLANTED","TOTAL","NOT SPECIFIED","57,600",""
"SURVEY","1985","YEAR","","COUNTY","ILLINOIS","17","WEST","30","WARREN","187","","","00000000","","CORN","CORN - ACRES PLANTED","TOTAL","NOT SPECIFIED","170,400",""
"SURVEY","1985","YEAR","","COUNTY","ILLINOIS","17","WEST SOUTHWEST","60","BOND","005","","","00000000","","CORN","CORN - ACRES PLANTED","TOTAL","NOT SPECIFIED","38,100",""
"SURVEY","1985","YEAR","","COUNTY","ILLINOIS","17","WEST SOUTHWEST","60","CALHOUN","013","","","00000000","","CORN","CORN - ACRES PLANTED","TOTAL","NOT SPECIFIED","23,300",""
"SURVEY","1985","YEAR","","COUNTY","ILLINOIS","17","WEST SOUTHWEST","60","CASS","017","","","00000000","","CORN","CORN - ACRES PLANTED","TOTAL","NOT SPECIFIED","78,200",""
"SURVEY","1985","YEAR","","COUNTY","ILLINOIS","17","WEST SOUTHWEST","60","CHRISTIAN","021","","","00000000","","CORN","CORN - ACRES PLANTED","TOTAL","NOT SPECIFIED","190,600",""
"SURVEY","1985","YEAR","","COUNTY","ILLINOIS","17","WEST SOUTHWEST","60","GREENE","061","","","00000000","","CORN","CORN - ACRES PLANTED","TOTAL","NOT SPECIFIED","100,100",""
"SURVEY","1985","YEAR","","COUNTY","ILLINOIS","17","WEST SOUTHWEST","60","JERSEY","083","","","00000000","","CORN","CORN - ACRES PLANTED","TOTAL","NOT SPECIFIED","52,200",""
"SURVEY","1985","YEAR","","COUNTY","ILLINOIS","17","WEST SOUTHWEST","60","MACOUPIN","117","","","00000000","","CORN","CORN - ACRES PLANTED","TOTAL","NOT SPECIFIED","148,400",""
"SURVEY","1985","YEAR","","COUNTY","ILLINOIS","17","WEST SOUTHWEST","60","MADISON","119","","","00000000","","CORN","CORN - ACRES PLANTED","TOTAL","NOT SPECIFIED","79,200",""
"SURVEY","1985","YEAR","","COUNTY","ILLINOIS","17","WEST SOUTHWEST","60","MONTGOMERY","135","","","00000000","","CORN","CORN - ACRES PLANTED","TOTAL","NOT SPECIFIED","137,400",""
"SURVEY","1985","YEAR","","COUNTY","ILLINOIS","17","WEST SOUTHWEST","60","MORGAN","137","","","00000000","","CORN","CORN - ACRES PLANTED","TOTAL","NOT SPECIFIED","130,700",""
"SURVEY","1985","YEAR","","COUNTY","ILLINOIS","17","WEST SOUTHWEST","60","PIKE","149","","","00000000","","CORN","CORN - ACRES PLANTED","TOTAL","NOT SPECIFIED","138,000",""
"SURVEY","1985","YEAR","","COUNTY","ILLINOIS","17","WEST SOUTHWEST","60","SANGAMON","167","","","00000000","","CORN","CORN - ACRES PLANTED","TOTAL","NOT SPECIFIED","197,800",""
"SURVEY","1985","YEAR","","COUNTY","ILLINOIS","17","WEST SOUTHWEST","60","SCOTT","171","","","00000000","","CORN","CORN - ACRES PLANTED","TOTAL","NOT SPECIFIED","47,100",""
"SURVEY","1984","YEAR","","COUNTY","ILLINOIS","17","CENTRAL","40","DE WITT","039","","","00000000","","CORN","CORN - ACRES PLANTED","TOTAL","NOT SPECIFIED","103,100",""
"SURVEY","1984","YEAR","","COUNTY","ILLINOIS","17","CENTRAL","40","LOGAN","107","","","00000000","","CORN","CORN - ACRES PLANTED","TOTAL","NOT SPECIFIED","172,400",""
"SURVEY","1984","YEAR","","COUNTY","ILLINOIS","17","CENTRAL","40","MACON","115","","","00000000","","CORN","CORN - ACRES PLANTED","TOTAL","NOT SPECIFIED","147,200",""
"SURVEY","1984","YEAR","","COUNTY","ILLINOIS","17","CENTRAL","40","MARSHALL","123","","","00000000","","CORN","CORN - ACRES PLANTED","TOTAL","NOT SPECIFIED","98,200",""
"SURVEY","1984","YEAR","","COUNTY","ILLINOIS","17","CENTRAL","40","MASON","125","","","00000000","","CORN","CORN - ACRES PLANTED","TOTAL","NOT SPECIFIED","112,300",""
"SURVEY","1984","YEAR","","COUNTY","ILLINOIS","17","CENTRAL","40","MCLEAN","113","","","00000000","","CORN","CORN - ACRES PLANTED","TOTAL","NOT SPECIFIED","373,800",""
"SURVEY","1984","YEAR","","COUNTY","ILLINOIS","17","CENTRAL","40","MENARD","129","","","00000000","","CORN","CORN - ACRES PLANTED","TOTAL","NOT SPECIFIED","76,200",""
"SURVEY","1984","YEAR","","COUNTY","ILLINOIS","17","CENTRAL","40","PEORIA","143","","","00000000","","CORN","CORN - ACRES PLANTED","TOTAL","NOT SPECIFIED","132,200",""
"SURVEY","1984","YEAR","","COUNTY","ILLINOIS","17","CENTRAL","40","STARK","175","","","00000000","","CORN","CORN - ACRES PLANTED","TOTAL","NOT SPECIFIED","103,200",""
"SURVEY","1984","YEAR","","COUNTY","ILLINOIS","17","CENTRAL","40","TAZEWELL","179","","","00000000","","CORN","CORN - ACRES PLANTED","TOTAL","NOT SPECIFIED","163,400",""
"SURVEY","1984","YEAR","","COUNTY","ILLINOIS","17","CENTRAL","40","WOODFORD","203","","","00000000","","CORN","CORN - ACRES PLANTED","TOTAL","NOT SPECIFIED","151,400",""
"SURVEY","1984","YEAR","","COUNTY","ILLINOIS","17","EAST","50","CHAMPAIGN","019","","","00000000","","CORN","CORN - ACRES PLANTED","TOTAL","NOT SPECIFIED","292,700",""
"SURVEY","1984","YEAR","","COUNTY","ILLINOIS","17","EAST","50","FORD","053","","","00000000","","CORN","CORN - ACRES PLANTED","TOTAL","NOT SPECIFIED","132,200",""
"SURVEY","1984","YEAR","","COUNTY","ILLINOIS","17","EAST","50","IROQUOIS","075","","","00000000","","CORN","CORN - ACRES PLANTED","TOTAL","NOT SPECIFIED","327,600",""
"SURVEY","1984","YEAR","","COUNTY","ILLINOIS","17","EAST","50","KANKAKEE","091","","","00000000","","CORN","CORN - ACRES PLANTED","TOTAL","NOT SPECIFIED","197,900",""
"SURVEY","1984","YEAR","","COUNTY","ILLINOIS","17","EAST","50","LIVINGSTON","105","","","00000000","","CORN","CORN - ACRES PLANTED","TOTAL","NOT SPECIFIED","280,400",""
"SURVEY","1984","YEAR","","COUNTY","ILLINOIS","17","EAST","50","PIATT","147","","","00000000","","CORN","CORN - ACRES PLANTED","TOTAL","NOT SPECIFIED","138,200",""
"SURVEY","1984","YEAR","","COUNTY","ILLINOIS","17","EAST","50","VERMILION","183","","","00000000","","CORN","CORN - ACRES PLANTED","TOTAL","NOT SPECIFIED","204,300",""
"SURVEY","1984","YEAR","","COUNTY","ILLINOIS","17","EAST SOUTHEAST","70","CLARK","023","","","00000000","","CORN","CORN - ACRES PLANTED","TOTAL","NOT SPECIFIED","76,100",""
"SURVEY","1984","YEAR","","COUNTY","ILLINOIS","17","EAST SOUTHEAST","70","CLAY","025","","","00000000","","CORN","CORN - ACRES PLANTED","TOTAL","NOT SPECIFIED","48,100",""
"SURVEY","1984","YEAR","","COUNTY","ILLINOIS","17","EAST SOUTHEAST","70","COLES","029","","","00000000","","CORN","CORN - ACRES PLANTED","TOTAL","NOT SPECIFIED","120,100",""
"SURVEY","1984","YEAR","","COUNTY","ILLINOIS","17","EAST SOUTHEAST","70","CRAWFORD","033","","","00000000","","CORN","CORN - ACRES PLANTED","TOTAL","NOT SPECIFIED","63,200",""
"SURVEY","1984","YEAR","","COUNTY","ILLINOIS","17","EAST SOUTHEAST","70","CUMBERLAND","035","","","00000000","","CORN","CORN - ACRES PLANTED","TOTAL","NOT SPECIFIED","56,100",""
"SURVEY","1984","YEAR","","COUNTY","ILLINOIS","17","EAST SOUTHEAST","70","DOUGLAS","041","","","00000000","","CORN","CORN - ACRES PLANTED","TOTAL","NOT SPECIFIED","135,100",""
"SURVEY","1984","YEAR","","COUNTY","ILLINOIS","17","EAST SOUTHEAST","70","EDGAR","045","","","00000000","","CORN","CORN - ACRES PLANTED","TOTAL","NOT SPECIFIED","155,200",""
"SURVEY","1984","YEAR","","COUNTY","ILLINOIS","17","EAST SOUTHEAST","70","EFFINGHAM","049","","","00000000","","CORN","CORN - ACRES PLANTED","TOTAL","NOT SPECIFIED","74,200",""
"SURVEY","1984","YEAR","","COUNTY","ILLINOIS","17","EAST SOUTHEAST","70","FAYETTE","051","","","00000000","","CORN","CORN - ACRES PLANTED","TOTAL","NOT SPECIFIED","64,200",""
"SURVEY","1984","YEAR","","COUNTY","ILLINOIS","17","EAST SOUTHEAST","70","JASPER","079","","","00000000","","CORN","CORN - ACRES PLANTED","TOTAL","NOT SPECIFIED","78,800",""
"SURVEY","1984","YEAR","","COUNTY","ILLINOIS","17","EAST SOUTHEAST","70","LAWRENCE","101","","","00000000","","CORN","CORN - ACRES PLANTED","TOTAL","NOT SPECIFIED","75,200",""
"SURVEY","1984","YEAR","","COUNTY","ILLINOIS","17","EAST SOUTHEAST","70","MARION","121","","","00000000","","CORN","CORN - ACRES PLANTED","TOTAL","NOT SPECIFIED","47,100",""
"SURVEY","1984","YEAR","","COUNTY","ILLINOIS","17","EAST SOUTHEAST","70","MOULTRIE","139","","","00000000","","CORN","CORN - ACRES PLANTED","TOTAL","NOT SPECIFIED","82,100",""
"SURVEY","1984","YEAR","","COUNTY","ILLINOIS","17","EAST SOUTHEAST","70","RICHLAND","159","","","00000000","","CORN","CORN - ACRES PLANTED","TOTAL","NOT SPECIFIED","61,100",""
"SURVEY","1984","YEAR","","COUNTY","ILLINOIS","17","EAST SOUTHEAST","70","SHELBY","173","","","00000000","","CORN","CORN - ACRES PLANTED","TOTAL","NOT SPECIFIED","146,100",""
"SURVEY","1984","YEAR","","COUNTY","ILLINOIS","17","NORTHEAST","20","BOONE","007","","","00000000","","CORN","CORN - ACRES PLANTED","TOTAL","NOT SPECIFIED","85,200",""
"SURVEY","1984","YEAR","","COUNTY","ILLINOIS","17","NORTHEAST","20","COOK","031","","","00000000","","CORN","CORN - ACRES PLANTED","TOTAL","NOT SPECIFIED","16,000",""
"SURVEY","1984","YEAR","","COUNTY","ILLINOIS","17","NORTHEAST","20","DE KALB","037","","","00000000","","CORN","CORN - ACRES PLANTED","TOTAL","NOT SPECIFIED","225,700",""
"SURVEY","1984","YEAR","","COUNTY","ILLINOIS","17","NORTHEAST","20","DU PAGE","043","","","00000000","","CORN","CORN - ACRES PLANTED","TOTAL","NOT SPECIFIED","20,000",""
"SURVEY","1984","YEAR","","COUNTY","ILLINOIS","17","NORTHEAST","20","GRUNDY","063","","","00000000","","CORN","CORN - ACRES PLANTED","TOTAL","NOT SPECIFIED","105,200",""
"SURVEY","1984","YEAR","","COUNTY","ILLINOIS","17","NORTHEAST","20","KANE","089","","","00000000","","CORN","CORN - ACRES PLANTED","TOTAL","NOT SPECIFIED","117,200",""
"SURVEY","1984","YEAR","","COUNTY","ILLINOIS","17","NORTHEAST","20","KENDALL","093","","","00000000","","CORN","CORN - ACRES PLANTED","TOTAL","NOT SPECIFIED","103,200",""
"SURVEY","1984","YEAR","","COUNTY","ILLINOIS","17","NORTHEAST","20","LA SALLE","099","","","00000000","","CORN","CORN - ACRES PLANTED","TOTAL","NOT SPECIFIED","308,200",""
"SURVEY","1984","YEAR","","COUNTY","ILLINOIS","17","NORTHEAST","20","LAKE","097","","","00000000","","CORN","CORN - ACRES PLANTED","TOTAL","NOT SPECIFIED","30,100",""
"SURVEY","1984","YEAR","","COUNTY","ILLINOIS","17","NORTHEAST","20","MCHENRY","111","","","00000000","","CORN","CORN - ACRES PLANTED","TOTAL","NOT SPECIFIED","140,600",""
"SURVEY","1984","YEAR","","COUNTY","ILLINOIS","17","NORTHEAST","20","WILL","197","","","00000000","","CORN","CORN - ACRES PLANTED","TOTAL","NOT SPECIFIED","156,300",""
"SURVEY","1984","YEAR","","COUNTY","ILLINOIS","17","NORTHWEST","10","BUREAU","011","","","00000000","","CORN","CORN - ACRES PLANTED","TOTAL","NOT SPECIFIED","278,200",""
"SURVEY","1984","YEAR","","COUNTY","ILLINOIS","17","NORTHWEST","10","CARROLL","015","","","00000000","","CORN","CORN - ACRES PLANTED","TOTAL","NOT SPECIFIED","147,300",""
"SURVEY","1984","YEAR","","COUNTY","ILLINOIS","17","NORTHWEST","10","HENRY","073","","","00000000","","CORN","CORN - ACRES PLANTED","TOTAL","NOT SPECIFIED","283,600",""
"SURVEY","1984","YEAR","","COUNTY","ILLINOIS","17","NORTHWEST","10","JO DAVIESS","085","","","00000000","","CORN","CORN - ACRES PLANTED","TOTAL","NOT SPECIFIED","105,200",""
"SURVEY","1984","YEAR","","COUNTY","ILLINOIS","17","NORTHWEST","10","LEE","103","","","00000000","","CORN","CORN - ACRES PLANTED","TOTAL","NOT SPECIFIED","231,100",""
"SURVEY","1984","YEAR","","COUNTY","ILLINOIS","17","NORTHWEST","10","MERCER","131","","","00000000","","CORN","CORN - ACRES PLANTED","TOTAL","NOT SPECIFIED","160,300",""
"SURVEY","1984","YEAR","","COUNTY","ILLINOIS","17","NORTHWEST","10","OGLE","141","","","00000000","","CORN","CORN - ACRES PLANTED","TOTAL","NOT SPECIFIED","245,700",""
"SURVEY","1984","YEAR","","COUNTY","ILLINOIS","17","NORTHWEST","10","PUTNAM","155","","","00000000","","CORN","CORN - ACRES PLANTED","TOTAL","NOT SPECIFIED","38,100",""
"SURVEY","1984","YEAR","","COUNTY","ILLINOIS","17","NORTHWEST","10","ROCK ISLAND","161","","","00000000","","CORN","CORN - ACRES PLANTED","TOTAL","NOT SPECIFIED","97,200",""
"SURVEY","1984","YEAR","","COUNTY","ILLINOIS","17","NORTHWEST","10","STEPHENSON","177","","","00000000","","CORN","CORN - ACRES PLANTED","TOTAL","NOT SPECIFIED","170,300",""
"SURVEY","1984","YEAR","","COUNTY","ILLINOIS","17","NORTHWEST","10","WHITESIDE","195","","","00000000","","CORN","CORN - ACRES PLANTED","TOTAL","NOT SPECIFIED","232,400",""
"SURVEY","1984","YEAR","","COUNTY","ILLINOIS","17","NORTHWEST","10","WINNEBAGO","201","","","00000000","","CORN","CORN - ACRES PLANTED","TOTAL","NOT SPECIFIED","115,200",""
"SURVEY","1984","YEAR","","COUNTY","ILLINOIS","17","SOUTHEAST","90","EDWARDS","047","","","00000000","","CORN","CORN - ACRES PLANTED","TOTAL","NOT SPECIFIED","40,200",""
"SURVEY","1984","YEAR","","COUNTY","ILLINOIS","17","SOUTHEAST","90","FRANKLIN","055","","","00000000","","CORN","CORN - ACRES PLANTED","TOTAL","NOT SPECIFIED","38,200",""
"SURVEY","1984","YEAR","","COUNTY","ILLINOIS","17","SOUTHEAST","90","GALLATIN","059","","","00000000","","CORN","CORN - ACRES PLANTED","TOTAL","NOT SPECIFIED","65,500",""
"SURVEY","1984","YEAR","","COUNTY","ILLINOIS","17","SOUTHEAST","90","HAMILTON","065","","","00000000","","CORN","CORN - ACRES PLANTED","TOTAL","NOT SPECIFIED","50,200",""
"SURVEY","1984","YEAR","","COUNTY","ILLINOIS","17","SOUTHEAST","90","HARDIN","069","","","00000000","","CORN","CORN - ACRES PLANTED","TOTAL","NOT SPECIFIED","4,500",""
"SURVEY","1984","YEAR","","COUNTY","ILLINOIS","17","SOUTHEAST","90","JEFFERSON","081","","","00000000","","CORN","CORN - ACRES PLANTED","TOTAL","NOT SPECIFIED","47,300",""
"SURVEY","1984","YEAR","","COUNTY","ILLINOIS","17","SOUTHEAST","90","MASSAC","127","","","00000000","","CORN","CORN - ACRES PLANTED","TOTAL","NOT SPECIFIED","22,500",""
"SURVEY","1984","YEAR","","COUNTY","ILLINOIS","17","SOUTHEAST","90","POPE","151","","","00000000","","CORN","CORN - ACRES PLANTED","TOTAL","NOT SPECIFIED","11,100",""
"SURVEY","1984","YEAR","","COUNTY","ILLINOIS","17","SOUTHEAST","90","SALINE","165","","","00000000","","CORN","CORN - ACRES PLANTED","TOTAL","NOT SPECIFIED","47,200",""
"SURVEY","1984","YEAR","","COUNTY","ILLINOIS","17","SOUTHEAST","90","WABASH","185","","","00000000","","CORN","CORN - ACRES PLANTED","TOTAL","NOT SPECIFIED","51,100",""
"SURVEY","1984","YEAR","","COUNTY","ILLINOIS","17","SOUTHEAST","90","WAYNE","191","","","00000000","","CORN","CORN - ACRES PLANTED","TOTAL","NOT SPECIFIED","92,700",""
"SURVEY","1984","YEAR","","COUNTY","ILLINOIS","17","SOUTHEAST","90","WHITE","193","","","00000000","","CORN","CORN - ACRES PLANTED","TOTAL","NOT SPECIFIED","83,400",""
"SURVEY","1984","YEAR","","COUNTY","ILLINOIS","17","SOUTHWEST","80","ALEXANDER","003","","","00000000","","CORN","CORN - ACRES PLANTED","TOTAL","NOT SPECIFIED","7,600",""
"SURVEY","1984","YEAR","","COUNTY","ILLINOIS","17","SOUTHWEST","80","CLINTON","027","","","00000000","","CORN","CORN - ACRES PLANTED","TOTAL","NOT SPECIFIED","61,400",""
"SURVEY","1984","YEAR","","COUNTY","ILLINOIS","17","SOUTHWEST","80","JACKSON","077","","","00000000","","CORN","CORN - ACRES PLANTED","TOTAL","NOT SPECIFIED","25,300",""
"SURVEY","1984","YEAR","","COUNTY","ILLINOIS","17","SOUTHWEST","80","JOHNSON","087","","","00000000","","CORN","CORN - ACRES PLANTED","TOTAL","NOT SPECIFIED","13,500",""
"SURVEY","1984","YEAR","","COUNTY","ILLINOIS","17","SOUTHWEST","80","MONROE","133","","","00000000","","CORN","CORN - ACRES PLANTED","TOTAL","NOT SPECIFIED","36,200",""
"SURVEY","1984","YEAR","","COUNTY","ILLINOIS","17","SOUTHWEST","80","PERRY","145","","","00000000","","CORN","CORN - ACRES PLANTED","TOTAL","NOT SPECIFIED","43,700",""
"SURVEY","1984","YEAR","","COUNTY","ILLINOIS","17","SOUTHWEST","80","PULASKI","153","","","00000000","","CORN","CORN - ACRES PLANTED","TOTAL","NOT SPECIFIED","9,000",""
"SURVEY","1984","YEAR","","COUNTY","ILLINOIS","17","SOUTHWEST","80","RANDOLPH","157","","","00000000","","CORN","CORN - ACRES PLANTED","TOTAL","NOT SPECIFIED","48,800",""
"SURVEY","1984","YEAR","","COUNTY","ILLINOIS","17","SOUTHWEST","80","ST CLAIR","163","","","00000000","","CORN","CORN - ACRES PLANTED","TOTAL","NOT SPECIFIED","65,200",""
"SURVEY","1984","YEAR","","COUNTY","ILLINOIS","17","SOUTHWEST","80","UNION","181","","","00000000","","CORN","CORN - ACRES PLANTED","TOTAL","NOT SPECIFIED","14,600",""
"SURVEY","1984","YEAR","","COUNTY","ILLINOIS","17","SOUTHWEST","80","WASHINGTON","189","","","00000000","","CORN","CORN - ACRES PLANTED","TOTAL","NOT SPECIFIED","67,300",""
"SURVEY","1984","YEAR","","COUNTY","ILLINOIS","17","SOUTHWEST","80","WILLIAMSON","199","","","00000000","","CORN","CORN - ACRES PLANTED","TOTAL","NOT SPECIFIED","15,700",""
"SURVEY","1984","YEAR","","COUNTY","ILLINOIS","17","WEST","30","ADAMS","001","","","00000000","","CORN","CORN - ACRES PLANTED","TOTAL","NOT SPECIFIED","120,200",""
"SURVEY","1984","YEAR","","COUNTY","ILLINOIS","17","WEST","30","BROWN","009","","","00000000","","CORN","CORN - ACRES PLANTED","TOTAL","NOT SPECIFIED","31,100",""
"SURVEY","1984","YEAR","","COUNTY","ILLINOIS","17","WEST","30","FULTON","057","","","00000000","","CORN","CORN - ACRES PLANTED","TOTAL","NOT SPECIFIED","132,100",""
"SURVEY","1984","YEAR","","COUNTY","ILLINOIS","17","WEST","30","HANCOCK","067","","","00000000","","CORN","CORN - ACRES PLANTED","TOTAL","NOT SPECIFIED","136,500",""
"SURVEY","1984","YEAR","","COUNTY","ILLINOIS","17","WEST","30","HENDERSON","071","","","00000000","","CORN","CORN - ACRES PLANTED","TOTAL","NOT SPECIFIED","100,200",""
"SURVEY","1984","YEAR","","COUNTY","ILLINOIS","17","WEST","30","KNOX","095","","","00000000","","CORN","CORN - ACRES PLANTED","TOTAL","NOT SPECIFIED","182,400",""
"SURVEY","1984","YEAR","","COUNTY","ILLINOIS","17","WEST","30","MCDONOUGH","109","","","00000000","","CORN","CORN - ACRES PLANTED","TOTAL","NOT SPECIFIED","132,300",""
"SURVEY","1984","YEAR","","COUNTY","ILLINOIS","17","WEST","30","SCHUYLER","169","","","00000000","","CORN","CORN - ACRES PLANTED","TOTAL","NOT SPECIFIED","55,100",""
"SURVEY","1984","YEAR","","COUNTY","ILLINOIS","17","WEST","30","WARREN","187","","","00000000","","CORN","CORN - ACRES PLANTED","TOTAL","NOT SPECIFIED","172,300",""
"SURVEY","1984","YEAR","","COUNTY","ILLINOIS","17","WEST SOUTHWEST","60","BOND","005","","","00000000","","CORN","CORN - ACRES PLANTED","TOTAL","NOT SPECIFIED","34,100",""
"SURVEY","1984","YEAR","","COUNTY","ILLINOIS","17","WEST SOUTHWEST","60","CALHOUN","013","","","00000000","","CORN","CORN - ACRES PLANTED","TOTAL","NOT SPECIFIED","20,200",""
"SURVEY","1984","YEAR","","COUNTY","ILLINOIS","17","WEST SOUTHWEST","60","CASS","017","","","00000000","","CORN","CORN - ACRES PLANTED","TOTAL","NOT SPECIFIED","71,400",""
"SURVEY","1984","YEAR","","COUNTY","ILLINOIS","17","WEST SOUTHWEST","60","CHRISTIAN","021","","","00000000","","CORN","CORN - ACRES PLANTED","TOTAL","NOT SPECIFIED","180,400",""
"SURVEY","1984","YEAR","","COUNTY","ILLINOIS","17","WEST SOUTHWEST","60","GREENE","061","","","00000000","","CORN","CORN - ACRES PLANTED","TOTAL","NOT SPECIFIED","94,200",""
"SURVEY","1984","YEAR","","COUNTY","ILLINOIS","17","WEST SOUTHWEST","60","JERSEY","083","","","00000000","","CORN","CORN - ACRES PLANTED","TOTAL","NOT SPECIFIED","47,100",""
"SURVEY","1984","YEAR","","COUNTY","ILLINOIS","17","WEST SOUTHWEST","60","MACOUPIN","117","","","00000000","","CORN","CORN - ACRES PLANTED","TOTAL","NOT SPECIFIED","136,300",""
"SURVEY","1984","YEAR","","COUNTY","ILLINOIS","17","WEST SOUTHWEST","60","MADISON","119","","","00000000","","CORN","CORN - ACRES PLANTED","TOTAL","NOT SPECIFIED","66,200",""
"SURVEY","1984","YEAR","","COUNTY","ILLINOIS","17","WEST SOUTHWEST","60","MONTGOMERY","135","","","00000000","","CORN","CORN - ACRES PLANTED","TOTAL","NOT SPECIFIED","130,400",""
"SURVEY","1984","YEAR","","COUNTY","ILLINOIS","17","WEST SOUTHWEST","60","MORGAN","137","","","00000000","","CORN","CORN - ACRES PLANTED","TOTAL","NOT SPECIFIED","130,300",""
"SURVEY","1984","YEAR","","COUNTY","ILLINOIS","17","WEST SOUTHWEST","60","PIKE","149","","","00000000","","CORN","CORN - ACRES PLANTED","TOTAL","NOT SPECIFIED","121,600",""
"SURVEY","1984","YEAR","","COUNTY","ILLINOIS","17","WEST SOUTHWEST","60","SANGAMON","167","","","00000000","","CORN","CORN - ACRES PLANTED","TOTAL","NOT SPECIFIED","196,600",""
"SURVEY","1984","YEAR","","COUNTY","ILLINOIS","17","WEST SOUTHWEST","60","SCOTT","171","","","00000000","","CORN","CORN - ACRES PLANTED","TOTAL","NOT SPECIFIED","45,100",""
"SURVEY","1983","YEAR","","COUNTY","ILLINOIS","17","CENTRAL","40","DE WITT","039","","","00000000","","CORN","CORN - ACRES PLANTED","TOTAL","NOT SPECIFIED","74,900",""
"SURVEY","1983","YEAR","","COUNTY","ILLINOIS","17","CENTRAL","40","LOGAN","107","","","00000000","","CORN","CORN - ACRES PLANTED","TOTAL","NOT SPECIFIED","134,600",""
"SURVEY","1983","YEAR","","COUNTY","ILLINOIS","17","CENTRAL","40","MACON","115","","","00000000","","CORN","CORN - ACRES PLANTED","TOTAL","NOT SPECIFIED","111,000",""
"SURVEY","1983","YEAR","","COUNTY","ILLINOIS","17","CENTRAL","40","MARSHALL","123","","","00000000","","CORN","CORN - ACRES PLANTED","TOTAL","NOT SPECIFIED","76,200",""
"SURVEY","1983","YEAR","","COUNTY","ILLINOIS","17","CENTRAL","40","MASON","125","","","00000000","","CORN","CORN - ACRES PLANTED","TOTAL","NOT SPECIFIED","81,700",""
"SURVEY","1983","YEAR","","COUNTY","ILLINOIS","17","CENTRAL","40","MCLEAN","113","","","00000000","","CORN","CORN - ACRES PLANTED","TOTAL","NOT SPECIFIED","284,900",""
"SURVEY","1983","YEAR","","COUNTY","ILLINOIS","17","CENTRAL","40","MENARD","129","","","00000000","","CORN","CORN - ACRES PLANTED","TOTAL","NOT SPECIFIED","61,700",""
"SURVEY","1983","YEAR","","COUNTY","ILLINOIS","17","CENTRAL","40","PEORIA","143","","","00000000","","CORN","CORN - ACRES PLANTED","TOTAL","NOT SPECIFIED","99,300",""
"SURVEY","1983","YEAR","","COUNTY","ILLINOIS","17","CENTRAL","40","STARK","175","","","00000000","","CORN","CORN - ACRES PLANTED","TOTAL","NOT SPECIFIED","71,200",""
"SURVEY","1983","YEAR","","COUNTY","ILLINOIS","17","CENTRAL","40","TAZEWELL","179","","","00000000","","CORN","CORN - ACRES PLANTED","TOTAL","NOT SPECIFIED","143,000",""
"SURVEY","1983","YEAR","","COUNTY","ILLINOIS","17","CENTRAL","40","WOODFORD","203","","","00000000","","CORN","CORN - ACRES PLANTED","TOTAL","NOT SPECIFIED","116,300",""
"SURVEY","1983","YEAR","","COUNTY","ILLINOIS","17","EAST","50","CHAMPAIGN","019","","","00000000","","CORN","CORN - ACRES PLANTED","TOTAL","NOT SPECIFIED","215,500",""
"SURVEY","1983","YEAR","","COUNTY","ILLINOIS","17","EAST","50","FORD","053","","","00000000","","CORN","CORN - ACRES PLANTED","TOTAL","NOT SPECIFIED","96,100",""
"SURVEY","1983","YEAR","","COUNTY","ILLINOIS","17","EAST","50","IROQUOIS","075","","","00000000","","CORN","CORN - ACRES PLANTED","TOTAL","NOT SPECIFIED","210,200",""
"SURVEY","1983","YEAR","","COUNTY","ILLINOIS","17","EAST","50","KANKAKEE","091","","","00000000","","CORN","CORN - ACRES PLANTED","TOTAL","NOT SPECIFIED","131,100",""
"SURVEY","1983","YEAR","","COUNTY","ILLINOIS","17","EAST","50","LIVINGSTON","105","","","00000000","","CORN","CORN - ACRES PLANTED","TOTAL","NOT SPECIFIED","198,600",""
"SURVEY","1983","YEAR","","COUNTY","ILLINOIS","17","EAST","50","PIATT","147","","","00000000","","CORN","CORN - ACRES PLANTED","TOTAL","NOT SPECIFIED","94,500",""
"SURVEY","1983","YEAR","","COUNTY","ILLINOIS","17","EAST","50","VERMILION","183","","","00000000","","CORN","CORN - ACRES PLANTED","TOTAL","NOT SPECIFIED","147,100",""
"SURVEY","1983","YEAR","","COUNTY","ILLINOIS","17","EAST SOUTHEAST","70","CLARK","023","","","00000000","","CORN","CORN - ACRES PLANTED","TOTAL","NOT SPECIFIED","52,200",""
"SURVEY","1983","YEAR","","COUNTY","ILLINOIS","17","EAST SOUTHEAST","70","CLAY","025","","","00000000","","CORN","CORN - ACRES PLANTED","TOTAL","NOT SPECIFIED","31,200",""
"SURVEY","1983","YEAR","","COUNTY","ILLINOIS","17","EAST SOUTHEAST","70","COLES","029","","","00000000","","CORN","CORN - ACRES PLANTED","TOTAL","NOT SPECIFIED","77,700",""
"SURVEY","1983","YEAR","","COUNTY","ILLINOIS","17","EAST SOUTHEAST","70","CRAWFORD","033","","","00000000","","CORN","CORN - ACRES PLANTED","TOTAL","NOT SPECIFIED","53,400",""
"SURVEY","1983","YEAR","","COUNTY","ILLINOIS","17","EAST SOUTHEAST","70","CUMBERLAND","035","","","00000000","","CORN","CORN - ACRES PLANTED","TOTAL","NOT SPECIFIED","45,100",""
"SURVEY","1983","YEAR","","COUNTY","ILLINOIS","17","EAST SOUTHEAST","70","DOUGLAS","041","","","00000000","","CORN","CORN - ACRES PLANTED","TOTAL","NOT SPECIFIED","91,700",""
"SURVEY","1983","YEAR","","COUNTY","ILLINOIS","17","EAST SOUTHEAST","70","EDGAR","045","","","00000000","","CORN","CORN - ACRES PLANTED","TOTAL","NOT SPECIFIED","108,300",""
"SURVEY","1983","YEAR","","COUNTY","ILLINOIS","17","EAST SOUTHEAST","70","EFFINGHAM","049","","","00000000","","CORN","CORN - ACRES PLANTED","TOTAL","NOT SPECIFIED","51,400",""
"SURVEY","1983","YEAR","","COUNTY","ILLINOIS","17","EAST SOUTHEAST","70","FAYETTE","051","","","00000000","","CORN","CORN - ACRES PLANTED","TOTAL","NOT SPECIFIED","51,800",""
"SURVEY","1983","YEAR","","COUNTY","ILLINOIS","17","EAST SOUTHEAST","70","JASPER","079","","","00000000","","CORN","CORN - ACRES PLANTED","TOTAL","NOT SPECIFIED","50,500",""
"SURVEY","1983","YEAR","","COUNTY","ILLINOIS","17","EAST SOUTHEAST","70","LAWRENCE","101","","","00000000","","CORN","CORN - ACRES PLANTED","TOTAL","NOT SPECIFIED","44,600",""
"SURVEY","1983","YEAR","","COUNTY","ILLINOIS","17","EAST SOUTHEAST","70","MARION","121","","","00000000","","CORN","CORN - ACRES PLANTED","TOTAL","NOT SPECIFIED","37,300",""
"SURVEY","1983","YEAR","","COUNTY","ILLINOIS","17","EAST SOUTHEAST","70","MOULTRIE","139","","","00000000","","CORN","CORN - ACRES PLANTED","TOTAL","NOT SPECIFIED","64,100",""
"SURVEY","1983","YEAR","","COUNTY","ILLINOIS","17","EAST SOUTHEAST","70","RICHLAND","159","","","00000000","","CORN","CORN - ACRES PLANTED","TOTAL","NOT SPECIFIED","36,400",""
"SURVEY","1983","YEAR","","COUNTY","ILLINOIS","17","EAST SOUTHEAST","70","SHELBY","173","","","00000000","","CORN","CORN - ACRES PLANTED","TOTAL","NOT SPECIFIED","103,700",""
"SURVEY","1983","YEAR","","COUNTY","ILLINOIS","17","NORTHEAST","20","BOONE","007","","","00000000","","CORN","CORN - ACRES PLANTED","TOTAL","NOT SPECIFIED","51,100",""
"SURVEY","1983","YEAR","","COUNTY","ILLINOIS","17","NORTHEAST","20","COOK","031","","","00000000","","CORN","CORN - ACRES PLANTED","TOTAL","NOT SPECIFIED","8,000",""
"SURVEY","1983","YEAR","","COUNTY","ILLINOIS","17","NORTHEAST","20","DE KALB","037","","","00000000","","CORN","CORN - ACRES PLANTED","TOTAL","NOT SPECIFIED","147,700",""
"SURVEY","1983","YEAR","","COUNTY","ILLINOIS","17","NORTHEAST","20","DU PAGE","043","","","00000000","","CORN","CORN - ACRES PLANTED","TOTAL","NOT SPECIFIED","13,600",""
"SURVEY","1983","YEAR","","COUNTY","ILLINOIS","17","NORTHEAST","20","GRUNDY","063","","","00000000","","CORN","CORN - ACRES PLANTED","TOTAL","NOT SPECIFIED","69,100",""
"SURVEY","1983","YEAR","","COUNTY","ILLINOIS","17","NORTHEAST","20","KANE","089","","","00000000","","CORN","CORN - ACRES PLANTED","TOTAL","NOT SPECIFIED","90,900",""
"SURVEY","1983","YEAR","","COUNTY","ILLINOIS","17","NORTHEAST","20","KENDALL","093","","","00000000","","CORN","CORN - ACRES PLANTED","TOTAL","NOT SPECIFIED","73,100",""
"SURVEY","1983","YEAR","","COUNTY","ILLINOIS","17","NORTHEAST","20","LA SALLE","099","","","00000000","","CORN","CORN - ACRES PLANTED","TOTAL","NOT SPECIFIED","234,400",""
"SURVEY","1983","YEAR","","COUNTY","ILLINOIS","17","NORTHEAST","20","LAKE","097","","","00000000","","CORN","CORN - ACRES PLANTED","TOTAL","NOT SPECIFIED","23,100",""
"SURVEY","1983","YEAR","","COUNTY","ILLINOIS","17","NORTHEAST","20","MCHENRY","111","","","00000000","","CORN","CORN - ACRES PLANTED","TOTAL","NOT SPECIFIED","98,400",""
"SURVEY","1983","YEAR","","COUNTY","ILLINOIS","17","NORTHEAST","20","WILL","197","","","00000000","","CORN","CORN - ACRES PLANTED","TOTAL","NOT SPECIFIED","124,200",""
"SURVEY","1983","YEAR","","COUNTY","ILLINOIS","17","NORTHWEST","10","BUREAU","011","","","00000000","","CORN","CORN - ACRES PLANTED","TOTAL","NOT SPECIFIED","203,300",""
"SURVEY","1983","YEAR","","COUNTY","ILLINOIS","17","NORTHWEST","10","CARROLL","015","","","00000000","","CORN","CORN - ACRES PLANTED","TOTAL","NOT SPECIFIED","111,300",""
"SURVEY","1983","YEAR","","COUNTY","ILLINOIS","17","NORTHWEST","10","HENRY","073","","","00000000","","CORN","CORN - ACRES PLANTED","TOTAL","NOT SPECIFIED","213,200",""
"SURVEY","1983","YEAR","","COUNTY","ILLINOIS","17","NORTHWEST","10","JO DAVIESS","085","","","00000000","","CORN","CORN - ACRES PLANTED","TOTAL","NOT SPECIFIED","70,800",""
"SURVEY","1983","YEAR","","COUNTY","ILLINOIS","17","NORTHWEST","10","LEE","103","","","00000000","","CORN","CORN - ACRES PLANTED","TOTAL","NOT SPECIFIED","162,300",""
"SURVEY","1983","YEAR","","COUNTY","ILLINOIS","17","NORTHWEST","10","MERCER","131","","","00000000","","CORN","CORN - ACRES PLANTED","TOTAL","NOT SPECIFIED","113,300",""
"SURVEY","1983","YEAR","","COUNTY","ILLINOIS","17","NORTHWEST","10","OGLE","141","","","00000000","","CORN","CORN - ACRES PLANTED","TOTAL","NOT SPECIFIED","150,200",""
"SURVEY","1983","YEAR","","COUNTY","ILLINOIS","17","NORTHWEST","10","PUTNAM","155","","","00000000","","CORN","CORN - ACRES PLANTED","TOTAL","NOT SPECIFIED","26,500",""
"SURVEY","1983","YEAR","","COUNTY","ILLINOIS","17","NORTHWEST","10","ROCK ISLAND","161","","","00000000","","CORN","CORN - ACRES PLANTED","TOTAL","NOT SPECIFIED","68,600",""
"SURVEY","1983","YEAR","","COUNTY","ILLINOIS","17","NORTHWEST","10","STEPHENSON","177","","","00000000","","CORN","CORN - ACRES PLANTED","TOTAL","NOT SPECIFIED","118,200",""
"SURVEY","1983","YEAR","","COUNTY","ILLINOIS","17","NORTHWEST","10","WHITESIDE","195","","","00000000","","CORN","CORN - ACRES PLANTED","TOTAL","NOT SPECIFIED","172,800",""
"SURVEY","1983","YEAR","","COUNTY","ILLINOIS","17","NORTHWEST","10","WINNEBAGO","201","","","00000000","","CORN","CORN - ACRES PLANTED","TOTAL","NOT SPECIFIED","75,100",""
"SURVEY","1983","YEAR","","COUNTY","ILLINOIS","17","SOUTHEAST","90","EDWARDS","047","","","00000000","","CORN","CORN - ACRES PLANTED","TOTAL","NOT SPECIFIED","25,000",""
"SURVEY","1983","YEAR","","COUNTY","ILLINOIS","17","SOUTHEAST","90","FRANKLIN","055","","","00000000","","CORN","CORN - ACRES PLANTED","TOTAL","NOT SPECIFIED","20,900",""
"SURVEY","1983","YEAR","","COUNTY","ILLINOIS","17","SOUTHEAST","90","GALLATIN","059","","","00000000","","CORN","CORN - ACRES PLANTED","TOTAL","NOT SPECIFIED","42,100",""
"SURVEY","1983","YEAR","","COUNTY","ILLINOIS","17","SOUTHEAST","90","HAMILTON","065","","","00000000","","CORN","CORN - ACRES PLANTED","TOTAL","NOT SPECIFIED","28,800",""
"SURVEY","1983","YEAR","","COUNTY","ILLINOIS","17","SOUTHEAST","90","HARDIN","069","","","00000000","","CORN","CORN - ACRES PLANTED","TOTAL","NOT SPECIFIED","2,000",""
"SURVEY","1983","YEAR","","COUNTY","ILLINOIS","17","SOUTHEAST","90","JEFFERSON","081","","","00000000","","CORN","CORN - ACRES PLANTED","TOTAL","NOT SPECIFIED","36,300",""
"SURVEY","1983","YEAR","","COUNTY","ILLINOIS","17","SOUTHEAST","90","MASSAC","127","","","00000000","","CORN","CORN - ACRES PLANTED","TOTAL","NOT SPECIFIED","13,600",""
"SURVEY","1983","YEAR","","COUNTY","ILLINOIS","17","SOUTHEAST","90","POPE","151","","","00000000","","CORN","CORN - ACRES PLANTED","TOTAL","NOT SPECIFIED","5,500",""
"SURVEY","1983","YEAR","","COUNTY","ILLINOIS","17","SOUTHEAST","90","SALINE","165","","","00000000","","CORN","CORN - ACRES PLANTED","TOTAL","NOT SPECIFIED","33,800",""
"SURVEY","1983","YEAR","","COUNTY","ILLINOIS","17","SOUTHEAST","90","WABASH","185","","","00000000","","CORN","CORN - ACRES PLANTED","TOTAL","NOT SPECIFIED","36,600",""
"SURVEY","1983","YEAR","","COUNTY","ILLINOIS","17","SOUTHEAST","90","WAYNE","191","","","00000000","","CORN","CORN - ACRES PLANTED","TOTAL","NOT SPECIFIED","58,600",""
"SURVEY","1983","YEAR","","COUNTY","ILLINOIS","17","SOUTHEAST","90","WHITE","193","","","00000000","","CORN","CORN - ACRES PLANTED","TOTAL","NOT SPECIFIED","60,400",""
"SURVEY","1983","YEAR","","COUNTY","ILLINOIS","17","SOUTHWEST","80","ALEXANDER","003","","","00000000","","CORN","CORN - ACRES PLANTED","TOTAL","NOT SPECIFIED","6,300",""
"SURVEY","1983","YEAR","","COUNTY","ILLINOIS","17","SOUTHWEST","80","CLINTON","027","","","00000000","","CORN","CORN - ACRES PLANTED","TOTAL","NOT SPECIFIED","50,700",""
"SURVEY","1983","YEAR","","COUNTY","ILLINOIS","17","SOUTHWEST","80","JACKSON","077","","","00000000","","CORN","CORN - ACRES PLANTED","TOTAL","NOT SPECIFIED","22,200",""
"SURVEY","1983","YEAR","","COUNTY","ILLINOIS","17","SOUTHWEST","80","JOHNSON","087","","","00000000","","CORN","CORN - ACRES PLANTED","TOTAL","NOT SPECIFIED","11,000",""
"SURVEY","1983","YEAR","","COUNTY","ILLINOIS","17","SOUTHWEST","80","MONROE","133","","","00000000","","CORN","CORN - ACRES PLANTED","TOTAL","NOT SPECIFIED","28,100",""
"SURVEY","1983","YEAR","","COUNTY","ILLINOIS","17","SOUTHWEST","80","PERRY","145","","","00000000","","CORN","CORN - ACRES PLANTED","TOTAL","NOT SPECIFIED","33,600",""
"SURVEY","1983","YEAR","","COUNTY","ILLINOIS","17","SOUTHWEST","80","PULASKI","153","","","00000000","","CORN","CORN - ACRES PLANTED","TOTAL","NOT SPECIFIED","6,300",""
"SURVEY","1983","YEAR","","COUNTY","ILLINOIS","17","SOUTHWEST","80","RANDOLPH","157","","","00000000","","CORN","CORN - ACRES PLANTED","TOTAL","NOT SPECIFIED","42,800",""
"SURVEY","1983","YEAR","","COUNTY","ILLINOIS","17","SOUTHWEST","80","ST CLAIR","163","","","00000000","","CORN","CORN - ACRES PLANTED","TOTAL","NOT SPECIFIED","55,600",""
"SURVEY","1983","YEAR","","COUNTY","ILLINOIS","17","SOUTHWEST","80","UNION","181","","","00000000","","CORN","CORN - ACRES PLANTED","TOTAL","NOT SPECIFIED","13,400",""
"SURVEY","1983","YEAR","","COUNTY","ILLINOIS","17","SOUTHWEST","80","WASHINGTON","189","","","00000000","","CORN","CORN - ACRES PLANTED","TOTAL","NOT SPECIFIED","60,000",""
"SURVEY","1983","YEAR","","COUNTY","ILLINOIS","17","SOUTHWEST","80","WILLIAMSON","199","","","00000000","","CORN","CORN - ACRES PLANTED","TOTAL","NOT SPECIFIED","12,000",""
"SURVEY","1983","YEAR","","COUNTY","ILLINOIS","17","WEST","30","ADAMS","001","","","00000000","","CORN","CORN - ACRES PLANTED","TOTAL","NOT SPECIFIED","106,800",""
"SURVEY","1983","YEAR","","COUNTY","ILLINOIS","17","WEST","30","BROWN","009","","","00000000","","CORN","CORN - ACRES PLANTED","TOTAL","NOT SPECIFIED","27,100",""
"SURVEY","1983","YEAR","","COUNTY","ILLINOIS","17","WEST","30","FULTON","057","","","00000000","","CORN","CORN - ACRES PLANTED","TOTAL","NOT SPECIFIED","109,200",""
"SURVEY","1983","YEAR","","COUNTY","ILLINOIS","17","WEST","30","HANCOCK","067","","","00000000","","CORN","CORN - ACRES PLANTED","TOTAL","NOT SPECIFIED","98,300",""
"SURVEY","1983","YEAR","","COUNTY","ILLINOIS","17","WEST","30","HENDERSON","071","","","00000000","","CORN","CORN - ACRES PLANTED","TOTAL","NOT SPECIFIED","70,100",""
"SURVEY","1983","YEAR","","COUNTY","ILLINOIS","17","WEST","30","KNOX","095","","","00000000","","CORN","CORN - ACRES PLANTED","TOTAL","NOT SPECIFIED","126,700",""
"SURVEY","1983","YEAR","","COUNTY","ILLINOIS","17","WEST","30","MCDONOUGH","109","","","00000000","","CORN","CORN - ACRES PLANTED","TOTAL","NOT SPECIFIED","111,400",""
"SURVEY","1983","YEAR","","COUNTY","ILLINOIS","17","WEST","30","SCHUYLER","169","","","00000000","","CORN","CORN - ACRES PLANTED","TOTAL","NOT SPECIFIED","42,900",""
"SURVEY","1983","YEAR","","COUNTY","ILLINOIS","17","WEST","30","WARREN","187","","","00000000","","CORN","CORN - ACRES PLANTED","TOTAL","NOT SPECIFIED","131,500",""
"SURVEY","1983","YEAR","","COUNTY","ILLINOIS","17","WEST SOUTHWEST","60","BOND","005","","","00000000","","CORN","CORN - ACRES PLANTED","TOTAL","NOT SPECIFIED","26,600",""
"SURVEY","1983","YEAR","","COUNTY","ILLINOIS","17","WEST SOUTHWEST","60","CALHOUN","013","","","00000000","","CORN","CORN - ACRES PLANTED","TOTAL","NOT SPECIFIED","16,200",""
"SURVEY","1983","YEAR","","COUNTY","ILLINOIS","17","WEST SOUTHWEST","60","CASS","017","","","00000000","","CORN","CORN - ACRES PLANTED","TOTAL","NOT SPECIFIED","57,600",""
"SURVEY","1983","YEAR","","COUNTY","ILLINOIS","17","WEST SOUTHWEST","60","CHRISTIAN","021","","","00000000","","CORN","CORN - ACRES PLANTED","TOTAL","NOT SPECIFIED","126,600",""
"SURVEY","1983","YEAR","","COUNTY","ILLINOIS","17","WEST SOUTHWEST","60","GREENE","061","","","00000000","","CORN","CORN - ACRES PLANTED","TOTAL","NOT SPECIFIED","65,200",""
"SURVEY","1983","YEAR","","COUNTY","ILLINOIS","17","WEST SOUTHWEST","60","JERSEY","083","","","00000000","","CORN","CORN - ACRES PLANTED","TOTAL","NOT SPECIFIED","38,200",""
"SURVEY","1983","YEAR","","COUNTY","ILLINOIS","17","WEST SOUTHWEST","60","MACOUPIN","117","","","00000000","","CORN","CORN - ACRES PLANTED","TOTAL","NOT SPECIFIED","112,800",""
"SURVEY","1983","YEAR","","COUNTY","ILLINOIS","17","WEST SOUTHWEST","60","MADISON","119","","","00000000","","CORN","CORN - ACRES PLANTED","TOTAL","NOT SPECIFIED","59,100",""
"SURVEY","1983","YEAR","","COUNTY","ILLINOIS","17","WEST SOUTHWEST","60","MONTGOMERY","135","","","00000000","","CORN","CORN - ACRES PLANTED","TOTAL","NOT SPECIFIED","105,600",""
"SURVEY","1983","YEAR","","COUNTY","ILLINOIS","17","WEST SOUTHWEST","60","MORGAN","137","","","00000000","","CORN","CORN - ACRES PLANTED","TOTAL","NOT SPECIFIED","102,200",""
"SURVEY","1983","YEAR","","COUNTY","ILLINOIS","17","WEST SOUTHWEST","60","PIKE","149","","","00000000","","CORN","CORN - ACRES PLANTED","TOTAL","NOT SPECIFIED","102,200",""
"SURVEY","1983","YEAR","","COUNTY","ILLINOIS","17","WEST SOUTHWEST","60","SANGAMON","167","","","00000000","","CORN","CORN - ACRES PLANTED","TOTAL","NOT SPECIFIED","159,500",""
"SURVEY","1983","YEAR","","COUNTY","ILLINOIS","17","WEST SOUTHWEST","60","SCOTT","171","","","00000000","","CORN","CORN - ACRES PLANTED","TOTAL","NOT SPECIFIED","32,100",""
"SURVEY","1982","YEAR","","COUNTY","ILLINOIS","17","CENTRAL","40","DE WITT","039","","","00000000","","CORN","CORN - ACRES PLANTED","TOTAL","NOT SPECIFIED","108,700",""
"SURVEY","1982","YEAR","","COUNTY","ILLINOIS","17","CENTRAL","40","LOGAN","107","","","00000000","","CORN","CORN - ACRES PLANTED","TOTAL","NOT SPECIFIED","187,700",""
"SURVEY","1982","YEAR","","COUNTY","ILLINOIS","17","CENTRAL","40","MACON","115","","","00000000","","CORN","CORN - ACRES PLANTED","TOTAL","NOT SPECIFIED","161,000",""
"SURVEY","1982","YEAR","","COUNTY","ILLINOIS","17","CENTRAL","40","MARSHALL","123","","","00000000","","CORN","CORN - ACRES PLANTED","TOTAL","NOT SPECIFIED","102,500",""
"SURVEY","1982","YEAR","","COUNTY","ILLINOIS","17","CENTRAL","40","MASON","125","","","00000000","","CORN","CORN - ACRES PLANTED","TOTAL","NOT SPECIFIED","116,200",""
"SURVEY","1982","YEAR","","COUNTY","ILLINOIS","17","CENTRAL","40","MCLEAN","113","","","00000000","","CORN","CORN - ACRES PLANTED","TOTAL","NOT SPECIFIED","389,100",""
"SURVEY","1982","YEAR","","COUNTY","ILLINOIS","17","CENTRAL","40","MENARD","129","","","00000000","","CORN","CORN - ACRES PLANTED","TOTAL","NOT SPECIFIED","83,200",""
"SURVEY","1982","YEAR","","COUNTY","ILLINOIS","17","CENTRAL","40","PEORIA","143","","","00000000","","CORN","CORN - ACRES PLANTED","TOTAL","NOT SPECIFIED","132,300",""
"SURVEY","1982","YEAR","","COUNTY","ILLINOIS","17","CENTRAL","40","STARK","175","","","00000000","","CORN","CORN - ACRES PLANTED","TOTAL","NOT SPECIFIED","106,800",""
"SURVEY","1982","YEAR","","COUNTY","ILLINOIS","17","CENTRAL","40","TAZEWELL","179","","","00000000","","CORN","CORN - ACRES PLANTED","TOTAL","NOT SPECIFIED","181,700",""
"SURVEY","1982","YEAR","","COUNTY","ILLINOIS","17","CENTRAL","40","WOODFORD","203","","","00000000","","CORN","CORN - ACRES PLANTED","TOTAL","NOT SPECIFIED","158,200",""
"SURVEY","1982","YEAR","","COUNTY","ILLINOIS","17","EAST","50","CHAMPAIGN","019","","","00000000","","CORN","CORN - ACRES PLANTED","TOTAL","NOT SPECIFIED","299,800",""
"SURVEY","1982","YEAR","","COUNTY","ILLINOIS","17","EAST","50","FORD","053","","","00000000","","CORN","CORN - ACRES PLANTED","TOTAL","NOT SPECIFIED","140,100",""
"SURVEY","1982","YEAR","","COUNTY","ILLINOIS","17","EAST","50","IROQUOIS","075","","","00000000","","CORN","CORN - ACRES PLANTED","TOTAL","NOT SPECIFIED","325,000",""
"SURVEY","1982","YEAR","","COUNTY","ILLINOIS","17","EAST","50","KANKAKEE","091","","","00000000","","CORN","CORN - ACRES PLANTED","TOTAL","NOT SPECIFIED","193,600",""
"SURVEY","1982","YEAR","","COUNTY","ILLINOIS","17","EAST","50","LIVINGSTON","105","","","00000000","","CORN","CORN - ACRES PLANTED","TOTAL","NOT SPECIFIED","297,500",""
"SURVEY","1982","YEAR","","COUNTY","ILLINOIS","17","EAST","50","PIATT","147","","","00000000","","CORN","CORN - ACRES PLANTED","TOTAL","NOT SPECIFIED","142,100",""
"SURVEY","1982","YEAR","","COUNTY","ILLINOIS","17","EAST","50","VERMILION","183","","","00000000","","CORN","CORN - ACRES PLANTED","TOTAL","NOT SPECIFIED","224,100",""
"SURVEY","1982","YEAR","","COUNTY","ILLINOIS","17","EAST SOUTHEAST","70","CLARK","023","","","00000000","","CORN","CORN - ACRES PLANTED","TOTAL","NOT SPECIFIED","87,600",""
"SURVEY","1982","YEAR","","COUNTY","ILLINOIS","17","EAST SOUTHEAST","70","CLAY","025","","","00000000","","CORN","CORN - ACRES PLANTED","TOTAL","NOT SPECIFIED","50,500",""
"SURVEY","1982","YEAR","","COUNTY","ILLINOIS","17","EAST SOUTHEAST","70","COLES","029","","","00000000","","CORN","CORN - ACRES PLANTED","TOTAL","NOT SPECIFIED","120,400",""
"SURVEY","1982","YEAR","","COUNTY","ILLINOIS","17","EAST SOUTHEAST","70","CRAWFORD","033","","","00000000","","CORN","CORN - ACRES PLANTED","TOTAL","NOT SPECIFIED","73,600",""
"SURVEY","1982","YEAR","","COUNTY","ILLINOIS","17","EAST SOUTHEAST","70","CUMBERLAND","035","","","00000000","","CORN","CORN - ACRES PLANTED","TOTAL","NOT SPECIFIED","60,000",""
"SURVEY","1982","YEAR","","COUNTY","ILLINOIS","17","EAST SOUTHEAST","70","DOUGLAS","041","","","00000000","","CORN","CORN - ACRES PLANTED","TOTAL","NOT SPECIFIED","134,200",""
"SURVEY","1982","YEAR","","COUNTY","ILLINOIS","17","EAST SOUTHEAST","70","EDGAR","045","","","00000000","","CORN","CORN - ACRES PLANTED","TOTAL","NOT SPECIFIED","160,400",""
"SURVEY","1982","YEAR","","COUNTY","ILLINOIS","17","EAST SOUTHEAST","70","EFFINGHAM","049","","","00000000","","CORN","CORN - ACRES PLANTED","TOTAL","NOT SPECIFIED","73,700",""
"SURVEY","1982","YEAR","","COUNTY","ILLINOIS","17","EAST SOUTHEAST","70","FAYETTE","051","","","00000000","","CORN","CORN - ACRES PLANTED","TOTAL","NOT SPECIFIED","73,300",""
"SURVEY","1982","YEAR","","COUNTY","ILLINOIS","17","EAST SOUTHEAST","70","JASPER","079","","","00000000","","CORN","CORN - ACRES PLANTED","TOTAL","NOT SPECIFIED","82,500",""
"SURVEY","1982","YEAR","","COUNTY","ILLINOIS","17","EAST SOUTHEAST","70","LAWRENCE","101","","","00000000","","CORN","CORN - ACRES PLANTED","TOTAL","NOT SPECIFIED","72,000",""
"SURVEY","1982","YEAR","","COUNTY","ILLINOIS","17","EAST SOUTHEAST","70","MARION","121","","","00000000","","CORN","CORN - ACRES PLANTED","TOTAL","NOT SPECIFIED","53,000",""
"SURVEY","1982","YEAR","","COUNTY","ILLINOIS","17","EAST SOUTHEAST","70","MOULTRIE","139","","","00000000","","CORN","CORN - ACRES PLANTED","TOTAL","NOT SPECIFIED","85,500",""
"SURVEY","1982","YEAR","","COUNTY","ILLINOIS","17","EAST SOUTHEAST","70","RICHLAND","159","","","00000000","","CORN","CORN - ACRES PLANTED","TOTAL","NOT SPECIFIED","63,200",""
"SURVEY","1982","YEAR","","COUNTY","ILLINOIS","17","EAST SOUTHEAST","70","SHELBY","173","","","00000000","","CORN","CORN - ACRES PLANTED","TOTAL","NOT SPECIFIED","157,000",""
"SURVEY","1982","YEAR","","COUNTY","ILLINOIS","17","NORTHEAST","20","BOONE","007","","","00000000","","CORN","CORN - ACRES PLANTED","TOTAL","NOT SPECIFIED","84,200",""
"SURVEY","1982","YEAR","","COUNTY","ILLINOIS","17","NORTHEAST","20","COOK","031","","","00000000","","CORN","CORN - ACRES PLANTED","TOTAL","NOT SPECIFIED","13,500",""
"SURVEY","1982","YEAR","","COUNTY","ILLINOIS","17","NORTHEAST","20","DE KALB","037","","","00000000","","CORN","CORN - ACRES PLANTED","TOTAL","NOT SPECIFIED","229,200",""
"SURVEY","1982","YEAR","","COUNTY","ILLINOIS","17","NORTHEAST","20","DU PAGE","043","","","00000000","","CORN","CORN - ACRES PLANTED","TOTAL","NOT SPECIFIED","14,500",""
"SURVEY","1982","YEAR","","COUNTY","ILLINOIS","17","NORTHEAST","20","GRUNDY","063","","","00000000","","CORN","CORN - ACRES PLANTED","TOTAL","NOT SPECIFIED","116,800",""
"SURVEY","1982","YEAR","","COUNTY","ILLINOIS","17","NORTHEAST","20","KANE","089","","","00000000","","CORN","CORN - ACRES PLANTED","TOTAL","NOT SPECIFIED","122,100",""
"SURVEY","1982","YEAR","","COUNTY","ILLINOIS","17","NORTHEAST","20","KENDALL","093","","","00000000","","CORN","CORN - ACRES PLANTED","TOTAL","NOT SPECIFIED","100,500",""
"SURVEY","1982","YEAR","","COUNTY","ILLINOIS","17","NORTHEAST","20","LA SALLE","099","","","00000000","","CORN","CORN - ACRES PLANTED","TOTAL","NOT SPECIFIED","317,000",""
"SURVEY","1982","YEAR","","COUNTY","ILLINOIS","17","NORTHEAST","20","LAKE","097","","","00000000","","CORN","CORN - ACRES PLANTED","TOTAL","NOT SPECIFIED","32,100",""
"SURVEY","1982","YEAR","","COUNTY","ILLINOIS","17","NORTHEAST","20","MCHENRY","111","","","00000000","","CORN","CORN - ACRES PLANTED","TOTAL","NOT SPECIFIED","138,400",""
"SURVEY","1982","YEAR","","COUNTY","ILLINOIS","17","NORTHEAST","20","WILL","197","","","00000000","","CORN","CORN - ACRES PLANTED","TOTAL","NOT SPECIFIED","163,500",""
"SURVEY","1982","YEAR","","COUNTY","ILLINOIS","17","NORTHWEST","10","BUREAU","011","","","00000000","","CORN","CORN - ACRES PLANTED","TOTAL","NOT SPECIFIED","301,200",""
"SURVEY","1982","YEAR","","COUNTY","ILLINOIS","17","NORTHWEST","10","CARROLL","015","","","00000000","","CORN","CORN - ACRES PLANTED","TOTAL","NOT SPECIFIED","164,100",""
"SURVEY","1982","YEAR","","COUNTY","ILLINOIS","17","NORTHWEST","10","HENRY","073","","","00000000","","CORN","CORN - ACRES PLANTED","TOTAL","NOT SPECIFIED","294,300",""
"SURVEY","1982","YEAR","","COUNTY","ILLINOIS","17","NORTHWEST","10","JO DAVIESS","085","","","00000000","","CORN","CORN - ACRES PLANTED","TOTAL","NOT SPECIFIED","107,500",""
"SURVEY","1982","YEAR","","COUNTY","ILLINOIS","17","NORTHWEST","10","LEE","103","","","00000000","","CORN","CORN - ACRES PLANTED","TOTAL","NOT SPECIFIED","241,600",""
"SURVEY","1982","YEAR","","COUNTY","ILLINOIS","17","NORTHWEST","10","MERCER","131","","","00000000","","CORN","CORN - ACRES PLANTED","TOTAL","NOT SPECIFIED","177,400",""
"SURVEY","1982","YEAR","","COUNTY","ILLINOIS","17","NORTHWEST","10","OGLE","141","","","00000000","","CORN","CORN - ACRES PLANTED","TOTAL","NOT SPECIFIED","251,400",""
"SURVEY","1982","YEAR","","COUNTY","ILLINOIS","17","NORTHWEST","10","PUTNAM","155","","","00000000","","CORN","CORN - ACRES PLANTED","TOTAL","NOT SPECIFIED","42,100",""
"SURVEY","1982","YEAR","","COUNTY","ILLINOIS","17","NORTHWEST","10","ROCK ISLAND","161","","","00000000","","CORN","CORN - ACRES PLANTED","TOTAL","NOT SPECIFIED","92,000",""
"SURVEY","1982","YEAR","","COUNTY","ILLINOIS","17","NORTHWEST","10","STEPHENSON","177","","","00000000","","CORN","CORN - ACRES PLANTED","TOTAL","NOT SPECIFIED","176,600",""
"SURVEY","1982","YEAR","","COUNTY","ILLINOIS","17","NORTHWEST","10","WHITESIDE","195","","","00000000","","CORN","CORN - ACRES PLANTED","TOTAL","NOT SPECIFIED","251,700",""
"SURVEY","1982","YEAR","","COUNTY","ILLINOIS","17","NORTHWEST","10","WINNEBAGO","201","","","00000000","","CORN","CORN - ACRES PLANTED","TOTAL","NOT SPECIFIED","117,600",""
"SURVEY","1982","YEAR","","COUNTY","ILLINOIS","17","SOUTHEAST","90","EDWARDS","047","","","00000000","","CORN","CORN - ACRES PLANTED","TOTAL","NOT SPECIFIED","40,000",""
"SURVEY","1982","YEAR","","COUNTY","ILLINOIS","17","SOUTHEAST","90","FRANKLIN","055","","","00000000","","CORN","CORN - ACRES PLANTED","TOTAL","NOT SPECIFIED","36,000",""
"SURVEY","1982","YEAR","","COUNTY","ILLINOIS","17","SOUTHEAST","90","GALLATIN","059","","","00000000","","CORN","CORN - ACRES PLANTED","TOTAL","NOT SPECIFIED","62,500",""
"SURVEY","1982","YEAR","","COUNTY","ILLINOIS","17","SOUTHEAST","90","HAMILTON","065","","","00000000","","CORN","CORN - ACRES PLANTED","TOTAL","NOT SPECIFIED","48,500",""
"SURVEY","1982","YEAR","","COUNTY","ILLINOIS","17","SOUTHEAST","90","HARDIN","069","","","00000000","","CORN","CORN - ACRES PLANTED","TOTAL","NOT SPECIFIED","3,600",""
"SURVEY","1982","YEAR","","COUNTY","ILLINOIS","17","SOUTHEAST","90","JEFFERSON","081","","","00000000","","CORN","CORN - ACRES PLANTED","TOTAL","NOT SPECIFIED","48,300",""
"SURVEY","1982","YEAR","","COUNTY","ILLINOIS","17","SOUTHEAST","90","MASSAC","127","","","00000000","","CORN","CORN - ACRES PLANTED","TOTAL","NOT SPECIFIED","23,000",""
"SURVEY","1982","YEAR","","COUNTY","ILLINOIS","17","SOUTHEAST","90","POPE","151","","","00000000","","CORN","CORN - ACRES PLANTED","TOTAL","NOT SPECIFIED","9,600",""
"SURVEY","1982","YEAR","","COUNTY","ILLINOIS","17","SOUTHEAST","90","SALINE","165","","","00000000","","CORN","CORN - ACRES PLANTED","TOTAL","NOT SPECIFIED","47,000",""
"SURVEY","1982","YEAR","","COUNTY","ILLINOIS","17","SOUTHEAST","90","WABASH","185","","","00000000","","CORN","CORN - ACRES PLANTED","TOTAL","NOT SPECIFIED","47,500",""
"SURVEY","1982","YEAR","","COUNTY","ILLINOIS","17","SOUTHEAST","90","WAYNE","191","","","00000000","","CORN","CORN - ACRES PLANTED","TOTAL","NOT SPECIFIED","88,700",""
"SURVEY","1982","YEAR","","COUNTY","ILLINOIS","17","SOUTHEAST","90","WHITE","193","","","00000000","","CORN","CORN - ACRES PLANTED","TOTAL","NOT SPECIFIED","87,100",""
"SURVEY","1982","YEAR","","COUNTY","ILLINOIS","17","SOUTHWEST","80","ALEXANDER","003","","","00000000","","CORN","CORN - ACRES PLANTED","TOTAL","NOT SPECIFIED","8,300",""
"SURVEY","1982","YEAR","","COUNTY","ILLINOIS","17","SOUTHWEST","80","CLINTON","027","","","00000000","","CORN","CORN - ACRES PLANTED","TOTAL","NOT SPECIFIED","72,000",""
"SURVEY","1982","YEAR","","COUNTY","ILLINOIS","17","SOUTHWEST","80","JACKSON","077","","","00000000","","CORN","CORN - ACRES PLANTED","TOTAL","NOT SPECIFIED","30,600",""
"SURVEY","1982","YEAR","","COUNTY","ILLINOIS","17","SOUTHWEST","80","JOHNSON","087","","","00000000","","CORN","CORN - ACRES PLANTED","TOTAL","NOT SPECIFIED","14,700",""
"SURVEY","1982","YEAR","","COUNTY","ILLINOIS","17","SOUTHWEST","80","MONROE","133","","","00000000","","CORN","CORN - ACRES PLANTED","TOTAL","NOT SPECIFIED","43,600",""
"SURVEY","1982","YEAR","","COUNTY","ILLINOIS","17","SOUTHWEST","80","PERRY","145","","","00000000","","CORN","CORN - ACRES PLANTED","TOTAL","NOT SPECIFIED","42,600",""
"SURVEY","1982","YEAR","","COUNTY","ILLINOIS","17","SOUTHWEST","80","PULASKI","153","","","00000000","","CORN","CORN - ACRES PLANTED","TOTAL","NOT SPECIFIED","9,800",""
"SURVEY","1982","YEAR","","COUNTY","ILLINOIS","17","SOUTHWEST","80","RANDOLPH","157","","","00000000","","CORN","CORN - ACRES PLANTED","TOTAL","NOT SPECIFIED","54,300",""
"SURVEY","1982","YEAR","","COUNTY","ILLINOIS","17","SOUTHWEST","80","ST CLAIR","163","","","00000000","","CORN","CORN - ACRES PLANTED","TOTAL","NOT SPECIFIED","68,100",""
"SURVEY","1982","YEAR","","COUNTY","ILLINOIS","17","SOUTHWEST","80","UNION","181","","","00000000","","CORN","CORN - ACRES PLANTED","TOTAL","NOT SPECIFIED","15,500",""
"SURVEY","1982","YEAR","","COUNTY","ILLINOIS","17","SOUTHWEST","80","WASHINGTON","189","","","00000000","","CORN","CORN - ACRES PLANTED","TOTAL","NOT SPECIFIED","74,700",""
"SURVEY","1982","YEAR","","COUNTY","ILLINOIS","17","SOUTHWEST","80","WILLIAMSON","199","","","00000000","","CORN","CORN - ACRES PLANTED","TOTAL","NOT SPECIFIED","17,800",""
"SURVEY","1982","YEAR","","COUNTY","ILLINOIS","17","WEST","30","ADAMS","001","","","00000000","","CORN","CORN - ACRES PLANTED","TOTAL","NOT SPECIFIED","125,000",""
"SURVEY","1982","YEAR","","COUNTY","ILLINOIS","17","WEST","30","BROWN","009","","","00000000","","CORN","CORN - ACRES PLANTED","TOTAL","NOT SPECIFIED","37,300",""
"SURVEY","1982","YEAR","","COUNTY","ILLINOIS","17","WEST","30","FULTON","057","","","00000000","","CORN","CORN - ACRES PLANTED","TOTAL","NOT SPECIFIED","145,800",""
"SURVEY","1982","YEAR","","COUNTY","ILLINOIS","17","WEST","30","HANCOCK","067","","","00000000","","CORN","CORN - ACRES PLANTED","TOTAL","NOT SPECIFIED","147,200",""
"SURVEY","1982","YEAR","","COUNTY","ILLINOIS","17","WEST","30","HENDERSON","071","","","00000000","","CORN","CORN - ACRES PLANTED","TOTAL","NOT SPECIFIED","106,900",""
"SURVEY","1982","YEAR","","COUNTY","ILLINOIS","17","WEST","30","KNOX","095","","","00000000","","CORN","CORN - ACRES PLANTED","TOTAL","NOT SPECIFIED","195,000",""
"SURVEY","1982","YEAR","","COUNTY","ILLINOIS","17","WEST","30","MCDONOUGH","109","","","00000000","","CORN","CORN - ACRES PLANTED","TOTAL","NOT SPECIFIED","142,700",""
"SURVEY","1982","YEAR","","COUNTY","ILLINOIS","17","WEST","30","SCHUYLER","169","","","00000000","","CORN","CORN - ACRES PLANTED","TOTAL","NOT SPECIFIED","56,100",""
"SURVEY","1982","YEAR","","COUNTY","ILLINOIS","17","WEST","30","WARREN","187","","","00000000","","CORN","CORN - ACRES PLANTED","TOTAL","NOT SPECIFIED","176,200",""
"SURVEY","1982","YEAR","","COUNTY","ILLINOIS","17","WEST SOUTHWEST","60","BOND","005","","","00000000","","CORN","CORN - ACRES PLANTED","TOTAL","NOT SPECIFIED","37,000",""
"SURVEY","1982","YEAR","","COUNTY","ILLINOIS","17","WEST SOUTHWEST","60","CALHOUN","013","","","00000000","","CORN","CORN - ACRES PLANTED","TOTAL","NOT SPECIFIED","22,200",""
"SURVEY","1982","YEAR","","COUNTY","ILLINOIS","17","WEST SOUTHWEST","60","CASS","017","","","00000000","","CORN","CORN - ACRES PLANTED","TOTAL","NOT SPECIFIED","82,200",""
"SURVEY","1982","YEAR","","COUNTY","ILLINOIS","17","WEST SOUTHWEST","60","CHRISTIAN","021","","","00000000","","CORN","CORN - ACRES PLANTED","TOTAL","NOT SPECIFIED","182,000",""
"SURVEY","1982","YEAR","","COUNTY","ILLINOIS","17","WEST SOUTHWEST","60","GREENE","061","","","00000000","","CORN","CORN - ACRES PLANTED","TOTAL","NOT SPECIFIED","94,700",""
"SURVEY","1982","YEAR","","COUNTY","ILLINOIS","17","WEST SOUTHWEST","60","JERSEY","083","","","00000000","","CORN","CORN - ACRES PLANTED","TOTAL","NOT SPECIFIED","49,500",""
"SURVEY","1982","YEAR","","COUNTY","ILLINOIS","17","WEST SOUTHWEST","60","MACOUPIN","117","","","00000000","","CORN","CORN - ACRES PLANTED","TOTAL","NOT SPECIFIED","141,100",""
"SURVEY","1982","YEAR","","COUNTY","ILLINOIS","17","WEST SOUTHWEST","60","MADISON","119","","","00000000","","CORN","CORN - ACRES PLANTED","TOTAL","NOT SPECIFIED","72,600",""
"SURVEY","1982","YEAR","","COUNTY","ILLINOIS","17","WEST SOUTHWEST","60","MONTGOMERY","135","","","00000000","","CORN","CORN - ACRES PLANTED","TOTAL","NOT SPECIFIED","127,500",""
"SURVEY","1982","YEAR","","COUNTY","ILLINOIS","17","WEST SOUTHWEST","60","MORGAN","137","","","00000000","","CORN","CORN - ACRES PLANTED","TOTAL","NOT SPECIFIED","131,600",""
"SURVEY","1982","YEAR","","COUNTY","ILLINOIS","17","WEST SOUTHWEST","60","PIKE","149","","","00000000","","CORN","CORN - ACRES PLANTED","TOTAL","NOT SPECIFIED","127,000",""
"SURVEY","1982","YEAR","","COUNTY","ILLINOIS","17","WEST SOUTHWEST","60","SANGAMON","167","","","00000000","","CORN","CORN - ACRES PLANTED","TOTAL","NOT SPECIFIED","211,700",""
"SURVEY","1982","YEAR","","COUNTY","ILLINOIS","17","WEST SOUTHWEST","60","SCOTT","171","","","00000000","","CORN","CORN - ACRES PLANTED","TOTAL","NOT SPECIFIED","49,100",""
"SURVEY","1981","YEAR","","COUNTY","ILLINOIS","17","CENTRAL","40","DE WITT","039","","","00000000","","CORN","CORN - ACRES PLANTED","TOTAL","NOT SPECIFIED","107,600",""
"SURVEY","1981","YEAR","","COUNTY","ILLINOIS","17","CENTRAL","40","LOGAN","107","","","00000000","","CORN","CORN - ACRES PLANTED","TOTAL","NOT SPECIFIED","185,600",""
"SURVEY","1981","YEAR","","COUNTY","ILLINOIS","17","CENTRAL","40","MACON","115","","","00000000","","CORN","CORN - ACRES PLANTED","TOTAL","NOT SPECIFIED","160,700",""
"SURVEY","1981","YEAR","","COUNTY","ILLINOIS","17","CENTRAL","40","MARSHALL","123","","","00000000","","CORN","CORN - ACRES PLANTED","TOTAL","NOT SPECIFIED","102,700",""
"SURVEY","1981","YEAR","","COUNTY","ILLINOIS","17","CENTRAL","40","MASON","125","","","00000000","","CORN","CORN - ACRES PLANTED","TOTAL","NOT SPECIFIED","119,900",""
"SURVEY","1981","YEAR","","COUNTY","ILLINOIS","17","CENTRAL","40","MCLEAN","113","","","00000000","","CORN","CORN - ACRES PLANTED","TOTAL","NOT SPECIFIED","384,000",""
"SURVEY","1981","YEAR","","COUNTY","ILLINOIS","17","CENTRAL","40","MENARD","129","","","00000000","","CORN","CORN - ACRES PLANTED","TOTAL","NOT SPECIFIED","82,600",""
"SURVEY","1981","YEAR","","COUNTY","ILLINOIS","17","CENTRAL","40","PEORIA","143","","","00000000","","CORN","CORN - ACRES PLANTED","TOTAL","NOT SPECIFIED","134,700",""
"SURVEY","1981","YEAR","","COUNTY","ILLINOIS","17","CENTRAL","40","STARK","175","","","00000000","","CORN","CORN - ACRES PLANTED","TOTAL","NOT SPECIFIED","108,100",""
"SURVEY","1981","YEAR","","COUNTY","ILLINOIS","17","CENTRAL","40","TAZEWELL","179","","","00000000","","CORN","CORN - ACRES PLANTED","TOTAL","NOT SPECIFIED","184,100",""
"SURVEY","1981","YEAR","","COUNTY","ILLINOIS","17","CENTRAL","40","WOODFORD","203","","","00000000","","CORN","CORN - ACRES PLANTED","TOTAL","NOT SPECIFIED","157,300",""
"SURVEY","1981","YEAR","","COUNTY","ILLINOIS","17","EAST","50","CHAMPAIGN","019","","","00000000","","CORN","CORN - ACRES PLANTED","TOTAL","NOT SPECIFIED","294,100",""
"SURVEY","1981","YEAR","","COUNTY","ILLINOIS","17","EAST","50","FORD","053","","","00000000","","CORN","CORN - ACRES PLANTED","TOTAL","NOT SPECIFIED","147,300",""
"SURVEY","1981","YEAR","","COUNTY","ILLINOIS","17","EAST","50","IROQUOIS","075","","","00000000","","CORN","CORN - ACRES PLANTED","TOTAL","NOT SPECIFIED","337,700",""
"SURVEY","1981","YEAR","","COUNTY","ILLINOIS","17","EAST","50","KANKAKEE","091","","","00000000","","CORN","CORN - ACRES PLANTED","TOTAL","NOT SPECIFIED","204,400",""
"SURVEY","1981","YEAR","","COUNTY","ILLINOIS","17","EAST","50","LIVINGSTON","105","","","00000000","","CORN","CORN - ACRES PLANTED","TOTAL","NOT SPECIFIED","305,000",""
"SURVEY","1981","YEAR","","COUNTY","ILLINOIS","17","EAST","50","PIATT","147","","","00000000","","CORN","CORN - ACRES PLANTED","TOTAL","NOT SPECIFIED","143,200",""
"SURVEY","1981","YEAR","","COUNTY","ILLINOIS","17","EAST","50","VERMILION","183","","","00000000","","CORN","CORN - ACRES PLANTED","TOTAL","NOT SPECIFIED","227,000",""
"SURVEY","1981","YEAR","","COUNTY","ILLINOIS","17","EAST SOUTHEAST","70","CLARK","023","","","00000000","","CORN","CORN - ACRES PLANTED","TOTAL","NOT SPECIFIED","70,600",""
"SURVEY","1981","YEAR","","COUNTY","ILLINOIS","17","EAST SOUTHEAST","70","CLAY","025","","","00000000","","CORN","CORN - ACRES PLANTED","TOTAL","NOT SPECIFIED","41,900",""
"SURVEY","1981","YEAR","","COUNTY","ILLINOIS","17","EAST SOUTHEAST","70","COLES","029","","","00000000","","CORN","CORN - ACRES PLANTED","TOTAL","NOT SPECIFIED","116,100",""
"SURVEY","1981","YEAR","","COUNTY","ILLINOIS","17","EAST SOUTHEAST","70","CRAWFORD","033","","","00000000","","CORN","CORN - ACRES PLANTED","TOTAL","NOT SPECIFIED","68,900",""
"SURVEY","1981","YEAR","","COUNTY","ILLINOIS","17","EAST SOUTHEAST","70","CUMBERLAND","035","","","00000000","","CORN","CORN - ACRES PLANTED","TOTAL","NOT SPECIFIED","45,600",""
"SURVEY","1981","YEAR","","COUNTY","ILLINOIS","17","EAST SOUTHEAST","70","DOUGLAS","041","","","00000000","","CORN","CORN - ACRES PLANTED","TOTAL","NOT SPECIFIED","132,300",""
"SURVEY","1981","YEAR","","COUNTY","ILLINOIS","17","EAST SOUTHEAST","70","EDGAR","045","","","00000000","","CORN","CORN - ACRES PLANTED","TOTAL","NOT SPECIFIED","162,900",""
"SURVEY","1981","YEAR","","COUNTY","ILLINOIS","17","EAST SOUTHEAST","70","EFFINGHAM","049","","","00000000","","CORN","CORN - ACRES PLANTED","TOTAL","NOT SPECIFIED","76,100",""
"SURVEY","1981","YEAR","","COUNTY","ILLINOIS","17","EAST SOUTHEAST","70","FAYETTE","051","","","00000000","","CORN","CORN - ACRES PLANTED","TOTAL","NOT SPECIFIED","68,200",""
"SURVEY","1981","YEAR","","COUNTY","ILLINOIS","17","EAST SOUTHEAST","70","JASPER","079","","","00000000","","CORN","CORN - ACRES PLANTED","TOTAL","NOT SPECIFIED","75,200",""
"SURVEY","1981","YEAR","","COUNTY","ILLINOIS","17","EAST SOUTHEAST","70","LAWRENCE","101","","","00000000","","CORN","CORN - ACRES PLANTED","TOTAL","NOT SPECIFIED","80,700",""
"SURVEY","1981","YEAR","","COUNTY","ILLINOIS","17","EAST SOUTHEAST","70","MARION","121","","","00000000","","CORN","CORN - ACRES PLANTED","TOTAL","NOT SPECIFIED","45,900",""
"SURVEY","1981","YEAR","","COUNTY","ILLINOIS","17","EAST SOUTHEAST","70","MOULTRIE","139","","","00000000","","CORN","CORN - ACRES PLANTED","TOTAL","NOT SPECIFIED","86,500",""
"SURVEY","1981","YEAR","","COUNTY","ILLINOIS","17","EAST SOUTHEAST","70","RICHLAND","159","","","00000000","","CORN","CORN - ACRES PLANTED","TOTAL","NOT SPECIFIED","61,600",""
"SURVEY","1981","YEAR","","COUNTY","ILLINOIS","17","EAST SOUTHEAST","70","SHELBY","173","","","00000000","","CORN","CORN - ACRES PLANTED","TOTAL","NOT SPECIFIED","152,900",""
"SURVEY","1981","YEAR","","COUNTY","ILLINOIS","17","NORTHEAST","20","BOONE","007","","","00000000","","CORN","CORN - ACRES PLANTED","TOTAL","NOT SPECIFIED","87,700",""
"SURVEY","1981","YEAR","","COUNTY","ILLINOIS","17","NORTHEAST","20","COOK","031","","","00000000","","CORN","CORN - ACRES PLANTED","TOTAL","NOT SPECIFIED","16,000",""
"SURVEY","1981","YEAR","","COUNTY","ILLINOIS","17","NORTHEAST","20","DE KALB","037","","","00000000","","CORN","CORN - ACRES PLANTED","TOTAL","NOT SPECIFIED","230,800",""
"SURVEY","1981","YEAR","","COUNTY","ILLINOIS","17","NORTHEAST","20","DU PAGE","043","","","00000000","","CORN","CORN - ACRES PLANTED","TOTAL","NOT SPECIFIED","15,100",""
"SURVEY","1981","YEAR","","COUNTY","ILLINOIS","17","NORTHEAST","20","GRUNDY","063","","","00000000","","CORN","CORN - ACRES PLANTED","TOTAL","NOT SPECIFIED","119,700",""
"SURVEY","1981","YEAR","","COUNTY","ILLINOIS","17","NORTHEAST","20","KANE","089","","","00000000","","CORN","CORN - ACRES PLANTED","TOTAL","NOT SPECIFIED","118,200",""
"SURVEY","1981","YEAR","","COUNTY","ILLINOIS","17","NORTHEAST","20","KENDALL","093","","","00000000","","CORN","CORN - ACRES PLANTED","TOTAL","NOT SPECIFIED","99,300",""
"SURVEY","1981","YEAR","","COUNTY","ILLINOIS","17","NORTHEAST","20","LA SALLE","099","","","00000000","","CORN","CORN - ACRES PLANTED","TOTAL","NOT SPECIFIED","322,900",""
"SURVEY","1981","YEAR","","COUNTY","ILLINOIS","17","NORTHEAST","20","LAKE","097","","","00000000","","CORN","CORN - ACRES PLANTED","TOTAL","NOT SPECIFIED","27,100",""
"SURVEY","1981","YEAR","","COUNTY","ILLINOIS","17","NORTHEAST","20","MCHENRY","111","","","00000000","","CORN","CORN - ACRES PLANTED","TOTAL","NOT SPECIFIED","145,300",""
"SURVEY","1981","YEAR","","COUNTY","ILLINOIS","17","NORTHEAST","20","WILL","197","","","00000000","","CORN","CORN - ACRES PLANTED","TOTAL","NOT SPECIFIED","162,200",""
"SURVEY","1981","YEAR","","COUNTY","ILLINOIS","17","NORTHWEST","10","BUREAU","011","","","00000000","","CORN","CORN - ACRES PLANTED","TOTAL","NOT SPECIFIED","303,900",""
"SURVEY","1981","YEAR","","COUNTY","ILLINOIS","17","NORTHWEST","10","CARROLL","015","","","00000000","","CORN","CORN - ACRES PLANTED","TOTAL","NOT SPECIFIED","154,700",""
"SURVEY","1981","YEAR","","COUNTY","ILLINOIS","17","NORTHWEST","10","HENRY","073","","","00000000","","CORN","CORN - ACRES PLANTED","TOTAL","NOT SPECIFIED","287,300",""
"SURVEY","1981","YEAR","","COUNTY","ILLINOIS","17","NORTHWEST","10","JO DAVIESS","085","","","00000000","","CORN","CORN - ACRES PLANTED","TOTAL","NOT SPECIFIED","100,700",""
"SURVEY","1981","YEAR","","COUNTY","ILLINOIS","17","NORTHWEST","10","LEE","103","","","00000000","","CORN","CORN - ACRES PLANTED","TOTAL","NOT SPECIFIED","235,600",""
"SURVEY","1981","YEAR","","COUNTY","ILLINOIS","17","NORTHWEST","10","MERCER","131","","","00000000","","CORN","CORN - ACRES PLANTED","TOTAL","NOT SPECIFIED","179,100",""
"SURVEY","1981","YEAR","","COUNTY","ILLINOIS","17","NORTHWEST","10","OGLE","141","","","00000000","","CORN","CORN - ACRES PLANTED","TOTAL","NOT SPECIFIED","255,300",""
"SURVEY","1981","YEAR","","COUNTY","ILLINOIS","17","NORTHWEST","10","PUTNAM","155","","","00000000","","CORN","CORN - ACRES PLANTED","TOTAL","NOT SPECIFIED","41,200",""
"SURVEY","1981","YEAR","","COUNTY","ILLINOIS","17","NORTHWEST","10","ROCK ISLAND","161","","","00000000","","CORN","CORN - ACRES PLANTED","TOTAL","NOT SPECIFIED","94,600",""
"SURVEY","1981","YEAR","","COUNTY","ILLINOIS","17","NORTHWEST","10","STEPHENSON","177","","","00000000","","CORN","CORN - ACRES PLANTED","TOTAL","NOT SPECIFIED","180,000",""
"SURVEY","1981","YEAR","","COUNTY","ILLINOIS","17","NORTHWEST","10","WHITESIDE","195","","","00000000","","CORN","CORN - ACRES PLANTED","TOTAL","NOT SPECIFIED","254,300",""
"SURVEY","1981","YEAR","","COUNTY","ILLINOIS","17","NORTHWEST","10","WINNEBAGO","201","","","00000000","","CORN","CORN - ACRES PLANTED","TOTAL","NOT SPECIFIED","118,200",""
"SURVEY","1981","YEAR","","COUNTY","ILLINOIS","17","SOUTHEAST","90","EDWARDS","047","","","00000000","","CORN","CORN - ACRES PLANTED","TOTAL","NOT SPECIFIED","46,100",""
"SURVEY","1981","YEAR","","COUNTY","ILLINOIS","17","SOUTHEAST","90","FRANKLIN","055","","","00000000","","CORN","CORN - ACRES PLANTED","TOTAL","NOT SPECIFIED","31,000",""
"SURVEY","1981","YEAR","","COUNTY","ILLINOIS","17","SOUTHEAST","90","GALLATIN","059","","","00000000","","CORN","CORN - ACRES PLANTED","TOTAL","NOT SPECIFIED","62,700",""
"SURVEY","1981","YEAR","","COUNTY","ILLINOIS","17","SOUTHEAST","90","HAMILTON","065","","","00000000","","CORN","CORN - ACRES PLANTED","TOTAL","NOT SPECIFIED","50,600",""
"SURVEY","1981","YEAR","","COUNTY","ILLINOIS","17","SOUTHEAST","90","HARDIN","069","","","00000000","","CORN","CORN - ACRES PLANTED","TOTAL","NOT SPECIFIED","3,600",""
"SURVEY","1981","YEAR","","COUNTY","ILLINOIS","17","SOUTHEAST","90","JEFFERSON","081","","","00000000","","CORN","CORN - ACRES PLANTED","TOTAL","NOT SPECIFIED","40,900",""
"SURVEY","1981","YEAR","","COUNTY","ILLINOIS","17","SOUTHEAST","90","MASSAC","127","","","00000000","","CORN","CORN - ACRES PLANTED","TOTAL","NOT SPECIFIED","23,200",""
"SURVEY","1981","YEAR","","COUNTY","ILLINOIS","17","SOUTHEAST","90","POPE","151","","","00000000","","CORN","CORN - ACRES PLANTED","TOTAL","NOT SPECIFIED","11,200",""
"SURVEY","1981","YEAR","","COUNTY","ILLINOIS","17","SOUTHEAST","90","SALINE","165","","","00000000","","CORN","CORN - ACRES PLANTED","TOTAL","NOT SPECIFIED","43,100",""
"SURVEY","1981","YEAR","","COUNTY","ILLINOIS","17","SOUTHEAST","90","WABASH","185","","","00000000","","CORN","CORN - ACRES PLANTED","TOTAL","NOT SPECIFIED","54,700",""
"SURVEY","1981","YEAR","","COUNTY","ILLINOIS","17","SOUTHEAST","90","WAYNE","191","","","00000000","","CORN","CORN - ACRES PLANTED","TOTAL","NOT SPECIFIED","78,400",""
"SURVEY","1981","YEAR","","COUNTY","ILLINOIS","17","SOUTHEAST","90","WHITE","193","","","00000000","","CORN","CORN - ACRES PLANTED","TOTAL","NOT SPECIFIED","88,400",""
"SURVEY","1981","YEAR","","COUNTY","ILLINOIS","17","SOUTHWEST","80","ALEXANDER","003","","","00000000","","CORN","CORN - ACRES PLANTED","TOTAL","NOT SPECIFIED","9,300",""
"SURVEY","1981","YEAR","","COUNTY","ILLINOIS","17","SOUTHWEST","80","CLINTON","027","","","00000000","","CORN","CORN - ACRES PLANTED","TOTAL","NOT SPECIFIED","70,000",""
"SURVEY","1981","YEAR","","COUNTY","ILLINOIS","17","SOUTHWEST","80","JACKSON","077","","","00000000","","CORN","CORN - ACRES PLANTED","TOTAL","NOT SPECIFIED","24,700",""
"SURVEY","1981","YEAR","","COUNTY","ILLINOIS","17","SOUTHWEST","80","JOHNSON","087","","","00000000","","CORN","CORN - ACRES PLANTED","TOTAL","NOT SPECIFIED","13,400",""
"SURVEY","1981","YEAR","","COUNTY","ILLINOIS","17","SOUTHWEST","80","MONROE","133","","","00000000","","CORN","CORN - ACRES PLANTED","TOTAL","NOT SPECIFIED","46,900",""
"SURVEY","1981","YEAR","","COUNTY","ILLINOIS","17","SOUTHWEST","80","PERRY","145","","","00000000","","CORN","CORN - ACRES PLANTED","TOTAL","NOT SPECIFIED","37,400",""
"SURVEY","1981","YEAR","","COUNTY","ILLINOIS","17","SOUTHWEST","80","PULASKI","153","","","00000000","","CORN","CORN - ACRES PLANTED","TOTAL","NOT SPECIFIED","9,300",""
"SURVEY","1981","YEAR","","COUNTY","ILLINOIS","17","SOUTHWEST","80","RANDOLPH","157","","","00000000","","CORN","CORN - ACRES PLANTED","TOTAL","NOT SPECIFIED","49,400",""
"SURVEY","1981","YEAR","","COUNTY","ILLINOIS","17","SOUTHWEST","80","ST CLAIR","163","","","00000000","","CORN","CORN - ACRES PLANTED","TOTAL","NOT SPECIFIED","65,400",""
"SURVEY","1981","YEAR","","COUNTY","ILLINOIS","17","SOUTHWEST","80","UNION","181","","","00000000","","CORN","CORN - ACRES PLANTED","TOTAL","NOT SPECIFIED","12,000",""
"SURVEY","1981","YEAR","","COUNTY","ILLINOIS","17","SOUTHWEST","80","WASHINGTON","189","","","00000000","","CORN","CORN - ACRES PLANTED","TOTAL","NOT SPECIFIED","58,900",""
"SURVEY","1981","YEAR","","COUNTY","ILLINOIS","17","SOUTHWEST","80","WILLIAMSON","199","","","00000000","","CORN","CORN - ACRES PLANTED","TOTAL","NOT SPECIFIED","14,600",""
"SURVEY","1981","YEAR","","COUNTY","ILLINOIS","17","WEST","30","ADAMS","001","","","00000000","","CORN","CORN - ACRES PLANTED","TOTAL","NOT SPECIFIED","126,100",""
"SURVEY","1981","YEAR","","COUNTY","ILLINOIS","17","WEST","30","BROWN","009","","","00000000","","CORN","CORN - ACRES PLANTED","TOTAL","NOT SPECIFIED","39,200",""
"SURVEY","1981","YEAR","","COUNTY","ILLINOIS","17","WEST","30","FULTON","057","","","00000000","","CORN","CORN - ACRES PLANTED","TOTAL","NOT SPECIFIED","134,200",""
"SURVEY","1981","YEAR","","COUNTY","ILLINOIS","17","WEST","30","HANCOCK","067","","","00000000","","CORN","CORN - ACRES PLANTED","TOTAL","NOT SPECIFIED","144,000",""
"SURVEY","1981","YEAR","","COUNTY","ILLINOIS","17","WEST","30","HENDERSON","071","","","00000000","","CORN","CORN - ACRES PLANTED","TOTAL","NOT SPECIFIED","110,100",""
"SURVEY","1981","YEAR","","COUNTY","ILLINOIS","17","WEST","30","KNOX","095","","","00000000","","CORN","CORN - ACRES PLANTED","TOTAL","NOT SPECIFIED","196,700",""
"SURVEY","1981","YEAR","","COUNTY","ILLINOIS","17","WEST","30","MCDONOUGH","109","","","00000000","","CORN","CORN - ACRES PLANTED","TOTAL","NOT SPECIFIED","146,300",""
"SURVEY","1981","YEAR","","COUNTY","ILLINOIS","17","WEST","30","SCHUYLER","169","","","00000000","","CORN","CORN - ACRES PLANTED","TOTAL","NOT SPECIFIED","56,800",""
"SURVEY","1981","YEAR","","COUNTY","ILLINOIS","17","WEST","30","WARREN","187","","","00000000","","CORN","CORN - ACRES PLANTED","TOTAL","NOT SPECIFIED","181,400",""
"SURVEY","1981","YEAR","","COUNTY","ILLINOIS","17","WEST SOUTHWEST","60","BOND","005","","","00000000","","CORN","CORN - ACRES PLANTED","TOTAL","NOT SPECIFIED","34,700",""
"SURVEY","1981","YEAR","","COUNTY","ILLINOIS","17","WEST SOUTHWEST","60","CALHOUN","013","","","00000000","","CORN","CORN - ACRES PLANTED","TOTAL","NOT SPECIFIED","21,900",""
"SURVEY","1981","YEAR","","COUNTY","ILLINOIS","17","WEST SOUTHWEST","60","CASS","017","","","00000000","","CORN","CORN - ACRES PLANTED","TOTAL","NOT SPECIFIED","73,900",""
"SURVEY","1981","YEAR","","COUNTY","ILLINOIS","17","WEST SOUTHWEST","60","CHRISTIAN","021","","","00000000","","CORN","CORN - ACRES PLANTED","TOTAL","NOT SPECIFIED","185,500",""
"SURVEY","1981","YEAR","","COUNTY","ILLINOIS","17","WEST SOUTHWEST","60","GREENE","061","","","00000000","","CORN","CORN - ACRES PLANTED","TOTAL","NOT SPECIFIED","96,000",""
"SURVEY","1981","YEAR","","COUNTY","ILLINOIS","17","WEST SOUTHWEST","60","JERSEY","083","","","00000000","","CORN","CORN - ACRES PLANTED","TOTAL","NOT SPECIFIED","46,600",""
"SURVEY","1981","YEAR","","COUNTY","ILLINOIS","17","WEST SOUTHWEST","60","MACOUPIN","117","","","00000000","","CORN","CORN - ACRES PLANTED","TOTAL","NOT SPECIFIED","139,700",""
"SURVEY","1981","YEAR","","COUNTY","ILLINOIS","17","WEST SOUTHWEST","60","MADISON","119","","","00000000","","CORN","CORN - ACRES PLANTED","TOTAL","NOT SPECIFIED","72,300",""
"SURVEY","1981","YEAR","","COUNTY","ILLINOIS","17","WEST SOUTHWEST","60","MONTGOMERY","135","","","00000000","","CORN","CORN - ACRES PLANTED","TOTAL","NOT SPECIFIED","124,500",""
"SURVEY","1981","YEAR","","COUNTY","ILLINOIS","17","WEST SOUTHWEST","60","MORGAN","137","","","00000000","","CORN","CORN - ACRES PLANTED","TOTAL","NOT SPECIFIED","126,900",""
"SURVEY","1981","YEAR","","COUNTY","ILLINOIS","17","WEST SOUTHWEST","60","PIKE","149","","","00000000","","CORN","CORN - ACRES PLANTED","TOTAL","NOT SPECIFIED","123,500",""
"SURVEY","1981","YEAR","","COUNTY","ILLINOIS","17","WEST SOUTHWEST","60","SANGAMON","167","","","00000000","","CORN","CORN - ACRES PLANTED","TOTAL","NOT SPECIFIED","209,700",""
"SURVEY","1981","YEAR","","COUNTY","ILLINOIS","17","WEST SOUTHWEST","60","SCOTT","171","","","00000000","","CORN","CORN - ACRES PLANTED","TOTAL","NOT SPECIFIED","44,200",""
"SURVEY","1980","YEAR","","COUNTY","ILLINOIS","17","CENTRAL","40","DE WITT","039","","","00000000","","CORN","CORN - ACRES PLANTED","TOTAL","NOT SPECIFIED","113,200",""
"SURVEY","1980","YEAR","","COUNTY","ILLINOIS","17","CENTRAL","40","LOGAN","107","","","00000000","","CORN","CORN - ACRES PLANTED","TOTAL","NOT SPECIFIED","188,400",""
"SURVEY","1980","YEAR","","COUNTY","ILLINOIS","17","CENTRAL","40","MACON","115","","","00000000","","CORN","CORN - ACRES PLANTED","TOTAL","NOT SPECIFIED","165,300",""
"SURVEY","1980","YEAR","","COUNTY","ILLINOIS","17","CENTRAL","40","MARSHALL","123","","","00000000","","CORN","CORN - ACRES PLANTED","TOTAL","NOT SPECIFIED","106,200",""
"SURVEY","1980","YEAR","","COUNTY","ILLINOIS","17","CENTRAL","40","MASON","125","","","00000000","","CORN","CORN - ACRES PLANTED","TOTAL","NOT SPECIFIED","126,300",""
"SURVEY","1980","YEAR","","COUNTY","ILLINOIS","17","CENTRAL","40","MCLEAN","113","","","00000000","","CORN","CORN - ACRES PLANTED","TOTAL","NOT SPECIFIED","386,900",""
"SURVEY","1980","YEAR","","COUNTY","ILLINOIS","17","CENTRAL","40","MENARD","129","","","00000000","","CORN","CORN - ACRES PLANTED","TOTAL","NOT SPECIFIED","83,700",""
"SURVEY","1980","YEAR","","COUNTY","ILLINOIS","17","CENTRAL","40","PEORIA","143","","","00000000","","CORN","CORN - ACRES PLANTED","TOTAL","NOT SPECIFIED","140,300",""
"SURVEY","1980","YEAR","","COUNTY","ILLINOIS","17","CENTRAL","40","STARK","175","","","00000000","","CORN","CORN - ACRES PLANTED","TOTAL","NOT SPECIFIED","108,200",""
"SURVEY","1980","YEAR","","COUNTY","ILLINOIS","17","CENTRAL","40","TAZEWELL","179","","","00000000","","CORN","CORN - ACRES PLANTED","TOTAL","NOT SPECIFIED","185,400",""
"SURVEY","1980","YEAR","","COUNTY","ILLINOIS","17","CENTRAL","40","WOODFORD","203","","","00000000","","CORN","CORN - ACRES PLANTED","TOTAL","NOT SPECIFIED","159,800",""
"SURVEY","1980","YEAR","","COUNTY","ILLINOIS","17","EAST","50","CHAMPAIGN","019","","","00000000","","CORN","CORN - ACRES PLANTED","TOTAL","NOT SPECIFIED","309,700",""
"SURVEY","1980","YEAR","","COUNTY","ILLINOIS","17","EAST","50","FORD","053","","","00000000","","CORN","CORN - ACRES PLANTED","TOTAL","NOT SPECIFIED","144,800",""
"SURVEY","1980","YEAR","","COUNTY","ILLINOIS","17","EAST","50","IROQUOIS","075","","","00000000","","CORN","CORN - ACRES PLANTED","TOTAL","NOT SPECIFIED","348,800",""
"SURVEY","1980","YEAR","","COUNTY","ILLINOIS","17","EAST","50","KANKAKEE","091","","","00000000","","CORN","CORN - ACRES PLANTED","TOTAL","NOT SPECIFIED","210,400",""
"SURVEY","1980","YEAR","","COUNTY","ILLINOIS","17","EAST","50","LIVINGSTON","105","","","00000000","","CORN","CORN - ACRES PLANTED","TOTAL","NOT SPECIFIED","308,600",""
"SURVEY","1980","YEAR","","COUNTY","ILLINOIS","17","EAST","50","PIATT","147","","","00000000","","CORN","CORN - ACRES PLANTED","TOTAL","NOT SPECIFIED","155,300",""
"SURVEY","1980","YEAR","","COUNTY","ILLINOIS","17","EAST","50","VERMILION","183","","","00000000","","CORN","CORN - ACRES PLANTED","TOTAL","NOT SPECIFIED","236,000",""
"SURVEY","1980","YEAR","","COUNTY","ILLINOIS","17","EAST SOUTHEAST","70","CLARK","023","","","00000000","","CORN","CORN - ACRES PLANTED","TOTAL","NOT SPECIFIED","83,600",""
"SURVEY","1980","YEAR","","COUNTY","ILLINOIS","17","EAST SOUTHEAST","70","CLAY","025","","","00000000","","CORN","CORN - ACRES PLANTED","TOTAL","NOT SPECIFIED","46,500",""
"SURVEY","1980","YEAR","","COUNTY","ILLINOIS","17","EAST SOUTHEAST","70","COLES","029","","","00000000","","CORN","CORN - ACRES PLANTED","TOTAL","NOT SPECIFIED","120,100",""
"SURVEY","1980","YEAR","","COUNTY","ILLINOIS","17","EAST SOUTHEAST","70","CRAWFORD","033","","","00000000","","CORN","CORN - ACRES PLANTED","TOTAL","NOT SPECIFIED","71,100",""
"SURVEY","1980","YEAR","","COUNTY","ILLINOIS","17","EAST SOUTHEAST","70","CUMBERLAND","035","","","00000000","","CORN","CORN - ACRES PLANTED","TOTAL","NOT SPECIFIED","51,600",""
"SURVEY","1980","YEAR","","COUNTY","ILLINOIS","17","EAST SOUTHEAST","70","DOUGLAS","041","","","00000000","","CORN","CORN - ACRES PLANTED","TOTAL","NOT SPECIFIED","135,100",""
"SURVEY","1980","YEAR","","COUNTY","ILLINOIS","17","EAST SOUTHEAST","70","EDGAR","045","","","00000000","","CORN","CORN - ACRES PLANTED","TOTAL","NOT SPECIFIED","176,000",""
"SURVEY","1980","YEAR","","COUNTY","ILLINOIS","17","EAST SOUTHEAST","70","EFFINGHAM","049","","","00000000","","CORN","CORN - ACRES PLANTED","TOTAL","NOT SPECIFIED","83,100",""
"SURVEY","1980","YEAR","","COUNTY","ILLINOIS","17","EAST SOUTHEAST","70","FAYETTE","051","","","00000000","","CORN","CORN - ACRES PLANTED","TOTAL","NOT SPECIFIED","66,600",""
"SURVEY","1980","YEAR","","COUNTY","ILLINOIS","17","EAST SOUTHEAST","70","JASPER","079","","","00000000","","CORN","CORN - ACRES PLANTED","TOTAL","NOT SPECIFIED","76,100",""
"SURVEY","1980","YEAR","","COUNTY","ILLINOIS","17","EAST SOUTHEAST","70","LAWRENCE","101","","","00000000","","CORN","CORN - ACRES PLANTED","TOTAL","NOT SPECIFIED","81,100",""
"SURVEY","1980","YEAR","","COUNTY","ILLINOIS","17","EAST SOUTHEAST","70","MARION","121","","","00000000","","CORN","CORN - ACRES PLANTED","TOTAL","NOT SPECIFIED","48,100",""
"SURVEY","1980","YEAR","","COUNTY","ILLINOIS","17","EAST SOUTHEAST","70","MOULTRIE","139","","","00000000","","CORN","CORN - ACRES PLANTED","TOTAL","NOT SPECIFIED","90,100",""
"SURVEY","1980","YEAR","","COUNTY","ILLINOIS","17","EAST SOUTHEAST","70","RICHLAND","159","","","00000000","","CORN","CORN - ACRES PLANTED","TOTAL","NOT SPECIFIED","60,100",""
"SURVEY","1980","YEAR","","COUNTY","ILLINOIS","17","EAST SOUTHEAST","70","SHELBY","173","","","00000000","","CORN","CORN - ACRES PLANTED","TOTAL","NOT SPECIFIED","157,200",""
"SURVEY","1980","YEAR","","COUNTY","ILLINOIS","17","NORTHEAST","20","BOONE","007","","","00000000","","CORN","CORN - ACRES PLANTED","TOTAL","NOT SPECIFIED","80,100",""
"SURVEY","1980","YEAR","","COUNTY","ILLINOIS","17","NORTHEAST","20","COOK","031","","","00000000","","CORN","CORN - ACRES PLANTED","TOTAL","NOT SPECIFIED","16,500",""
"SURVEY","1980","YEAR","","COUNTY","ILLINOIS","17","NORTHEAST","20","DE KALB","037","","","00000000","","CORN","CORN - ACRES PLANTED","TOTAL","NOT SPECIFIED","214,200",""
"SURVEY","1980","YEAR","","COUNTY","ILLINOIS","17","NORTHEAST","20","DU PAGE","043","","","00000000","","CORN","CORN - ACRES PLANTED","TOTAL","NOT SPECIFIED","18,000",""
"SURVEY","1980","YEAR","","COUNTY","ILLINOIS","17","NORTHEAST","20","GRUNDY","063","","","00000000","","CORN","CORN - ACRES PLANTED","TOTAL","NOT SPECIFIED","115,100",""
"SURVEY","1980","YEAR","","COUNTY","ILLINOIS","17","NORTHEAST","20","KANE","089","","","00000000","","CORN","CORN - ACRES PLANTED","TOTAL","NOT SPECIFIED","120,100",""
"SURVEY","1980","YEAR","","COUNTY","ILLINOIS","17","NORTHEAST","20","KENDALL","093","","","00000000","","CORN","CORN - ACRES PLANTED","TOTAL","NOT SPECIFIED","94,100",""
"SURVEY","1980","YEAR","","COUNTY","ILLINOIS","17","NORTHEAST","20","LA SALLE","099","","","00000000","","CORN","CORN - ACRES PLANTED","TOTAL","NOT SPECIFIED","323,500",""
"SURVEY","1980","YEAR","","COUNTY","ILLINOIS","17","NORTHEAST","20","LAKE","097","","","00000000","","CORN","CORN - ACRES PLANTED","TOTAL","NOT SPECIFIED","25,000",""
"SURVEY","1980","YEAR","","COUNTY","ILLINOIS","17","NORTHEAST","20","MCHENRY","111","","","00000000","","CORN","CORN - ACRES PLANTED","TOTAL","NOT SPECIFIED","134,600",""
"SURVEY","1980","YEAR","","COUNTY","ILLINOIS","17","NORTHEAST","20","WILL","197","","","00000000","","CORN","CORN - ACRES PLANTED","TOTAL","NOT SPECIFIED","170,200",""
"SURVEY","1980","YEAR","","COUNTY","ILLINOIS","17","NORTHWEST","10","BUREAU","011","","","00000000","","CORN","CORN - ACRES PLANTED","TOTAL","NOT SPECIFIED","302,300",""
"SURVEY","1980","YEAR","","COUNTY","ILLINOIS","17","NORTHWEST","10","CARROLL","015","","","00000000","","CORN","CORN - ACRES PLANTED","TOTAL","NOT SPECIFIED","145,700",""
"SURVEY","1980","YEAR","","COUNTY","ILLINOIS","17","NORTHWEST","10","HENRY","073","","","00000000","","CORN","CORN - ACRES PLANTED","TOTAL","NOT SPECIFIED","274,300",""
"SURVEY","1980","YEAR","","COUNTY","ILLINOIS","17","NORTHWEST","10","JO DAVIESS","085","","","00000000","","CORN","CORN - ACRES PLANTED","TOTAL","NOT SPECIFIED","93,600",""
"SURVEY","1980","YEAR","","COUNTY","ILLINOIS","17","NORTHWEST","10","LEE","103","","","00000000","","CORN","CORN - ACRES PLANTED","TOTAL","NOT SPECIFIED","224,700",""
"SURVEY","1980","YEAR","","COUNTY","ILLINOIS","17","NORTHWEST","10","MERCER","131","","","00000000","","CORN","CORN - ACRES PLANTED","TOTAL","NOT SPECIFIED","168,200",""
"SURVEY","1980","YEAR","","COUNTY","ILLINOIS","17","NORTHWEST","10","OGLE","141","","","00000000","","CORN","CORN - ACRES PLANTED","TOTAL","NOT SPECIFIED","241,300",""
"SURVEY","1980","YEAR","","COUNTY","ILLINOIS","17","NORTHWEST","10","PUTNAM","155","","","00000000","","CORN","CORN - ACRES PLANTED","TOTAL","NOT SPECIFIED","39,500",""
"SURVEY","1980","YEAR","","COUNTY","ILLINOIS","17","NORTHWEST","10","ROCK ISLAND","161","","","00000000","","CORN","CORN - ACRES PLANTED","TOTAL","NOT SPECIFIED","90,600",""
"SURVEY","1980","YEAR","","COUNTY","ILLINOIS","17","NORTHWEST","10","STEPHENSON","177","","","00000000","","CORN","CORN - ACRES PLANTED","TOTAL","NOT SPECIFIED","176,200",""
"SURVEY","1980","YEAR","","COUNTY","ILLINOIS","17","NORTHWEST","10","WHITESIDE","195","","","00000000","","CORN","CORN - ACRES PLANTED","TOTAL","NOT SPECIFIED","244,300",""
"SURVEY","1980","YEAR","","COUNTY","ILLINOIS","17","NORTHWEST","10","WINNEBAGO","201","","","00000000","","CORN","CORN - ACRES PLANTED","TOTAL","NOT SPECIFIED","111,600",""
"SURVEY","1980","YEAR","","COUNTY","ILLINOIS","17","SOUTHEAST","90","EDWARDS","047","","","00000000","","CORN","CORN - ACRES PLANTED","TOTAL","NOT SPECIFIED","49,100",""
"SURVEY","1980","YEAR","","COUNTY","ILLINOIS","17","SOUTHEAST","90","FRANKLIN","055","","","00000000","","CORN","CORN - ACRES PLANTED","TOTAL","NOT SPECIFIED","30,600",""
"SURVEY","1980","YEAR","","COUNTY","ILLINOIS","17","SOUTHEAST","90","GALLATIN","059","","","00000000","","CORN","CORN - ACRES PLANTED","TOTAL","NOT SPECIFIED","63,200",""
"SURVEY","1980","YEAR","","COUNTY","ILLINOIS","17","SOUTHEAST","90","HAMILTON","065","","","00000000","","CORN","CORN - ACRES PLANTED","TOTAL","NOT SPECIFIED","47,100",""
"SURVEY","1980","YEAR","","COUNTY","ILLINOIS","17","SOUTHEAST","90","HARDIN","069","","","00000000","","CORN","CORN - ACRES PLANTED","TOTAL","NOT SPECIFIED","5,000",""
"SURVEY","1980","YEAR","","COUNTY","ILLINOIS","17","SOUTHEAST","90","JEFFERSON","081","","","00000000","","CORN","CORN - ACRES PLANTED","TOTAL","NOT SPECIFIED","45,100",""
"SURVEY","1980","YEAR","","COUNTY","ILLINOIS","17","SOUTHEAST","90","MASSAC","127","","","00000000","","CORN","CORN - ACRES PLANTED","TOTAL","NOT SPECIFIED","25,600",""
"SURVEY","1980","YEAR","","COUNTY","ILLINOIS","17","SOUTHEAST","90","POPE","151","","","00000000","","CORN","CORN - ACRES PLANTED","TOTAL","NOT SPECIFIED","13,000",""
"SURVEY","1980","YEAR","","COUNTY","ILLINOIS","17","SOUTHEAST","90","SALINE","165","","","00000000","","CORN","CORN - ACRES PLANTED","TOTAL","NOT SPECIFIED","43,100",""
"SURVEY","1980","YEAR","","COUNTY","ILLINOIS","17","SOUTHEAST","90","WABASH","185","","","00000000","","CORN","CORN - ACRES PLANTED","TOTAL","NOT SPECIFIED","52,700",""
"SURVEY","1980","YEAR","","COUNTY","ILLINOIS","17","SOUTHEAST","90","WAYNE","191","","","00000000","","CORN","CORN - ACRES PLANTED","TOTAL","NOT SPECIFIED","77,700",""
"SURVEY","1980","YEAR","","COUNTY","ILLINOIS","17","SOUTHEAST","90","WHITE","193","","","00000000","","CORN","CORN - ACRES PLANTED","TOTAL","NOT SPECIFIED","79,400",""
"SURVEY","1980","YEAR","","COUNTY","ILLINOIS","17","SOUTHWEST","80","ALEXANDER","003","","","00000000","","CORN","CORN - ACRES PLANTED","TOTAL","NOT SPECIFIED","9,000",""
"SURVEY","1980","YEAR","","COUNTY","ILLINOIS","17","SOUTHWEST","80","CLINTON","027","","","00000000","","CORN","CORN - ACRES PLANTED","TOTAL","NOT SPECIFIED","70,100",""
"SURVEY","1980","YEAR","","COUNTY","ILLINOIS","17","SOUTHWEST","80","JACKSON","077","","","00000000","","CORN","CORN - ACRES PLANTED","TOTAL","NOT SPECIFIED","28,100",""
"SURVEY","1980","YEAR","","COUNTY","ILLINOIS","17","SOUTHWEST","80","JOHNSON","087","","","00000000","","CORN","CORN - ACRES PLANTED","TOTAL","NOT SPECIFIED","15,500",""
"SURVEY","1980","YEAR","","COUNTY","ILLINOIS","17","SOUTHWEST","80","MONROE","133","","","00000000","","CORN","CORN - ACRES PLANTED","TOTAL","NOT SPECIFIED","51,100",""
"SURVEY","1980","YEAR","","COUNTY","ILLINOIS","17","SOUTHWEST","80","PERRY","145","","","00000000","","CORN","CORN - ACRES PLANTED","TOTAL","NOT SPECIFIED","41,100",""
"SURVEY","1980","YEAR","","COUNTY","ILLINOIS","17","SOUTHWEST","80","PULASKI","153","","","00000000","","CORN","CORN - ACRES PLANTED","TOTAL","NOT SPECIFIED","11,000",""
"SURVEY","1980","YEAR","","COUNTY","ILLINOIS","17","SOUTHWEST","80","RANDOLPH","157","","","00000000","","CORN","CORN - ACRES PLANTED","TOTAL","NOT SPECIFIED","54,100",""
"SURVEY","1980","YEAR","","COUNTY","ILLINOIS","17","SOUTHWEST","80","ST CLAIR","163","","","00000000","","CORN","CORN - ACRES PLANTED","TOTAL","NOT SPECIFIED","70,100",""
"SURVEY","1980","YEAR","","COUNTY","ILLINOIS","17","SOUTHWEST","80","UNION","181","","","00000000","","CORN","CORN - ACRES PLANTED","TOTAL","NOT SPECIFIED","13,000",""
"SURVEY","1980","YEAR","","COUNTY","ILLINOIS","17","SOUTHWEST","80","WASHINGTON","189","","","00000000","","CORN","CORN - ACRES PLANTED","TOTAL","NOT SPECIFIED","72,300",""
"SURVEY","1980","YEAR","","COUNTY","ILLINOIS","17","SOUTHWEST","80","WILLIAMSON","199","","","00000000","","CORN","CORN - ACRES PLANTED","TOTAL","NOT SPECIFIED","20,500",""
"SURVEY","1980","YEAR","","COUNTY","ILLINOIS","17","WEST","30","ADAMS","001","","","00000000","","CORN","CORN - ACRES PLANTED","TOTAL","NOT SPECIFIED","129,800",""
"SURVEY","1980","YEAR","","COUNTY","ILLINOIS","17","WEST","30","BROWN","009","","","00000000","","CORN","CORN - ACRES PLANTED","TOTAL","NOT SPECIFIED","40,100",""
"SURVEY","1980","YEAR","","COUNTY","ILLINOIS","17","WEST","30","FULTON","057","","","00000000","","CORN","CORN - ACRES PLANTED","TOTAL","NOT SPECIFIED","134,300",""
"SURVEY","1980","YEAR","","COUNTY","ILLINOIS","17","WEST","30","HANCOCK","067","","","00000000","","CORN","CORN - ACRES PLANTED","TOTAL","NOT SPECIFIED","152,300",""
"SURVEY","1980","YEAR","","COUNTY","ILLINOIS","17","WEST","30","HENDERSON","071","","","00000000","","CORN","CORN - ACRES PLANTED","TOTAL","NOT SPECIFIED","100,200",""
"SURVEY","1980","YEAR","","COUNTY","ILLINOIS","17","WEST","30","KNOX","095","","","00000000","","CORN","CORN - ACRES PLANTED","TOTAL","NOT SPECIFIED","193,300",""
"SURVEY","1980","YEAR","","COUNTY","ILLINOIS","17","WEST","30","MCDONOUGH","109","","","00000000","","CORN","CORN - ACRES PLANTED","TOTAL","NOT SPECIFIED","149,300",""
"SURVEY","1980","YEAR","","COUNTY","ILLINOIS","17","WEST","30","SCHUYLER","169","","","00000000","","CORN","CORN - ACRES PLANTED","TOTAL","NOT SPECIFIED","60,100",""
"SURVEY","1980","YEAR","","COUNTY","ILLINOIS","17","WEST","30","WARREN","187","","","00000000","","CORN","CORN - ACRES PLANTED","TOTAL","NOT SPECIFIED","172,900",""
"SURVEY","1980","YEAR","","COUNTY","ILLINOIS","17","WEST SOUTHWEST","60","BOND","005","","","00000000","","CORN","CORN - ACRES PLANTED","TOTAL","NOT SPECIFIED","40,100",""
"SURVEY","1980","YEAR","","COUNTY","ILLINOIS","17","WEST SOUTHWEST","60","CALHOUN","013","","","00000000","","CORN","CORN - ACRES PLANTED","TOTAL","NOT SPECIFIED","21,500",""
"SURVEY","1980","YEAR","","COUNTY","ILLINOIS","17","WEST SOUTHWEST","60","CASS","017","","","00000000","","CORN","CORN - ACRES PLANTED","TOTAL","NOT SPECIFIED","76,200",""
"SURVEY","1980","YEAR","","COUNTY","ILLINOIS","17","WEST SOUTHWEST","60","CHRISTIAN","021","","","00000000","","CORN","CORN - ACRES PLANTED","TOTAL","NOT SPECIFIED","179,400",""
"SURVEY","1980","YEAR","","COUNTY","ILLINOIS","17","WEST SOUTHWEST","60","GREENE","061","","","00000000","","CORN","CORN - ACRES PLANTED","TOTAL","NOT SPECIFIED","102,200",""
"SURVEY","1980","YEAR","","COUNTY","ILLINOIS","17","WEST SOUTHWEST","60","JERSEY","083","","","00000000","","CORN","CORN - ACRES PLANTED","TOTAL","NOT SPECIFIED","47,600",""
"SURVEY","1980","YEAR","","COUNTY","ILLINOIS","17","WEST SOUTHWEST","60","MACOUPIN","117","","","00000000","","CORN","CORN - ACRES PLANTED","TOTAL","NOT SPECIFIED","138,800",""
"SURVEY","1980","YEAR","","COUNTY","ILLINOIS","17","WEST SOUTHWEST","60","MADISON","119","","","00000000","","CORN","CORN - ACRES PLANTED","TOTAL","NOT SPECIFIED","79,200",""
"SURVEY","1980","YEAR","","COUNTY","ILLINOIS","17","WEST SOUTHWEST","60","MONTGOMERY","135","","","00000000","","CORN","CORN - ACRES PLANTED","TOTAL","NOT SPECIFIED","129,300",""
"SURVEY","1980","YEAR","","COUNTY","ILLINOIS","17","WEST SOUTHWEST","60","MORGAN","137","","","00000000","","CORN","CORN - ACRES PLANTED","TOTAL","NOT SPECIFIED","127,300",""
"SURVEY","1980","YEAR","","COUNTY","ILLINOIS","17","WEST SOUTHWEST","60","PIKE","149","","","00000000","","CORN","CORN - ACRES PLANTED","TOTAL","NOT SPECIFIED","136,300",""
"SURVEY","1980","YEAR","","COUNTY","ILLINOIS","17","WEST SOUTHWEST","60","SANGAMON","167","","","00000000","","CORN","CORN - ACRES PLANTED","TOTAL","NOT SPECIFIED","211,800",""
"SURVEY","1980","YEAR","","COUNTY","ILLINOIS","17","WEST SOUTHWEST","60","SCOTT","171","","","00000000","","CORN","CORN - ACRES PLANTED","TOTAL","NOT SPECIFIED","43,100",""
"SURVEY","1979","YEAR","","COUNTY","ILLINOIS","17","CENTRAL","40","DE WITT","039","","","00000000","","CORN","CORN - ACRES PLANTED","TOTAL","NOT SPECIFIED","108,100",""
"SURVEY","1979","YEAR","","COUNTY","ILLINOIS","17","CENTRAL","40","LOGAN","107","","","00000000","","CORN","CORN - ACRES PLANTED","TOTAL","NOT SPECIFIED","188,200",""
"SURVEY","1979","YEAR","","COUNTY","ILLINOIS","17","CENTRAL","40","MACON","115","","","00000000","","CORN","CORN - ACRES PLANTED","TOTAL","NOT SPECIFIED","165,100",""
"SURVEY","1979","YEAR","","COUNTY","ILLINOIS","17","CENTRAL","40","MARSHALL","123","","","00000000","","CORN","CORN - ACRES PLANTED","TOTAL","NOT SPECIFIED","104,100",""
"SURVEY","1979","YEAR","","COUNTY","ILLINOIS","17","CENTRAL","40","MASON","125","","","00000000","","CORN","CORN - ACRES PLANTED","TOTAL","NOT SPECIFIED","121,100",""
"SURVEY","1979","YEAR","","COUNTY","ILLINOIS","17","CENTRAL","40","MCLEAN","113","","","00000000","","CORN","CORN - ACRES PLANTED","TOTAL","NOT SPECIFIED","375,300",""
"SURVEY","1979","YEAR","","COUNTY","ILLINOIS","17","CENTRAL","40","MENARD","129","","","00000000","","CORN","CORN - ACRES PLANTED","TOTAL","NOT SPECIFIED","81,100",""
"SURVEY","1979","YEAR","","COUNTY","ILLINOIS","17","CENTRAL","40","PEORIA","143","","","00000000","","CORN","CORN - ACRES PLANTED","TOTAL","NOT SPECIFIED","132,100",""
"SURVEY","1979","YEAR","","COUNTY","ILLINOIS","17","CENTRAL","40","STARK","175","","","00000000","","CORN","CORN - ACRES PLANTED","TOTAL","NOT SPECIFIED","108,100",""
"SURVEY","1979","YEAR","","COUNTY","ILLINOIS","17","CENTRAL","40","TAZEWELL","179","","","00000000","","CORN","CORN - ACRES PLANTED","TOTAL","NOT SPECIFIED","185,200",""
"SURVEY","1979","YEAR","","COUNTY","ILLINOIS","17","CENTRAL","40","WOODFORD","203","","","00000000","","CORN","CORN - ACRES PLANTED","TOTAL","NOT SPECIFIED","158,100",""
"SURVEY","1979","YEAR","","COUNTY","ILLINOIS","17","EAST","50","CHAMPAIGN","019","","","00000000","","CORN","CORN - ACRES PLANTED","TOTAL","NOT SPECIFIED","299,300",""
"SURVEY","1979","YEAR","","COUNTY","ILLINOIS","17","EAST","50","FORD","053","","","00000000","","CORN","CORN - ACRES PLANTED","TOTAL","NOT SPECIFIED","143,100",""
"SURVEY","1979","YEAR","","COUNTY","ILLINOIS","17","EAST","50","IROQUOIS","075","","","00000000","","CORN","CORN - ACRES PLANTED","TOTAL","NOT SPECIFIED","333,300",""
"SURVEY","1979","YEAR","","COUNTY","ILLINOIS","17","EAST","50","KANKAKEE","091","","","00000000","","CORN","CORN - ACRES PLANTED","TOTAL","NOT SPECIFIED","201,200",""
"SURVEY","1979","YEAR","","COUNTY","ILLINOIS","17","EAST","50","LIVINGSTON","105","","","00000000","","CORN","CORN - ACRES PLANTED","TOTAL","NOT SPECIFIED","295,300",""
"SURVEY","1979","YEAR","","COUNTY","ILLINOIS","17","EAST","50","PIATT","147","","","00000000","","CORN","CORN - ACRES PLANTED","TOTAL","NOT SPECIFIED","148,100",""
"SURVEY","1979","YEAR","","COUNTY","ILLINOIS","17","EAST","50","VERMILION","183","","","00000000","","CORN","CORN - ACRES PLANTED","TOTAL","NOT SPECIFIED","231,200",""
"SURVEY","1979","YEAR","","COUNTY","ILLINOIS","17","EAST SOUTHEAST","70","CLARK","023","","","00000000","","CORN","CORN - ACRES PLANTED","TOTAL","NOT SPECIFIED","79,100",""
"SURVEY","1979","YEAR","","COUNTY","ILLINOIS","17","EAST SOUTHEAST","70","CLAY","025","","","00000000","","CORN","CORN - ACRES PLANTED","TOTAL","NOT SPECIFIED","42,000",""
"SURVEY","1979","YEAR","","COUNTY","ILLINOIS","17","EAST SOUTHEAST","70","COLES","029","","","00000000","","CORN","CORN - ACRES PLANTED","TOTAL","NOT SPECIFIED","114,100",""
"SURVEY","1979","YEAR","","COUNTY","ILLINOIS","17","EAST SOUTHEAST","70","CRAWFORD","033","","","00000000","","CORN","CORN - ACRES PLANTED","TOTAL","NOT SPECIFIED","71,100",""
"SURVEY","1979","YEAR","","COUNTY","ILLINOIS","17","EAST SOUTHEAST","70","CUMBERLAND","035","","","00000000","","CORN","CORN - ACRES PLANTED","TOTAL","NOT SPECIFIED","49,000",""
"SURVEY","1979","YEAR","","COUNTY","ILLINOIS","17","EAST SOUTHEAST","70","DOUGLAS","041","","","00000000","","CORN","CORN - ACRES PLANTED","TOTAL","NOT SPECIFIED","130,100",""
"SURVEY","1979","YEAR","","COUNTY","ILLINOIS","17","EAST SOUTHEAST","70","EDGAR","045","","","00000000","","CORN","CORN - ACRES PLANTED","TOTAL","NOT SPECIFIED","171,000",""
"SURVEY","1979","YEAR","","COUNTY","ILLINOIS","17","EAST SOUTHEAST","70","EFFINGHAM","049","","","00000000","","CORN","CORN - ACRES PLANTED","TOTAL","NOT SPECIFIED","81,100",""
"SURVEY","1979","YEAR","","COUNTY","ILLINOIS","17","EAST SOUTHEAST","70","FAYETTE","051","","","00000000","","CORN","CORN - ACRES PLANTED","TOTAL","NOT SPECIFIED","67,100",""
"SURVEY","1979","YEAR","","COUNTY","ILLINOIS","17","EAST SOUTHEAST","70","JASPER","079","","","00000000","","CORN","CORN - ACRES PLANTED","TOTAL","NOT SPECIFIED","69,100",""
"SURVEY","1979","YEAR","","COUNTY","ILLINOIS","17","EAST SOUTHEAST","70","LAWRENCE","101","","","00000000","","CORN","CORN - ACRES PLANTED","TOTAL","NOT SPECIFIED","74,100",""
"SURVEY","1979","YEAR","","COUNTY","ILLINOIS","17","EAST SOUTHEAST","70","MARION","121","","","00000000","","CORN","CORN - ACRES PLANTED","TOTAL","NOT SPECIFIED","42,000",""
"SURVEY","1979","YEAR","","COUNTY","ILLINOIS","17","EAST SOUTHEAST","70","MOULTRIE","139","","","00000000","","CORN","CORN - ACRES PLANTED","TOTAL","NOT SPECIFIED","90,100",""
"SURVEY","1979","YEAR","","COUNTY","ILLINOIS","17","EAST SOUTHEAST","70","RICHLAND","159","","","00000000","","CORN","CORN - ACRES PLANTED","TOTAL","NOT SPECIFIED","59,100",""
"SURVEY","1979","YEAR","","COUNTY","ILLINOIS","17","EAST SOUTHEAST","70","SHELBY","173","","","00000000","","CORN","CORN - ACRES PLANTED","TOTAL","NOT SPECIFIED","157,100",""
"SURVEY","1979","YEAR","","COUNTY","ILLINOIS","17","NORTHEAST","20","BOONE","007","","","00000000","","CORN","CORN - ACRES PLANTED","TOTAL","NOT SPECIFIED","78,100",""
"SURVEY","1979","YEAR","","COUNTY","ILLINOIS","17","NORTHEAST","20","COOK","031","","","00000000","","CORN","CORN - ACRES PLANTED","TOTAL","NOT SPECIFIED","16,000",""
"SURVEY","1979","YEAR","","COUNTY","ILLINOIS","17","NORTHEAST","20","DE KALB","037","","","00000000","","CORN","CORN - ACRES PLANTED","TOTAL","NOT SPECIFIED","210,200",""
"SURVEY","1979","YEAR","","COUNTY","ILLINOIS","17","NORTHEAST","20","DU PAGE","043","","","00000000","","CORN","CORN - ACRES PLANTED","TOTAL","NOT SPECIFIED","18,000",""
"SURVEY","1979","YEAR","","COUNTY","ILLINOIS","17","NORTHEAST","20","GRUNDY","063","","","00000000","","CORN","CORN - ACRES PLANTED","TOTAL","NOT SPECIFIED","109,100",""
"SURVEY","1979","YEAR","","COUNTY","ILLINOIS","17","NORTHEAST","20","KANE","089","","","00000000","","CORN","CORN - ACRES PLANTED","TOTAL","NOT SPECIFIED","114,100",""
"SURVEY","1979","YEAR","","COUNTY","ILLINOIS","17","NORTHEAST","20","KENDALL","093","","","00000000","","CORN","CORN - ACRES PLANTED","TOTAL","NOT SPECIFIED","92,100",""
"SURVEY","1979","YEAR","","COUNTY","ILLINOIS","17","NORTHEAST","20","LA SALLE","099","","","00000000","","CORN","CORN - ACRES PLANTED","TOTAL","NOT SPECIFIED","320,300",""
"SURVEY","1979","YEAR","","COUNTY","ILLINOIS","17","NORTHEAST","20","LAKE","097","","","00000000","","CORN","CORN - ACRES PLANTED","TOTAL","NOT SPECIFIED","24,000",""
"SURVEY","1979","YEAR","","COUNTY","ILLINOIS","17","NORTHEAST","20","MCHENRY","111","","","00000000","","CORN","CORN - ACRES PLANTED","TOTAL","NOT SPECIFIED","128,100",""
"SURVEY","1979","YEAR","","COUNTY","ILLINOIS","17","NORTHEAST","20","WILL","197","","","00000000","","CORN","CORN - ACRES PLANTED","TOTAL","NOT SPECIFIED","166,100",""
"SURVEY","1979","YEAR","","COUNTY","ILLINOIS","17","NORTHWEST","10","BUREAU","011","","","00000000","","CORN","CORN - ACRES PLANTED","TOTAL","NOT SPECIFIED","298,400",""
"SURVEY","1979","YEAR","","COUNTY","ILLINOIS","17","NORTHWEST","10","CARROLL","015","","","00000000","","CORN","CORN - ACRES PLANTED","TOTAL","NOT SPECIFIED","140,100",""
"SURVEY","1979","YEAR","","COUNTY","ILLINOIS","17","NORTHWEST","10","HENRY","073","","","00000000","","CORN","CORN - ACRES PLANTED","TOTAL","NOT SPECIFIED","263,200",""
"SURVEY","1979","YEAR","","COUNTY","ILLINOIS","17","NORTHWEST","10","JO DAVIESS","085","","","00000000","","CORN","CORN - ACRES PLANTED","TOTAL","NOT SPECIFIED","88,100",""
"SURVEY","1979","YEAR","","COUNTY","ILLINOIS","17","NORTHWEST","10","LEE","103","","","00000000","","CORN","CORN - ACRES PLANTED","TOTAL","NOT SPECIFIED","213,200",""
"SURVEY","1979","YEAR","","COUNTY","ILLINOIS","17","NORTHWEST","10","MERCER","131","","","00000000","","CORN","CORN - ACRES PLANTED","TOTAL","NOT SPECIFIED","159,100",""
"SURVEY","1979","YEAR","","COUNTY","ILLINOIS","17","NORTHWEST","10","OGLE","141","","","00000000","","CORN","CORN - ACRES PLANTED","TOTAL","NOT SPECIFIED","232,200",""
"SURVEY","1979","YEAR","","COUNTY","ILLINOIS","17","NORTHWEST","10","PUTNAM","155","","","00000000","","CORN","CORN - ACRES PLANTED","TOTAL","NOT SPECIFIED","38,000",""
"SURVEY","1979","YEAR","","COUNTY","ILLINOIS","17","NORTHWEST","10","ROCK ISLAND","161","","","00000000","","CORN","CORN - ACRES PLANTED","TOTAL","NOT SPECIFIED","85,100",""
"SURVEY","1979","YEAR","","COUNTY","ILLINOIS","17","NORTHWEST","10","STEPHENSON","177","","","00000000","","CORN","CORN - ACRES PLANTED","TOTAL","NOT SPECIFIED","172,200",""
"SURVEY","1979","YEAR","","COUNTY","ILLINOIS","17","NORTHWEST","10","WHITESIDE","195","","","00000000","","CORN","CORN - ACRES PLANTED","TOTAL","NOT SPECIFIED","239,200",""
"SURVEY","1979","YEAR","","COUNTY","ILLINOIS","17","NORTHWEST","10","WINNEBAGO","201","","","00000000","","CORN","CORN - ACRES PLANTED","TOTAL","NOT SPECIFIED","108,100",""
"SURVEY","1979","YEAR","","COUNTY","ILLINOIS","17","SOUTHEAST","90","EDWARDS","047","","","00000000","","CORN","CORN - ACRES PLANTED","TOTAL","NOT SPECIFIED","45,000",""
"SURVEY","1979","YEAR","","COUNTY","ILLINOIS","17","SOUTHEAST","90","FRANKLIN","055","","","00000000","","CORN","CORN - ACRES PLANTED","TOTAL","NOT SPECIFIED","27,000",""
"SURVEY","1979","YEAR","","COUNTY","ILLINOIS","17","SOUTHEAST","90","GALLATIN","059","","","00000000","","CORN","CORN - ACRES PLANTED","TOTAL","NOT SPECIFIED","58,000",""
"SURVEY","1979","YEAR","","COUNTY","ILLINOIS","17","SOUTHEAST","90","HAMILTON","065","","","00000000","","CORN","CORN - ACRES PLANTED","TOTAL","NOT SPECIFIED","45,000",""
"SURVEY","1979","YEAR","","COUNTY","ILLINOIS","17","SOUTHEAST","90","HARDIN","069","","","00000000","","CORN","CORN - ACRES PLANTED","TOTAL","NOT SPECIFIED","5,000",""
"SURVEY","1979","YEAR","","COUNTY","ILLINOIS","17","SOUTHEAST","90","JEFFERSON","081","","","00000000","","CORN","CORN - ACRES PLANTED","TOTAL","NOT SPECIFIED","45,000",""
"SURVEY","1979","YEAR","","COUNTY","ILLINOIS","17","SOUTHEAST","90","MASSAC","127","","","00000000","","CORN","CORN - ACRES PLANTED","TOTAL","NOT SPECIFIED","23,000",""
"SURVEY","1979","YEAR","","COUNTY","ILLINOIS","17","SOUTHEAST","90","POPE","151","","","00000000","","CORN","CORN - ACRES PLANTED","TOTAL","NOT SPECIFIED","13,000",""
"SURVEY","1979","YEAR","","COUNTY","ILLINOIS","17","SOUTHEAST","90","SALINE","165","","","00000000","","CORN","CORN - ACRES PLANTED","TOTAL","NOT SPECIFIED","38,000",""
"SURVEY","1979","YEAR","","COUNTY","ILLINOIS","17","SOUTHEAST","90","WABASH","185","","","00000000","","CORN","CORN - ACRES PLANTED","TOTAL","NOT SPECIFIED","48,000",""
"SURVEY","1979","YEAR","","COUNTY","ILLINOIS","17","SOUTHEAST","90","WAYNE","191","","","00000000","","CORN","CORN - ACRES PLANTED","TOTAL","NOT SPECIFIED","73,100",""
"SURVEY","1979","YEAR","","COUNTY","ILLINOIS","17","SOUTHEAST","90","WHITE","193","","","00000000","","CORN","CORN - ACRES PLANTED","TOTAL","NOT SPECIFIED","75,300",""
"SURVEY","1979","YEAR","","COUNTY","ILLINOIS","17","SOUTHWEST","80","ALEXANDER","003","","","00000000","","CORN","CORN - ACRES PLANTED","TOTAL","NOT SPECIFIED","8,500",""
"SURVEY","1979","YEAR","","COUNTY","ILLINOIS","17","SOUTHWEST","80","CLINTON","027","","","00000000","","CORN","CORN - ACRES PLANTED","TOTAL","NOT SPECIFIED","68,100",""
"SURVEY","1979","YEAR","","COUNTY","ILLINOIS","17","SOUTHWEST","80","JACKSON","077","","","00000000","","CORN","CORN - ACRES PLANTED","TOTAL","NOT SPECIFIED","27,000",""
"SURVEY","1979","YEAR","","COUNTY","ILLINOIS","17","SOUTHWEST","80","JOHNSON","087","","","00000000","","CORN","CORN - ACRES PLANTED","TOTAL","NOT SPECIFIED","15,000",""
"SURVEY","1979","YEAR","","COUNTY","ILLINOIS","17","SOUTHWEST","80","MONROE","133","","","00000000","","CORN","CORN - ACRES PLANTED","TOTAL","NOT SPECIFIED","47,000",""
"SURVEY","1979","YEAR","","COUNTY","ILLINOIS","17","SOUTHWEST","80","PERRY","145","","","00000000","","CORN","CORN - ACRES PLANTED","TOTAL","NOT SPECIFIED","39,500",""
"SURVEY","1979","YEAR","","COUNTY","ILLINOIS","17","SOUTHWEST","80","PULASKI","153","","","00000000","","CORN","CORN - ACRES PLANTED","TOTAL","NOT SPECIFIED","11,000",""
"SURVEY","1979","YEAR","","COUNTY","ILLINOIS","17","SOUTHWEST","80","RANDOLPH","157","","","00000000","","CORN","CORN - ACRES PLANTED","TOTAL","NOT SPECIFIED","53,000",""
"SURVEY","1979","YEAR","","COUNTY","ILLINOIS","17","SOUTHWEST","80","ST CLAIR","163","","","00000000","","CORN","CORN - ACRES PLANTED","TOTAL","NOT SPECIFIED","68,700",""
"SURVEY","1979","YEAR","","COUNTY","ILLINOIS","17","SOUTHWEST","80","UNION","181","","","00000000","","CORN","CORN - ACRES PLANTED","TOTAL","NOT SPECIFIED","12,000",""
"SURVEY","1979","YEAR","","COUNTY","ILLINOIS","17","SOUTHWEST","80","WASHINGTON","189","","","00000000","","CORN","CORN - ACRES PLANTED","TOTAL","NOT SPECIFIED","67,100",""
"SURVEY","1979","YEAR","","COUNTY","ILLINOIS","17","SOUTHWEST","80","WILLIAMSON","199","","","00000000","","CORN","CORN - ACRES PLANTED","TOTAL","NOT SPECIFIED","18,500",""
"SURVEY","1979","YEAR","","COUNTY","ILLINOIS","17","WEST","30","ADAMS","001","","","00000000","","CORN","CORN - ACRES PLANTED","TOTAL","NOT SPECIFIED","125,100",""
"SURVEY","1979","YEAR","","COUNTY","ILLINOIS","17","WEST","30","BROWN","009","","","00000000","","CORN","CORN - ACRES PLANTED","TOTAL","NOT SPECIFIED","38,000",""
"SURVEY","1979","YEAR","","COUNTY","ILLINOIS","17","WEST","30","FULTON","057","","","00000000","","CORN","CORN - ACRES PLANTED","TOTAL","NOT SPECIFIED","130,100",""
"SURVEY","1979","YEAR","","COUNTY","ILLINOIS","17","WEST","30","HANCOCK","067","","","00000000","","CORN","CORN - ACRES PLANTED","TOTAL","NOT SPECIFIED","145,100",""
"SURVEY","1979","YEAR","","COUNTY","ILLINOIS","17","WEST","30","HENDERSON","071","","","00000000","","CORN","CORN - ACRES PLANTED","TOTAL","NOT SPECIFIED","95,100",""
"SURVEY","1979","YEAR","","COUNTY","ILLINOIS","17","WEST","30","KNOX","095","","","00000000","","CORN","CORN - ACRES PLANTED","TOTAL","NOT SPECIFIED","183,200",""
"SURVEY","1979","YEAR","","COUNTY","ILLINOIS","17","WEST","30","MCDONOUGH","109","","","00000000","","CORN","CORN - ACRES PLANTED","TOTAL","NOT SPECIFIED","146,100",""
"SURVEY","1979","YEAR","","COUNTY","ILLINOIS","17","WEST","30","SCHUYLER","169","","","00000000","","CORN","CORN - ACRES PLANTED","TOTAL","NOT SPECIFIED","59,100",""
"SURVEY","1979","YEAR","","COUNTY","ILLINOIS","17","WEST","30","WARREN","187","","","00000000","","CORN","CORN - ACRES PLANTED","TOTAL","NOT SPECIFIED","169,200",""
"SURVEY","1979","YEAR","","COUNTY","ILLINOIS","17","WEST SOUTHWEST","60","BOND","005","","","00000000","","CORN","CORN - ACRES PLANTED","TOTAL","NOT SPECIFIED","39,000",""
"SURVEY","1979","YEAR","","COUNTY","ILLINOIS","17","WEST SOUTHWEST","60","CALHOUN","013","","","00000000","","CORN","CORN - ACRES PLANTED","TOTAL","NOT SPECIFIED","21,000",""
"SURVEY","1979","YEAR","","COUNTY","ILLINOIS","17","WEST SOUTHWEST","60","CASS","017","","","00000000","","CORN","CORN - ACRES PLANTED","TOTAL","NOT SPECIFIED","74,100",""
"SURVEY","1979","YEAR","","COUNTY","ILLINOIS","17","WEST SOUTHWEST","60","CHRISTIAN","021","","","00000000","","CORN","CORN - ACRES PLANTED","TOTAL","NOT SPECIFIED","176,200",""
"SURVEY","1979","YEAR","","COUNTY","ILLINOIS","17","WEST SOUTHWEST","60","GREENE","061","","","00000000","","CORN","CORN - ACRES PLANTED","TOTAL","NOT SPECIFIED","103,100",""
"SURVEY","1979","YEAR","","COUNTY","ILLINOIS","17","WEST SOUTHWEST","60","JERSEY","083","","","00000000","","CORN","CORN - ACRES PLANTED","TOTAL","NOT SPECIFIED","45,000",""
"SURVEY","1979","YEAR","","COUNTY","ILLINOIS","17","WEST SOUTHWEST","60","MACOUPIN","117","","","00000000","","CORN","CORN - ACRES PLANTED","TOTAL","NOT SPECIFIED","132,100",""
"SURVEY","1979","YEAR","","COUNTY","ILLINOIS","17","WEST SOUTHWEST","60","MADISON","119","","","00000000","","CORN","CORN - ACRES PLANTED","TOTAL","NOT SPECIFIED","77,100",""
"SURVEY","1979","YEAR","","COUNTY","ILLINOIS","17","WEST SOUTHWEST","60","MONTGOMERY","135","","","00000000","","CORN","CORN - ACRES PLANTED","TOTAL","NOT SPECIFIED","123,100",""
"SURVEY","1979","YEAR","","COUNTY","ILLINOIS","17","WEST SOUTHWEST","60","MORGAN","137","","","00000000","","CORN","CORN - ACRES PLANTED","TOTAL","NOT SPECIFIED","121,100",""
"SURVEY","1979","YEAR","","COUNTY","ILLINOIS","17","WEST SOUTHWEST","60","PIKE","149","","","00000000","","CORN","CORN - ACRES PLANTED","TOTAL","NOT SPECIFIED","131,100",""
"SURVEY","1979","YEAR","","COUNTY","ILLINOIS","17","WEST SOUTHWEST","60","SANGAMON","167","","","00000000","","CORN","CORN - ACRES PLANTED","TOTAL","NOT SPECIFIED","207,200",""
"SURVEY","1979","YEAR","","COUNTY","ILLINOIS","17","WEST SOUTHWEST","60","SCOTT","171","","","00000000","","CORN","CORN - ACRES PLANTED","TOTAL","NOT SPECIFIED","41,000",""
"SURVEY","1978","YEAR","","COUNTY","ILLINOIS","17","CENTRAL","40","DE WITT","039","","","00000000","","CORN","CORN - ACRES PLANTED","TOTAL","NOT SPECIFIED","112,100",""
"SURVEY","1978","YEAR","","COUNTY","ILLINOIS","17","CENTRAL","40","LOGAN","107","","","00000000","","CORN","CORN - ACRES PLANTED","TOTAL","NOT SPECIFIED","196,200",""
"SURVEY","1978","YEAR","","COUNTY","ILLINOIS","17","CENTRAL","40","MACON","115","","","00000000","","CORN","CORN - ACRES PLANTED","TOTAL","NOT SPECIFIED","168,100",""
"SURVEY","1978","YEAR","","COUNTY","ILLINOIS","17","CENTRAL","40","MARSHALL","123","","","00000000","","CORN","CORN - ACRES PLANTED","TOTAL","NOT SPECIFIED","107,100",""
"SURVEY","1978","YEAR","","COUNTY","ILLINOIS","17","CENTRAL","40","MASON","125","","","00000000","","CORN","CORN - ACRES PLANTED","TOTAL","NOT SPECIFIED","118,100",""
"SURVEY","1978","YEAR","","COUNTY","ILLINOIS","17","CENTRAL","40","MCLEAN","113","","","00000000","","CORN","CORN - ACRES PLANTED","TOTAL","NOT SPECIFIED","392,300",""
"SURVEY","1978","YEAR","","COUNTY","ILLINOIS","17","CENTRAL","40","MENARD","129","","","00000000","","CORN","CORN - ACRES PLANTED","TOTAL","NOT SPECIFIED","81,100",""
"SURVEY","1978","YEAR","","COUNTY","ILLINOIS","17","CENTRAL","40","PEORIA","143","","","00000000","","CORN","CORN - ACRES PLANTED","TOTAL","NOT SPECIFIED","131,100",""
"SURVEY","1978","YEAR","","COUNTY","ILLINOIS","17","CENTRAL","40","STARK","175","","","00000000","","CORN","CORN - ACRES PLANTED","TOTAL","NOT SPECIFIED","110,100",""
"SURVEY","1978","YEAR","","COUNTY","ILLINOIS","17","CENTRAL","40","TAZEWELL","179","","","00000000","","CORN","CORN - ACRES PLANTED","TOTAL","NOT SPECIFIED","193,200",""
"SURVEY","1978","YEAR","","COUNTY","ILLINOIS","17","CENTRAL","40","WOODFORD","203","","","00000000","","CORN","CORN - ACRES PLANTED","TOTAL","NOT SPECIFIED","160,100",""
"SURVEY","1978","YEAR","","COUNTY","ILLINOIS","17","EAST","50","CHAMPAIGN","019","","","00000000","","CORN","CORN - ACRES PLANTED","TOTAL","NOT SPECIFIED","302,300",""
"SURVEY","1978","YEAR","","COUNTY","ILLINOIS","17","EAST","50","FORD","053","","","00000000","","CORN","CORN - ACRES PLANTED","TOTAL","NOT SPECIFIED","145,100",""
"SURVEY","1978","YEAR","","COUNTY","ILLINOIS","17","EAST","50","IROQUOIS","075","","","00000000","","CORN","CORN - ACRES PLANTED","TOTAL","NOT SPECIFIED","330,300",""
"SURVEY","1978","YEAR","","COUNTY","ILLINOIS","17","EAST","50","KANKAKEE","091","","","00000000","","CORN","CORN - ACRES PLANTED","TOTAL","NOT SPECIFIED","204,200",""
"SURVEY","1978","YEAR","","COUNTY","ILLINOIS","17","EAST","50","LIVINGSTON","105","","","00000000","","CORN","CORN - ACRES PLANTED","TOTAL","NOT SPECIFIED","303,300",""
"SURVEY","1978","YEAR","","COUNTY","ILLINOIS","17","EAST","50","PIATT","147","","","00000000","","CORN","CORN - ACRES PLANTED","TOTAL","NOT SPECIFIED","152,100",""
"SURVEY","1978","YEAR","","COUNTY","ILLINOIS","17","EAST","50","VERMILION","183","","","00000000","","CORN","CORN - ACRES PLANTED","TOTAL","NOT SPECIFIED","226,200",""
"SURVEY","1978","YEAR","","COUNTY","ILLINOIS","17","EAST SOUTHEAST","70","CLARK","023","","","00000000","","CORN","CORN - ACRES PLANTED","TOTAL","NOT SPECIFIED","81,600",""
"SURVEY","1978","YEAR","","COUNTY","ILLINOIS","17","EAST SOUTHEAST","70","CLAY","025","","","00000000","","CORN","CORN - ACRES PLANTED","TOTAL","NOT SPECIFIED","43,500",""
"SURVEY","1978","YEAR","","COUNTY","ILLINOIS","17","EAST SOUTHEAST","70","COLES","029","","","00000000","","CORN","CORN - ACRES PLANTED","TOTAL","NOT SPECIFIED","120,100",""
"SURVEY","1978","YEAR","","COUNTY","ILLINOIS","17","EAST SOUTHEAST","70","CRAWFORD","033","","","00000000","","CORN","CORN - ACRES PLANTED","TOTAL","NOT SPECIFIED","73,600",""
"SURVEY","1978","YEAR","","COUNTY","ILLINOIS","17","EAST SOUTHEAST","70","CUMBERLAND","035","","","00000000","","CORN","CORN - ACRES PLANTED","TOTAL","NOT SPECIFIED","52,000",""
"SURVEY","1978","YEAR","","COUNTY","ILLINOIS","17","EAST SOUTHEAST","70","DOUGLAS","041","","","00000000","","CORN","CORN - ACRES PLANTED","TOTAL","NOT SPECIFIED","134,600",""
"SURVEY","1978","YEAR","","COUNTY","ILLINOIS","17","EAST SOUTHEAST","70","EDGAR","045","","","00000000","","CORN","CORN - ACRES PLANTED","TOTAL","NOT SPECIFIED","162,200",""
"SURVEY","1978","YEAR","","COUNTY","ILLINOIS","17","EAST SOUTHEAST","70","EFFINGHAM","049","","","00000000","","CORN","CORN - ACRES PLANTED","TOTAL","NOT SPECIFIED","70,100",""
"SURVEY","1978","YEAR","","COUNTY","ILLINOIS","17","EAST SOUTHEAST","70","FAYETTE","051","","","00000000","","CORN","CORN - ACRES PLANTED","TOTAL","NOT SPECIFIED","55,000",""
"SURVEY","1978","YEAR","","COUNTY","ILLINOIS","17","EAST SOUTHEAST","70","JASPER","079","","","00000000","","CORN","CORN - ACRES PLANTED","TOTAL","NOT SPECIFIED","66,100",""
"SURVEY","1978","YEAR","","COUNTY","ILLINOIS","17","EAST SOUTHEAST","70","LAWRENCE","101","","","00000000","","CORN","CORN - ACRES PLANTED","TOTAL","NOT SPECIFIED","77,100",""
"SURVEY","1978","YEAR","","COUNTY","ILLINOIS","17","EAST SOUTHEAST","70","MARION","121","","","00000000","","CORN","CORN - ACRES PLANTED","TOTAL","NOT SPECIFIED","42,000",""
"SURVEY","1978","YEAR","","COUNTY","ILLINOIS","17","EAST SOUTHEAST","70","MOULTRIE","139","","","00000000","","CORN","CORN - ACRES PLANTED","TOTAL","NOT SPECIFIED","90,100",""
"SURVEY","1978","YEAR","","COUNTY","ILLINOIS","17","EAST SOUTHEAST","70","RICHLAND","159","","","00000000","","CORN","CORN - ACRES PLANTED","TOTAL","NOT SPECIFIED","57,000",""
"SURVEY","1978","YEAR","","COUNTY","ILLINOIS","17","EAST SOUTHEAST","70","SHELBY","173","","","00000000","","CORN","CORN - ACRES PLANTED","TOTAL","NOT SPECIFIED","154,100",""
"SURVEY","1978","YEAR","","COUNTY","ILLINOIS","17","NORTHEAST","20","BOONE","007","","","00000000","","CORN","CORN - ACRES PLANTED","TOTAL","NOT SPECIFIED","82,600",""
"SURVEY","1978","YEAR","","COUNTY","ILLINOIS","17","NORTHEAST","20","COOK","031","","","00000000","","CORN","CORN - ACRES PLANTED","TOTAL","NOT SPECIFIED","16,000",""
"SURVEY","1978","YEAR","","COUNTY","ILLINOIS","17","NORTHEAST","20","DE KALB","037","","","00000000","","CORN","CORN - ACRES PLANTED","TOTAL","NOT SPECIFIED","219,200",""
"SURVEY","1978","YEAR","","COUNTY","ILLINOIS","17","NORTHEAST","20","DU PAGE","043","","","00000000","","CORN","CORN - ACRES PLANTED","TOTAL","NOT SPECIFIED","19,500",""
"SURVEY","1978","YEAR","","COUNTY","ILLINOIS","17","NORTHEAST","20","GRUNDY","063","","","00000000","","CORN","CORN - ACRES PLANTED","TOTAL","NOT SPECIFIED","118,100",""
"SURVEY","1978","YEAR","","COUNTY","ILLINOIS","17","NORTHEAST","20","KANE","089","","","00000000","","CORN","CORN - ACRES PLANTED","TOTAL","NOT SPECIFIED","122,100",""
"SURVEY","1978","YEAR","","COUNTY","ILLINOIS","17","NORTHEAST","20","KENDALL","093","","","00000000","","CORN","CORN - ACRES PLANTED","TOTAL","NOT SPECIFIED","98,100",""
"SURVEY","1978","YEAR","","COUNTY","ILLINOIS","17","NORTHEAST","20","LA SALLE","099","","","00000000","","CORN","CORN - ACRES PLANTED","TOTAL","NOT SPECIFIED","327,400",""
"SURVEY","1978","YEAR","","COUNTY","ILLINOIS","17","NORTHEAST","20","LAKE","097","","","00000000","","CORN","CORN - ACRES PLANTED","TOTAL","NOT SPECIFIED","25,000",""
"SURVEY","1978","YEAR","","COUNTY","ILLINOIS","17","NORTHEAST","20","MCHENRY","111","","","00000000","","CORN","CORN - ACRES PLANTED","TOTAL","NOT SPECIFIED","131,100",""
"SURVEY","1978","YEAR","","COUNTY","ILLINOIS","17","NORTHEAST","20","WILL","197","","","00000000","","CORN","CORN - ACRES PLANTED","TOTAL","NOT SPECIFIED","164,100",""
"SURVEY","1978","YEAR","","COUNTY","ILLINOIS","17","NORTHWEST","10","BUREAU","011","","","00000000","","CORN","CORN - ACRES PLANTED","TOTAL","NOT SPECIFIED","294,300",""
"SURVEY","1978","YEAR","","COUNTY","ILLINOIS","17","NORTHWEST","10","CARROLL","015","","","00000000","","CORN","CORN - ACRES PLANTED","TOTAL","NOT SPECIFIED","147,100",""
"SURVEY","1978","YEAR","","COUNTY","ILLINOIS","17","NORTHWEST","10","HENRY","073","","","00000000","","CORN","CORN - ACRES PLANTED","TOTAL","NOT SPECIFIED","272,200",""
"SURVEY","1978","YEAR","","COUNTY","ILLINOIS","17","NORTHWEST","10","JO DAVIESS","085","","","00000000","","CORN","CORN - ACRES PLANTED","TOTAL","NOT SPECIFIED","91,600",""
"SURVEY","1978","YEAR","","COUNTY","ILLINOIS","17","NORTHWEST","10","LEE","103","","","00000000","","CORN","CORN - ACRES PLANTED","TOTAL","NOT SPECIFIED","226,200",""
"SURVEY","1978","YEAR","","COUNTY","ILLINOIS","17","NORTHWEST","10","MERCER","131","","","00000000","","CORN","CORN - ACRES PLANTED","TOTAL","NOT SPECIFIED","168,100",""
"SURVEY","1978","YEAR","","COUNTY","ILLINOIS","17","NORTHWEST","10","OGLE","141","","","00000000","","CORN","CORN - ACRES PLANTED","TOTAL","NOT SPECIFIED","230,200",""
"SURVEY","1978","YEAR","","COUNTY","ILLINOIS","17","NORTHWEST","10","PUTNAM","155","","","00000000","","CORN","CORN - ACRES PLANTED","TOTAL","NOT SPECIFIED","45,000",""
"SURVEY","1978","YEAR","","COUNTY","ILLINOIS","17","NORTHWEST","10","ROCK ISLAND","161","","","00000000","","CORN","CORN - ACRES PLANTED","TOTAL","NOT SPECIFIED","87,100",""
"SURVEY","1978","YEAR","","COUNTY","ILLINOIS","17","NORTHWEST","10","STEPHENSON","177","","","00000000","","CORN","CORN - ACRES PLANTED","TOTAL","NOT SPECIFIED","166,100",""
"SURVEY","1978","YEAR","","COUNTY","ILLINOIS","17","NORTHWEST","10","WHITESIDE","195","","","00000000","","CORN","CORN - ACRES PLANTED","TOTAL","NOT SPECIFIED","242,200",""
"SURVEY","1978","YEAR","","COUNTY","ILLINOIS","17","NORTHWEST","10","WINNEBAGO","201","","","00000000","","CORN","CORN - ACRES PLANTED","TOTAL","NOT SPECIFIED","104,600",""
"SURVEY","1978","YEAR","","COUNTY","ILLINOIS","17","SOUTHEAST","90","EDWARDS","047","","","00000000","","CORN","CORN - ACRES PLANTED","TOTAL","NOT SPECIFIED","46,000",""
"SURVEY","1978","YEAR","","COUNTY","ILLINOIS","17","SOUTHEAST","90","FRANKLIN","055","","","00000000","","CORN","CORN - ACRES PLANTED","TOTAL","NOT SPECIFIED","31,500",""
"SURVEY","1978","YEAR","","COUNTY","ILLINOIS","17","SOUTHEAST","90","GALLATIN","059","","","00000000","","CORN","CORN - ACRES PLANTED","TOTAL","NOT SPECIFIED","58,600",""
"SURVEY","1978","YEAR","","COUNTY","ILLINOIS","17","SOUTHEAST","90","HAMILTON","065","","","00000000","","CORN","CORN - ACRES PLANTED","TOTAL","NOT SPECIFIED","42,500",""
"SURVEY","1978","YEAR","","COUNTY","ILLINOIS","17","SOUTHEAST","90","HARDIN","069","","","00000000","","CORN","CORN - ACRES PLANTED","TOTAL","NOT SPECIFIED","5,500",""
"SURVEY","1978","YEAR","","COUNTY","ILLINOIS","17","SOUTHEAST","90","JEFFERSON","081","","","00000000","","CORN","CORN - ACRES PLANTED","TOTAL","NOT SPECIFIED","42,500",""
"SURVEY","1978","YEAR","","COUNTY","ILLINOIS","17","SOUTHEAST","90","MASSAC","127","","","00000000","","CORN","CORN - ACRES PLANTED","TOTAL","NOT SPECIFIED","23,000",""
"SURVEY","1978","YEAR","","COUNTY","ILLINOIS","17","SOUTHEAST","90","POPE","151","","","00000000","","CORN","CORN - ACRES PLANTED","TOTAL","NOT SPECIFIED","12,500",""
"SURVEY","1978","YEAR","","COUNTY","ILLINOIS","17","SOUTHEAST","90","SALINE","165","","","00000000","","CORN","CORN - ACRES PLANTED","TOTAL","NOT SPECIFIED","43,500",""
"SURVEY","1978","YEAR","","COUNTY","ILLINOIS","17","SOUTHEAST","90","WABASH","185","","","00000000","","CORN","CORN - ACRES PLANTED","TOTAL","NOT SPECIFIED","49,500",""
"SURVEY","1978","YEAR","","COUNTY","ILLINOIS","17","SOUTHEAST","90","WAYNE","191","","","00000000","","CORN","CORN - ACRES PLANTED","TOTAL","NOT SPECIFIED","80,600",""
"SURVEY","1978","YEAR","","COUNTY","ILLINOIS","17","SOUTHEAST","90","WHITE","193","","","00000000","","CORN","CORN - ACRES PLANTED","TOTAL","NOT SPECIFIED","82,800",""
"SURVEY","1978","YEAR","","COUNTY","ILLINOIS","17","SOUTHWEST","80","ALEXANDER","003","","","00000000","","CORN","CORN - ACRES PLANTED","TOTAL","NOT SPECIFIED","10,000",""
"SURVEY","1978","YEAR","","COUNTY","ILLINOIS","17","SOUTHWEST","80","CLINTON","027","","","00000000","","CORN","CORN - ACRES PLANTED","TOTAL","NOT SPECIFIED","71,200",""
"SURVEY","1978","YEAR","","COUNTY","ILLINOIS","17","SOUTHWEST","80","JACKSON","077","","","00000000","","CORN","CORN - ACRES PLANTED","TOTAL","NOT SPECIFIED","31,000",""
"SURVEY","1978","YEAR","","COUNTY","ILLINOIS","17","SOUTHWEST","80","JOHNSON","087","","","00000000","","CORN","CORN - ACRES PLANTED","TOTAL","NOT SPECIFIED","15,000",""
"SURVEY","1978","YEAR","","COUNTY","ILLINOIS","17","SOUTHWEST","80","MONROE","133","","","00000000","","CORN","CORN - ACRES PLANTED","TOTAL","NOT SPECIFIED","47,500",""
"SURVEY","1978","YEAR","","COUNTY","ILLINOIS","17","SOUTHWEST","80","PERRY","145","","","00000000","","CORN","CORN - ACRES PLANTED","TOTAL","NOT SPECIFIED","38,000",""
"SURVEY","1978","YEAR","","COUNTY","ILLINOIS","17","SOUTHWEST","80","PULASKI","153","","","00000000","","CORN","CORN - ACRES PLANTED","TOTAL","NOT SPECIFIED","11,000",""
"SURVEY","1978","YEAR","","COUNTY","ILLINOIS","17","SOUTHWEST","80","RANDOLPH","157","","","00000000","","CORN","CORN - ACRES PLANTED","TOTAL","NOT SPECIFIED","56,000",""
"SURVEY","1978","YEAR","","COUNTY","ILLINOIS","17","SOUTHWEST","80","ST CLAIR","163","","","00000000","","CORN","CORN - ACRES PLANTED","TOTAL","NOT SPECIFIED","69,600",""
"SURVEY","1978","YEAR","","COUNTY","ILLINOIS","17","SOUTHWEST","80","UNION","181","","","00000000","","CORN","CORN - ACRES PLANTED","TOTAL","NOT SPECIFIED","14,500",""
"SURVEY","1978","YEAR","","COUNTY","ILLINOIS","17","SOUTHWEST","80","WASHINGTON","189","","","00000000","","CORN","CORN - ACRES PLANTED","TOTAL","NOT SPECIFIED","71,100",""
"SURVEY","1978","YEAR","","COUNTY","ILLINOIS","17","SOUTHWEST","80","WILLIAMSON","199","","","00000000","","CORN","CORN - ACRES PLANTED","TOTAL","NOT SPECIFIED","18,500",""
"SURVEY","1978","YEAR","","COUNTY","ILLINOIS","17","WEST","30","ADAMS","001","","","00000000","","CORN","CORN - ACRES PLANTED","TOTAL","NOT SPECIFIED","120,100",""
"SURVEY","1978","YEAR","","COUNTY","ILLINOIS","17","WEST","30","BROWN","009","","","00000000","","CORN","CORN - ACRES PLANTED","TOTAL","NOT SPECIFIED","36,000",""
"SURVEY","1978","YEAR","","COUNTY","ILLINOIS","17","WEST","30","FULTON","057","","","00000000","","CORN","CORN - ACRES PLANTED","TOTAL","NOT SPECIFIED","138,100",""
"SURVEY","1978","YEAR","","COUNTY","ILLINOIS","17","WEST","30","HANCOCK","067","","","00000000","","CORN","CORN - ACRES PLANTED","TOTAL","NOT SPECIFIED","143,100",""
"SURVEY","1978","YEAR","","COUNTY","ILLINOIS","17","WEST","30","HENDERSON","071","","","00000000","","CORN","CORN - ACRES PLANTED","TOTAL","NOT SPECIFIED","97,100",""
"SURVEY","1978","YEAR","","COUNTY","ILLINOIS","17","WEST","30","KNOX","095","","","00000000","","CORN","CORN - ACRES PLANTED","TOTAL","NOT SPECIFIED","196,200",""
"SURVEY","1978","YEAR","","COUNTY","ILLINOIS","17","WEST","30","MCDONOUGH","109","","","00000000","","CORN","CORN - ACRES PLANTED","TOTAL","NOT SPECIFIED","143,100",""
"SURVEY","1978","YEAR","","COUNTY","ILLINOIS","17","WEST","30","SCHUYLER","169","","","00000000","","CORN","CORN - ACRES PLANTED","TOTAL","NOT SPECIFIED","58,100",""
"SURVEY","1978","YEAR","","COUNTY","ILLINOIS","17","WEST","30","WARREN","187","","","00000000","","CORN","CORN - ACRES PLANTED","TOTAL","NOT SPECIFIED","177,200",""
"SURVEY","1978","YEAR","","COUNTY","ILLINOIS","17","WEST SOUTHWEST","60","BOND","005","","","00000000","","CORN","CORN - ACRES PLANTED","TOTAL","NOT SPECIFIED","38,000",""
"SURVEY","1978","YEAR","","COUNTY","ILLINOIS","17","WEST SOUTHWEST","60","CALHOUN","013","","","00000000","","CORN","CORN - ACRES PLANTED","TOTAL","NOT SPECIFIED","21,000",""
"SURVEY","1978","YEAR","","COUNTY","ILLINOIS","17","WEST SOUTHWEST","60","CASS","017","","","00000000","","CORN","CORN - ACRES PLANTED","TOTAL","NOT SPECIFIED","75,100",""
"SURVEY","1978","YEAR","","COUNTY","ILLINOIS","17","WEST SOUTHWEST","60","CHRISTIAN","021","","","00000000","","CORN","CORN - ACRES PLANTED","TOTAL","NOT SPECIFIED","174,200",""
"SURVEY","1978","YEAR","","COUNTY","ILLINOIS","17","WEST SOUTHWEST","60","GREENE","061","","","00000000","","CORN","CORN - ACRES PLANTED","TOTAL","NOT SPECIFIED","95,600",""
"SURVEY","1978","YEAR","","COUNTY","ILLINOIS","17","WEST SOUTHWEST","60","JERSEY","083","","","00000000","","CORN","CORN - ACRES PLANTED","TOTAL","NOT SPECIFIED","42,500",""
"SURVEY","1978","YEAR","","COUNTY","ILLINOIS","17","WEST SOUTHWEST","60","MACOUPIN","117","","","00000000","","CORN","CORN - ACRES PLANTED","TOTAL","NOT SPECIFIED","126,100",""
"SURVEY","1978","YEAR","","COUNTY","ILLINOIS","17","WEST SOUTHWEST","60","MADISON","119","","","00000000","","CORN","CORN - ACRES PLANTED","TOTAL","NOT SPECIFIED","73,600",""
"SURVEY","1978","YEAR","","COUNTY","ILLINOIS","17","WEST SOUTHWEST","60","MONTGOMERY","135","","","00000000","","CORN","CORN - ACRES PLANTED","TOTAL","NOT SPECIFIED","111,100",""
"SURVEY","1978","YEAR","","COUNTY","ILLINOIS","17","WEST SOUTHWEST","60","MORGAN","137","","","00000000","","CORN","CORN - ACRES PLANTED","TOTAL","NOT SPECIFIED","123,600",""
"SURVEY","1978","YEAR","","COUNTY","ILLINOIS","17","WEST SOUTHWEST","60","PIKE","149","","","00000000","","CORN","CORN - ACRES PLANTED","TOTAL","NOT SPECIFIED","123,100",""
"SURVEY","1978","YEAR","","COUNTY","ILLINOIS","17","WEST SOUTHWEST","60","SANGAMON","167","","","00000000","","CORN","CORN - ACRES PLANTED","TOTAL","NOT SPECIFIED","212,200",""
"SURVEY","1978","YEAR","","COUNTY","ILLINOIS","17","WEST SOUTHWEST","60","SCOTT","171","","","00000000","","CORN","CORN - ACRES PLANTED","TOTAL","NOT SPECIFIED","43,000",""
"SURVEY","1977","YEAR","","COUNTY","ILLINOIS","17","CENTRAL","40","DE WITT","039","","","00000000","","CORN","CORN - ACRES PLANTED","TOTAL","NOT SPECIFIED","117,200",""
"SURVEY","1977","YEAR","","COUNTY","ILLINOIS","17","CENTRAL","40","LOGAN","107","","","00000000","","CORN","CORN - ACRES PLANTED","TOTAL","NOT SPECIFIED","197,300",""
"SURVEY","1977","YEAR","","COUNTY","ILLINOIS","17","CENTRAL","40","MACON","115","","","00000000","","CORN","CORN - ACRES PLANTED","TOTAL","NOT SPECIFIED","168,300",""
"SURVEY","1977","YEAR","","COUNTY","ILLINOIS","17","CENTRAL","40","MARSHALL","123","","","00000000","","CORN","CORN - ACRES PLANTED","TOTAL","NOT SPECIFIED","112,200",""
"SURVEY","1977","YEAR","","COUNTY","ILLINOIS","17","CENTRAL","40","MASON","125","","","00000000","","CORN","CORN - ACRES PLANTED","TOTAL","NOT SPECIFIED","122,200",""
"SURVEY","1977","YEAR","","COUNTY","ILLINOIS","17","CENTRAL","40","MCLEAN","113","","","00000000","","CORN","CORN - ACRES PLANTED","TOTAL","NOT SPECIFIED","391,800",""
"SURVEY","1977","YEAR","","COUNTY","ILLINOIS","17","CENTRAL","40","MENARD","129","","","00000000","","CORN","CORN - ACRES PLANTED","TOTAL","NOT SPECIFIED","79,100",""
"SURVEY","1977","YEAR","","COUNTY","ILLINOIS","17","CENTRAL","40","PEORIA","143","","","00000000","","CORN","CORN - ACRES PLANTED","TOTAL","NOT SPECIFIED","137,200",""
"SURVEY","1977","YEAR","","COUNTY","ILLINOIS","17","CENTRAL","40","STARK","175","","","00000000","","CORN","CORN - ACRES PLANTED","TOTAL","NOT SPECIFIED","111,200",""
"SURVEY","1977","YEAR","","COUNTY","ILLINOIS","17","CENTRAL","40","TAZEWELL","179","","","00000000","","CORN","CORN - ACRES PLANTED","TOTAL","NOT SPECIFIED","192,300",""
"SURVEY","1977","YEAR","","COUNTY","ILLINOIS","17","CENTRAL","40","WOODFORD","203","","","00000000","","CORN","CORN - ACRES PLANTED","TOTAL","NOT SPECIFIED","174,300",""
"SURVEY","1977","YEAR","","COUNTY","ILLINOIS","17","EAST","50","CHAMPAIGN","019","","","00000000","","CORN","CORN - ACRES PLANTED","TOTAL","NOT SPECIFIED","290,500",""
"SURVEY","1977","YEAR","","COUNTY","ILLINOIS","17","EAST","50","FORD","053","","","00000000","","CORN","CORN - ACRES PLANTED","TOTAL","NOT SPECIFIED","147,300",""
"SURVEY","1977","YEAR","","COUNTY","ILLINOIS","17","EAST","50","IROQUOIS","075","","","00000000","","CORN","CORN - ACRES PLANTED","TOTAL","NOT SPECIFIED","339,600",""
"SURVEY","1977","YEAR","","COUNTY","ILLINOIS","17","EAST","50","KANKAKEE","091","","","00000000","","CORN","CORN - ACRES PLANTED","TOTAL","NOT SPECIFIED","195,300",""
"SURVEY","1977","YEAR","","COUNTY","ILLINOIS","17","EAST","50","LIVINGSTON","105","","","00000000","","CORN","CORN - ACRES PLANTED","TOTAL","NOT SPECIFIED","312,500",""
"SURVEY","1977","YEAR","","COUNTY","ILLINOIS","17","EAST","50","PIATT","147","","","00000000","","CORN","CORN - ACRES PLANTED","TOTAL","NOT SPECIFIED","151,300",""
"SURVEY","1977","YEAR","","COUNTY","ILLINOIS","17","EAST","50","VERMILION","183","","","00000000","","CORN","CORN - ACRES PLANTED","TOTAL","NOT SPECIFIED","226,400",""
"SURVEY","1977","YEAR","","COUNTY","ILLINOIS","17","EAST SOUTHEAST","70","CLARK","023","","","00000000","","CORN","CORN - ACRES PLANTED","TOTAL","NOT SPECIFIED","86,100",""
"SURVEY","1977","YEAR","","COUNTY","ILLINOIS","17","EAST SOUTHEAST","70","CLAY","025","","","00000000","","CORN","CORN - ACRES PLANTED","TOTAL","NOT SPECIFIED","43,100",""
"SURVEY","1977","YEAR","","COUNTY","ILLINOIS","17","EAST SOUTHEAST","70","COLES","029","","","00000000","","CORN","CORN - ACRES PLANTED","TOTAL","NOT SPECIFIED","123,200",""
"SURVEY","1977","YEAR","","COUNTY","ILLINOIS","17","EAST SOUTHEAST","70","CRAWFORD","033","","","00000000","","CORN","CORN - ACRES PLANTED","TOTAL","NOT SPECIFIED","76,100",""
"SURVEY","1977","YEAR","","COUNTY","ILLINOIS","17","EAST SOUTHEAST","70","CUMBERLAND","035","","","00000000","","CORN","CORN - ACRES PLANTED","TOTAL","NOT SPECIFIED","55,100",""
"SURVEY","1977","YEAR","","COUNTY","ILLINOIS","17","EAST SOUTHEAST","70","DOUGLAS","041","","","00000000","","CORN","CORN - ACRES PLANTED","TOTAL","NOT SPECIFIED","137,200",""
"SURVEY","1977","YEAR","","COUNTY","ILLINOIS","17","EAST SOUTHEAST","70","EDGAR","045","","","00000000","","CORN","CORN - ACRES PLANTED","TOTAL","NOT SPECIFIED","164,400",""
"SURVEY","1977","YEAR","","COUNTY","ILLINOIS","17","EAST SOUTHEAST","70","EFFINGHAM","049","","","00000000","","CORN","CORN - ACRES PLANTED","TOTAL","NOT SPECIFIED","73,100",""
"SURVEY","1977","YEAR","","COUNTY","ILLINOIS","17","EAST SOUTHEAST","70","FAYETTE","051","","","00000000","","CORN","CORN - ACRES PLANTED","TOTAL","NOT SPECIFIED","71,100",""
"SURVEY","1977","YEAR","","COUNTY","ILLINOIS","17","EAST SOUTHEAST","70","JASPER","079","","","00000000","","CORN","CORN - ACRES PLANTED","TOTAL","NOT SPECIFIED","78,100",""
"SURVEY","1977","YEAR","","COUNTY","ILLINOIS","17","EAST SOUTHEAST","70","LAWRENCE","101","","","00000000","","CORN","CORN - ACRES PLANTED","TOTAL","NOT SPECIFIED","78,100",""
"SURVEY","1977","YEAR","","COUNTY","ILLINOIS","17","EAST SOUTHEAST","70","MARION","121","","","00000000","","CORN","CORN - ACRES PLANTED","TOTAL","NOT SPECIFIED","48,100",""
"SURVEY","1977","YEAR","","COUNTY","ILLINOIS","17","EAST SOUTHEAST","70","MOULTRIE","139","","","00000000","","CORN","CORN - ACRES PLANTED","TOTAL","NOT SPECIFIED","95,200",""
"SURVEY","1977","YEAR","","COUNTY","ILLINOIS","17","EAST SOUTHEAST","70","RICHLAND","159","","","00000000","","CORN","CORN - ACRES PLANTED","TOTAL","NOT SPECIFIED","55,100",""
"SURVEY","1977","YEAR","","COUNTY","ILLINOIS","17","EAST SOUTHEAST","70","SHELBY","173","","","00000000","","CORN","CORN - ACRES PLANTED","TOTAL","NOT SPECIFIED","158,300",""
"SURVEY","1977","YEAR","","COUNTY","ILLINOIS","17","NORTHEAST","20","BOONE","007","","","00000000","","CORN","CORN - ACRES PLANTED","TOTAL","NOT SPECIFIED","81,100",""
"SURVEY","1977","YEAR","","COUNTY","ILLINOIS","17","NORTHEAST","20","COOK","031","","","00000000","","CORN","CORN - ACRES PLANTED","TOTAL","NOT SPECIFIED","17,000",""
"SURVEY","1977","YEAR","","COUNTY","ILLINOIS","17","NORTHEAST","20","DE KALB","037","","","00000000","","CORN","CORN - ACRES PLANTED","TOTAL","NOT SPECIFIED","210,400",""
"SURVEY","1977","YEAR","","COUNTY","ILLINOIS","17","NORTHEAST","20","DU PAGE","043","","","00000000","","CORN","CORN - ACRES PLANTED","TOTAL","NOT SPECIFIED","21,000",""
"SURVEY","1977","YEAR","","COUNTY","ILLINOIS","17","NORTHEAST","20","GRUNDY","063","","","00000000","","CORN","CORN - ACRES PLANTED","TOTAL","NOT SPECIFIED","114,200",""
"SURVEY","1977","YEAR","","COUNTY","ILLINOIS","17","NORTHEAST","20","KANE","089","","","00000000","","CORN","CORN - ACRES PLANTED","TOTAL","NOT SPECIFIED","126,200",""
"SURVEY","1977","YEAR","","COUNTY","ILLINOIS","17","NORTHEAST","20","KENDALL","093","","","00000000","","CORN","CORN - ACRES PLANTED","TOTAL","NOT SPECIFIED","96,200",""
"SURVEY","1977","YEAR","","COUNTY","ILLINOIS","17","NORTHEAST","20","LA SALLE","099","","","00000000","","CORN","CORN - ACRES PLANTED","TOTAL","NOT SPECIFIED","321,700",""
"SURVEY","1977","YEAR","","COUNTY","ILLINOIS","17","NORTHEAST","20","LAKE","097","","","00000000","","CORN","CORN - ACRES PLANTED","TOTAL","NOT SPECIFIED","27,000",""
"SURVEY","1977","YEAR","","COUNTY","ILLINOIS","17","NORTHEAST","20","MCHENRY","111","","","00000000","","CORN","CORN - ACRES PLANTED","TOTAL","NOT SPECIFIED","132,200",""
"SURVEY","1977","YEAR","","COUNTY","ILLINOIS","17","NORTHEAST","20","WILL","197","","","00000000","","CORN","CORN - ACRES PLANTED","TOTAL","NOT SPECIFIED","160,300",""
"SURVEY","1977","YEAR","","COUNTY","ILLINOIS","17","NORTHWEST","10","BUREAU","011","","","00000000","","CORN","CORN - ACRES PLANTED","TOTAL","NOT SPECIFIED","283,300",""
"SURVEY","1977","YEAR","","COUNTY","ILLINOIS","17","NORTHWEST","10","CARROLL","015","","","00000000","","CORN","CORN - ACRES PLANTED","TOTAL","NOT SPECIFIED","142,300",""
"SURVEY","1977","YEAR","","COUNTY","ILLINOIS","17","NORTHWEST","10","HENRY","073","","","00000000","","CORN","CORN - ACRES PLANTED","TOTAL","NOT SPECIFIED","261,500",""
"SURVEY","1977","YEAR","","COUNTY","ILLINOIS","17","NORTHWEST","10","JO DAVIESS","085","","","00000000","","CORN","CORN - ACRES PLANTED","TOTAL","NOT SPECIFIED","86,700",""
"SURVEY","1977","YEAR","","COUNTY","ILLINOIS","17","NORTHWEST","10","LEE","103","","","00000000","","CORN","CORN - ACRES PLANTED","TOTAL","NOT SPECIFIED","219,400",""
"SURVEY","1977","YEAR","","COUNTY","ILLINOIS","17","NORTHWEST","10","MERCER","131","","","00000000","","CORN","CORN - ACRES PLANTED","TOTAL","NOT SPECIFIED","169,300",""
"SURVEY","1977","YEAR","","COUNTY","ILLINOIS","17","NORTHWEST","10","OGLE","141","","","00000000","","CORN","CORN - ACRES PLANTED","TOTAL","NOT SPECIFIED","232,400",""
"SURVEY","1977","YEAR","","COUNTY","ILLINOIS","17","NORTHWEST","10","PUTNAM","155","","","00000000","","CORN","CORN - ACRES PLANTED","TOTAL","NOT SPECIFIED","44,600",""
"SURVEY","1977","YEAR","","COUNTY","ILLINOIS","17","NORTHWEST","10","ROCK ISLAND","161","","","00000000","","CORN","CORN - ACRES PLANTED","TOTAL","NOT SPECIFIED","86,200",""
"SURVEY","1977","YEAR","","COUNTY","ILLINOIS","17","NORTHWEST","10","STEPHENSON","177","","","00000000","","CORN","CORN - ACRES PLANTED","TOTAL","NOT SPECIFIED","168,300",""
"SURVEY","1977","YEAR","","COUNTY","ILLINOIS","17","NORTHWEST","10","WHITESIDE","195","","","00000000","","CORN","CORN - ACRES PLANTED","TOTAL","NOT SPECIFIED","241,400",""
"SURVEY","1977","YEAR","","COUNTY","ILLINOIS","17","NORTHWEST","10","WINNEBAGO","201","","","00000000","","CORN","CORN - ACRES PLANTED","TOTAL","NOT SPECIFIED","108,200",""
"SURVEY","1977","YEAR","","COUNTY","ILLINOIS","17","SOUTHEAST","90","EDWARDS","047","","","00000000","","CORN","CORN - ACRES PLANTED","TOTAL","NOT SPECIFIED","40,100",""
"SURVEY","1977","YEAR","","COUNTY","ILLINOIS","17","SOUTHEAST","90","FRANKLIN","055","","","00000000","","CORN","CORN - ACRES PLANTED","TOTAL","NOT SPECIFIED","26,000",""
"SURVEY","1977","YEAR","","COUNTY","ILLINOIS","17","SOUTHEAST","90","GALLATIN","059","","","00000000","","CORN","CORN - ACRES PLANTED","TOTAL","NOT SPECIFIED","58,100",""
"SURVEY","1977","YEAR","","COUNTY","ILLINOIS","17","SOUTHEAST","90","HAMILTON","065","","","00000000","","CORN","CORN - ACRES PLANTED","TOTAL","NOT SPECIFIED","39,600",""
"SURVEY","1977","YEAR","","COUNTY","ILLINOIS","17","SOUTHEAST","90","HARDIN","069","","","00000000","","CORN","CORN - ACRES PLANTED","TOTAL","NOT SPECIFIED","5,500",""
"SURVEY","1977","YEAR","","COUNTY","ILLINOIS","17","SOUTHEAST","90","JEFFERSON","081","","","00000000","","CORN","CORN - ACRES PLANTED","TOTAL","NOT SPECIFIED","38,100",""
"SURVEY","1977","YEAR","","COUNTY","ILLINOIS","17","SOUTHEAST","90","MASSAC","127","","","00000000","","CORN","CORN - ACRES PLANTED","TOTAL","NOT SPECIFIED","21,000",""
"SURVEY","1977","YEAR","","COUNTY","ILLINOIS","17","SOUTHEAST","90","POPE","151","","","00000000","","CORN","CORN - ACRES PLANTED","TOTAL","NOT SPECIFIED","12,000",""
"SURVEY","1977","YEAR","","COUNTY","ILLINOIS","17","SOUTHEAST","90","SALINE","165","","","00000000","","CORN","CORN - ACRES PLANTED","TOTAL","NOT SPECIFIED","40,100",""
"SURVEY","1977","YEAR","","COUNTY","ILLINOIS","17","SOUTHEAST","90","WABASH","185","","","00000000","","CORN","CORN - ACRES PLANTED","TOTAL","NOT SPECIFIED","46,100",""
"SURVEY","1977","YEAR","","COUNTY","ILLINOIS","17","SOUTHEAST","90","WAYNE","191","","","00000000","","CORN","CORN - ACRES PLANTED","TOTAL","NOT SPECIFIED","73,100",""
"SURVEY","1977","YEAR","","COUNTY","ILLINOIS","17","SOUTHEAST","90","WHITE","193","","","00000000","","CORN","CORN - ACRES PLANTED","TOTAL","NOT SPECIFIED","81,100",""
"SURVEY","1977","YEAR","","COUNTY","ILLINOIS","17","SOUTHWEST","80","ALEXANDER","003","","","00000000","","CORN","CORN - ACRES PLANTED","TOTAL","NOT SPECIFIED","10,500",""
"SURVEY","1977","YEAR","","COUNTY","ILLINOIS","17","SOUTHWEST","80","CLINTON","027","","","00000000","","CORN","CORN - ACRES PLANTED","TOTAL","NOT SPECIFIED","72,200",""
"SURVEY","1977","YEAR","","COUNTY","ILLINOIS","17","SOUTHWEST","80","JACKSON","077","","","00000000","","CORN","CORN - ACRES PLANTED","TOTAL","NOT SPECIFIED","28,000",""
"SURVEY","1977","YEAR","","COUNTY","ILLINOIS","17","SOUTHWEST","80","JOHNSON","087","","","00000000","","CORN","CORN - ACRES PLANTED","TOTAL","NOT SPECIFIED","14,500",""
"SURVEY","1977","YEAR","","COUNTY","ILLINOIS","17","SOUTHWEST","80","MONROE","133","","","00000000","","CORN","CORN - ACRES PLANTED","TOTAL","NOT SPECIFIED","41,100",""
"SURVEY","1977","YEAR","","COUNTY","ILLINOIS","17","SOUTHWEST","80","PERRY","145","","","00000000","","CORN","CORN - ACRES PLANTED","TOTAL","NOT SPECIFIED","31,100",""
"SURVEY","1977","YEAR","","COUNTY","ILLINOIS","17","SOUTHWEST","80","PULASKI","153","","","00000000","","CORN","CORN - ACRES PLANTED","TOTAL","NOT SPECIFIED","10,500",""
"SURVEY","1977","YEAR","","COUNTY","ILLINOIS","17","SOUTHWEST","80","RANDOLPH","157","","","00000000","","CORN","CORN - ACRES PLANTED","TOTAL","NOT SPECIFIED","50,100",""
"SURVEY","1977","YEAR","","COUNTY","ILLINOIS","17","SOUTHWEST","80","ST CLAIR","163","","","00000000","","CORN","CORN - ACRES PLANTED","TOTAL","NOT SPECIFIED","70,100",""
"SURVEY","1977","YEAR","","COUNTY","ILLINOIS","17","SOUTHWEST","80","UNION","181","","","00000000","","CORN","CORN - ACRES PLANTED","TOTAL","NOT SPECIFIED","13,500",""
"SURVEY","1977","YEAR","","COUNTY","ILLINOIS","17","SOUTHWEST","80","WASHINGTON","189","","","00000000","","CORN","CORN - ACRES PLANTED","TOTAL","NOT SPECIFIED","70,100",""
"SURVEY","1977","YEAR","","COUNTY","ILLINOIS","17","SOUTHWEST","80","WILLIAMSON","199","","","00000000","","CORN","CORN - ACRES PLANTED","TOTAL","NOT SPECIFIED","14,000",""
"SURVEY","1977","YEAR","","COUNTY","ILLINOIS","17","WEST","30","ADAMS","001","","","00000000","","CORN","CORN - ACRES PLANTED","TOTAL","NOT SPECIFIED","134,200",""
"SURVEY","1977","YEAR","","COUNTY","ILLINOIS","17","WEST","30","BROWN","009","","","00000000","","CORN","CORN - ACRES PLANTED","TOTAL","NOT SPECIFIED","38,100",""
"SURVEY","1977","YEAR","","COUNTY","ILLINOIS","17","WEST","30","FULTON","057","","","00000000","","CORN","CORN - ACRES PLANTED","TOTAL","NOT SPECIFIED","157,300",""
"SURVEY","1977","YEAR","","COUNTY","ILLINOIS","17","WEST","30","HANCOCK","067","","","00000000","","CORN","CORN - ACRES PLANTED","TOTAL","NOT SPECIFIED","159,300",""
"SURVEY","1977","YEAR","","COUNTY","ILLINOIS","17","WEST","30","HENDERSON","071","","","00000000","","CORN","CORN - ACRES PLANTED","TOTAL","NOT SPECIFIED","98,200",""
"SURVEY","1977","YEAR","","COUNTY","ILLINOIS","17","WEST","30","KNOX","095","","","00000000","","CORN","CORN - ACRES PLANTED","TOTAL","NOT SPECIFIED","193,200",""
"SURVEY","1977","YEAR","","COUNTY","ILLINOIS","17","WEST","30","MCDONOUGH","109","","","00000000","","CORN","CORN - ACRES PLANTED","TOTAL","NOT SPECIFIED","152,300",""
"SURVEY","1977","YEAR","","COUNTY","ILLINOIS","17","WEST","30","SCHUYLER","169","","","00000000","","CORN","CORN - ACRES PLANTED","TOTAL","NOT SPECIFIED","64,100",""
"SURVEY","1977","YEAR","","COUNTY","ILLINOIS","17","WEST","30","WARREN","187","","","00000000","","CORN","CORN - ACRES PLANTED","TOTAL","NOT SPECIFIED","180,300",""
"SURVEY","1977","YEAR","","COUNTY","ILLINOIS","17","WEST SOUTHWEST","60","BOND","005","","","00000000","","CORN","CORN - ACRES PLANTED","TOTAL","NOT SPECIFIED","42,100",""
"SURVEY","1977","YEAR","","COUNTY","ILLINOIS","17","WEST SOUTHWEST","60","CALHOUN","013","","","00000000","","CORN","CORN - ACRES PLANTED","TOTAL","NOT SPECIFIED","23,000",""
"SURVEY","1977","YEAR","","COUNTY","ILLINOIS","17","WEST SOUTHWEST","60","CASS","017","","","00000000","","CORN","CORN - ACRES PLANTED","TOTAL","NOT SPECIFIED","77,100",""
"SURVEY","1977","YEAR","","COUNTY","ILLINOIS","17","WEST SOUTHWEST","60","CHRISTIAN","021","","","00000000","","CORN","CORN - ACRES PLANTED","TOTAL","NOT SPECIFIED","175,300",""
"SURVEY","1977","YEAR","","COUNTY","ILLINOIS","17","WEST SOUTHWEST","60","GREENE","061","","","00000000","","CORN","CORN - ACRES PLANTED","TOTAL","NOT SPECIFIED","99,200",""
"SURVEY","1977","YEAR","","COUNTY","ILLINOIS","17","WEST SOUTHWEST","60","JERSEY","083","","","00000000","","CORN","CORN - ACRES PLANTED","TOTAL","NOT SPECIFIED","48,100",""
"SURVEY","1977","YEAR","","COUNTY","ILLINOIS","17","WEST SOUTHWEST","60","MACOUPIN","117","","","00000000","","CORN","CORN - ACRES PLANTED","TOTAL","NOT SPECIFIED","143,300",""
"SURVEY","1977","YEAR","","COUNTY","ILLINOIS","17","WEST SOUTHWEST","60","MADISON","119","","","00000000","","CORN","CORN - ACRES PLANTED","TOTAL","NOT SPECIFIED","78,100",""
"SURVEY","1977","YEAR","","COUNTY","ILLINOIS","17","WEST SOUTHWEST","60","MONTGOMERY","135","","","00000000","","CORN","CORN - ACRES PLANTED","TOTAL","NOT SPECIFIED","126,200",""
"SURVEY","1977","YEAR","","COUNTY","ILLINOIS","17","WEST SOUTHWEST","60","MORGAN","137","","","00000000","","CORN","CORN - ACRES PLANTED","TOTAL","NOT SPECIFIED","117,200",""
"SURVEY","1977","YEAR","","COUNTY","ILLINOIS","17","WEST SOUTHWEST","60","PIKE","149","","","00000000","","CORN","CORN - ACRES PLANTED","TOTAL","NOT SPECIFIED","128,200",""
"SURVEY","1977","YEAR","","COUNTY","ILLINOIS","17","WEST SOUTHWEST","60","SANGAMON","167","","","00000000","","CORN","CORN - ACRES PLANTED","TOTAL","NOT SPECIFIED","205,400",""
"SURVEY","1977","YEAR","","COUNTY","ILLINOIS","17","WEST SOUTHWEST","60","SCOTT","171","","","00000000","","CORN","CORN - ACRES PLANTED","TOTAL","NOT SPECIFIED","44,100",""
"SURVEY","1976","YEAR","","COUNTY","ILLINOIS","17","CENTRAL","40","DE WITT","039","","","00000000","","CORN","CORN - ACRES PLANTED","TOTAL","NOT SPECIFIED","124,100",""
"SURVEY","1976","YEAR","","COUNTY","ILLINOIS","17","CENTRAL","40","LOGAN","107","","","00000000","","CORN","CORN - ACRES PLANTED","TOTAL","NOT SPECIFIED","202,200",""
"SURVEY","1976","YEAR","","COUNTY","ILLINOIS","17","CENTRAL","40","MACON","115","","","00000000","","CORN","CORN - ACRES PLANTED","TOTAL","NOT SPECIFIED","167,100",""
"SURVEY","1976","YEAR","","COUNTY","ILLINOIS","17","CENTRAL","40","MARSHALL","123","","","00000000","","CORN","CORN - ACRES PLANTED","TOTAL","NOT SPECIFIED","115,100",""
"SURVEY","1976","YEAR","","COUNTY","ILLINOIS","17","CENTRAL","40","MASON","125","","","00000000","","CORN","CORN - ACRES PLANTED","TOTAL","NOT SPECIFIED","126,100",""
"SURVEY","1976","YEAR","","COUNTY","ILLINOIS","17","CENTRAL","40","MCLEAN","113","","","00000000","","CORN","CORN - ACRES PLANTED","TOTAL","NOT SPECIFIED","395,300",""
"SURVEY","1976","YEAR","","COUNTY","ILLINOIS","17","CENTRAL","40","MENARD","129","","","00000000","","CORN","CORN - ACRES PLANTED","TOTAL","NOT SPECIFIED","82,100",""
"SURVEY","1976","YEAR","","COUNTY","ILLINOIS","17","CENTRAL","40","PEORIA","143","","","00000000","","CORN","CORN - ACRES PLANTED","TOTAL","NOT SPECIFIED","136,100",""
"SURVEY","1976","YEAR","","COUNTY","ILLINOIS","17","CENTRAL","40","STARK","175","","","00000000","","CORN","CORN - ACRES PLANTED","TOTAL","NOT SPECIFIED","112,100",""
"SURVEY","1976","YEAR","","COUNTY","ILLINOIS","17","CENTRAL","40","TAZEWELL","179","","","00000000","","CORN","CORN - ACRES PLANTED","TOTAL","NOT SPECIFIED","191,200",""
"SURVEY","1976","YEAR","","COUNTY","ILLINOIS","17","CENTRAL","40","WOODFORD","203","","","00000000","","CORN","CORN - ACRES PLANTED","TOTAL","NOT SPECIFIED","180,100",""
"SURVEY","1976","YEAR","","COUNTY","ILLINOIS","17","EAST","50","CHAMPAIGN","019","","","00000000","","CORN","CORN - ACRES PLANTED","TOTAL","NOT SPECIFIED","300,200",""
"SURVEY","1976","YEAR","","COUNTY","ILLINOIS","17","EAST","50","FORD","053","","","00000000","","CORN","CORN - ACRES PLANTED","TOTAL","NOT SPECIFIED","148,100",""
"SURVEY","1976","YEAR","","COUNTY","ILLINOIS","17","EAST","50","IROQUOIS","075","","","00000000","","CORN","CORN - ACRES PLANTED","TOTAL","NOT SPECIFIED","350,300",""
"SURVEY","1976","YEAR","","COUNTY","ILLINOIS","17","EAST","50","KANKAKEE","091","","","00000000","","CORN","CORN - ACRES PLANTED","TOTAL","NOT SPECIFIED","190,200",""
"SURVEY","1976","YEAR","","COUNTY","ILLINOIS","17","EAST","50","LIVINGSTON","105","","","00000000","","CORN","CORN - ACRES PLANTED","TOTAL","NOT SPECIFIED","321,300",""
"SURVEY","1976","YEAR","","COUNTY","ILLINOIS","17","EAST","50","PIATT","147","","","00000000","","CORN","CORN - ACRES PLANTED","TOTAL","NOT SPECIFIED","154,100",""
"SURVEY","1976","YEAR","","COUNTY","ILLINOIS","17","EAST","50","VERMILION","183","","","00000000","","CORN","CORN - ACRES PLANTED","TOTAL","NOT SPECIFIED","227,200",""
"SURVEY","1976","YEAR","","COUNTY","ILLINOIS","17","EAST SOUTHEAST","70","CLARK","023","","","00000000","","CORN","CORN - ACRES PLANTED","TOTAL","NOT SPECIFIED","79,600",""
"SURVEY","1976","YEAR","","COUNTY","ILLINOIS","17","EAST SOUTHEAST","70","CLAY","025","","","00000000","","CORN","CORN - ACRES PLANTED","TOTAL","NOT SPECIFIED","47,500",""
"SURVEY","1976","YEAR","","COUNTY","ILLINOIS","17","EAST SOUTHEAST","70","COLES","029","","","00000000","","CORN","CORN - ACRES PLANTED","TOTAL","NOT SPECIFIED","133,100",""
"SURVEY","1976","YEAR","","COUNTY","ILLINOIS","17","EAST SOUTHEAST","70","CRAWFORD","033","","","00000000","","CORN","CORN - ACRES PLANTED","TOTAL","NOT SPECIFIED","73,600",""
"SURVEY","1976","YEAR","","COUNTY","ILLINOIS","17","EAST SOUTHEAST","70","CUMBERLAND","035","","","00000000","","CORN","CORN - ACRES PLANTED","TOTAL","NOT SPECIFIED","54,500",""
"SURVEY","1976","YEAR","","COUNTY","ILLINOIS","17","EAST SOUTHEAST","70","DOUGLAS","041","","","00000000","","CORN","CORN - ACRES PLANTED","TOTAL","NOT SPECIFIED","136,100",""
"SURVEY","1976","YEAR","","COUNTY","ILLINOIS","17","EAST SOUTHEAST","70","EDGAR","045","","","00000000","","CORN","CORN - ACRES PLANTED","TOTAL","NOT SPECIFIED","163,100",""
"SURVEY","1976","YEAR","","COUNTY","ILLINOIS","17","EAST SOUTHEAST","70","EFFINGHAM","049","","","00000000","","CORN","CORN - ACRES PLANTED","TOTAL","NOT SPECIFIED","76,100",""
"SURVEY","1976","YEAR","","COUNTY","ILLINOIS","17","EAST SOUTHEAST","70","FAYETTE","051","","","00000000","","CORN","CORN - ACRES PLANTED","TOTAL","NOT SPECIFIED","81,600",""
"SURVEY","1976","YEAR","","COUNTY","ILLINOIS","17","EAST SOUTHEAST","70","JASPER","079","","","00000000","","CORN","CORN - ACRES PLANTED","TOTAL","NOT SPECIFIED","82,100",""
"SURVEY","1976","YEAR","","COUNTY","ILLINOIS","17","EAST SOUTHEAST","70","LAWRENCE","101","","","00000000","","CORN","CORN - ACRES PLANTED","TOTAL","NOT SPECIFIED","79,600",""
"SURVEY","1976","YEAR","","COUNTY","ILLINOIS","17","EAST SOUTHEAST","70","MARION","121","","","00000000","","CORN","CORN - ACRES PLANTED","TOTAL","NOT SPECIFIED","54,000",""
"SURVEY","1976","YEAR","","COUNTY","ILLINOIS","17","EAST SOUTHEAST","70","MOULTRIE","139","","","00000000","","CORN","CORN - ACRES PLANTED","TOTAL","NOT SPECIFIED","98,600",""
"SURVEY","1976","YEAR","","COUNTY","ILLINOIS","17","EAST SOUTHEAST","70","RICHLAND","159","","","00000000","","CORN","CORN - ACRES PLANTED","TOTAL","NOT SPECIFIED","59,600",""
"SURVEY","1976","YEAR","","COUNTY","ILLINOIS","17","EAST SOUTHEAST","70","SHELBY","173","","","00000000","","CORN","CORN - ACRES PLANTED","TOTAL","NOT SPECIFIED","167,100",""
"SURVEY","1976","YEAR","","COUNTY","ILLINOIS","17","NORTHEAST","20","BOONE","007","","","00000000","","CORN","CORN - ACRES PLANTED","TOTAL","NOT SPECIFIED","80,100",""
"SURVEY","1976","YEAR","","COUNTY","ILLINOIS","17","NORTHEAST","20","COOK","031","","","00000000","","CORN","CORN - ACRES PLANTED","TOTAL","NOT SPECIFIED","18,500",""
"SURVEY","1976","YEAR","","COUNTY","ILLINOIS","17","NORTHEAST","20","DE KALB","037","","","00000000","","CORN","CORN - ACRES PLANTED","TOTAL","NOT SPECIFIED","214,200",""
"SURVEY","1976","YEAR","","COUNTY","ILLINOIS","17","NORTHEAST","20","DU PAGE","043","","","00000000","","CORN","CORN - ACRES PLANTED","TOTAL","NOT SPECIFIED","21,000",""
"SURVEY","1976","YEAR","","COUNTY","ILLINOIS","17","NORTHEAST","20","GRUNDY","063","","","00000000","","CORN","CORN - ACRES PLANTED","TOTAL","NOT SPECIFIED","115,100",""
"SURVEY","1976","YEAR","","COUNTY","ILLINOIS","17","NORTHEAST","20","KANE","089","","","00000000","","CORN","CORN - ACRES PLANTED","TOTAL","NOT SPECIFIED","131,100",""
"SURVEY","1976","YEAR","","COUNTY","ILLINOIS","17","NORTHEAST","20","KENDALL","093","","","00000000","","CORN","CORN - ACRES PLANTED","TOTAL","NOT SPECIFIED","97,100",""
"SURVEY","1976","YEAR","","COUNTY","ILLINOIS","17","NORTHEAST","20","LA SALLE","099","","","00000000","","CORN","CORN - ACRES PLANTED","TOTAL","NOT SPECIFIED","322,300",""
"SURVEY","1976","YEAR","","COUNTY","ILLINOIS","17","NORTHEAST","20","LAKE","097","","","00000000","","CORN","CORN - ACRES PLANTED","TOTAL","NOT SPECIFIED","27,000",""
"SURVEY","1976","YEAR","","COUNTY","ILLINOIS","17","NORTHEAST","20","MCHENRY","111","","","00000000","","CORN","CORN - ACRES PLANTED","TOTAL","NOT SPECIFIED","132,600",""
"SURVEY","1976","YEAR","","COUNTY","ILLINOIS","17","NORTHEAST","20","WILL","197","","","00000000","","CORN","CORN - ACRES PLANTED","TOTAL","NOT SPECIFIED","152,100",""
"SURVEY","1976","YEAR","","COUNTY","ILLINOIS","17","NORTHWEST","10","BUREAU","011","","","00000000","","CORN","CORN - ACRES PLANTED","TOTAL","NOT SPECIFIED","275,800",""
"SURVEY","1976","YEAR","","COUNTY","ILLINOIS","17","NORTHWEST","10","CARROLL","015","","","00000000","","CORN","CORN - ACRES PLANTED","TOTAL","NOT SPECIFIED","138,600",""
"SURVEY","1976","YEAR","","COUNTY","ILLINOIS","17","NORTHWEST","10","HENRY","073","","","00000000","","CORN","CORN - ACRES PLANTED","TOTAL","NOT SPECIFIED","257,200",""
"SURVEY","1976","YEAR","","COUNTY","ILLINOIS","17","NORTHWEST","10","JO DAVIESS","085","","","00000000","","CORN","CORN - ACRES PLANTED","TOTAL","NOT SPECIFIED","83,100",""
"SURVEY","1976","YEAR","","COUNTY","ILLINOIS","17","NORTHWEST","10","LEE","103","","","00000000","","CORN","CORN - ACRES PLANTED","TOTAL","NOT SPECIFIED","225,200",""
"SURVEY","1976","YEAR","","COUNTY","ILLINOIS","17","NORTHWEST","10","MERCER","131","","","00000000","","CORN","CORN - ACRES PLANTED","TOTAL","NOT SPECIFIED","168,100",""
"SURVEY","1976","YEAR","","COUNTY","ILLINOIS","17","NORTHWEST","10","OGLE","141","","","00000000","","CORN","CORN - ACRES PLANTED","TOTAL","NOT SPECIFIED","238,700",""
"SURVEY","1976","YEAR","","COUNTY","ILLINOIS","17","NORTHWEST","10","PUTNAM","155","","","00000000","","CORN","CORN - ACRES PLANTED","TOTAL","NOT SPECIFIED","48,000",""
"SURVEY","1976","YEAR","","COUNTY","ILLINOIS","17","NORTHWEST","10","ROCK ISLAND","161","","","00000000","","CORN","CORN - ACRES PLANTED","TOTAL","NOT SPECIFIED","89,100",""
"SURVEY","1976","YEAR","","COUNTY","ILLINOIS","17","NORTHWEST","10","STEPHENSON","177","","","00000000","","CORN","CORN - ACRES PLANTED","TOTAL","NOT SPECIFIED","170,600",""
"SURVEY","1976","YEAR","","COUNTY","ILLINOIS","17","NORTHWEST","10","WHITESIDE","195","","","00000000","","CORN","CORN - ACRES PLANTED","TOTAL","NOT SPECIFIED","242,200",""
"SURVEY","1976","YEAR","","COUNTY","ILLINOIS","17","NORTHWEST","10","WINNEBAGO","201","","","00000000","","CORN","CORN - ACRES PLANTED","TOTAL","NOT SPECIFIED","110,100",""
"SURVEY","1976","YEAR","","COUNTY","ILLINOIS","17","SOUTHEAST","90","EDWARDS","047","","","00000000","","CORN","CORN - ACRES PLANTED","TOTAL","NOT SPECIFIED","45,000",""
"SURVEY","1976","YEAR","","COUNTY","ILLINOIS","17","SOUTHEAST","90","FRANKLIN","055","","","00000000","","CORN","CORN - ACRES PLANTED","TOTAL","NOT SPECIFIED","29,500",""
"SURVEY","1976","YEAR","","COUNTY","ILLINOIS","17","SOUTHEAST","90","GALLATIN","059","","","00000000","","CORN","CORN - ACRES PLANTED","TOTAL","NOT SPECIFIED","60,100",""
"SURVEY","1976","YEAR","","COUNTY","ILLINOIS","17","SOUTHEAST","90","HAMILTON","065","","","00000000","","CORN","CORN - ACRES PLANTED","TOTAL","NOT SPECIFIED","42,500",""
"SURVEY","1976","YEAR","","COUNTY","ILLINOIS","17","SOUTHEAST","90","HARDIN","069","","","00000000","","CORN","CORN - ACRES PLANTED","TOTAL","NOT SPECIFIED","6,000",""
"SURVEY","1976","YEAR","","COUNTY","ILLINOIS","17","SOUTHEAST","90","JEFFERSON","081","","","00000000","","CORN","CORN - ACRES PLANTED","TOTAL","NOT SPECIFIED","48,000",""
"SURVEY","1976","YEAR","","COUNTY","ILLINOIS","17","SOUTHEAST","90","MASSAC","127","","","00000000","","CORN","CORN - ACRES PLANTED","TOTAL","NOT SPECIFIED","22,000",""
"SURVEY","1976","YEAR","","COUNTY","ILLINOIS","17","SOUTHEAST","90","POPE","151","","","00000000","","CORN","CORN - ACRES PLANTED","TOTAL","NOT SPECIFIED","13,000",""
"SURVEY","1976","YEAR","","COUNTY","ILLINOIS","17","SOUTHEAST","90","SALINE","165","","","00000000","","CORN","CORN - ACRES PLANTED","TOTAL","NOT SPECIFIED","48,000",""
"SURVEY","1976","YEAR","","COUNTY","ILLINOIS","17","SOUTHEAST","90","WABASH","185","","","00000000","","CORN","CORN - ACRES PLANTED","TOTAL","NOT SPECIFIED","50,000",""
"SURVEY","1976","YEAR","","COUNTY","ILLINOIS","17","SOUTHEAST","90","WAYNE","191","","","00000000","","CORN","CORN - ACRES PLANTED","TOTAL","NOT SPECIFIED","79,600",""
"SURVEY","1976","YEAR","","COUNTY","ILLINOIS","17","SOUTHEAST","90","WHITE","193","","","00000000","","CORN","CORN - ACRES PLANTED","TOTAL","NOT SPECIFIED","91,800",""
"SURVEY","1976","YEAR","","COUNTY","ILLINOIS","17","SOUTHWEST","80","ALEXANDER","003","","","00000000","","CORN","CORN - ACRES PLANTED","TOTAL","NOT SPECIFIED","10,000",""
"SURVEY","1976","YEAR","","COUNTY","ILLINOIS","17","SOUTHWEST","80","CLINTON","027","","","00000000","","CORN","CORN - ACRES PLANTED","TOTAL","NOT SPECIFIED","79,200",""
"SURVEY","1976","YEAR","","COUNTY","ILLINOIS","17","SOUTHWEST","80","JACKSON","077","","","00000000","","CORN","CORN - ACRES PLANTED","TOTAL","NOT SPECIFIED","30,000",""
"SURVEY","1976","YEAR","","COUNTY","ILLINOIS","17","SOUTHWEST","80","JOHNSON","087","","","00000000","","CORN","CORN - ACRES PLANTED","TOTAL","NOT SPECIFIED","16,500",""
"SURVEY","1976","YEAR","","COUNTY","ILLINOIS","17","SOUTHWEST","80","MONROE","133","","","00000000","","CORN","CORN - ACRES PLANTED","TOTAL","NOT SPECIFIED","42,000",""
"SURVEY","1976","YEAR","","COUNTY","ILLINOIS","17","SOUTHWEST","80","PERRY","145","","","00000000","","CORN","CORN - ACRES PLANTED","TOTAL","NOT SPECIFIED","32,000",""
"SURVEY","1976","YEAR","","COUNTY","ILLINOIS","17","SOUTHWEST","80","PULASKI","153","","","00000000","","CORN","CORN - ACRES PLANTED","TOTAL","NOT SPECIFIED","10,000",""
"SURVEY","1976","YEAR","","COUNTY","ILLINOIS","17","SOUTHWEST","80","RANDOLPH","157","","","00000000","","CORN","CORN - ACRES PLANTED","TOTAL","NOT SPECIFIED","55,000",""
"SURVEY","1976","YEAR","","COUNTY","ILLINOIS","17","SOUTHWEST","80","ST CLAIR","163","","","00000000","","CORN","CORN - ACRES PLANTED","TOTAL","NOT SPECIFIED","77,100",""
"SURVEY","1976","YEAR","","COUNTY","ILLINOIS","17","SOUTHWEST","80","UNION","181","","","00000000","","CORN","CORN - ACRES PLANTED","TOTAL","NOT SPECIFIED","14,000",""
"SURVEY","1976","YEAR","","COUNTY","ILLINOIS","17","SOUTHWEST","80","WASHINGTON","189","","","00000000","","CORN","CORN - ACRES PLANTED","TOTAL","NOT SPECIFIED","77,100",""
"SURVEY","1976","YEAR","","COUNTY","ILLINOIS","17","SOUTHWEST","80","WILLIAMSON","199","","","00000000","","CORN","CORN - ACRES PLANTED","TOTAL","NOT SPECIFIED","12,500",""
"SURVEY","1976","YEAR","","COUNTY","ILLINOIS","17","WEST","30","ADAMS","001","","","00000000","","CORN","CORN - ACRES PLANTED","TOTAL","NOT SPECIFIED","138,600",""
"SURVEY","1976","YEAR","","COUNTY","ILLINOIS","17","WEST","30","BROWN","009","","","00000000","","CORN","CORN - ACRES PLANTED","TOTAL","NOT SPECIFIED","38,500",""
"SURVEY","1976","YEAR","","COUNTY","ILLINOIS","17","WEST","30","FULTON","057","","","00000000","","CORN","CORN - ACRES PLANTED","TOTAL","NOT SPECIFIED","167,600",""
"SURVEY","1976","YEAR","","COUNTY","ILLINOIS","17","WEST","30","HANCOCK","067","","","00000000","","CORN","CORN - ACRES PLANTED","TOTAL","NOT SPECIFIED","167,600",""
"SURVEY","1976","YEAR","","COUNTY","ILLINOIS","17","WEST","30","HENDERSON","071","","","00000000","","CORN","CORN - ACRES PLANTED","TOTAL","NOT SPECIFIED","102,100",""
"SURVEY","1976","YEAR","","COUNTY","ILLINOIS","17","WEST","30","KNOX","095","","","00000000","","CORN","CORN - ACRES PLANTED","TOTAL","NOT SPECIFIED","194,200",""
"SURVEY","1976","YEAR","","COUNTY","ILLINOIS","17","WEST","30","MCDONOUGH","109","","","00000000","","CORN","CORN - ACRES PLANTED","TOTAL","NOT SPECIFIED","157,100",""
"SURVEY","1976","YEAR","","COUNTY","ILLINOIS","17","WEST","30","SCHUYLER","169","","","00000000","","CORN","CORN - ACRES PLANTED","TOTAL","NOT SPECIFIED","68,100",""
"SURVEY","1976","YEAR","","COUNTY","ILLINOIS","17","WEST","30","WARREN","187","","","00000000","","CORN","CORN - ACRES PLANTED","TOTAL","NOT SPECIFIED","187,200",""
"SURVEY","1976","YEAR","","COUNTY","ILLINOIS","17","WEST SOUTHWEST","60","BOND","005","","","00000000","","CORN","CORN - ACRES PLANTED","TOTAL","NOT SPECIFIED","48,500",""
"SURVEY","1976","YEAR","","COUNTY","ILLINOIS","17","WEST SOUTHWEST","60","CALHOUN","013","","","00000000","","CORN","CORN - ACRES PLANTED","TOTAL","NOT SPECIFIED","25,000",""
"SURVEY","1976","YEAR","","COUNTY","ILLINOIS","17","WEST SOUTHWEST","60","CASS","017","","","00000000","","CORN","CORN - ACRES PLANTED","TOTAL","NOT SPECIFIED","81,100",""
"SURVEY","1976","YEAR","","COUNTY","ILLINOIS","17","WEST SOUTHWEST","60","CHRISTIAN","021","","","00000000","","CORN","CORN - ACRES PLANTED","TOTAL","NOT SPECIFIED","192,700",""
"SURVEY","1976","YEAR","","COUNTY","ILLINOIS","17","WEST SOUTHWEST","60","GREENE","061","","","00000000","","CORN","CORN - ACRES PLANTED","TOTAL","NOT SPECIFIED","104,100",""
"SURVEY","1976","YEAR","","COUNTY","ILLINOIS","17","WEST SOUTHWEST","60","JERSEY","083","","","00000000","","CORN","CORN - ACRES PLANTED","TOTAL","NOT SPECIFIED","53,000",""
"SURVEY","1976","YEAR","","COUNTY","ILLINOIS","17","WEST SOUTHWEST","60","MACOUPIN","117","","","00000000","","CORN","CORN - ACRES PLANTED","TOTAL","NOT SPECIFIED","161,100",""
"SURVEY","1976","YEAR","","COUNTY","ILLINOIS","17","WEST SOUTHWEST","60","MADISON","119","","","00000000","","CORN","CORN - ACRES PLANTED","TOTAL","NOT SPECIFIED","87,100",""
"SURVEY","1976","YEAR","","COUNTY","ILLINOIS","17","WEST SOUTHWEST","60","MONTGOMERY","135","","","00000000","","CORN","CORN - ACRES PLANTED","TOTAL","NOT SPECIFIED","140,100",""
"SURVEY","1976","YEAR","","COUNTY","ILLINOIS","17","WEST SOUTHWEST","60","MORGAN","137","","","00000000","","CORN","CORN - ACRES PLANTED","TOTAL","NOT SPECIFIED","121,100",""
"SURVEY","1976","YEAR","","COUNTY","ILLINOIS","17","WEST SOUTHWEST","60","PIKE","149","","","00000000","","CORN","CORN - ACRES PLANTED","TOTAL","NOT SPECIFIED","135,100",""
"SURVEY","1976","YEAR","","COUNTY","ILLINOIS","17","WEST SOUTHWEST","60","SANGAMON","167","","","00000000","","CORN","CORN - ACRES PLANTED","TOTAL","NOT SPECIFIED","226,300",""
"SURVEY","1976","YEAR","","COUNTY","ILLINOIS","17","WEST SOUTHWEST","60","SCOTT","171","","","00000000","","CORN","CORN - ACRES PLANTED","TOTAL","NOT SPECIFIED","46,000",""
"SURVEY","1975","YEAR","","COUNTY","ILLINOIS","17","CENTRAL","40","DE WITT","039","","","00000000","","CORN","CORN - ACRES PLANTED","TOTAL","NOT SPECIFIED","116,200",""
"SURVEY","1975","YEAR","","COUNTY","ILLINOIS","17","CENTRAL","40","LOGAN","107","","","00000000","","CORN","CORN - ACRES PLANTED","TOTAL","NOT SPECIFIED","193,300",""
"SURVEY","1975","YEAR","","COUNTY","ILLINOIS","17","CENTRAL","40","MACON","115","","","00000000","","CORN","CORN - ACRES PLANTED","TOTAL","NOT SPECIFIED","158,200",""
"SURVEY","1975","YEAR","","COUNTY","ILLINOIS","17","CENTRAL","40","MARSHALL","123","","","00000000","","CORN","CORN - ACRES PLANTED","TOTAL","NOT SPECIFIED","109,200",""
"SURVEY","1975","YEAR","","COUNTY","ILLINOIS","17","CENTRAL","40","MASON","125","","","00000000","","CORN","CORN - ACRES PLANTED","TOTAL","NOT SPECIFIED","112,700",""
"SURVEY","1975","YEAR","","COUNTY","ILLINOIS","17","CENTRAL","40","MCLEAN","113","","","00000000","","CORN","CORN - ACRES PLANTED","TOTAL","NOT SPECIFIED","372,500",""
"SURVEY","1975","YEAR","","COUNTY","ILLINOIS","17","CENTRAL","40","MENARD","129","","","00000000","","CORN","CORN - ACRES PLANTED","TOTAL","NOT SPECIFIED","76,600",""
"SURVEY","1975","YEAR","","COUNTY","ILLINOIS","17","CENTRAL","40","PEORIA","143","","","00000000","","CORN","CORN - ACRES PLANTED","TOTAL","NOT SPECIFIED","126,200",""
"SURVEY","1975","YEAR","","COUNTY","ILLINOIS","17","CENTRAL","40","STARK","175","","","00000000","","CORN","CORN - ACRES PLANTED","TOTAL","NOT SPECIFIED","102,200",""
"SURVEY","1975","YEAR","","COUNTY","ILLINOIS","17","CENTRAL","40","TAZEWELL","179","","","00000000","","CORN","CORN - ACRES PLANTED","TOTAL","NOT SPECIFIED","178,300",""
"SURVEY","1975","YEAR","","COUNTY","ILLINOIS","17","CENTRAL","40","WOODFORD","203","","","00000000","","CORN","CORN - ACRES PLANTED","TOTAL","NOT SPECIFIED","162,200",""
"SURVEY","1975","YEAR","","COUNTY","ILLINOIS","17","EAST","50","CHAMPAIGN","019","","","00000000","","CORN","CORN - ACRES PLANTED","TOTAL","NOT SPECIFIED","286,400",""
"SURVEY","1975","YEAR","","COUNTY","ILLINOIS","17","EAST","50","FORD","053","","","00000000","","CORN","CORN - ACRES PLANTED","TOTAL","NOT SPECIFIED","142,200",""
"SURVEY","1975","YEAR","","COUNTY","ILLINOIS","17","EAST","50","IROQUOIS","075","","","00000000","","CORN","CORN - ACRES PLANTED","TOTAL","NOT SPECIFIED","329,500",""
"SURVEY","1975","YEAR","","COUNTY","ILLINOIS","17","EAST","50","KANKAKEE","091","","","00000000","","CORN","CORN - ACRES PLANTED","TOTAL","NOT SPECIFIED","186,300",""
"SURVEY","1975","YEAR","","COUNTY","ILLINOIS","17","EAST","50","LIVINGSTON","105","","","00000000","","CORN","CORN - ACRES PLANTED","TOTAL","NOT SPECIFIED","305,500",""
"SURVEY","1975","YEAR","","COUNTY","ILLINOIS","17","EAST","50","PIATT","147","","","00000000","","CORN","CORN - ACRES PLANTED","TOTAL","NOT SPECIFIED","147,200",""
"SURVEY","1975","YEAR","","COUNTY","ILLINOIS","17","EAST","50","VERMILION","183","","","00000000","","CORN","CORN - ACRES PLANTED","TOTAL","NOT SPECIFIED","215,300",""
"SURVEY","1975","YEAR","","COUNTY","ILLINOIS","17","EAST SOUTHEAST","70","CLARK","023","","","00000000","","CORN","CORN - ACRES PLANTED","TOTAL","NOT SPECIFIED","73,200",""
"SURVEY","1975","YEAR","","COUNTY","ILLINOIS","17","EAST SOUTHEAST","70","CLAY","025","","","00000000","","CORN","CORN - ACRES PLANTED","TOTAL","NOT SPECIFIED","42,100",""
"SURVEY","1975","YEAR","","COUNTY","ILLINOIS","17","EAST SOUTHEAST","70","COLES","029","","","00000000","","CORN","CORN - ACRES PLANTED","TOTAL","NOT SPECIFIED","120,300",""
"SURVEY","1975","YEAR","","COUNTY","ILLINOIS","17","EAST SOUTHEAST","70","CRAWFORD","033","","","00000000","","CORN","CORN - ACRES PLANTED","TOTAL","NOT SPECIFIED","64,200",""
"SURVEY","1975","YEAR","","COUNTY","ILLINOIS","17","EAST SOUTHEAST","70","CUMBERLAND","035","","","00000000","","CORN","CORN - ACRES PLANTED","TOTAL","NOT SPECIFIED","50,100",""
"SURVEY","1975","YEAR","","COUNTY","ILLINOIS","17","EAST SOUTHEAST","70","DOUGLAS","041","","","00000000","","CORN","CORN - ACRES PLANTED","TOTAL","NOT SPECIFIED","131,300",""
"SURVEY","1975","YEAR","","COUNTY","ILLINOIS","17","EAST SOUTHEAST","70","EDGAR","045","","","00000000","","CORN","CORN - ACRES PLANTED","TOTAL","NOT SPECIFIED","155,400",""
"SURVEY","1975","YEAR","","COUNTY","ILLINOIS","17","EAST SOUTHEAST","70","EFFINGHAM","049","","","00000000","","CORN","CORN - ACRES PLANTED","TOTAL","NOT SPECIFIED","72,200",""
"SURVEY","1975","YEAR","","COUNTY","ILLINOIS","17","EAST SOUTHEAST","70","FAYETTE","051","","","00000000","","CORN","CORN - ACRES PLANTED","TOTAL","NOT SPECIFIED","70,200",""
"SURVEY","1975","YEAR","","COUNTY","ILLINOIS","17","EAST SOUTHEAST","70","JASPER","079","","","00000000","","CORN","CORN - ACRES PLANTED","TOTAL","NOT SPECIFIED","76,200",""
"SURVEY","1975","YEAR","","COUNTY","ILLINOIS","17","EAST SOUTHEAST","70","LAWRENCE","101","","","00000000","","CORN","CORN - ACRES PLANTED","TOTAL","NOT SPECIFIED","73,200",""
"SURVEY","1975","YEAR","","COUNTY","ILLINOIS","17","EAST SOUTHEAST","70","MARION","121","","","00000000","","CORN","CORN - ACRES PLANTED","TOTAL","NOT SPECIFIED","51,100",""
"SURVEY","1975","YEAR","","COUNTY","ILLINOIS","17","EAST SOUTHEAST","70","MOULTRIE","139","","","00000000","","CORN","CORN - ACRES PLANTED","TOTAL","NOT SPECIFIED","90,200",""
"SURVEY","1975","YEAR","","COUNTY","ILLINOIS","17","EAST SOUTHEAST","70","RICHLAND","159","","","00000000","","CORN","CORN - ACRES PLANTED","TOTAL","NOT SPECIFIED","55,100",""
"SURVEY","1975","YEAR","","COUNTY","ILLINOIS","17","EAST SOUTHEAST","70","SHELBY","173","","","00000000","","CORN","CORN - ACRES PLANTED","TOTAL","NOT SPECIFIED","158,400",""
"SURVEY","1975","YEAR","","COUNTY","ILLINOIS","17","NORTHEAST","20","BOONE","007","","","00000000","","CORN","CORN - ACRES PLANTED","TOTAL","NOT SPECIFIED","77,600",""
"SURVEY","1975","YEAR","","COUNTY","ILLINOIS","17","NORTHEAST","20","COOK","031","","","00000000","","CORN","CORN - ACRES PLANTED","TOTAL","NOT SPECIFIED","18,000",""
"SURVEY","1975","YEAR","","COUNTY","ILLINOIS","17","NORTHEAST","20","DE KALB","037","","","00000000","","CORN","CORN - ACRES PLANTED","TOTAL","NOT SPECIFIED","198,300",""
"SURVEY","1975","YEAR","","COUNTY","ILLINOIS","17","NORTHEAST","20","DU PAGE","043","","","00000000","","CORN","CORN - ACRES PLANTED","TOTAL","NOT SPECIFIED","20,000",""
"SURVEY","1975","YEAR","","COUNTY","ILLINOIS","17","NORTHEAST","20","GRUNDY","063","","","00000000","","CORN","CORN - ACRES PLANTED","TOTAL","NOT SPECIFIED","110,200",""
"SURVEY","1975","YEAR","","COUNTY","ILLINOIS","17","NORTHEAST","20","KANE","089","","","00000000","","CORN","CORN - ACRES PLANTED","TOTAL","NOT SPECIFIED","124,700",""
"SURVEY","1975","YEAR","","COUNTY","ILLINOIS","17","NORTHEAST","20","KENDALL","093","","","00000000","","CORN","CORN - ACRES PLANTED","TOTAL","NOT SPECIFIED","92,100",""
"SURVEY","1975","YEAR","","COUNTY","ILLINOIS","17","NORTHEAST","20","LA SALLE","099","","","00000000","","CORN","CORN - ACRES PLANTED","TOTAL","NOT SPECIFIED","315,600",""
"SURVEY","1975","YEAR","","COUNTY","ILLINOIS","17","NORTHEAST","20","LAKE","097","","","00000000","","CORN","CORN - ACRES PLANTED","TOTAL","NOT SPECIFIED","25,000",""
"SURVEY","1975","YEAR","","COUNTY","ILLINOIS","17","NORTHEAST","20","MCHENRY","111","","","00000000","","CORN","CORN - ACRES PLANTED","TOTAL","NOT SPECIFIED","125,200",""
"SURVEY","1975","YEAR","","COUNTY","ILLINOIS","17","NORTHEAST","20","WILL","197","","","00000000","","CORN","CORN - ACRES PLANTED","TOTAL","NOT SPECIFIED","145,200",""
"SURVEY","1975","YEAR","","COUNTY","ILLINOIS","17","NORTHWEST","10","BUREAU","011","","","00000000","","CORN","CORN - ACRES PLANTED","TOTAL","NOT SPECIFIED","260,800",""
"SURVEY","1975","YEAR","","COUNTY","ILLINOIS","17","NORTHWEST","10","CARROLL","015","","","00000000","","CORN","CORN - ACRES PLANTED","TOTAL","NOT SPECIFIED","130,200",""
"SURVEY","1975","YEAR","","COUNTY","ILLINOIS","17","NORTHWEST","10","HENRY","073","","","00000000","","CORN","CORN - ACRES PLANTED","TOTAL","NOT SPECIFIED","245,400",""
"SURVEY","1975","YEAR","","COUNTY","ILLINOIS","17","NORTHWEST","10","JO DAVIESS","085","","","00000000","","CORN","CORN - ACRES PLANTED","TOTAL","NOT SPECIFIED","83,100",""
"SURVEY","1975","YEAR","","COUNTY","ILLINOIS","17","NORTHWEST","10","LEE","103","","","00000000","","CORN","CORN - ACRES PLANTED","TOTAL","NOT SPECIFIED","207,300",""
"SURVEY","1975","YEAR","","COUNTY","ILLINOIS","17","NORTHWEST","10","MERCER","131","","","00000000","","CORN","CORN - ACRES PLANTED","TOTAL","NOT SPECIFIED","155,400",""
"SURVEY","1975","YEAR","","COUNTY","ILLINOIS","17","NORTHWEST","10","OGLE","141","","","00000000","","CORN","CORN - ACRES PLANTED","TOTAL","NOT SPECIFIED","218,300",""
"SURVEY","1975","YEAR","","COUNTY","ILLINOIS","17","NORTHWEST","10","PUTNAM","155","","","00000000","","CORN","CORN - ACRES PLANTED","TOTAL","NOT SPECIFIED","45,300",""
"SURVEY","1975","YEAR","","COUNTY","ILLINOIS","17","NORTHWEST","10","ROCK ISLAND","161","","","00000000","","CORN","CORN - ACRES PLANTED","TOTAL","NOT SPECIFIED","83,100",""
"SURVEY","1975","YEAR","","COUNTY","ILLINOIS","17","NORTHWEST","10","STEPHENSON","177","","","00000000","","CORN","CORN - ACRES PLANTED","TOTAL","NOT SPECIFIED","160,400",""
"SURVEY","1975","YEAR","","COUNTY","ILLINOIS","17","NORTHWEST","10","WHITESIDE","195","","","00000000","","CORN","CORN - ACRES PLANTED","TOTAL","NOT SPECIFIED","225,300",""
"SURVEY","1975","YEAR","","COUNTY","ILLINOIS","17","NORTHWEST","10","WINNEBAGO","201","","","00000000","","CORN","CORN - ACRES PLANTED","TOTAL","NOT SPECIFIED","103,200",""
"SURVEY","1975","YEAR","","COUNTY","ILLINOIS","17","SOUTHEAST","90","EDWARDS","047","","","00000000","","CORN","CORN - ACRES PLANTED","TOTAL","NOT SPECIFIED","37,600",""
"SURVEY","1975","YEAR","","COUNTY","ILLINOIS","17","SOUTHEAST","90","FRANKLIN","055","","","00000000","","CORN","CORN - ACRES PLANTED","TOTAL","NOT SPECIFIED","27,500",""
"SURVEY","1975","YEAR","","COUNTY","ILLINOIS","17","SOUTHEAST","90","GALLATIN","059","","","00000000","","CORN","CORN - ACRES PLANTED","TOTAL","NOT SPECIFIED","55,100",""
"SURVEY","1975","YEAR","","COUNTY","ILLINOIS","17","SOUTHEAST","90","HAMILTON","065","","","00000000","","CORN","CORN - ACRES PLANTED","TOTAL","NOT SPECIFIED","36,100",""
"SURVEY","1975","YEAR","","COUNTY","ILLINOIS","17","SOUTHEAST","90","HARDIN","069","","","00000000","","CORN","CORN - ACRES PLANTED","TOTAL","NOT SPECIFIED","5,000",""
"SURVEY","1975","YEAR","","COUNTY","ILLINOIS","17","SOUTHEAST","90","JEFFERSON","081","","","00000000","","CORN","CORN - ACRES PLANTED","TOTAL","NOT SPECIFIED","38,600",""
"SURVEY","1975","YEAR","","COUNTY","ILLINOIS","17","SOUTHEAST","90","MASSAC","127","","","00000000","","CORN","CORN - ACRES PLANTED","TOTAL","NOT SPECIFIED","18,000",""
"SURVEY","1975","YEAR","","COUNTY","ILLINOIS","17","SOUTHEAST","90","POPE","151","","","00000000","","CORN","CORN - ACRES PLANTED","TOTAL","NOT SPECIFIED","12,000",""
"SURVEY","1975","YEAR","","COUNTY","ILLINOIS","17","SOUTHEAST","90","SALINE","165","","","00000000","","CORN","CORN - ACRES PLANTED","TOTAL","NOT SPECIFIED","37,600",""
"SURVEY","1975","YEAR","","COUNTY","ILLINOIS","17","SOUTHEAST","90","WABASH","185","","","00000000","","CORN","CORN - ACRES PLANTED","TOTAL","NOT SPECIFIED","45,600",""
"SURVEY","1975","YEAR","","COUNTY","ILLINOIS","17","SOUTHEAST","90","WAYNE","191","","","00000000","","CORN","CORN - ACRES PLANTED","TOTAL","NOT SPECIFIED","67,100",""
"SURVEY","1975","YEAR","","COUNTY","ILLINOIS","17","SOUTHEAST","90","WHITE","193","","","00000000","","CORN","CORN - ACRES PLANTED","TOTAL","NOT SPECIFIED","80,500",""
"SURVEY","1975","YEAR","","COUNTY","ILLINOIS","17","SOUTHWEST","80","ALEXANDER","003","","","00000000","","CORN","CORN - ACRES PLANTED","TOTAL","NOT SPECIFIED","8,500",""
"SURVEY","1975","YEAR","","COUNTY","ILLINOIS","17","SOUTHWEST","80","CLINTON","027","","","00000000","","CORN","CORN - ACRES PLANTED","TOTAL","NOT SPECIFIED","72,000",""
"SURVEY","1975","YEAR","","COUNTY","ILLINOIS","17","SOUTHWEST","80","JACKSON","077","","","00000000","","CORN","CORN - ACRES PLANTED","TOTAL","NOT SPECIFIED","26,600",""
"SURVEY","1975","YEAR","","COUNTY","ILLINOIS","17","SOUTHWEST","80","JOHNSON","087","","","00000000","","CORN","CORN - ACRES PLANTED","TOTAL","NOT SPECIFIED","13,000",""
"SURVEY","1975","YEAR","","COUNTY","ILLINOIS","17","SOUTHWEST","80","MONROE","133","","","00000000","","CORN","CORN - ACRES PLANTED","TOTAL","NOT SPECIFIED","37,600",""
"SURVEY","1975","YEAR","","COUNTY","ILLINOIS","17","SOUTHWEST","80","PERRY","145","","","00000000","","CORN","CORN - ACRES PLANTED","TOTAL","NOT SPECIFIED","28,600",""
"SURVEY","1975","YEAR","","COUNTY","ILLINOIS","17","SOUTHWEST","80","PULASKI","153","","","00000000","","CORN","CORN - ACRES PLANTED","TOTAL","NOT SPECIFIED","8,500",""
"SURVEY","1975","YEAR","","COUNTY","ILLINOIS","17","SOUTHWEST","80","RANDOLPH","157","","","00000000","","CORN","CORN - ACRES PLANTED","TOTAL","NOT SPECIFIED","49,200",""
"SURVEY","1975","YEAR","","COUNTY","ILLINOIS","17","SOUTHWEST","80","ST CLAIR","163","","","00000000","","CORN","CORN - ACRES PLANTED","TOTAL","NOT SPECIFIED","70,200",""
"SURVEY","1975","YEAR","","COUNTY","ILLINOIS","17","SOUTHWEST","80","UNION","181","","","00000000","","CORN","CORN - ACRES PLANTED","TOTAL","NOT SPECIFIED","13,000",""
"SURVEY","1975","YEAR","","COUNTY","ILLINOIS","17","SOUTHWEST","80","WASHINGTON","189","","","00000000","","CORN","CORN - ACRES PLANTED","TOTAL","NOT SPECIFIED","69,200",""
"SURVEY","1975","YEAR","","COUNTY","ILLINOIS","17","SOUTHWEST","80","WILLIAMSON","199","","","00000000","","CORN","CORN - ACRES PLANTED","TOTAL","NOT SPECIFIED","10,000",""
"SURVEY","1975","YEAR","","COUNTY","ILLINOIS","17","WEST","30","ADAMS","001","","","00000000","","CORN","CORN - ACRES PLANTED","TOTAL","NOT SPECIFIED","130,200",""
"SURVEY","1975","YEAR","","COUNTY","ILLINOIS","17","WEST","30","BROWN","009","","","00000000","","CORN","CORN - ACRES PLANTED","TOTAL","NOT SPECIFIED","35,600",""
"SURVEY","1975","YEAR","","COUNTY","ILLINOIS","17","WEST","30","FULTON","057","","","00000000","","CORN","CORN - ACRES PLANTED","TOTAL","NOT SPECIFIED","151,200",""
"SURVEY","1975","YEAR","","COUNTY","ILLINOIS","17","WEST","30","HANCOCK","067","","","00000000","","CORN","CORN - ACRES PLANTED","TOTAL","NOT SPECIFIED","163,200",""
"SURVEY","1975","YEAR","","COUNTY","ILLINOIS","17","WEST","30","HENDERSON","071","","","00000000","","CORN","CORN - ACRES PLANTED","TOTAL","NOT SPECIFIED","92,600",""
"SURVEY","1975","YEAR","","COUNTY","ILLINOIS","17","WEST","30","KNOX","095","","","00000000","","CORN","CORN - ACRES PLANTED","TOTAL","NOT SPECIFIED","174,300",""
"SURVEY","1975","YEAR","","COUNTY","ILLINOIS","17","WEST","30","MCDONOUGH","109","","","00000000","","CORN","CORN - ACRES PLANTED","TOTAL","NOT SPECIFIED","145,200",""
"SURVEY","1975","YEAR","","COUNTY","ILLINOIS","17","WEST","30","SCHUYLER","169","","","00000000","","CORN","CORN - ACRES PLANTED","TOTAL","NOT SPECIFIED","62,100",""
"SURVEY","1975","YEAR","","COUNTY","ILLINOIS","17","WEST","30","WARREN","187","","","00000000","","CORN","CORN - ACRES PLANTED","TOTAL","NOT SPECIFIED","172,300",""
"SURVEY","1975","YEAR","","COUNTY","ILLINOIS","17","WEST SOUTHWEST","60","BOND","005","","","00000000","","CORN","CORN - ACRES PLANTED","TOTAL","NOT SPECIFIED","47,100",""
"SURVEY","1975","YEAR","","COUNTY","ILLINOIS","17","WEST SOUTHWEST","60","CALHOUN","013","","","00000000","","CORN","CORN - ACRES PLANTED","TOTAL","NOT SPECIFIED","22,600",""
"SURVEY","1975","YEAR","","COUNTY","ILLINOIS","17","WEST SOUTHWEST","60","CASS","017","","","00000000","","CORN","CORN - ACRES PLANTED","TOTAL","NOT SPECIFIED","76,200",""
"SURVEY","1975","YEAR","","COUNTY","ILLINOIS","17","WEST SOUTHWEST","60","CHRISTIAN","021","","","00000000","","CORN","CORN - ACRES PLANTED","TOTAL","NOT SPECIFIED","177,400",""
"SURVEY","1975","YEAR","","COUNTY","ILLINOIS","17","WEST SOUTHWEST","60","GREENE","061","","","00000000","","CORN","CORN - ACRES PLANTED","TOTAL","NOT SPECIFIED","98,700",""
"SURVEY","1975","YEAR","","COUNTY","ILLINOIS","17","WEST SOUTHWEST","60","JERSEY","083","","","00000000","","CORN","CORN - ACRES PLANTED","TOTAL","NOT SPECIFIED","51,600",""
"SURVEY","1975","YEAR","","COUNTY","ILLINOIS","17","WEST SOUTHWEST","60","MACOUPIN","117","","","00000000","","CORN","CORN - ACRES PLANTED","TOTAL","NOT SPECIFIED","149,400",""
"SURVEY","1975","YEAR","","COUNTY","ILLINOIS","17","WEST SOUTHWEST","60","MADISON","119","","","00000000","","CORN","CORN - ACRES PLANTED","TOTAL","NOT SPECIFIED","81,700",""
"SURVEY","1975","YEAR","","COUNTY","ILLINOIS","17","WEST SOUTHWEST","60","MONTGOMERY","135","","","00000000","","CORN","CORN - ACRES PLANTED","TOTAL","NOT SPECIFIED","129,300",""
"SURVEY","1975","YEAR","","COUNTY","ILLINOIS","17","WEST SOUTHWEST","60","MORGAN","137","","","00000000","","CORN","CORN - ACRES PLANTED","TOTAL","NOT SPECIFIED","119,800",""
"SURVEY","1975","YEAR","","COUNTY","ILLINOIS","17","WEST SOUTHWEST","60","PIKE","149","","","00000000","","CORN","CORN - ACRES PLANTED","TOTAL","NOT SPECIFIED","130,300",""
"SURVEY","1975","YEAR","","COUNTY","ILLINOIS","17","WEST SOUTHWEST","60","SANGAMON","167","","","00000000","","CORN","CORN - ACRES PLANTED","TOTAL","NOT SPECIFIED","207,600",""
"SURVEY","1975","YEAR","","COUNTY","ILLINOIS","17","WEST SOUTHWEST","60","SCOTT","171","","","00000000","","CORN","CORN - ACRES PLANTED","TOTAL","NOT SPECIFIED","41,600",""
"SURVEY","1974","YEAR","","COUNTY","ILLINOIS","17","CENTRAL","40","DE WITT","039","","","00000000","","CORN","CORN - ACRES PLANTED","TOTAL","NOT SPECIFIED","111,100",""
"SURVEY","1974","YEAR","","COUNTY","ILLINOIS","17","CENTRAL","40","LOGAN","107","","","00000000","","CORN","CORN - ACRES PLANTED","TOTAL","NOT SPECIFIED","172,400",""
"SURVEY","1974","YEAR","","COUNTY","ILLINOIS","17","CENTRAL","40","MACON","115","","","00000000","","CORN","CORN - ACRES PLANTED","TOTAL","NOT SPECIFIED","149,900",""
"SURVEY","1974","YEAR","","COUNTY","ILLINOIS","17","CENTRAL","40","MARSHALL","123","","","00000000","","CORN","CORN - ACRES PLANTED","TOTAL","NOT SPECIFIED","99,400",""
"SURVEY","1974","YEAR","","COUNTY","ILLINOIS","17","CENTRAL","40","MASON","125","","","00000000","","CORN","CORN - ACRES PLANTED","TOTAL","NOT SPECIFIED","102,600",""
"SURVEY","1974","YEAR","","COUNTY","ILLINOIS","17","CENTRAL","40","MCLEAN","113","","","00000000","","CORN","CORN - ACRES PLANTED","TOTAL","NOT SPECIFIED","373,400",""
"SURVEY","1974","YEAR","","COUNTY","ILLINOIS","17","CENTRAL","40","MENARD","129","","","00000000","","CORN","CORN - ACRES PLANTED","TOTAL","NOT SPECIFIED","75,100",""
"SURVEY","1974","YEAR","","COUNTY","ILLINOIS","17","CENTRAL","40","PEORIA","143","","","00000000","","CORN","CORN - ACRES PLANTED","TOTAL","NOT SPECIFIED","116,100",""
"SURVEY","1974","YEAR","","COUNTY","ILLINOIS","17","CENTRAL","40","STARK","175","","","00000000","","CORN","CORN - ACRES PLANTED","TOTAL","NOT SPECIFIED","96,600",""
"SURVEY","1974","YEAR","","COUNTY","ILLINOIS","17","CENTRAL","40","TAZEWELL","179","","","00000000","","CORN","CORN - ACRES PLANTED","TOTAL","NOT SPECIFIED","172,900",""
"SURVEY","1974","YEAR","","COUNTY","ILLINOIS","17","CENTRAL","40","WOODFORD","203","","","00000000","","CORN","CORN - ACRES PLANTED","TOTAL","NOT SPECIFIED","162,000",""
"SURVEY","1974","YEAR","","COUNTY","ILLINOIS","17","EAST","50","CHAMPAIGN","019","","","00000000","","CORN","CORN - ACRES PLANTED","TOTAL","NOT SPECIFIED","280,900",""
"SURVEY","1974","YEAR","","COUNTY","ILLINOIS","17","EAST","50","FORD","053","","","00000000","","CORN","CORN - ACRES PLANTED","TOTAL","NOT SPECIFIED","136,600",""
"SURVEY","1974","YEAR","","COUNTY","ILLINOIS","17","EAST","50","IROQUOIS","075","","","00000000","","CORN","CORN - ACRES PLANTED","TOTAL","NOT SPECIFIED","311,600",""
"SURVEY","1974","YEAR","","COUNTY","ILLINOIS","17","EAST","50","KANKAKEE","091","","","00000000","","CORN","CORN - ACRES PLANTED","TOTAL","NOT SPECIFIED","185,400",""
"SURVEY","1974","YEAR","","COUNTY","ILLINOIS","17","EAST","50","LIVINGSTON","105","","","00000000","","CORN","CORN - ACRES PLANTED","TOTAL","NOT SPECIFIED","292,000",""
"SURVEY","1974","YEAR","","COUNTY","ILLINOIS","17","EAST","50","PIATT","147","","","00000000","","CORN","CORN - ACRES PLANTED","TOTAL","NOT SPECIFIED","139,000",""
"SURVEY","1974","YEAR","","COUNTY","ILLINOIS","17","EAST","50","VERMILION","183","","","00000000","","CORN","CORN - ACRES PLANTED","TOTAL","NOT SPECIFIED","209,400",""
"SURVEY","1974","YEAR","","COUNTY","ILLINOIS","17","EAST SOUTHEAST","70","CLARK","023","","","00000000","","CORN","CORN - ACRES PLANTED","TOTAL","NOT SPECIFIED","62,900",""
"SURVEY","1974","YEAR","","COUNTY","ILLINOIS","17","EAST SOUTHEAST","70","CLAY","025","","","00000000","","CORN","CORN - ACRES PLANTED","TOTAL","NOT SPECIFIED","31,000",""
"SURVEY","1974","YEAR","","COUNTY","ILLINOIS","17","EAST SOUTHEAST","70","COLES","029","","","00000000","","CORN","CORN - ACRES PLANTED","TOTAL","NOT SPECIFIED","113,100",""
"SURVEY","1974","YEAR","","COUNTY","ILLINOIS","17","EAST SOUTHEAST","70","CRAWFORD","033","","","00000000","","CORN","CORN - ACRES PLANTED","TOTAL","NOT SPECIFIED","49,000",""
"SURVEY","1974","YEAR","","COUNTY","ILLINOIS","17","EAST SOUTHEAST","70","CUMBERLAND","035","","","00000000","","CORN","CORN - ACRES PLANTED","TOTAL","NOT SPECIFIED","43,300",""
"SURVEY","1974","YEAR","","COUNTY","ILLINOIS","17","EAST SOUTHEAST","70","DOUGLAS","041","","","00000000","","CORN","CORN - ACRES PLANTED","TOTAL","NOT SPECIFIED","129,300",""
"SURVEY","1974","YEAR","","COUNTY","ILLINOIS","17","EAST SOUTHEAST","70","EDGAR","045","","","00000000","","CORN","CORN - ACRES PLANTED","TOTAL","NOT SPECIFIED","152,700",""
"SURVEY","1974","YEAR","","COUNTY","ILLINOIS","17","EAST SOUTHEAST","70","EFFINGHAM","049","","","00000000","","CORN","CORN - ACRES PLANTED","TOTAL","NOT SPECIFIED","62,800",""
"SURVEY","1974","YEAR","","COUNTY","ILLINOIS","17","EAST SOUTHEAST","70","FAYETTE","051","","","00000000","","CORN","CORN - ACRES PLANTED","TOTAL","NOT SPECIFIED","61,200",""
"SURVEY","1974","YEAR","","COUNTY","ILLINOIS","17","EAST SOUTHEAST","70","JASPER","079","","","00000000","","CORN","CORN - ACRES PLANTED","TOTAL","NOT SPECIFIED","54,100",""
"SURVEY","1974","YEAR","","COUNTY","ILLINOIS","17","EAST SOUTHEAST","70","LAWRENCE","101","","","00000000","","CORN","CORN - ACRES PLANTED","TOTAL","NOT SPECIFIED","59,700",""
"SURVEY","1974","YEAR","","COUNTY","ILLINOIS","17","EAST SOUTHEAST","70","MARION","121","","","00000000","","CORN","CORN - ACRES PLANTED","TOTAL","NOT SPECIFIED","38,600",""
"SURVEY","1974","YEAR","","COUNTY","ILLINOIS","17","EAST SOUTHEAST","70","MOULTRIE","139","","","00000000","","CORN","CORN - ACRES PLANTED","TOTAL","NOT SPECIFIED","84,700",""
"SURVEY","1974","YEAR","","COUNTY","ILLINOIS","17","EAST SOUTHEAST","70","RICHLAND","159","","","00000000","","CORN","CORN - ACRES PLANTED","TOTAL","NOT SPECIFIED","42,900",""
"SURVEY","1974","YEAR","","COUNTY","ILLINOIS","17","EAST SOUTHEAST","70","SHELBY","173","","","00000000","","CORN","CORN - ACRES PLANTED","TOTAL","NOT SPECIFIED","141,700",""
"SURVEY","1974","YEAR","","COUNTY","ILLINOIS","17","NORTHEAST","20","BOONE","007","","","00000000","","CORN","CORN - ACRES PLANTED","TOTAL","NOT SPECIFIED","78,600",""
"SURVEY","1974","YEAR","","COUNTY","ILLINOIS","17","NORTHEAST","20","COOK","031","","","00000000","","CORN","CORN - ACRES PLANTED","TOTAL","NOT SPECIFIED","17,700",""
"SURVEY","1974","YEAR","","COUNTY","ILLINOIS","17","NORTHEAST","20","DE KALB","037","","","00000000","","CORN","CORN - ACRES PLANTED","TOTAL","NOT SPECIFIED","192,200",""
"SURVEY","1974","YEAR","","COUNTY","ILLINOIS","17","NORTHEAST","20","DU PAGE","043","","","00000000","","CORN","CORN - ACRES PLANTED","TOTAL","NOT SPECIFIED","20,200",""
"SURVEY","1974","YEAR","","COUNTY","ILLINOIS","17","NORTHEAST","20","GRUNDY","063","","","00000000","","CORN","CORN - ACRES PLANTED","TOTAL","NOT SPECIFIED","107,400",""
"SURVEY","1974","YEAR","","COUNTY","ILLINOIS","17","NORTHEAST","20","KANE","089","","","00000000","","CORN","CORN - ACRES PLANTED","TOTAL","NOT SPECIFIED","118,700",""
"SURVEY","1974","YEAR","","COUNTY","ILLINOIS","17","NORTHEAST","20","KENDALL","093","","","00000000","","CORN","CORN - ACRES PLANTED","TOTAL","NOT SPECIFIED","89,900",""
"SURVEY","1974","YEAR","","COUNTY","ILLINOIS","17","NORTHEAST","20","LA SALLE","099","","","00000000","","CORN","CORN - ACRES PLANTED","TOTAL","NOT SPECIFIED","315,100",""
"SURVEY","1974","YEAR","","COUNTY","ILLINOIS","17","NORTHEAST","20","LAKE","097","","","00000000","","CORN","CORN - ACRES PLANTED","TOTAL","NOT SPECIFIED","22,200",""
"SURVEY","1974","YEAR","","COUNTY","ILLINOIS","17","NORTHEAST","20","MCHENRY","111","","","00000000","","CORN","CORN - ACRES PLANTED","TOTAL","NOT SPECIFIED","114,000",""
"SURVEY","1974","YEAR","","COUNTY","ILLINOIS","17","NORTHEAST","20","WILL","197","","","00000000","","CORN","CORN - ACRES PLANTED","TOTAL","NOT SPECIFIED","142,600",""
"SURVEY","1974","YEAR","","COUNTY","ILLINOIS","17","NORTHWEST","10","BUREAU","011","","","00000000","","CORN","CORN - ACRES PLANTED","TOTAL","NOT SPECIFIED","250,700",""
"SURVEY","1974","YEAR","","COUNTY","ILLINOIS","17","NORTHWEST","10","CARROLL","015","","","00000000","","CORN","CORN - ACRES PLANTED","TOTAL","NOT SPECIFIED","129,400",""
"SURVEY","1974","YEAR","","COUNTY","ILLINOIS","17","NORTHWEST","10","HENRY","073","","","00000000","","CORN","CORN - ACRES PLANTED","TOTAL","NOT SPECIFIED","239,100",""
"SURVEY","1974","YEAR","","COUNTY","ILLINOIS","17","NORTHWEST","10","JO DAVIESS","085","","","00000000","","CORN","CORN - ACRES PLANTED","TOTAL","NOT SPECIFIED","79,700",""
"SURVEY","1974","YEAR","","COUNTY","ILLINOIS","17","NORTHWEST","10","LEE","103","","","00000000","","CORN","CORN - ACRES PLANTED","TOTAL","NOT SPECIFIED","202,600",""
"SURVEY","1974","YEAR","","COUNTY","ILLINOIS","17","NORTHWEST","10","MERCER","131","","","00000000","","CORN","CORN - ACRES PLANTED","TOTAL","NOT SPECIFIED","146,200",""
"SURVEY","1974","YEAR","","COUNTY","ILLINOIS","17","NORTHWEST","10","OGLE","141","","","00000000","","CORN","CORN - ACRES PLANTED","TOTAL","NOT SPECIFIED","210,800",""
"SURVEY","1974","YEAR","","COUNTY","ILLINOIS","17","NORTHWEST","10","PUTNAM","155","","","00000000","","CORN","CORN - ACRES PLANTED","TOTAL","NOT SPECIFIED","43,100",""
"SURVEY","1974","YEAR","","COUNTY","ILLINOIS","17","NORTHWEST","10","ROCK ISLAND","161","","","00000000","","CORN","CORN - ACRES PLANTED","TOTAL","NOT SPECIFIED","80,700",""
"SURVEY","1974","YEAR","","COUNTY","ILLINOIS","17","NORTHWEST","10","STEPHENSON","177","","","00000000","","CORN","CORN - ACRES PLANTED","TOTAL","NOT SPECIFIED","153,000",""
"SURVEY","1974","YEAR","","COUNTY","ILLINOIS","17","NORTHWEST","10","WHITESIDE","195","","","00000000","","CORN","CORN - ACRES PLANTED","TOTAL","NOT SPECIFIED","194,000",""
"SURVEY","1974","YEAR","","COUNTY","ILLINOIS","17","NORTHWEST","10","WINNEBAGO","201","","","00000000","","CORN","CORN - ACRES PLANTED","TOTAL","NOT SPECIFIED","97,800",""
"SURVEY","1974","YEAR","","COUNTY","ILLINOIS","17","SOUTHEAST","90","EDWARDS","047","","","00000000","","CORN","CORN - ACRES PLANTED","TOTAL","NOT SPECIFIED","33,100",""
"SURVEY","1974","YEAR","","COUNTY","ILLINOIS","17","SOUTHEAST","90","FRANKLIN","055","","","00000000","","CORN","CORN - ACRES PLANTED","TOTAL","NOT SPECIFIED","21,600",""
"SURVEY","1974","YEAR","","COUNTY","ILLINOIS","17","SOUTHEAST","90","GALLATIN","059","","","00000000","","CORN","CORN - ACRES PLANTED","TOTAL","NOT SPECIFIED","48,600",""
"SURVEY","1974","YEAR","","COUNTY","ILLINOIS","17","SOUTHEAST","90","HAMILTON","065","","","00000000","","CORN","CORN - ACRES PLANTED","TOTAL","NOT SPECIFIED","32,600",""
"SURVEY","1974","YEAR","","COUNTY","ILLINOIS","17","SOUTHEAST","90","HARDIN","069","","","00000000","","CORN","CORN - ACRES PLANTED","TOTAL","NOT SPECIFIED","4,900",""
"SURVEY","1974","YEAR","","COUNTY","ILLINOIS","17","SOUTHEAST","90","JEFFERSON","081","","","00000000","","CORN","CORN - ACRES PLANTED","TOTAL","NOT SPECIFIED","31,600",""
"SURVEY","1974","YEAR","","COUNTY","ILLINOIS","17","SOUTHEAST","90","MASSAC","127","","","00000000","","CORN","CORN - ACRES PLANTED","TOTAL","NOT SPECIFIED","17,600",""
"SURVEY","1974","YEAR","","COUNTY","ILLINOIS","17","SOUTHEAST","90","POPE","151","","","00000000","","CORN","CORN - ACRES PLANTED","TOTAL","NOT SPECIFIED","11,900",""
"SURVEY","1974","YEAR","","COUNTY","ILLINOIS","17","SOUTHEAST","90","SALINE","165","","","00000000","","CORN","CORN - ACRES PLANTED","TOTAL","NOT SPECIFIED","34,300",""
"SURVEY","1974","YEAR","","COUNTY","ILLINOIS","17","SOUTHEAST","90","WABASH","185","","","00000000","","CORN","CORN - ACRES PLANTED","TOTAL","NOT SPECIFIED","39,100",""
"SURVEY","1974","YEAR","","COUNTY","ILLINOIS","17","SOUTHEAST","90","WAYNE","191","","","00000000","","CORN","CORN - ACRES PLANTED","TOTAL","NOT SPECIFIED","50,200",""
"SURVEY","1974","YEAR","","COUNTY","ILLINOIS","17","SOUTHEAST","90","WHITE","193","","","00000000","","CORN","CORN - ACRES PLANTED","TOTAL","NOT SPECIFIED","71,500",""
"SURVEY","1974","YEAR","","COUNTY","ILLINOIS","17","SOUTHWEST","80","ALEXANDER","003","","","00000000","","CORN","CORN - ACRES PLANTED","TOTAL","NOT SPECIFIED","8,100",""
"SURVEY","1974","YEAR","","COUNTY","ILLINOIS","17","SOUTHWEST","80","CLINTON","027","","","00000000","","CORN","CORN - ACRES PLANTED","TOTAL","NOT SPECIFIED","65,900",""
"SURVEY","1974","YEAR","","COUNTY","ILLINOIS","17","SOUTHWEST","80","JACKSON","077","","","00000000","","CORN","CORN - ACRES PLANTED","TOTAL","NOT SPECIFIED","22,300",""
"SURVEY","1974","YEAR","","COUNTY","ILLINOIS","17","SOUTHWEST","80","JOHNSON","087","","","00000000","","CORN","CORN - ACRES PLANTED","TOTAL","NOT SPECIFIED","14,100",""
"SURVEY","1974","YEAR","","COUNTY","ILLINOIS","17","SOUTHWEST","80","MONROE","133","","","00000000","","CORN","CORN - ACRES PLANTED","TOTAL","NOT SPECIFIED","38,000",""
"SURVEY","1974","YEAR","","COUNTY","ILLINOIS","17","SOUTHWEST","80","PERRY","145","","","00000000","","CORN","CORN - ACRES PLANTED","TOTAL","NOT SPECIFIED","27,500",""
"SURVEY","1974","YEAR","","COUNTY","ILLINOIS","17","SOUTHWEST","80","PULASKI","153","","","00000000","","CORN","CORN - ACRES PLANTED","TOTAL","NOT SPECIFIED","8,100",""
"SURVEY","1974","YEAR","","COUNTY","ILLINOIS","17","SOUTHWEST","80","RANDOLPH","157","","","00000000","","CORN","CORN - ACRES PLANTED","TOTAL","NOT SPECIFIED","47,500",""
"SURVEY","1974","YEAR","","COUNTY","ILLINOIS","17","SOUTHWEST","80","ST CLAIR","163","","","00000000","","CORN","CORN - ACRES PLANTED","TOTAL","NOT SPECIFIED","67,000",""
"SURVEY","1974","YEAR","","COUNTY","ILLINOIS","17","SOUTHWEST","80","UNION","181","","","00000000","","CORN","CORN - ACRES PLANTED","TOTAL","NOT SPECIFIED","12,600",""
"SURVEY","1974","YEAR","","COUNTY","ILLINOIS","17","SOUTHWEST","80","WASHINGTON","189","","","00000000","","CORN","CORN - ACRES PLANTED","TOTAL","NOT SPECIFIED","62,200",""
"SURVEY","1974","YEAR","","COUNTY","ILLINOIS","17","SOUTHWEST","80","WILLIAMSON","199","","","00000000","","CORN","CORN - ACRES PLANTED","TOTAL","NOT SPECIFIED","10,200",""
"SURVEY","1974","YEAR","","COUNTY","ILLINOIS","17","WEST","30","ADAMS","001","","","00000000","","CORN","CORN - ACRES PLANTED","TOTAL","NOT SPECIFIED","116,800",""
"SURVEY","1974","YEAR","","COUNTY","ILLINOIS","17","WEST","30","BROWN","009","","","00000000","","CORN","CORN - ACRES PLANTED","TOTAL","NOT SPECIFIED","31,800",""
"SURVEY","1974","YEAR","","COUNTY","ILLINOIS","17","WEST","30","FULTON","057","","","00000000","","CORN","CORN - ACRES PLANTED","TOTAL","NOT SPECIFIED","126,800",""
"SURVEY","1974","YEAR","","COUNTY","ILLINOIS","17","WEST","30","HANCOCK","067","","","00000000","","CORN","CORN - ACRES PLANTED","TOTAL","NOT SPECIFIED","144,400",""
"SURVEY","1974","YEAR","","COUNTY","ILLINOIS","17","WEST","30","HENDERSON","071","","","00000000","","CORN","CORN - ACRES PLANTED","TOTAL","NOT SPECIFIED","84,400",""
"SURVEY","1974","YEAR","","COUNTY","ILLINOIS","17","WEST","30","KNOX","095","","","00000000","","CORN","CORN - ACRES PLANTED","TOTAL","NOT SPECIFIED","164,400",""
"SURVEY","1974","YEAR","","COUNTY","ILLINOIS","17","WEST","30","MCDONOUGH","109","","","00000000","","CORN","CORN - ACRES PLANTED","TOTAL","NOT SPECIFIED","136,000",""
"SURVEY","1974","YEAR","","COUNTY","ILLINOIS","17","WEST","30","SCHUYLER","169","","","00000000","","CORN","CORN - ACRES PLANTED","TOTAL","NOT SPECIFIED","46,900",""
"SURVEY","1974","YEAR","","COUNTY","ILLINOIS","17","WEST","30","WARREN","187","","","00000000","","CORN","CORN - ACRES PLANTED","TOTAL","NOT SPECIFIED","162,800",""
"SURVEY","1974","YEAR","","COUNTY","ILLINOIS","17","WEST SOUTHWEST","60","BOND","005","","","00000000","","CORN","CORN - ACRES PLANTED","TOTAL","NOT SPECIFIED","40,100",""
"SURVEY","1974","YEAR","","COUNTY","ILLINOIS","17","WEST SOUTHWEST","60","CALHOUN","013","","","00000000","","CORN","CORN - ACRES PLANTED","TOTAL","NOT SPECIFIED","20,300",""
"SURVEY","1974","YEAR","","COUNTY","ILLINOIS","17","WEST SOUTHWEST","60","CASS","017","","","00000000","","CORN","CORN - ACRES PLANTED","TOTAL","NOT SPECIFIED","66,100",""
"SURVEY","1974","YEAR","","COUNTY","ILLINOIS","17","WEST SOUTHWEST","60","CHRISTIAN","021","","","00000000","","CORN","CORN - ACRES PLANTED","TOTAL","NOT SPECIFIED","165,900",""
"SURVEY","1974","YEAR","","COUNTY","ILLINOIS","17","WEST SOUTHWEST","60","GREENE","061","","","00000000","","CORN","CORN - ACRES PLANTED","TOTAL","NOT SPECIFIED","94,100",""
"SURVEY","1974","YEAR","","COUNTY","ILLINOIS","17","WEST SOUTHWEST","60","JERSEY","083","","","00000000","","CORN","CORN - ACRES PLANTED","TOTAL","NOT SPECIFIED","49,100",""
"SURVEY","1974","YEAR","","COUNTY","ILLINOIS","17","WEST SOUTHWEST","60","MACOUPIN","117","","","00000000","","CORN","CORN - ACRES PLANTED","TOTAL","NOT SPECIFIED","139,200",""
"SURVEY","1974","YEAR","","COUNTY","ILLINOIS","17","WEST SOUTHWEST","60","MADISON","119","","","00000000","","CORN","CORN - ACRES PLANTED","TOTAL","NOT SPECIFIED","75,100",""
"SURVEY","1974","YEAR","","COUNTY","ILLINOIS","17","WEST SOUTHWEST","60","MONTGOMERY","135","","","00000000","","CORN","CORN - ACRES PLANTED","TOTAL","NOT SPECIFIED","117,200",""
"SURVEY","1974","YEAR","","COUNTY","ILLINOIS","17","WEST SOUTHWEST","60","MORGAN","137","","","00000000","","CORN","CORN - ACRES PLANTED","TOTAL","NOT SPECIFIED","115,200",""
"SURVEY","1974","YEAR","","COUNTY","ILLINOIS","17","WEST SOUTHWEST","60","PIKE","149","","","00000000","","CORN","CORN - ACRES PLANTED","TOTAL","NOT SPECIFIED","120,400",""
"SURVEY","1974","YEAR","","COUNTY","ILLINOIS","17","WEST SOUTHWEST","60","SANGAMON","167","","","00000000","","CORN","CORN - ACRES PLANTED","TOTAL","NOT SPECIFIED","201,300",""
"SURVEY","1974","YEAR","","COUNTY","ILLINOIS","17","WEST SOUTHWEST","60","SCOTT","171","","","00000000","","CORN","CORN - ACRES PLANTED","TOTAL","NOT SPECIFIED","42,100",""
"SURVEY","1973","YEAR","","COUNTY","ILLINOIS","17","CENTRAL","40","DE WITT","039","","","00000000","","CORN","CORN - ACRES PLANTED","TOTAL","NOT SPECIFIED","98,200",""
"SURVEY","1973","YEAR","","COUNTY","ILLINOIS","17","CENTRAL","40","LOGAN","107","","","00000000","","CORN","CORN - ACRES PLANTED","TOTAL","NOT SPECIFIED","163,800",""
"SURVEY","1973","YEAR","","COUNTY","ILLINOIS","17","CENTRAL","40","MACON","115","","","00000000","","CORN","CORN - ACRES PLANTED","TOTAL","NOT SPECIFIED","141,700",""
"SURVEY","1973","YEAR","","COUNTY","ILLINOIS","17","CENTRAL","40","MARSHALL","123","","","00000000","","CORN","CORN - ACRES PLANTED","TOTAL","NOT SPECIFIED","93,800",""
"SURVEY","1973","YEAR","","COUNTY","ILLINOIS","17","CENTRAL","40","MASON","125","","","00000000","","CORN","CORN - ACRES PLANTED","TOTAL","NOT SPECIFIED","98,800",""
"SURVEY","1973","YEAR","","COUNTY","ILLINOIS","17","CENTRAL","40","MCLEAN","113","","","00000000","","CORN","CORN - ACRES PLANTED","TOTAL","NOT SPECIFIED","335,500",""
"SURVEY","1973","YEAR","","COUNTY","ILLINOIS","17","CENTRAL","40","MENARD","129","","","00000000","","CORN","CORN - ACRES PLANTED","TOTAL","NOT SPECIFIED","69,200",""
"SURVEY","1973","YEAR","","COUNTY","ILLINOIS","17","CENTRAL","40","PEORIA","143","","","00000000","","CORN","CORN - ACRES PLANTED","TOTAL","NOT SPECIFIED","110,300",""
"SURVEY","1973","YEAR","","COUNTY","ILLINOIS","17","CENTRAL","40","STARK","175","","","00000000","","CORN","CORN - ACRES PLANTED","TOTAL","NOT SPECIFIED","88,200",""
"SURVEY","1973","YEAR","","COUNTY","ILLINOIS","17","CENTRAL","40","TAZEWELL","179","","","00000000","","CORN","CORN - ACRES PLANTED","TOTAL","NOT SPECIFIED","167,400",""
"SURVEY","1973","YEAR","","COUNTY","ILLINOIS","17","CENTRAL","40","WOODFORD","203","","","00000000","","CORN","CORN - ACRES PLANTED","TOTAL","NOT SPECIFIED","146,800",""
"SURVEY","1973","YEAR","","COUNTY","ILLINOIS","17","EAST","50","CHAMPAIGN","019","","","00000000","","CORN","CORN - ACRES PLANTED","TOTAL","NOT SPECIFIED","260,100",""
"SURVEY","1973","YEAR","","COUNTY","ILLINOIS","17","EAST","50","FORD","053","","","00000000","","CORN","CORN - ACRES PLANTED","TOTAL","NOT SPECIFIED","121,900",""
"SURVEY","1973","YEAR","","COUNTY","ILLINOIS","17","EAST","50","IROQUOIS","075","","","00000000","","CORN","CORN - ACRES PLANTED","TOTAL","NOT SPECIFIED","291,800",""
"SURVEY","1973","YEAR","","COUNTY","ILLINOIS","17","EAST","50","KANKAKEE","091","","","00000000","","CORN","CORN - ACRES PLANTED","TOTAL","NOT SPECIFIED","171,600",""
"SURVEY","1973","YEAR","","COUNTY","ILLINOIS","17","EAST","50","LIVINGSTON","105","","","00000000","","CORN","CORN - ACRES PLANTED","TOTAL","NOT SPECIFIED","270,400",""
"SURVEY","1973","YEAR","","COUNTY","ILLINOIS","17","EAST","50","PIATT","147","","","00000000","","CORN","CORN - ACRES PLANTED","TOTAL","NOT SPECIFIED","124,900",""
"SURVEY","1973","YEAR","","COUNTY","ILLINOIS","17","EAST","50","VERMILION","183","","","00000000","","CORN","CORN - ACRES PLANTED","TOTAL","NOT SPECIFIED","192,800",""
"SURVEY","1973","YEAR","","COUNTY","ILLINOIS","17","EAST SOUTHEAST","70","CLARK","023","","","00000000","","CORN","CORN - ACRES PLANTED","TOTAL","NOT SPECIFIED","74,400",""
"SURVEY","1973","YEAR","","COUNTY","ILLINOIS","17","EAST SOUTHEAST","70","CLAY","025","","","00000000","","CORN","CORN - ACRES PLANTED","TOTAL","NOT SPECIFIED","37,200",""
"SURVEY","1973","YEAR","","COUNTY","ILLINOIS","17","EAST SOUTHEAST","70","COLES","029","","","00000000","","CORN","CORN - ACRES PLANTED","TOTAL","NOT SPECIFIED","109,100",""
"SURVEY","1973","YEAR","","COUNTY","ILLINOIS","17","EAST SOUTHEAST","70","CRAWFORD","033","","","00000000","","CORN","CORN - ACRES PLANTED","TOTAL","NOT SPECIFIED","61,000",""
"SURVEY","1973","YEAR","","COUNTY","ILLINOIS","17","EAST SOUTHEAST","70","CUMBERLAND","035","","","00000000","","CORN","CORN - ACRES PLANTED","TOTAL","NOT SPECIFIED","50,100",""
"SURVEY","1973","YEAR","","COUNTY","ILLINOIS","17","EAST SOUTHEAST","70","DOUGLAS","041","","","00000000","","CORN","CORN - ACRES PLANTED","TOTAL","NOT SPECIFIED","116,000",""
"SURVEY","1973","YEAR","","COUNTY","ILLINOIS","17","EAST SOUTHEAST","70","EDGAR","045","","","00000000","","CORN","CORN - ACRES PLANTED","TOTAL","NOT SPECIFIED","139,000",""
"SURVEY","1973","YEAR","","COUNTY","ILLINOIS","17","EAST SOUTHEAST","70","EFFINGHAM","049","","","00000000","","CORN","CORN - ACRES PLANTED","TOTAL","NOT SPECIFIED","65,600",""
"SURVEY","1973","YEAR","","COUNTY","ILLINOIS","17","EAST SOUTHEAST","70","FAYETTE","051","","","00000000","","CORN","CORN - ACRES PLANTED","TOTAL","NOT SPECIFIED","66,700",""
"SURVEY","1973","YEAR","","COUNTY","ILLINOIS","17","EAST SOUTHEAST","70","JASPER","079","","","00000000","","CORN","CORN - ACRES PLANTED","TOTAL","NOT SPECIFIED","66,200",""
"SURVEY","1973","YEAR","","COUNTY","ILLINOIS","17","EAST SOUTHEAST","70","LAWRENCE","101","","","00000000","","CORN","CORN - ACRES PLANTED","TOTAL","NOT SPECIFIED","62,200",""
"SURVEY","1973","YEAR","","COUNTY","ILLINOIS","17","EAST SOUTHEAST","70","MARION","121","","","00000000","","CORN","CORN - ACRES PLANTED","TOTAL","NOT SPECIFIED","44,400",""
"SURVEY","1973","YEAR","","COUNTY","ILLINOIS","17","EAST SOUTHEAST","70","MOULTRIE","139","","","00000000","","CORN","CORN - ACRES PLANTED","TOTAL","NOT SPECIFIED","75,800",""
"SURVEY","1973","YEAR","","COUNTY","ILLINOIS","17","EAST SOUTHEAST","70","RICHLAND","159","","","00000000","","CORN","CORN - ACRES PLANTED","TOTAL","NOT SPECIFIED","42,200",""
"SURVEY","1973","YEAR","","COUNTY","ILLINOIS","17","EAST SOUTHEAST","70","SHELBY","173","","","00000000","","CORN","CORN - ACRES PLANTED","TOTAL","NOT SPECIFIED","149,100",""
"SURVEY","1973","YEAR","","COUNTY","ILLINOIS","17","NORTHEAST","20","BOONE","007","","","00000000","","CORN","CORN - ACRES PLANTED","TOTAL","NOT SPECIFIED","67,200",""
"SURVEY","1973","YEAR","","COUNTY","ILLINOIS","17","NORTHEAST","20","COOK","031","","","00000000","","CORN","CORN - ACRES PLANTED","TOTAL","NOT SPECIFIED","18,000",""
"SURVEY","1973","YEAR","","COUNTY","ILLINOIS","17","NORTHEAST","20","DE KALB","037","","","00000000","","CORN","CORN - ACRES PLANTED","TOTAL","NOT SPECIFIED","175,900",""
"SURVEY","1973","YEAR","","COUNTY","ILLINOIS","17","NORTHEAST","20","DU PAGE","043","","","00000000","","CORN","CORN - ACRES PLANTED","TOTAL","NOT SPECIFIED","17,500",""
"SURVEY","1973","YEAR","","COUNTY","ILLINOIS","17","NORTHEAST","20","GRUNDY","063","","","00000000","","CORN","CORN - ACRES PLANTED","TOTAL","NOT SPECIFIED","99,900",""
"SURVEY","1973","YEAR","","COUNTY","ILLINOIS","17","NORTHEAST","20","KANE","089","","","00000000","","CORN","CORN - ACRES PLANTED","TOTAL","NOT SPECIFIED","110,300",""
"SURVEY","1973","YEAR","","COUNTY","ILLINOIS","17","NORTHEAST","20","KENDALL","093","","","00000000","","CORN","CORN - ACRES PLANTED","TOTAL","NOT SPECIFIED","82,200",""
"SURVEY","1973","YEAR","","COUNTY","ILLINOIS","17","NORTHEAST","20","LA SALLE","099","","","00000000","","CORN","CORN - ACRES PLANTED","TOTAL","NOT SPECIFIED","287,200",""
"SURVEY","1973","YEAR","","COUNTY","ILLINOIS","17","NORTHEAST","20","LAKE","097","","","00000000","","CORN","CORN - ACRES PLANTED","TOTAL","NOT SPECIFIED","22,100",""
"SURVEY","1973","YEAR","","COUNTY","ILLINOIS","17","NORTHEAST","20","MCHENRY","111","","","00000000","","CORN","CORN - ACRES PLANTED","TOTAL","NOT SPECIFIED","104,400",""
"SURVEY","1973","YEAR","","COUNTY","ILLINOIS","17","NORTHEAST","20","WILL","197","","","00000000","","CORN","CORN - ACRES PLANTED","TOTAL","NOT SPECIFIED","141,300",""
"SURVEY","1973","YEAR","","COUNTY","ILLINOIS","17","NORTHWEST","10","BUREAU","011","","","00000000","","CORN","CORN - ACRES PLANTED","TOTAL","NOT SPECIFIED","233,500",""
"SURVEY","1973","YEAR","","COUNTY","ILLINOIS","17","NORTHWEST","10","CARROLL","015","","","00000000","","CORN","CORN - ACRES PLANTED","TOTAL","NOT SPECIFIED","122,200",""
"SURVEY","1973","YEAR","","COUNTY","ILLINOIS","17","NORTHWEST","10","HENRY","073","","","00000000","","CORN","CORN - ACRES PLANTED","TOTAL","NOT SPECIFIED","229,500",""
"SURVEY","1973","YEAR","","COUNTY","ILLINOIS","17","NORTHWEST","10","JO DAVIESS","085","","","00000000","","CORN","CORN - ACRES PLANTED","TOTAL","NOT SPECIFIED","77,900",""
"SURVEY","1973","YEAR","","COUNTY","ILLINOIS","17","NORTHWEST","10","LEE","103","","","00000000","","CORN","CORN - ACRES PLANTED","TOTAL","NOT SPECIFIED","182,900",""
"SURVEY","1973","YEAR","","COUNTY","ILLINOIS","17","NORTHWEST","10","MERCER","131","","","00000000","","CORN","CORN - ACRES PLANTED","TOTAL","NOT SPECIFIED","128,300",""
"SURVEY","1973","YEAR","","COUNTY","ILLINOIS","17","NORTHWEST","10","OGLE","141","","","00000000","","CORN","CORN - ACRES PLANTED","TOTAL","NOT SPECIFIED","192,600",""
"SURVEY","1973","YEAR","","COUNTY","ILLINOIS","17","NORTHWEST","10","PUTNAM","155","","","00000000","","CORN","CORN - ACRES PLANTED","TOTAL","NOT SPECIFIED","39,600",""
"SURVEY","1973","YEAR","","COUNTY","ILLINOIS","17","NORTHWEST","10","ROCK ISLAND","161","","","00000000","","CORN","CORN - ACRES PLANTED","TOTAL","NOT SPECIFIED","70,200",""
"SURVEY","1973","YEAR","","COUNTY","ILLINOIS","17","NORTHWEST","10","STEPHENSON","177","","","00000000","","CORN","CORN - ACRES PLANTED","TOTAL","NOT SPECIFIED","144,600",""
"SURVEY","1973","YEAR","","COUNTY","ILLINOIS","17","NORTHWEST","10","WHITESIDE","195","","","00000000","","CORN","CORN - ACRES PLANTED","TOTAL","NOT SPECIFIED","196,700",""
"SURVEY","1973","YEAR","","COUNTY","ILLINOIS","17","NORTHWEST","10","WINNEBAGO","201","","","00000000","","CORN","CORN - ACRES PLANTED","TOTAL","NOT SPECIFIED","93,200",""
"SURVEY","1973","YEAR","","COUNTY","ILLINOIS","17","SOUTHEAST","90","EDWARDS","047","","","00000000","","CORN","CORN - ACRES PLANTED","TOTAL","NOT SPECIFIED","31,300",""
"SURVEY","1973","YEAR","","COUNTY","ILLINOIS","17","SOUTHEAST","90","FRANKLIN","055","","","00000000","","CORN","CORN - ACRES PLANTED","TOTAL","NOT SPECIFIED","25,000",""
"SURVEY","1973","YEAR","","COUNTY","ILLINOIS","17","SOUTHEAST","90","GALLATIN","059","","","00000000","","CORN","CORN - ACRES PLANTED","TOTAL","NOT SPECIFIED","42,300",""
"SURVEY","1973","YEAR","","COUNTY","ILLINOIS","17","SOUTHEAST","90","HAMILTON","065","","","00000000","","CORN","CORN - ACRES PLANTED","TOTAL","NOT SPECIFIED","32,600",""
"SURVEY","1973","YEAR","","COUNTY","ILLINOIS","17","SOUTHEAST","90","HARDIN","069","","","00000000","","CORN","CORN - ACRES PLANTED","TOTAL","NOT SPECIFIED","4,000",""
"SURVEY","1973","YEAR","","COUNTY","ILLINOIS","17","SOUTHEAST","90","JEFFERSON","081","","","00000000","","CORN","CORN - ACRES PLANTED","TOTAL","NOT SPECIFIED","34,300",""
"SURVEY","1973","YEAR","","COUNTY","ILLINOIS","17","SOUTHEAST","90","MASSAC","127","","","00000000","","CORN","CORN - ACRES PLANTED","TOTAL","NOT SPECIFIED","16,600",""
"SURVEY","1973","YEAR","","COUNTY","ILLINOIS","17","SOUTHEAST","90","POPE","151","","","00000000","","CORN","CORN - ACRES PLANTED","TOTAL","NOT SPECIFIED","12,100",""
"SURVEY","1973","YEAR","","COUNTY","ILLINOIS","17","SOUTHEAST","90","SALINE","165","","","00000000","","CORN","CORN - ACRES PLANTED","TOTAL","NOT SPECIFIED","35,200",""
"SURVEY","1973","YEAR","","COUNTY","ILLINOIS","17","SOUTHEAST","90","WABASH","185","","","00000000","","CORN","CORN - ACRES PLANTED","TOTAL","NOT SPECIFIED","43,200",""
"SURVEY","1973","YEAR","","COUNTY","ILLINOIS","17","SOUTHEAST","90","WAYNE","191","","","00000000","","CORN","CORN - ACRES PLANTED","TOTAL","NOT SPECIFIED","51,800",""
"SURVEY","1973","YEAR","","COUNTY","ILLINOIS","17","SOUTHEAST","90","WHITE","193","","","00000000","","CORN","CORN - ACRES PLANTED","TOTAL","NOT SPECIFIED","63,700",""
"SURVEY","1973","YEAR","","COUNTY","ILLINOIS","17","SOUTHWEST","80","ALEXANDER","003","","","00000000","","CORN","CORN - ACRES PLANTED","TOTAL","NOT SPECIFIED","10,000",""
"SURVEY","1973","YEAR","","COUNTY","ILLINOIS","17","SOUTHWEST","80","CLINTON","027","","","00000000","","CORN","CORN - ACRES PLANTED","TOTAL","NOT SPECIFIED","65,600",""
"SURVEY","1973","YEAR","","COUNTY","ILLINOIS","17","SOUTHWEST","80","JACKSON","077","","","00000000","","CORN","CORN - ACRES PLANTED","TOTAL","NOT SPECIFIED","24,800",""
"SURVEY","1973","YEAR","","COUNTY","ILLINOIS","17","SOUTHWEST","80","JOHNSON","087","","","00000000","","CORN","CORN - ACRES PLANTED","TOTAL","NOT SPECIFIED","15,200",""
"SURVEY","1973","YEAR","","COUNTY","ILLINOIS","17","SOUTHWEST","80","MONROE","133","","","00000000","","CORN","CORN - ACRES PLANTED","TOTAL","NOT SPECIFIED","30,700",""
"SURVEY","1973","YEAR","","COUNTY","ILLINOIS","17","SOUTHWEST","80","PERRY","145","","","00000000","","CORN","CORN - ACRES PLANTED","TOTAL","NOT SPECIFIED","24,900",""
"SURVEY","1973","YEAR","","COUNTY","ILLINOIS","17","SOUTHWEST","80","PULASKI","153","","","00000000","","CORN","CORN - ACRES PLANTED","TOTAL","NOT SPECIFIED","7,300",""
"SURVEY","1973","YEAR","","COUNTY","ILLINOIS","17","SOUTHWEST","80","RANDOLPH","157","","","00000000","","CORN","CORN - ACRES PLANTED","TOTAL","NOT SPECIFIED","42,400",""
"SURVEY","1973","YEAR","","COUNTY","ILLINOIS","17","SOUTHWEST","80","ST CLAIR","163","","","00000000","","CORN","CORN - ACRES PLANTED","TOTAL","NOT SPECIFIED","62,800",""
"SURVEY","1973","YEAR","","COUNTY","ILLINOIS","17","SOUTHWEST","80","UNION","181","","","00000000","","CORN","CORN - ACRES PLANTED","TOTAL","NOT SPECIFIED","10,000",""
"SURVEY","1973","YEAR","","COUNTY","ILLINOIS","17","SOUTHWEST","80","WASHINGTON","189","","","00000000","","CORN","CORN - ACRES PLANTED","TOTAL","NOT SPECIFIED","56,900",""
"SURVEY","1973","YEAR","","COUNTY","ILLINOIS","17","SOUTHWEST","80","WILLIAMSON","199","","","00000000","","CORN","CORN - ACRES PLANTED","TOTAL","NOT SPECIFIED","11,700",""
"SURVEY","1973","YEAR","","COUNTY","ILLINOIS","17","WEST","30","ADAMS","001","","","00000000","","CORN","CORN - ACRES PLANTED","TOTAL","NOT SPECIFIED","109,800",""
"SURVEY","1973","YEAR","","COUNTY","ILLINOIS","17","WEST","30","BROWN","009","","","00000000","","CORN","CORN - ACRES PLANTED","TOTAL","NOT SPECIFIED","26,700",""
"SURVEY","1973","YEAR","","COUNTY","ILLINOIS","17","WEST","30","FULTON","057","","","00000000","","CORN","CORN - ACRES PLANTED","TOTAL","NOT SPECIFIED","136,800",""
"SURVEY","1973","YEAR","","COUNTY","ILLINOIS","17","WEST","30","HANCOCK","067","","","00000000","","CORN","CORN - ACRES PLANTED","TOTAL","NOT SPECIFIED","138,500",""
"SURVEY","1973","YEAR","","COUNTY","ILLINOIS","17","WEST","30","HENDERSON","071","","","00000000","","CORN","CORN - ACRES PLANTED","TOTAL","NOT SPECIFIED","77,600",""
"SURVEY","1973","YEAR","","COUNTY","ILLINOIS","17","WEST","30","KNOX","095","","","00000000","","CORN","CORN - ACRES PLANTED","TOTAL","NOT SPECIFIED","152,000",""
"SURVEY","1973","YEAR","","COUNTY","ILLINOIS","17","WEST","30","MCDONOUGH","109","","","00000000","","CORN","CORN - ACRES PLANTED","TOTAL","NOT SPECIFIED","124,200",""
"SURVEY","1973","YEAR","","COUNTY","ILLINOIS","17","WEST","30","SCHUYLER","169","","","00000000","","CORN","CORN - ACRES PLANTED","TOTAL","NOT SPECIFIED","54,200",""
"SURVEY","1973","YEAR","","COUNTY","ILLINOIS","17","WEST","30","WARREN","187","","","00000000","","CORN","CORN - ACRES PLANTED","TOTAL","NOT SPECIFIED","147,200",""
"SURVEY","1973","YEAR","","COUNTY","ILLINOIS","17","WEST SOUTHWEST","60","BOND","005","","","00000000","","CORN","CORN - ACRES PLANTED","TOTAL","NOT SPECIFIED","41,200",""
"SURVEY","1973","YEAR","","COUNTY","ILLINOIS","17","WEST SOUTHWEST","60","CALHOUN","013","","","00000000","","CORN","CORN - ACRES PLANTED","TOTAL","NOT SPECIFIED","19,600",""
"SURVEY","1973","YEAR","","COUNTY","ILLINOIS","17","WEST SOUTHWEST","60","CASS","017","","","00000000","","CORN","CORN - ACRES PLANTED","TOTAL","NOT SPECIFIED","66,100",""
"SURVEY","1973","YEAR","","COUNTY","ILLINOIS","17","WEST SOUTHWEST","60","CHRISTIAN","021","","","00000000","","CORN","CORN - ACRES PLANTED","TOTAL","NOT SPECIFIED","155,800",""
"SURVEY","1973","YEAR","","COUNTY","ILLINOIS","17","WEST SOUTHWEST","60","GREENE","061","","","00000000","","CORN","CORN - ACRES PLANTED","TOTAL","NOT SPECIFIED","86,600",""
"SURVEY","1973","YEAR","","COUNTY","ILLINOIS","17","WEST SOUTHWEST","60","JERSEY","083","","","00000000","","CORN","CORN - ACRES PLANTED","TOTAL","NOT SPECIFIED","41,900",""
"SURVEY","1973","YEAR","","COUNTY","ILLINOIS","17","WEST SOUTHWEST","60","MACOUPIN","117","","","00000000","","CORN","CORN - ACRES PLANTED","TOTAL","NOT SPECIFIED","134,600",""
"SURVEY","1973","YEAR","","COUNTY","ILLINOIS","17","WEST SOUTHWEST","60","MADISON","119","","","00000000","","CORN","CORN - ACRES PLANTED","TOTAL","NOT SPECIFIED","75,100",""
"SURVEY","1973","YEAR","","COUNTY","ILLINOIS","17","WEST SOUTHWEST","60","MONTGOMERY","135","","","00000000","","CORN","CORN - ACRES PLANTED","TOTAL","NOT SPECIFIED","109,300",""
"SURVEY","1973","YEAR","","COUNTY","ILLINOIS","17","WEST SOUTHWEST","60","MORGAN","137","","","00000000","","CORN","CORN - ACRES PLANTED","TOTAL","NOT SPECIFIED","95,200",""
"SURVEY","1973","YEAR","","COUNTY","ILLINOIS","17","WEST SOUTHWEST","60","PIKE","149","","","00000000","","CORN","CORN - ACRES PLANTED","TOTAL","NOT SPECIFIED","116,400",""
"SURVEY","1973","YEAR","","COUNTY","ILLINOIS","17","WEST SOUTHWEST","60","SANGAMON","167","","","00000000","","CORN","CORN - ACRES PLANTED","TOTAL","NOT SPECIFIED","186,500",""
"SURVEY","1973","YEAR","","COUNTY","ILLINOIS","17","WEST SOUTHWEST","60","SCOTT","171","","","00000000","","CORN","CORN - ACRES PLANTED","TOTAL","NOT SPECIFIED","36,900",""
"SURVEY","1972","YEAR","","COUNTY","ILLINOIS","17","CENTRAL","40","DE WITT","039","","","00000000","","CORN","CORN - ACRES PLANTED","TOTAL","NOT SPECIFIED","93,100",""
"SURVEY","1972","YEAR","","COUNTY","ILLINOIS","17","CENTRAL","40","LOGAN","107","","","00000000","","CORN","CORN - ACRES PLANTED","TOTAL","NOT SPECIFIED","159,700",""
"SURVEY","1972","YEAR","","COUNTY","ILLINOIS","17","CENTRAL","40","MACON","115","","","00000000","","CORN","CORN - ACRES PLANTED","TOTAL","NOT SPECIFIED","138,200",""
"SURVEY","1972","YEAR","","COUNTY","ILLINOIS","17","CENTRAL","40","MARSHALL","123","","","00000000","","CORN","CORN - ACRES PLANTED","TOTAL","NOT SPECIFIED","90,600",""
"SURVEY","1972","YEAR","","COUNTY","ILLINOIS","17","CENTRAL","40","MASON","125","","","00000000","","CORN","CORN - ACRES PLANTED","TOTAL","NOT SPECIFIED","93,100",""
"SURVEY","1972","YEAR","","COUNTY","ILLINOIS","17","CENTRAL","40","MCLEAN","113","","","00000000","","CORN","CORN - ACRES PLANTED","TOTAL","NOT SPECIFIED","324,900",""
"SURVEY","1972","YEAR","","COUNTY","ILLINOIS","17","CENTRAL","40","MENARD","129","","","00000000","","CORN","CORN - ACRES PLANTED","TOTAL","NOT SPECIFIED","66,600",""
"SURVEY","1972","YEAR","","COUNTY","ILLINOIS","17","CENTRAL","40","PEORIA","143","","","00000000","","CORN","CORN - ACRES PLANTED","TOTAL","NOT SPECIFIED","105,000",""
"SURVEY","1972","YEAR","","COUNTY","ILLINOIS","17","CENTRAL","40","STARK","175","","","00000000","","CORN","CORN - ACRES PLANTED","TOTAL","NOT SPECIFIED","81,100",""
"SURVEY","1972","YEAR","","COUNTY","ILLINOIS","17","CENTRAL","40","TAZEWELL","179","","","00000000","","CORN","CORN - ACRES PLANTED","TOTAL","NOT SPECIFIED","159,700",""
"SURVEY","1972","YEAR","","COUNTY","ILLINOIS","17","CENTRAL","40","WOODFORD","203","","","00000000","","CORN","CORN - ACRES PLANTED","TOTAL","NOT SPECIFIED","139,200",""
"SURVEY","1972","YEAR","","COUNTY","ILLINOIS","17","EAST","50","CHAMPAIGN","019","","","00000000","","CORN","CORN - ACRES PLANTED","TOTAL","NOT SPECIFIED","240,400",""
"SURVEY","1972","YEAR","","COUNTY","ILLINOIS","17","EAST","50","FORD","053","","","00000000","","CORN","CORN - ACRES PLANTED","TOTAL","NOT SPECIFIED","116,700",""
"SURVEY","1972","YEAR","","COUNTY","ILLINOIS","17","EAST","50","IROQUOIS","075","","","00000000","","CORN","CORN - ACRES PLANTED","TOTAL","NOT SPECIFIED","271,500",""
"SURVEY","1972","YEAR","","COUNTY","ILLINOIS","17","EAST","50","KANKAKEE","091","","","00000000","","CORN","CORN - ACRES PLANTED","TOTAL","NOT SPECIFIED","158,900",""
"SURVEY","1972","YEAR","","COUNTY","ILLINOIS","17","EAST","50","LIVINGSTON","105","","","00000000","","CORN","CORN - ACRES PLANTED","TOTAL","NOT SPECIFIED","261,500",""
"SURVEY","1972","YEAR","","COUNTY","ILLINOIS","17","EAST","50","PIATT","147","","","00000000","","CORN","CORN - ACRES PLANTED","TOTAL","NOT SPECIFIED","116,700",""
"SURVEY","1972","YEAR","","COUNTY","ILLINOIS","17","EAST","50","VERMILION","183","","","00000000","","CORN","CORN - ACRES PLANTED","TOTAL","NOT SPECIFIED","170,300",""
"SURVEY","1972","YEAR","","COUNTY","ILLINOIS","17","EAST SOUTHEAST","70","CLARK","023","","","00000000","","CORN","CORN - ACRES PLANTED","TOTAL","NOT SPECIFIED","69,500",""
"SURVEY","1972","YEAR","","COUNTY","ILLINOIS","17","EAST SOUTHEAST","70","CLAY","025","","","00000000","","CORN","CORN - ACRES PLANTED","TOTAL","NOT SPECIFIED","41,800",""
"SURVEY","1972","YEAR","","COUNTY","ILLINOIS","17","EAST SOUTHEAST","70","COLES","029","","","00000000","","CORN","CORN - ACRES PLANTED","TOTAL","NOT SPECIFIED","106,100",""
"SURVEY","1972","YEAR","","COUNTY","ILLINOIS","17","EAST SOUTHEAST","70","CRAWFORD","033","","","00000000","","CORN","CORN - ACRES PLANTED","TOTAL","NOT SPECIFIED","57,400",""
"SURVEY","1972","YEAR","","COUNTY","ILLINOIS","17","EAST SOUTHEAST","70","CUMBERLAND","035","","","00000000","","CORN","CORN - ACRES PLANTED","TOTAL","NOT SPECIFIED","47,100",""
"SURVEY","1972","YEAR","","COUNTY","ILLINOIS","17","EAST SOUTHEAST","70","DOUGLAS","041","","","00000000","","CORN","CORN - ACRES PLANTED","TOTAL","NOT SPECIFIED","112,100",""
"SURVEY","1972","YEAR","","COUNTY","ILLINOIS","17","EAST SOUTHEAST","70","EDGAR","045","","","00000000","","CORN","CORN - ACRES PLANTED","TOTAL","NOT SPECIFIED","127,200",""
"SURVEY","1972","YEAR","","COUNTY","ILLINOIS","17","EAST SOUTHEAST","70","EFFINGHAM","049","","","00000000","","CORN","CORN - ACRES PLANTED","TOTAL","NOT SPECIFIED","63,400",""
"SURVEY","1972","YEAR","","COUNTY","ILLINOIS","17","EAST SOUTHEAST","70","FAYETTE","051","","","00000000","","CORN","CORN - ACRES PLANTED","TOTAL","NOT SPECIFIED","67,000",""
"SURVEY","1972","YEAR","","COUNTY","ILLINOIS","17","EAST SOUTHEAST","70","JASPER","079","","","00000000","","CORN","CORN - ACRES PLANTED","TOTAL","NOT SPECIFIED","67,600",""
"SURVEY","1972","YEAR","","COUNTY","ILLINOIS","17","EAST SOUTHEAST","70","LAWRENCE","101","","","00000000","","CORN","CORN - ACRES PLANTED","TOTAL","NOT SPECIFIED","61,200",""
"SURVEY","1972","YEAR","","COUNTY","ILLINOIS","17","EAST SOUTHEAST","70","MARION","121","","","00000000","","CORN","CORN - ACRES PLANTED","TOTAL","NOT SPECIFIED","51,100",""
"SURVEY","1972","YEAR","","COUNTY","ILLINOIS","17","EAST SOUTHEAST","70","MOULTRIE","139","","","00000000","","CORN","CORN - ACRES PLANTED","TOTAL","NOT SPECIFIED","69,100",""
"SURVEY","1972","YEAR","","COUNTY","ILLINOIS","17","EAST SOUTHEAST","70","RICHLAND","159","","","00000000","","CORN","CORN - ACRES PLANTED","TOTAL","NOT SPECIFIED","47,100",""
"SURVEY","1972","YEAR","","COUNTY","ILLINOIS","17","EAST SOUTHEAST","70","SHELBY","173","","","00000000","","CORN","CORN - ACRES PLANTED","TOTAL","NOT SPECIFIED","136,700",""
"SURVEY","1972","YEAR","","COUNTY","ILLINOIS","17","NORTHEAST","20","BOONE","007","","","00000000","","CORN","CORN - ACRES PLANTED","TOTAL","NOT SPECIFIED","65,200",""
"SURVEY","1972","YEAR","","COUNTY","ILLINOIS","17","NORTHEAST","20","COOK","031","","","00000000","","CORN","CORN - ACRES PLANTED","TOTAL","NOT SPECIFIED","18,600",""
"SURVEY","1972","YEAR","","COUNTY","ILLINOIS","17","NORTHEAST","20","DE KALB","037","","","00000000","","CORN","CORN - ACRES PLANTED","TOTAL","NOT SPECIFIED","170,400",""
"SURVEY","1972","YEAR","","COUNTY","ILLINOIS","17","NORTHEAST","20","DU PAGE","043","","","00000000","","CORN","CORN - ACRES PLANTED","TOTAL","NOT SPECIFIED","18,200",""
"SURVEY","1972","YEAR","","COUNTY","ILLINOIS","17","NORTHEAST","20","GRUNDY","063","","","00000000","","CORN","CORN - ACRES PLANTED","TOTAL","NOT SPECIFIED","91,700",""
"SURVEY","1972","YEAR","","COUNTY","ILLINOIS","17","NORTHEAST","20","KANE","089","","","00000000","","CORN","CORN - ACRES PLANTED","TOTAL","NOT SPECIFIED","106,400",""
"SURVEY","1972","YEAR","","COUNTY","ILLINOIS","17","NORTHEAST","20","KENDALL","093","","","00000000","","CORN","CORN - ACRES PLANTED","TOTAL","NOT SPECIFIED","79,100",""
"SURVEY","1972","YEAR","","COUNTY","ILLINOIS","17","NORTHEAST","20","LA SALLE","099","","","00000000","","CORN","CORN - ACRES PLANTED","TOTAL","NOT SPECIFIED","275,500",""
"SURVEY","1972","YEAR","","COUNTY","ILLINOIS","17","NORTHEAST","20","LAKE","097","","","00000000","","CORN","CORN - ACRES PLANTED","TOTAL","NOT SPECIFIED","20,400",""
"SURVEY","1972","YEAR","","COUNTY","ILLINOIS","17","NORTHEAST","20","MCHENRY","111","","","00000000","","CORN","CORN - ACRES PLANTED","TOTAL","NOT SPECIFIED","105,900",""
"SURVEY","1972","YEAR","","COUNTY","ILLINOIS","17","NORTHEAST","20","WILL","197","","","00000000","","CORN","CORN - ACRES PLANTED","TOTAL","NOT SPECIFIED","138,500",""
"SURVEY","1972","YEAR","","COUNTY","ILLINOIS","17","NORTHWEST","10","BUREAU","011","","","00000000","","CORN","CORN - ACRES PLANTED","TOTAL","NOT SPECIFIED","224,900",""
"SURVEY","1972","YEAR","","COUNTY","ILLINOIS","17","NORTHWEST","10","CARROLL","015","","","00000000","","CORN","CORN - ACRES PLANTED","TOTAL","NOT SPECIFIED","116,800",""
"SURVEY","1972","YEAR","","COUNTY","ILLINOIS","17","NORTHWEST","10","HENRY","073","","","00000000","","CORN","CORN - ACRES PLANTED","TOTAL","NOT SPECIFIED","217,900",""
"SURVEY","1972","YEAR","","COUNTY","ILLINOIS","17","NORTHWEST","10","JO DAVIESS","085","","","00000000","","CORN","CORN - ACRES PLANTED","TOTAL","NOT SPECIFIED","75,800",""
"SURVEY","1972","YEAR","","COUNTY","ILLINOIS","17","NORTHWEST","10","LEE","103","","","00000000","","CORN","CORN - ACRES PLANTED","TOTAL","NOT SPECIFIED","178,900",""
"SURVEY","1972","YEAR","","COUNTY","ILLINOIS","17","NORTHWEST","10","MERCER","131","","","00000000","","CORN","CORN - ACRES PLANTED","TOTAL","NOT SPECIFIED","123,800",""
"SURVEY","1972","YEAR","","COUNTY","ILLINOIS","17","NORTHWEST","10","OGLE","141","","","00000000","","CORN","CORN - ACRES PLANTED","TOTAL","NOT SPECIFIED","194,400",""
"SURVEY","1972","YEAR","","COUNTY","ILLINOIS","17","NORTHWEST","10","PUTNAM","155","","","00000000","","CORN","CORN - ACRES PLANTED","TOTAL","NOT SPECIFIED","37,400",""
"SURVEY","1972","YEAR","","COUNTY","ILLINOIS","17","NORTHWEST","10","ROCK ISLAND","161","","","00000000","","CORN","CORN - ACRES PLANTED","TOTAL","NOT SPECIFIED","73,300",""
"SURVEY","1972","YEAR","","COUNTY","ILLINOIS","17","NORTHWEST","10","STEPHENSON","177","","","00000000","","CORN","CORN - ACRES PLANTED","TOTAL","NOT SPECIFIED","140,200",""
"SURVEY","1972","YEAR","","COUNTY","ILLINOIS","17","NORTHWEST","10","WHITESIDE","195","","","00000000","","CORN","CORN - ACRES PLANTED","TOTAL","NOT SPECIFIED","202,400",""
"SURVEY","1972","YEAR","","COUNTY","ILLINOIS","17","NORTHWEST","10","WINNEBAGO","201","","","00000000","","CORN","CORN - ACRES PLANTED","TOTAL","NOT SPECIFIED","89,200",""
"SURVEY","1972","YEAR","","COUNTY","ILLINOIS","17","SOUTHEAST","90","EDWARDS","047","","","00000000","","CORN","CORN - ACRES PLANTED","TOTAL","NOT SPECIFIED","30,200",""
"SURVEY","1972","YEAR","","COUNTY","ILLINOIS","17","SOUTHEAST","90","FRANKLIN","055","","","00000000","","CORN","CORN - ACRES PLANTED","TOTAL","NOT SPECIFIED","25,100",""
"SURVEY","1972","YEAR","","COUNTY","ILLINOIS","17","SOUTHEAST","90","GALLATIN","059","","","00000000","","CORN","CORN - ACRES PLANTED","TOTAL","NOT SPECIFIED","42,600",""
"SURVEY","1972","YEAR","","COUNTY","ILLINOIS","17","SOUTHEAST","90","HAMILTON","065","","","00000000","","CORN","CORN - ACRES PLANTED","TOTAL","NOT SPECIFIED","30,600",""
"SURVEY","1972","YEAR","","COUNTY","ILLINOIS","17","SOUTHEAST","90","HARDIN","069","","","00000000","","CORN","CORN - ACRES PLANTED","TOTAL","NOT SPECIFIED","4,000",""
"SURVEY","1972","YEAR","","COUNTY","ILLINOIS","17","SOUTHEAST","90","JEFFERSON","081","","","00000000","","CORN","CORN - ACRES PLANTED","TOTAL","NOT SPECIFIED","37,100",""
"SURVEY","1972","YEAR","","COUNTY","ILLINOIS","17","SOUTHEAST","90","MASSAC","127","","","00000000","","CORN","CORN - ACRES PLANTED","TOTAL","NOT SPECIFIED","14,200",""
"SURVEY","1972","YEAR","","COUNTY","ILLINOIS","17","SOUTHEAST","90","POPE","151","","","00000000","","CORN","CORN - ACRES PLANTED","TOTAL","NOT SPECIFIED","13,500",""
"SURVEY","1972","YEAR","","COUNTY","ILLINOIS","17","SOUTHEAST","90","SALINE","165","","","00000000","","CORN","CORN - ACRES PLANTED","TOTAL","NOT SPECIFIED","37,100",""
"SURVEY","1972","YEAR","","COUNTY","ILLINOIS","17","SOUTHEAST","90","WABASH","185","","","00000000","","CORN","CORN - ACRES PLANTED","TOTAL","NOT SPECIFIED","44,200",""
"SURVEY","1972","YEAR","","COUNTY","ILLINOIS","17","SOUTHEAST","90","WAYNE","191","","","00000000","","CORN","CORN - ACRES PLANTED","TOTAL","NOT SPECIFIED","60,700",""
"SURVEY","1972","YEAR","","COUNTY","ILLINOIS","17","SOUTHEAST","90","WHITE","193","","","00000000","","CORN","CORN - ACRES PLANTED","TOTAL","NOT SPECIFIED","69,100",""
"SURVEY","1972","YEAR","","COUNTY","ILLINOIS","17","SOUTHWEST","80","ALEXANDER","003","","","00000000","","CORN","CORN - ACRES PLANTED","TOTAL","NOT SPECIFIED","10,700",""
"SURVEY","1972","YEAR","","COUNTY","ILLINOIS","17","SOUTHWEST","80","CLINTON","027","","","00000000","","CORN","CORN - ACRES PLANTED","TOTAL","NOT SPECIFIED","67,700",""
"SURVEY","1972","YEAR","","COUNTY","ILLINOIS","17","SOUTHWEST","80","JACKSON","077","","","00000000","","CORN","CORN - ACRES PLANTED","TOTAL","NOT SPECIFIED","29,100",""
"SURVEY","1972","YEAR","","COUNTY","ILLINOIS","17","SOUTHWEST","80","JOHNSON","087","","","00000000","","CORN","CORN - ACRES PLANTED","TOTAL","NOT SPECIFIED","15,300",""
"SURVEY","1972","YEAR","","COUNTY","ILLINOIS","17","SOUTHWEST","80","MONROE","133","","","00000000","","CORN","CORN - ACRES PLANTED","TOTAL","NOT SPECIFIED","36,700",""
"SURVEY","1972","YEAR","","COUNTY","ILLINOIS","17","SOUTHWEST","80","PERRY","145","","","00000000","","CORN","CORN - ACRES PLANTED","TOTAL","NOT SPECIFIED","27,500",""
"SURVEY","1972","YEAR","","COUNTY","ILLINOIS","17","SOUTHWEST","80","PULASKI","153","","","00000000","","CORN","CORN - ACRES PLANTED","TOTAL","NOT SPECIFIED","8,200",""
"SURVEY","1972","YEAR","","COUNTY","ILLINOIS","17","SOUTHWEST","80","RANDOLPH","157","","","00000000","","CORN","CORN - ACRES PLANTED","TOTAL","NOT SPECIFIED","48,800",""
"SURVEY","1972","YEAR","","COUNTY","ILLINOIS","17","SOUTHWEST","80","ST CLAIR","163","","","00000000","","CORN","CORN - ACRES PLANTED","TOTAL","NOT SPECIFIED","63,100",""
"SURVEY","1972","YEAR","","COUNTY","ILLINOIS","17","SOUTHWEST","80","UNION","181","","","00000000","","CORN","CORN - ACRES PLANTED","TOTAL","NOT SPECIFIED","11,900",""
"SURVEY","1972","YEAR","","COUNTY","ILLINOIS","17","SOUTHWEST","80","WASHINGTON","189","","","00000000","","CORN","CORN - ACRES PLANTED","TOTAL","NOT SPECIFIED","61,300",""
"SURVEY","1972","YEAR","","COUNTY","ILLINOIS","17","SOUTHWEST","80","WILLIAMSON","199","","","00000000","","CORN","CORN - ACRES PLANTED","TOTAL","NOT SPECIFIED","13,400",""
"SURVEY","1972","YEAR","","COUNTY","ILLINOIS","17","WEST","30","ADAMS","001","","","00000000","","CORN","CORN - ACRES PLANTED","TOTAL","NOT SPECIFIED","109,200",""
"SURVEY","1972","YEAR","","COUNTY","ILLINOIS","17","WEST","30","BROWN","009","","","00000000","","CORN","CORN - ACRES PLANTED","TOTAL","NOT SPECIFIED","26,000",""
"SURVEY","1972","YEAR","","COUNTY","ILLINOIS","17","WEST","30","FULTON","057","","","00000000","","CORN","CORN - ACRES PLANTED","TOTAL","NOT SPECIFIED","140,700",""
"SURVEY","1972","YEAR","","COUNTY","ILLINOIS","17","WEST","30","HANCOCK","067","","","00000000","","CORN","CORN - ACRES PLANTED","TOTAL","NOT SPECIFIED","136,700",""
"SURVEY","1972","YEAR","","COUNTY","ILLINOIS","17","WEST","30","HENDERSON","071","","","00000000","","CORN","CORN - ACRES PLANTED","TOTAL","NOT SPECIFIED","74,100",""
"SURVEY","1972","YEAR","","COUNTY","ILLINOIS","17","WEST","30","KNOX","095","","","00000000","","CORN","CORN - ACRES PLANTED","TOTAL","NOT SPECIFIED","150,200",""
"SURVEY","1972","YEAR","","COUNTY","ILLINOIS","17","WEST","30","MCDONOUGH","109","","","00000000","","CORN","CORN - ACRES PLANTED","TOTAL","NOT SPECIFIED","121,200",""
"SURVEY","1972","YEAR","","COUNTY","ILLINOIS","17","WEST","30","SCHUYLER","169","","","00000000","","CORN","CORN - ACRES PLANTED","TOTAL","NOT SPECIFIED","53,100",""
"SURVEY","1972","YEAR","","COUNTY","ILLINOIS","17","WEST","30","WARREN","187","","","00000000","","CORN","CORN - ACRES PLANTED","TOTAL","NOT SPECIFIED","139,200",""
"SURVEY","1972","YEAR","","COUNTY","ILLINOIS","17","WEST SOUTHWEST","60","BOND","005","","","00000000","","CORN","CORN - ACRES PLANTED","TOTAL","NOT SPECIFIED","39,400",""
"SURVEY","1972","YEAR","","COUNTY","ILLINOIS","17","WEST SOUTHWEST","60","CALHOUN","013","","","00000000","","CORN","CORN - ACRES PLANTED","TOTAL","NOT SPECIFIED","18,800",""
"SURVEY","1972","YEAR","","COUNTY","ILLINOIS","17","WEST SOUTHWEST","60","CASS","017","","","00000000","","CORN","CORN - ACRES PLANTED","TOTAL","NOT SPECIFIED","64,700",""
"SURVEY","1972","YEAR","","COUNTY","ILLINOIS","17","WEST SOUTHWEST","60","CHRISTIAN","021","","","00000000","","CORN","CORN - ACRES PLANTED","TOTAL","NOT SPECIFIED","146,300",""
"SURVEY","1972","YEAR","","COUNTY","ILLINOIS","17","WEST SOUTHWEST","60","GREENE","061","","","00000000","","CORN","CORN - ACRES PLANTED","TOTAL","NOT SPECIFIED","77,200",""
"SURVEY","1972","YEAR","","COUNTY","ILLINOIS","17","WEST SOUTHWEST","60","JERSEY","083","","","00000000","","CORN","CORN - ACRES PLANTED","TOTAL","NOT SPECIFIED","39,500",""
"SURVEY","1972","YEAR","","COUNTY","ILLINOIS","17","WEST SOUTHWEST","60","MACOUPIN","117","","","00000000","","CORN","CORN - ACRES PLANTED","TOTAL","NOT SPECIFIED","132,800",""
"SURVEY","1972","YEAR","","COUNTY","ILLINOIS","17","WEST SOUTHWEST","60","MADISON","119","","","00000000","","CORN","CORN - ACRES PLANTED","TOTAL","NOT SPECIFIED","74,300",""
"SURVEY","1972","YEAR","","COUNTY","ILLINOIS","17","WEST SOUTHWEST","60","MONTGOMERY","135","","","00000000","","CORN","CORN - ACRES PLANTED","TOTAL","NOT SPECIFIED","107,700",""
"SURVEY","1972","YEAR","","COUNTY","ILLINOIS","17","WEST SOUTHWEST","60","MORGAN","137","","","00000000","","CORN","CORN - ACRES PLANTED","TOTAL","NOT SPECIFIED","86,200",""
"SURVEY","1972","YEAR","","COUNTY","ILLINOIS","17","WEST SOUTHWEST","60","PIKE","149","","","00000000","","CORN","CORN - ACRES PLANTED","TOTAL","NOT SPECIFIED","103,700",""
"SURVEY","1972","YEAR","","COUNTY","ILLINOIS","17","WEST SOUTHWEST","60","SANGAMON","167","","","00000000","","CORN","CORN - ACRES PLANTED","TOTAL","NOT SPECIFIED","183,800",""
"SURVEY","1972","YEAR","","COUNTY","ILLINOIS","17","WEST SOUTHWEST","60","SCOTT","171","","","00000000","","CORN","CORN - ACRES PLANTED","TOTAL","NOT SPECIFIED","36,600",""
