"Program","Year","Period","Week Ending","Geo Level","State","State ANSI","Ag District","Ag District Code","County","County ANSI","Zip Code","Region","watershed_code","Watershed","Commodity","Data Item","Domain","Domain Category","Value","CV (%)"
"SURVEY","2025","APR","","STATE","ILLINOIS","17","","","","","","","00000000","","CORN","CORN, GRAIN - PRICE RECEIVED, MEASURED IN $ / BU","TOTAL","NOT SPECIFIED","4.61",""
"SURVEY","2025","AUG","","STATE","ILLINOIS","17","","","","","","","00000000","","CORN","CORN, GRAIN - PRICE RECEIVED, MEASURED IN $ / BU","TOTAL","NOT SPECIFIED","3.97",""
"SURVEY","2025","FEB","","STATE","ILLINOIS","17","","","","","","","00000000","","CORN","CORN, GRAIN - PRICE RECEIVED, MEASURED IN $ / BU","TOTAL","NOT SPECIFIED","4.57",""
"SURVEY","2025","JAN","","STATE","ILLINOIS","17","","","","","","","00000000","","CORN","CORN, GRAIN - PRICE RECEIVED, MEASURED IN $ / BU","TOTAL","NOT SPECIFIED","4.14",""
"SURVEY","2025","JUL","","STATE","ILLINOIS","17","","","","","","","00000000","","CORN","CORN, GRAIN - PRICE RECEIVED, MEASURED IN $ / BU","TOTAL","NOT SPECIFIED","4.28",""
"SURVEY","2025","JUN","","STATE","ILLINOIS","17","","","","","","","00000000","","CORN","CORN, GRAIN - PRICE RECEIVED, MEASURED IN $ / BU","TOTAL","NOT SPECIFIED","4.52",""
"SURVEY","2025","MAR","","STATE","ILLINOIS","17","","","","","","","00000000","","CORN","CORN, GRAIN - PRICE RECEIVED, MEASURED IN $ / BU","TOTAL","NOT SPECIFIED","4.6",""
"SURVEY","2025","MAY","","STATE","ILLINOIS","17","","","","","","","00000000","","CORN","CORN, GRAIN - PRICE RECEIVED, MEASURED IN $ / BU","TOTAL","NOT SPECIFIED","4.62",""
"SURVEY","2024","APR","","STATE","ILLINOIS","17","","","","","","","00000000","","CORN","CORN, GRAIN - PRICE RECEIVED, MEASURED IN $ / BU","TOTAL","NOT SPECIFIED","4.26",""
"SURVEY","2024","AUG","","STATE","ILLINOIS","17","","","","","","","00000000","","CORN","CORN, GRAIN - PRICE RECEIVED, MEASURED IN $ / BU","TOTAL","NOT SPECIFIED","3.7",""
"SURVEY","2024","DEC","","STATE","ILLINOIS","17","","","","","","","00000000","","CORN","CORN, GRAIN - PRICE RECEIVED, MEASURED IN $ / BU","TOTAL","NOT SPECIFIED","4.16",""
"SURVEY","2024","FEB","","STATE","ILLINOIS","17","","","","","","","00000000","","CORN","CORN, GRAIN - PRICE RECEIVED, MEASURED IN $ / BU","TOTAL","NOT SPECIFIED","4.23",""
"SURVEY","2024","JAN","","STATE","ILLINOIS","17","","","","","","","00000000","","CORN","CORN, GRAIN - PRICE RECEIVED, MEASURED IN $ / BU","TOTAL","NOT SPECIFIED","4.69",""
"SURVEY","2024","JUL","","STATE","ILLINOIS","17","","","","","","","00000000","","CORN","CORN, GRAIN - PRICE RECEIVED, MEASURED IN $ / BU","TOTAL","NOT SPECIFIED","4.13",""
"SURVEY","2024","JUN","","STATE","ILLINOIS","17","","","","","","","00000000","","CORN","CORN, GRAIN - PRICE RECEIVED, MEASURED IN $ / BU","TOTAL","NOT SPECIFIED","4.4",""
"SURVEY","2024","MAR","","STATE","ILLINOIS","17","","","","","","","00000000","","CORN","CORN, GRAIN - PRICE RECEIVED, MEASURED IN $ / BU","TOTAL","NOT SPECIFIED","4.21",""
"SURVEY","2024","MARKETING YEAR","","STATE","ILLINOIS","17","","","","","","","00000000","","CORN","CORN, GRAIN - PRICE RECEIVED, MEASURED IN $ / BU","TOTAL","NOT SPECIFIED","4.3",""
"SURVEY","2024","MAY","","STATE","ILLINOIS","17","","","","","","","00000000","","CORN","CORN, GRAIN - PRICE RECEIVED, MEASURED IN $ / BU","TOTAL","NOT SPECIFIED","4.38",""
"SURVEY","2024","NOV","","STATE","ILLINOIS","17","","","","","","","00000000","","CORN","CORN, GRAIN - PRICE RECEIVED, MEASURED IN $ / BU","TOTAL","NOT SPECIFIED","4.06",""
"SURVEY","2024","OCT","","STATE","ILLINOIS","17","","","","","","","00000000","","CORN","CORN, GRAIN - PRICE RECEIVED, MEASURED IN $ / BU","TOTAL","NOT SPECIFIED","3.9",""
"SURVEY","2024","SEP","","STATE","ILLINOIS","17","","","","","","","00000000","","CORN","CORN, GRAIN - PRICE RECEIVED, MEASURED IN $ / BU","TOTAL","NOT SPECIFIED","3.84",""
"SURVEY","2023","APR","","STATE","ILLINOIS","17","","","","","","","00000000","","CORN","CORN, GRAIN - PRICE RECEIVED, MEASURED IN $ / BU","TOTAL","NOT SPECIFIED","6.54",""
"SURVEY","2023","AUG","","STATE","ILLINOIS","17","","","","","","","00000000","","CORN","CORN, GRAIN - PRICE RECEIVED, MEASURED IN $ / BU","TOTAL","NOT SPECIFIED","5.61",""
"SURVEY","2023","DEC","","STATE","ILLINOIS","17","","","","","","","00000000","","CORN","CORN, GRAIN - PRICE RECEIVED, MEASURED IN $ / BU","TOTAL","NOT SPECIFIED","4.84",""
"SURVEY","2023","FEB","","STATE","ILLINOIS","17","","","","","","","00000000","","CORN","CORN, GRAIN - PRICE RECEIVED, MEASURED IN $ / BU","TOTAL","NOT SPECIFIED","6.65",""
"SURVEY","2023","JAN","","STATE","ILLINOIS","17","","","","","","","00000000","","CORN","CORN, GRAIN - PRICE RECEIVED, MEASURED IN $ / BU","TOTAL","NOT SPECIFIED","6.47",""
"SURVEY","2023","JUL","","STATE","ILLINOIS","17","","","","","","","00000000","","CORN","CORN, GRAIN - PRICE RECEIVED, MEASURED IN $ / BU","TOTAL","NOT SPECIFIED","6.12",""
"SURVEY","2023","JUN","","STATE","ILLINOIS","17","","","","","","","00000000","","CORN","CORN, GRAIN - PRICE RECEIVED, MEASURED IN $ / BU","TOTAL","NOT SPECIFIED","6.38",""
"SURVEY","2023","MAR","","STATE","ILLINOIS","17","","","","","","","00000000","","CORN","CORN, GRAIN - PRICE RECEIVED, MEASURED IN $ / BU","TOTAL","NOT SPECIFIED","6.54",""
"SURVEY","2023","MARKETING YEAR","","STATE","ILLINOIS","17","","","","","","","00000000","","CORN","CORN, GRAIN - PRICE RECEIVED, MEASURED IN $ / BU","TOTAL","NOT SPECIFIED","4.46",""
"SURVEY","2023","MAY","","STATE","ILLINOIS","17","","","","","","","00000000","","CORN","CORN, GRAIN - PRICE RECEIVED, MEASURED IN $ / BU","TOTAL","NOT SPECIFIED","6.46",""
"SURVEY","2023","NOV","","STATE","ILLINOIS","17","","","","","","","00000000","","CORN","CORN, GRAIN - PRICE RECEIVED, MEASURED IN $ / BU","TOTAL","NOT SPECIFIED","4.67",""
"SURVEY","2023","OCT","","STATE","ILLINOIS","17","","","","","","","00000000","","CORN","CORN, GRAIN - PRICE RECEIVED, MEASURED IN $ / BU","TOTAL","NOT SPECIFIED","4.8",""
"SURVEY","2023","SEP","","STATE","ILLINOIS","17","","","","","","","00000000","","CORN","CORN, GRAIN - PRICE RECEIVED, MEASURED IN $ / BU","TOTAL","NOT SPECIFIED","5.04",""
"SURVEY","2022","APR","","STATE","ILLINOIS","17","","","","","","","00000000","","CORN","CORN, GRAIN - PRICE RECEIVED, MEASURED IN $ / BU","TOTAL","NOT SPECIFIED","7.16",""
"SURVEY","2022","AUG","","STATE","ILLINOIS","17","","","","","","","00000000","","CORN","CORN, GRAIN - PRICE RECEIVED, MEASURED IN $ / BU","TOTAL","NOT SPECIFIED","7.15",""
"SURVEY","2022","DEC","","STATE","ILLINOIS","17","","","","","","","00000000","","CORN","CORN, GRAIN - PRICE RECEIVED, MEASURED IN $ / BU","TOTAL","NOT SPECIFIED","6.39",""
"SURVEY","2022","FEB","","STATE","ILLINOIS","17","","","","","","","00000000","","CORN","CORN, GRAIN - PRICE RECEIVED, MEASURED IN $ / BU","TOTAL","NOT SPECIFIED","6.23",""
"SURVEY","2022","JAN","","STATE","ILLINOIS","17","","","","","","","00000000","","CORN","CORN, GRAIN - PRICE RECEIVED, MEASURED IN $ / BU","TOTAL","NOT SPECIFIED","5.48",""
"SURVEY","2022","JUL","","STATE","ILLINOIS","17","","","","","","","00000000","","CORN","CORN, GRAIN - PRICE RECEIVED, MEASURED IN $ / BU","TOTAL","NOT SPECIFIED","7.32",""
"SURVEY","2022","JUN","","STATE","ILLINOIS","17","","","","","","","00000000","","CORN","CORN, GRAIN - PRICE RECEIVED, MEASURED IN $ / BU","TOTAL","NOT SPECIFIED","7.47",""
"SURVEY","2022","MAR","","STATE","ILLINOIS","17","","","","","","","00000000","","CORN","CORN, GRAIN - PRICE RECEIVED, MEASURED IN $ / BU","TOTAL","NOT SPECIFIED","6.65",""
"SURVEY","2022","MARKETING YEAR","","STATE","ILLINOIS","17","","","","","","","00000000","","CORN","CORN, GRAIN - PRICE RECEIVED, MEASURED IN $ / BU","TOTAL","NOT SPECIFIED","6.4",""
"SURVEY","2022","MAY","","STATE","ILLINOIS","17","","","","","","","00000000","","CORN","CORN, GRAIN - PRICE RECEIVED, MEASURED IN $ / BU","TOTAL","NOT SPECIFIED","7.47",""
"SURVEY","2022","NOV","","STATE","ILLINOIS","17","","","","","","","00000000","","CORN","CORN, GRAIN - PRICE RECEIVED, MEASURED IN $ / BU","TOTAL","NOT SPECIFIED","6.29",""
"SURVEY","2022","OCT","","STATE","ILLINOIS","17","","","","","","","00000000","","CORN","CORN, GRAIN - PRICE RECEIVED, MEASURED IN $ / BU","TOTAL","NOT SPECIFIED","6.39",""
"SURVEY","2022","SEP","","STATE","ILLINOIS","17","","","","","","","00000000","","CORN","CORN, GRAIN - PRICE RECEIVED, MEASURED IN $ / BU","TOTAL","NOT SPECIFIED","6.7",""
"SURVEY","2021","APR","","STATE","ILLINOIS","17","","","","","","","00000000","","CORN","CORN, GRAIN - PRICE RECEIVED, MEASURED IN $ / BU","TOTAL","NOT SPECIFIED","5.41",""
"SURVEY","2021","AUG","","STATE","ILLINOIS","17","","","","","","","00000000","","CORN","CORN, GRAIN - PRICE RECEIVED, MEASURED IN $ / BU","TOTAL","NOT SPECIFIED","6.34",""
"SURVEY","2021","DEC","","STATE","ILLINOIS","17","","","","","","","00000000","","CORN","CORN, GRAIN - PRICE RECEIVED, MEASURED IN $ / BU","TOTAL","NOT SPECIFIED","5.41",""
"SURVEY","2021","FEB","","STATE","ILLINOIS","17","","","","","","","00000000","","CORN","CORN, GRAIN - PRICE RECEIVED, MEASURED IN $ / BU","TOTAL","NOT SPECIFIED","4.69",""
"SURVEY","2021","JAN","","STATE","ILLINOIS","17","","","","","","","00000000","","CORN","CORN, GRAIN - PRICE RECEIVED, MEASURED IN $ / BU","TOTAL","NOT SPECIFIED","4.1",""
"SURVEY","2021","JUL","","STATE","ILLINOIS","17","","","","","","","00000000","","CORN","CORN, GRAIN - PRICE RECEIVED, MEASURED IN $ / BU","TOTAL","NOT SPECIFIED","6.25",""
"SURVEY","2021","JUN","","STATE","ILLINOIS","17","","","","","","","00000000","","CORN","CORN, GRAIN - PRICE RECEIVED, MEASURED IN $ / BU","TOTAL","NOT SPECIFIED","6.06",""
"SURVEY","2021","MAR","","STATE","ILLINOIS","17","","","","","","","00000000","","CORN","CORN, GRAIN - PRICE RECEIVED, MEASURED IN $ / BU","TOTAL","NOT SPECIFIED","4.96",""
"SURVEY","2021","MARKETING YEAR","","STATE","ILLINOIS","17","","","","","","","00000000","","CORN","CORN, GRAIN - PRICE RECEIVED, MEASURED IN $ / BU","TOTAL","NOT SPECIFIED","5.96",""
"SURVEY","2021","MAY","","STATE","ILLINOIS","17","","","","","","","00000000","","CORN","CORN, GRAIN - PRICE RECEIVED, MEASURED IN $ / BU","TOTAL","NOT SPECIFIED","6.05",""
"SURVEY","2021","NOV","","STATE","ILLINOIS","17","","","","","","","00000000","","CORN","CORN, GRAIN - PRICE RECEIVED, MEASURED IN $ / BU","TOTAL","NOT SPECIFIED","5.27",""
"SURVEY","2021","OCT","","STATE","ILLINOIS","17","","","","","","","00000000","","CORN","CORN, GRAIN - PRICE RECEIVED, MEASURED IN $ / BU","TOTAL","NOT SPECIFIED","4.98",""
"SURVEY","2021","SEP","","STATE","ILLINOIS","17","","","","","","","00000000","","CORN","CORN, GRAIN - PRICE RECEIVED, MEASURED IN $ / BU","TOTAL","NOT SPECIFIED","5.16",""
"SURVEY","2020","APR","","STATE","ILLINOIS","17","","","","","","","00000000","","CORN","CORN, GRAIN - PRICE RECEIVED, MEASURED IN $ / BU","TOTAL","NOT SPECIFIED","3.21",""
"SURVEY","2020","AUG","","STATE","ILLINOIS","17","","","","","","","00000000","","CORN","CORN, GRAIN - PRICE RECEIVED, MEASURED IN $ / BU","TOTAL","NOT SPECIFIED","3.12",""
"SURVEY","2020","DEC","","STATE","ILLINOIS","17","","","","","","","00000000","","CORN","CORN, GRAIN - PRICE RECEIVED, MEASURED IN $ / BU","TOTAL","NOT SPECIFIED","3.86",""
"SURVEY","2020","FEB","","STATE","ILLINOIS","17","","","","","","","00000000","","CORN","CORN, GRAIN - PRICE RECEIVED, MEASURED IN $ / BU","TOTAL","NOT SPECIFIED","3.71",""
"SURVEY","2020","JAN","","STATE","ILLINOIS","17","","","","","","","00000000","","CORN","CORN, GRAIN - PRICE RECEIVED, MEASURED IN $ / BU","TOTAL","NOT SPECIFIED","3.76",""
"SURVEY","2020","JUL","","STATE","ILLINOIS","17","","","","","","","00000000","","CORN","CORN, GRAIN - PRICE RECEIVED, MEASURED IN $ / BU","TOTAL","NOT SPECIFIED","3.26",""
"SURVEY","2020","JUN","","STATE","ILLINOIS","17","","","","","","","00000000","","CORN","CORN, GRAIN - PRICE RECEIVED, MEASURED IN $ / BU","TOTAL","NOT SPECIFIED","3.17",""
"SURVEY","2020","MAR","","STATE","ILLINOIS","17","","","","","","","00000000","","CORN","CORN, GRAIN - PRICE RECEIVED, MEASURED IN $ / BU","TOTAL","NOT SPECIFIED","3.65",""
"SURVEY","2020","MARKETING YEAR","","STATE","ILLINOIS","17","","","","","","","00000000","","CORN","CORN, GRAIN - PRICE RECEIVED, MEASURED IN $ / BU","TOTAL","NOT SPECIFIED","4.46",""
"SURVEY","2020","MAY","","STATE","ILLINOIS","17","","","","","","","00000000","","CORN","CORN, GRAIN - PRICE RECEIVED, MEASURED IN $ / BU","TOTAL","NOT SPECIFIED","3.23",""
"SURVEY","2020","NOV","","STATE","ILLINOIS","17","","","","","","","00000000","","CORN","CORN, GRAIN - PRICE RECEIVED, MEASURED IN $ / BU","TOTAL","NOT SPECIFIED","3.75",""
"SURVEY","2020","OCT","","STATE","ILLINOIS","17","","","","","","","00000000","","CORN","CORN, GRAIN - PRICE RECEIVED, MEASURED IN $ / BU","TOTAL","NOT SPECIFIED","3.63",""
"SURVEY","2020","SEP","","STATE","ILLINOIS","17","","","","","","","00000000","","CORN","CORN, GRAIN - PRICE RECEIVED, MEASURED IN $ / BU","TOTAL","NOT SPECIFIED","3.4",""
"SURVEY","2019","APR","","STATE","ILLINOIS","17","","","","","","","00000000","","CORN","CORN, GRAIN - PRICE RECEIVED, MEASURED IN $ / BU","TOTAL","NOT SPECIFIED","3.54",""
"SURVEY","2019","AUG","","STATE","ILLINOIS","17","","","","","","","00000000","","CORN","CORN, GRAIN - PRICE RECEIVED, MEASURED IN $ / BU","TOTAL","NOT SPECIFIED","3.88",""
"SURVEY","2019","DEC","","STATE","ILLINOIS","17","","","","","","","00000000","","CORN","CORN, GRAIN - PRICE RECEIVED, MEASURED IN $ / BU","TOTAL","NOT SPECIFIED","3.73",""
"SURVEY","2019","FEB","","STATE","ILLINOIS","17","","","","","","","00000000","","CORN","CORN, GRAIN - PRICE RECEIVED, MEASURED IN $ / BU","TOTAL","NOT SPECIFIED","3.58",""
"SURVEY","2019","JAN","","STATE","ILLINOIS","17","","","","","","","00000000","","CORN","CORN, GRAIN - PRICE RECEIVED, MEASURED IN $ / BU","TOTAL","NOT SPECIFIED","3.58",""
"SURVEY","2019","JUL","","STATE","ILLINOIS","17","","","","","","","00000000","","CORN","CORN, GRAIN - PRICE RECEIVED, MEASURED IN $ / BU","TOTAL","NOT SPECIFIED","4.2",""
"SURVEY","2019","JUN","","STATE","ILLINOIS","17","","","","","","","00000000","","CORN","CORN, GRAIN - PRICE RECEIVED, MEASURED IN $ / BU","TOTAL","NOT SPECIFIED","4.01",""
"SURVEY","2019","MAR","","STATE","ILLINOIS","17","","","","","","","00000000","","CORN","CORN, GRAIN - PRICE RECEIVED, MEASURED IN $ / BU","TOTAL","NOT SPECIFIED","3.59",""
"SURVEY","2019","MARKETING YEAR","","STATE","ILLINOIS","17","","","","","","","00000000","","CORN","CORN, GRAIN - PRICE RECEIVED, MEASURED IN $ / BU","TOTAL","NOT SPECIFIED","3.55",""
"SURVEY","2019","MAY","","STATE","ILLINOIS","17","","","","","","","00000000","","CORN","CORN, GRAIN - PRICE RECEIVED, MEASURED IN $ / BU","TOTAL","NOT SPECIFIED","3.62",""
"SURVEY","2019","NOV","","STATE","ILLINOIS","17","","","","","","","00000000","","CORN","CORN, GRAIN - PRICE RECEIVED, MEASURED IN $ / BU","TOTAL","NOT SPECIFIED","3.66",""
"SURVEY","2019","OCT","","STATE","ILLINOIS","17","","","","","","","00000000","","CORN","CORN, GRAIN - PRICE RECEIVED, MEASURED IN $ / BU","TOTAL","NOT SPECIFIED","3.77",""
"SURVEY","2019","SEP","","STATE","ILLINOIS","17","","","","","","","00000000","","CORN","CORN, GRAIN - PRICE RECEIVED, MEASURED IN $ / BU","TOTAL","NOT SPECIFIED","3.77",""
"SURVEY","2018","APR","","STATE","ILLINOIS","17","","","","","","","00000000","","CORN","CORN, GRAIN - PRICE RECEIVED, MEASURED IN $ / BU","TOTAL","NOT SPECIFIED","3.61",""
"SURVEY","2018","AUG","","STATE","ILLINOIS","17","","","","","","","00000000","","CORN","CORN, GRAIN - PRICE RECEIVED, MEASURED IN $ / BU","TOTAL","NOT SPECIFIED","3.35",""
"SURVEY","2018","DEC","","STATE","ILLINOIS","17","","","","","","","00000000","","CORN","CORN, GRAIN - PRICE RECEIVED, MEASURED IN $ / BU","TOTAL","NOT SPECIFIED","3.6",""
"SURVEY","2018","FEB","","STATE","ILLINOIS","17","","","","","","","00000000","","CORN","CORN, GRAIN - PRICE RECEIVED, MEASURED IN $ / BU","TOTAL","NOT SPECIFIED","3.46",""
"SURVEY","2018","JAN","","STATE","ILLINOIS","17","","","","","","","00000000","","CORN","CORN, GRAIN - PRICE RECEIVED, MEASURED IN $ / BU","TOTAL","NOT SPECIFIED","3.35",""
"SURVEY","2018","JUL","","STATE","ILLINOIS","17","","","","","","","00000000","","CORN","CORN, GRAIN - PRICE RECEIVED, MEASURED IN $ / BU","TOTAL","NOT SPECIFIED","3.48",""
"SURVEY","2018","JUN","","STATE","ILLINOIS","17","","","","","","","00000000","","CORN","CORN, GRAIN - PRICE RECEIVED, MEASURED IN $ / BU","TOTAL","NOT SPECIFIED","3.65",""
"SURVEY","2018","MAR","","STATE","ILLINOIS","17","","","","","","","00000000","","CORN","CORN, GRAIN - PRICE RECEIVED, MEASURED IN $ / BU","TOTAL","NOT SPECIFIED","3.57",""
"SURVEY","2018","MARKETING YEAR","","STATE","ILLINOIS","17","","","","","","","00000000","","CORN","CORN, GRAIN - PRICE RECEIVED, MEASURED IN $ / BU","TOTAL","NOT SPECIFIED","3.62",""
"SURVEY","2018","MAY","","STATE","ILLINOIS","17","","","","","","","00000000","","CORN","CORN, GRAIN - PRICE RECEIVED, MEASURED IN $ / BU","TOTAL","NOT SPECIFIED","3.69",""
"SURVEY","2018","NOV","","STATE","ILLINOIS","17","","","","","","","00000000","","CORN","CORN, GRAIN - PRICE RECEIVED, MEASURED IN $ / BU","TOTAL","NOT SPECIFIED","3.44",""
"SURVEY","2018","OCT","","STATE","ILLINOIS","17","","","","","","","00000000","","CORN","CORN, GRAIN - PRICE RECEIVED, MEASURED IN $ / BU","TOTAL","NOT SPECIFIED","3.43",""
"SURVEY","2018","SEP","","STATE","ILLINOIS","17","","","","","","","00000000","","CORN","CORN, GRAIN - PRICE RECEIVED, MEASURED IN $ / BU","TOTAL","NOT SPECIFIED","3.38",""
"SURVEY","2017","APR","","STATE","ILLINOIS","17","","","","","","","00000000","","CORN","CORN, GRAIN - PRICE RECEIVED, MEASURED IN $ / BU","TOTAL","NOT SPECIFIED","3.53",""
"SURVEY","2017","AUG","","STATE","ILLINOIS","17","","","","","","","00000000","","CORN","CORN, GRAIN - PRICE RECEIVED, MEASURED IN $ / BU","TOTAL","NOT SPECIFIED","3.28",""
"SURVEY","2017","DEC","","STATE","ILLINOIS","17","","","","","","","00000000","","CORN","CORN, GRAIN - PRICE RECEIVED, MEASURED IN $ / BU","TOTAL","NOT SPECIFIED","3.35",""
"SURVEY","2017","FEB","","STATE","ILLINOIS","17","","","","","","","00000000","","CORN","CORN, GRAIN - PRICE RECEIVED, MEASURED IN $ / BU","TOTAL","NOT SPECIFIED","3.48",""
"SURVEY","2017","JAN","","STATE","ILLINOIS","17","","","","","","","00000000","","CORN","CORN, GRAIN - PRICE RECEIVED, MEASURED IN $ / BU","TOTAL","NOT SPECIFIED","3.47",""
"SURVEY","2017","JUL","","STATE","ILLINOIS","17","","","","","","","00000000","","CORN","CORN, GRAIN - PRICE RECEIVED, MEASURED IN $ / BU","TOTAL","NOT SPECIFIED","3.57",""
"SURVEY","2017","JUN","","STATE","ILLINOIS","17","","","","","","","00000000","","CORN","CORN, GRAIN - PRICE RECEIVED, MEASURED IN $ / BU","TOTAL","NOT SPECIFIED","3.5",""
"SURVEY","2017","MAR","","STATE","ILLINOIS","17","","","","","","","00000000","","CORN","CORN, GRAIN - PRICE RECEIVED, MEASURED IN $ / BU","TOTAL","NOT SPECIFIED","3.62",""
"SURVEY","2017","MARKETING YEAR","","STATE","ILLINOIS","17","","","","","","","00000000","","CORN","CORN, GRAIN - PRICE RECEIVED, MEASURED IN $ / BU","TOTAL","NOT SPECIFIED","3.41",""
"SURVEY","2017","MAY","","STATE","ILLINOIS","17","","","","","","","00000000","","CORN","CORN, GRAIN - PRICE RECEIVED, MEASURED IN $ / BU","TOTAL","NOT SPECIFIED","3.55",""
"SURVEY","2017","NOV","","STATE","ILLINOIS","17","","","","","","","00000000","","CORN","CORN, GRAIN - PRICE RECEIVED, MEASURED IN $ / BU","TOTAL","NOT SPECIFIED","3.17",""
"SURVEY","2017","OCT","","STATE","ILLINOIS","17","","","","","","","00000000","","CORN","CORN, GRAIN - PRICE RECEIVED, MEASURED IN $ / BU","TOTAL","NOT SPECIFIED","3.28",""
"SURVEY","2017","SEP","","STATE","ILLINOIS","17","","","","","","","00000000","","CORN","CORN, GRAIN - PRICE RECEIVED, MEASURED IN $ / BU","TOTAL","NOT SPECIFIED","3.27",""
"SURVEY","2016","APR","","STATE","ILLINOIS","17","","","","","","","00000000","","CORN","CORN, GRAIN - PRICE RECEIVED, MEASURED IN $ / BU","TOTAL","NOT SPECIFIED","3.67",""
"SURVEY","2016","AUG","","STATE","ILLINOIS","17","","","","","","","00000000","","CORN","CORN, GRAIN - PRICE RECEIVED, MEASURED IN $ / BU","TOTAL","NOT SPECIFIED","3.17",""
"SURVEY","2016","DEC","","STATE","ILLINOIS","17","","","","","","","00000000","","CORN","CORN, GRAIN - PRICE RECEIVED, MEASURED IN $ / BU","TOTAL","NOT SPECIFIED","3.47",""
"SURVEY","2016","FEB","","STATE","ILLINOIS","17","","","","","","","00000000","","CORN","CORN, GRAIN - PRICE RECEIVED, MEASURED IN $ / BU","TOTAL","NOT SPECIFIED","3.63",""
"SURVEY","2016","JAN","","STATE","ILLINOIS","17","","","","","","","00000000","","CORN","CORN, GRAIN - PRICE RECEIVED, MEASURED IN $ / BU","TOTAL","NOT SPECIFIED","3.73",""
"SURVEY","2016","JUL","","STATE","ILLINOIS","17","","","","","","","00000000","","CORN","CORN, GRAIN - PRICE RECEIVED, MEASURED IN $ / BU","TOTAL","NOT SPECIFIED","3.63",""
"SURVEY","2016","JUN","","STATE","ILLINOIS","17","","","","","","","00000000","","CORN","CORN, GRAIN - PRICE RECEIVED, MEASURED IN $ / BU","TOTAL","NOT SPECIFIED","3.92",""
"SURVEY","2016","MAR","","STATE","ILLINOIS","17","","","","","","","00000000","","CORN","CORN, GRAIN - PRICE RECEIVED, MEASURED IN $ / BU","TOTAL","NOT SPECIFIED","3.67",""
"SURVEY","2016","MARKETING YEAR","","STATE","ILLINOIS","17","","","","","","","00000000","","CORN","CORN, GRAIN - PRICE RECEIVED, MEASURED IN $ / BU","TOTAL","NOT SPECIFIED","3.43",""
"SURVEY","2016","MAY","","STATE","ILLINOIS","17","","","","","","","00000000","","CORN","CORN, GRAIN - PRICE RECEIVED, MEASURED IN $ / BU","TOTAL","NOT SPECIFIED","3.82",""
"SURVEY","2016","NOV","","STATE","ILLINOIS","17","","","","","","","00000000","","CORN","CORN, GRAIN - PRICE RECEIVED, MEASURED IN $ / BU","TOTAL","NOT SPECIFIED","3.32",""
"SURVEY","2016","OCT","","STATE","ILLINOIS","17","","","","","","","00000000","","CORN","CORN, GRAIN - PRICE RECEIVED, MEASURED IN $ / BU","TOTAL","NOT SPECIFIED","3.3",""
"SURVEY","2016","SEP","","STATE","ILLINOIS","17","","","","","","","00000000","","CORN","CORN, GRAIN - PRICE RECEIVED, MEASURED IN $ / BU","TOTAL","NOT SPECIFIED","3.27",""
"SURVEY","2015","APR","","STATE","ILLINOIS","17","","","","","","","00000000","","CORN","CORN, GRAIN - PRICE RECEIVED, MEASURED IN $ / BU","TOTAL","NOT SPECIFIED","3.71",""
"SURVEY","2015","AUG","","STATE","ILLINOIS","17","","","","","","","00000000","","CORN","CORN, GRAIN - PRICE RECEIVED, MEASURED IN $ / BU","TOTAL","NOT SPECIFIED","3.63",""
"SURVEY","2015","DEC","","STATE","ILLINOIS","17","","","","","","","00000000","","CORN","CORN, GRAIN - PRICE RECEIVED, MEASURED IN $ / BU","TOTAL","NOT SPECIFIED","3.79",""
"SURVEY","2015","FEB","","STATE","ILLINOIS","17","","","","","","","00000000","","CORN","CORN, GRAIN - PRICE RECEIVED, MEASURED IN $ / BU","TOTAL","NOT SPECIFIED","3.78",""
"SURVEY","2015","JAN","","STATE","ILLINOIS","17","","","","","","","00000000","","CORN","CORN, GRAIN - PRICE RECEIVED, MEASURED IN $ / BU","TOTAL","NOT SPECIFIED","3.82",""
"SURVEY","2015","JUL","","STATE","ILLINOIS","17","","","","","","","00000000","","CORN","CORN, GRAIN - PRICE RECEIVED, MEASURED IN $ / BU","TOTAL","NOT SPECIFIED","3.85",""
"SURVEY","2015","JUN","","STATE","ILLINOIS","17","","","","","","","00000000","","CORN","CORN, GRAIN - PRICE RECEIVED, MEASURED IN $ / BU","TOTAL","NOT SPECIFIED","3.65",""
"SURVEY","2015","MAR","","STATE","ILLINOIS","17","","","","","","","00000000","","CORN","CORN, GRAIN - PRICE RECEIVED, MEASURED IN $ / BU","TOTAL","NOT SPECIFIED","3.79",""
"SURVEY","2015","MARKETING YEAR","","STATE","ILLINOIS","17","","","","","","","00000000","","CORN","CORN, GRAIN - PRICE RECEIVED, MEASURED IN $ / BU","TOTAL","NOT SPECIFIED","3.69",""
"SURVEY","2015","MAY","","STATE","ILLINOIS","17","","","","","","","00000000","","CORN","CORN, GRAIN - PRICE RECEIVED, MEASURED IN $ / BU","TOTAL","NOT SPECIFIED","3.62",""
"SURVEY","2015","NOV","","STATE","ILLINOIS","17","","","","","","","00000000","","CORN","CORN, GRAIN - PRICE RECEIVED, MEASURED IN $ / BU","TOTAL","NOT SPECIFIED","3.7",""
"SURVEY","2015","OCT","","STATE","ILLINOIS","17","","","","","","","00000000","","CORN","CORN, GRAIN - PRICE RECEIVED, MEASURED IN $ / BU","TOTAL","NOT SPECIFIED","3.7",""
"SURVEY","2015","SEP","","STATE","ILLINOIS","17","","","","","","","00000000","","CORN","CORN, GRAIN - PRICE RECEIVED, MEASURED IN $ / BU","TOTAL","NOT SPECIFIED","3.69",""
"SURVEY","2014","APR","","STATE","ILLINOIS","17","","","","","","","00000000","","CORN","CORN, GRAIN - PRICE RECEIVED, MEASURED IN $ / BU","TOTAL","NOT SPECIFIED","4.84",""
"SURVEY","2014","AUG","","STATE","ILLINOIS","17","","","","","","","00000000","","CORN","CORN, GRAIN - PRICE RECEIVED, MEASURED IN $ / BU","TOTAL","NOT SPECIFIED","3.74",""
"SURVEY","2014","DEC","","STATE","ILLINOIS","17","","","","","","","00000000","","CORN","CORN, GRAIN - PRICE RECEIVED, MEASURED IN $ / BU","TOTAL","NOT SPECIFIED","3.81",""
"SURVEY","2014","FEB","","STATE","ILLINOIS","17","","","","","","","00000000","","CORN","CORN, GRAIN - PRICE RECEIVED, MEASURED IN $ / BU","TOTAL","NOT SPECIFIED","4.36",""
"SURVEY","2014","JAN","","STATE","ILLINOIS","17","","","","","","","00000000","","CORN","CORN, GRAIN - PRICE RECEIVED, MEASURED IN $ / BU","TOTAL","NOT SPECIFIED","4.47",""
"SURVEY","2014","JUL","","STATE","ILLINOIS","17","","","","","","","00000000","","CORN","CORN, GRAIN - PRICE RECEIVED, MEASURED IN $ / BU","TOTAL","NOT SPECIFIED","4.12",""
"SURVEY","2014","JUN","","STATE","ILLINOIS","17","","","","","","","00000000","","CORN","CORN, GRAIN - PRICE RECEIVED, MEASURED IN $ / BU","TOTAL","NOT SPECIFIED","4.68",""
"SURVEY","2014","MAR","","STATE","ILLINOIS","17","","","","","","","00000000","","CORN","CORN, GRAIN - PRICE RECEIVED, MEASURED IN $ / BU","TOTAL","NOT SPECIFIED","4.56",""
"SURVEY","2014","MARKETING YEAR","","STATE","ILLINOIS","17","","","","","","","00000000","","CORN","CORN, GRAIN - PRICE RECEIVED, MEASURED IN $ / BU","TOTAL","NOT SPECIFIED","3.71",""
"SURVEY","2014","MAY","","STATE","ILLINOIS","17","","","","","","","00000000","","CORN","CORN, GRAIN - PRICE RECEIVED, MEASURED IN $ / BU","TOTAL","NOT SPECIFIED","4.77",""
"SURVEY","2014","NOV","","STATE","ILLINOIS","17","","","","","","","00000000","","CORN","CORN, GRAIN - PRICE RECEIVED, MEASURED IN $ / BU","TOTAL","NOT SPECIFIED","3.63",""
"SURVEY","2014","OCT","","STATE","ILLINOIS","17","","","","","","","00000000","","CORN","CORN, GRAIN - PRICE RECEIVED, MEASURED IN $ / BU","TOTAL","NOT SPECIFIED","3.58",""
"SURVEY","2014","SEP","","STATE","ILLINOIS","17","","","","","","","00000000","","CORN","CORN, GRAIN - PRICE RECEIVED, MEASURED IN $ / BU","TOTAL","NOT SPECIFIED","3.51",""
"SURVEY","2013","APR","","STATE","ILLINOIS","17","","","","","","","00000000","","CORN","CORN, GRAIN - PRICE RECEIVED, MEASURED IN $ / BU","TOTAL","NOT SPECIFIED","6.89",""
"SURVEY","2013","AUG","","STATE","ILLINOIS","17","","","","","","","00000000","","CORN","CORN, GRAIN - PRICE RECEIVED, MEASURED IN $ / BU","TOTAL","NOT SPECIFIED","6.09",""
"SURVEY","2013","DEC","","STATE","ILLINOIS","17","","","","","","","00000000","","CORN","CORN, GRAIN - PRICE RECEIVED, MEASURED IN $ / BU","TOTAL","NOT SPECIFIED","4.58",""
"SURVEY","2013","FEB","","STATE","ILLINOIS","17","","","","","","","00000000","","CORN","CORN, GRAIN - PRICE RECEIVED, MEASURED IN $ / BU","TOTAL","NOT SPECIFIED","7.05",""
"SURVEY","2013","JAN","","STATE","ILLINOIS","17","","","","","","","00000000","","CORN","CORN, GRAIN - PRICE RECEIVED, MEASURED IN $ / BU","TOTAL","NOT SPECIFIED","6.87",""
"SURVEY","2013","JUL","","STATE","ILLINOIS","17","","","","","","","00000000","","CORN","CORN, GRAIN - PRICE RECEIVED, MEASURED IN $ / BU","TOTAL","NOT SPECIFIED","6.73",""
"SURVEY","2013","JUN","","STATE","ILLINOIS","17","","","","","","","00000000","","CORN","CORN, GRAIN - PRICE RECEIVED, MEASURED IN $ / BU","TOTAL","NOT SPECIFIED","6.96",""
"SURVEY","2013","MAR","","STATE","ILLINOIS","17","","","","","","","00000000","","CORN","CORN, GRAIN - PRICE RECEIVED, MEASURED IN $ / BU","TOTAL","NOT SPECIFIED","7.14",""
"SURVEY","2013","MARKETING YEAR","","STATE","ILLINOIS","17","","","","","","","00000000","","CORN","CORN, GRAIN - PRICE RECEIVED, MEASURED IN $ / BU","TOTAL","NOT SPECIFIED","4.52",""
"SURVEY","2013","MAY","","STATE","ILLINOIS","17","","","","","","","00000000","","CORN","CORN, GRAIN - PRICE RECEIVED, MEASURED IN $ / BU","TOTAL","NOT SPECIFIED","6.91",""
"SURVEY","2013","NOV","","STATE","ILLINOIS","17","","","","","","","00000000","","CORN","CORN, GRAIN - PRICE RECEIVED, MEASURED IN $ / BU","TOTAL","NOT SPECIFIED","4.5",""
"SURVEY","2013","OCT","","STATE","ILLINOIS","17","","","","","","","00000000","","CORN","CORN, GRAIN - PRICE RECEIVED, MEASURED IN $ / BU","TOTAL","NOT SPECIFIED","4.49",""
"SURVEY","2013","SEP","","STATE","ILLINOIS","17","","","","","","","00000000","","CORN","CORN, GRAIN - PRICE RECEIVED, MEASURED IN $ / BU","TOTAL","NOT SPECIFIED","5.25",""
"SURVEY","2012","APR","","STATE","ILLINOIS","17","","","","","","","00000000","","CORN","CORN, GRAIN - PRICE RECEIVED, MEASURED IN $ / BU","TOTAL","NOT SPECIFIED","6.44",""
"SURVEY","2012","AUG","","STATE","ILLINOIS","17","","","","","","","00000000","","CORN","CORN, GRAIN - PRICE RECEIVED, MEASURED IN $ / BU","TOTAL","NOT SPECIFIED","7.58",""
"SURVEY","2012","DEC","","STATE","ILLINOIS","17","","","","","","","00000000","","CORN","CORN, GRAIN - PRICE RECEIVED, MEASURED IN $ / BU","TOTAL","NOT SPECIFIED","6.73",""
"SURVEY","2012","FEB","","STATE","ILLINOIS","17","","","","","","","00000000","","CORN","CORN, GRAIN - PRICE RECEIVED, MEASURED IN $ / BU","TOTAL","NOT SPECIFIED","6.37",""
"SURVEY","2012","JAN","","STATE","ILLINOIS","17","","","","","","","00000000","","CORN","CORN, GRAIN - PRICE RECEIVED, MEASURED IN $ / BU","TOTAL","NOT SPECIFIED","6.12",""
"SURVEY","2012","JUL","","STATE","ILLINOIS","17","","","","","","","00000000","","CORN","CORN, GRAIN - PRICE RECEIVED, MEASURED IN $ / BU","TOTAL","NOT SPECIFIED","7.3",""
"SURVEY","2012","JUN","","STATE","ILLINOIS","17","","","","","","","00000000","","CORN","CORN, GRAIN - PRICE RECEIVED, MEASURED IN $ / BU","TOTAL","NOT SPECIFIED","6.43",""
"SURVEY","2012","MAR","","STATE","ILLINOIS","17","","","","","","","00000000","","CORN","CORN, GRAIN - PRICE RECEIVED, MEASURED IN $ / BU","TOTAL","NOT SPECIFIED","6.48",""
"SURVEY","2012","MARKETING YEAR","","STATE","ILLINOIS","17","","","","","","","00000000","","CORN","CORN, GRAIN - PRICE RECEIVED, MEASURED IN $ / BU","TOTAL","NOT SPECIFIED","6.87",""
"SURVEY","2012","MAY","","STATE","ILLINOIS","17","","","","","","","00000000","","CORN","CORN, GRAIN - PRICE RECEIVED, MEASURED IN $ / BU","TOTAL","NOT SPECIFIED","6.39",""
"SURVEY","2012","NOV","","STATE","ILLINOIS","17","","","","","","","00000000","","CORN","CORN, GRAIN - PRICE RECEIVED, MEASURED IN $ / BU","TOTAL","NOT SPECIFIED","7.07",""
"SURVEY","2012","OCT","","STATE","ILLINOIS","17","","","","","","","00000000","","CORN","CORN, GRAIN - PRICE RECEIVED, MEASURED IN $ / BU","TOTAL","NOT SPECIFIED","6.84",""
"SURVEY","2012","SEP","","STATE","ILLINOIS","17","","","","","","","00000000","","CORN","CORN, GRAIN - PRICE RECEIVED, MEASURED IN $ / BU","TOTAL","NOT SPECIFIED","6.84",""
"SURVEY","2011","APR","","STATE","ILLINOIS","17","","","","","","","00000000","","CORN","CORN, GRAIN - PRICE RECEIVED, MEASURED IN $ / BU","TOTAL","NOT SPECIFIED","6.68",""
"SURVEY","2011","AUG","","STATE","ILLINOIS","17","","","","","","","00000000","","CORN","CORN, GRAIN - PRICE RECEIVED, MEASURED IN $ / BU","TOTAL","NOT SPECIFIED","6.96",""
"SURVEY","2011","DEC","","STATE","ILLINOIS","17","","","","","","","00000000","","CORN","CORN, GRAIN - PRICE RECEIVED, MEASURED IN $ / BU","TOTAL","NOT SPECIFIED","5.92",""
"SURVEY","2011","FEB","","STATE","ILLINOIS","17","","","","","","","00000000","","CORN","CORN, GRAIN - PRICE RECEIVED, MEASURED IN $ / BU","TOTAL","NOT SPECIFIED","5.86",""
"SURVEY","2011","JAN","","STATE","ILLINOIS","17","","","","","","","00000000","","CORN","CORN, GRAIN - PRICE RECEIVED, MEASURED IN $ / BU","TOTAL","NOT SPECIFIED","4.94",""
"SURVEY","2011","JUL","","STATE","ILLINOIS","17","","","","","","","00000000","","CORN","CORN, GRAIN - PRICE RECEIVED, MEASURED IN $ / BU","TOTAL","NOT SPECIFIED","6.56",""
"SURVEY","2011","JUN","","STATE","ILLINOIS","17","","","","","","","00000000","","CORN","CORN, GRAIN - PRICE RECEIVED, MEASURED IN $ / BU","TOTAL","NOT SPECIFIED","6.56",""
"SURVEY","2011","MAR","","STATE","ILLINOIS","17","","","","","","","00000000","","CORN","CORN, GRAIN - PRICE RECEIVED, MEASURED IN $ / BU","TOTAL","NOT SPECIFIED","5.73",""
"SURVEY","2011","MARKETING YEAR","","STATE","ILLINOIS","17","","","","","","","00000000","","CORN","CORN, GRAIN - PRICE RECEIVED, MEASURED IN $ / BU","TOTAL","NOT SPECIFIED","6.25",""
"SURVEY","2011","MAY","","STATE","ILLINOIS","17","","","","","","","00000000","","CORN","CORN, GRAIN - PRICE RECEIVED, MEASURED IN $ / BU","TOTAL","NOT SPECIFIED","6.65",""
"SURVEY","2011","NOV","","STATE","ILLINOIS","17","","","","","","","00000000","","CORN","CORN, GRAIN - PRICE RECEIVED, MEASURED IN $ / BU","TOTAL","NOT SPECIFIED","5.9",""
"SURVEY","2011","OCT","","STATE","ILLINOIS","17","","","","","","","00000000","","CORN","CORN, GRAIN - PRICE RECEIVED, MEASURED IN $ / BU","TOTAL","NOT SPECIFIED","5.84",""
"SURVEY","2011","SEP","","STATE","ILLINOIS","17","","","","","","","00000000","","CORN","CORN, GRAIN - PRICE RECEIVED, MEASURED IN $ / BU","TOTAL","NOT SPECIFIED","6.1",""
"SURVEY","2010","APR","","STATE","ILLINOIS","17","","","","","","","00000000","","CORN","CORN, GRAIN - PRICE RECEIVED, MEASURED IN $ / BU","TOTAL","NOT SPECIFIED","3.42",""
"SURVEY","2010","AUG","","STATE","ILLINOIS","17","","","","","","","00000000","","CORN","CORN, GRAIN - PRICE RECEIVED, MEASURED IN $ / BU","TOTAL","NOT SPECIFIED","3.73",""
"SURVEY","2010","DEC","","STATE","ILLINOIS","17","","","","","","","00000000","","CORN","CORN, GRAIN - PRICE RECEIVED, MEASURED IN $ / BU","TOTAL","NOT SPECIFIED","4.84",""
"SURVEY","2010","FEB","","STATE","ILLINOIS","17","","","","","","","00000000","","CORN","CORN, GRAIN - PRICE RECEIVED, MEASURED IN $ / BU","TOTAL","NOT SPECIFIED","3.48",""
"SURVEY","2010","JAN","","STATE","ILLINOIS","17","","","","","","","00000000","","CORN","CORN, GRAIN - PRICE RECEIVED, MEASURED IN $ / BU","TOTAL","NOT SPECIFIED","3.63",""
"SURVEY","2010","JUL","","STATE","ILLINOIS","17","","","","","","","00000000","","CORN","CORN, GRAIN - PRICE RECEIVED, MEASURED IN $ / BU","TOTAL","NOT SPECIFIED","3.51",""
"SURVEY","2010","JUN","","STATE","ILLINOIS","17","","","","","","","00000000","","CORN","CORN, GRAIN - PRICE RECEIVED, MEASURED IN $ / BU","TOTAL","NOT SPECIFIED","3.41",""
"SURVEY","2010","MAR","","STATE","ILLINOIS","17","","","","","","","00000000","","CORN","CORN, GRAIN - PRICE RECEIVED, MEASURED IN $ / BU","TOTAL","NOT SPECIFIED","3.53",""
"SURVEY","2010","MARKETING YEAR","","STATE","ILLINOIS","17","","","","","","","00000000","","CORN","CORN, GRAIN - PRICE RECEIVED, MEASURED IN $ / BU","TOTAL","NOT SPECIFIED","5.24",""
"SURVEY","2010","MAY","","STATE","ILLINOIS","17","","","","","","","00000000","","CORN","CORN, GRAIN - PRICE RECEIVED, MEASURED IN $ / BU","TOTAL","NOT SPECIFIED","3.49",""
"SURVEY","2010","NOV","","STATE","ILLINOIS","17","","","","","","","00000000","","CORN","CORN, GRAIN - PRICE RECEIVED, MEASURED IN $ / BU","TOTAL","NOT SPECIFIED","4.62",""
"SURVEY","2010","OCT","","STATE","ILLINOIS","17","","","","","","","00000000","","CORN","CORN, GRAIN - PRICE RECEIVED, MEASURED IN $ / BU","TOTAL","NOT SPECIFIED","4.51",""
"SURVEY","2010","SEP","","STATE","ILLINOIS","17","","","","","","","00000000","","CORN","CORN, GRAIN - PRICE RECEIVED, MEASURED IN $ / BU","TOTAL","NOT SPECIFIED","4.05",""
"SURVEY","2009","APR","","STATE","ILLINOIS","17","","","","","","","00000000","","CORN","CORN, GRAIN - PRICE RECEIVED, MEASURED IN $ / BU","TOTAL","NOT SPECIFIED","3.81",""
"SURVEY","2009","AUG","","STATE","ILLINOIS","17","","","","","","","00000000","","CORN","CORN, GRAIN - PRICE RECEIVED, MEASURED IN $ / BU","TOTAL","NOT SPECIFIED","3.32",""
"SURVEY","2009","DEC","","STATE","ILLINOIS","17","","","","","","","00000000","","CORN","CORN, GRAIN - PRICE RECEIVED, MEASURED IN $ / BU","TOTAL","NOT SPECIFIED","3.57",""
"SURVEY","2009","FEB","","STATE","ILLINOIS","17","","","","","","","00000000","","CORN","CORN, GRAIN - PRICE RECEIVED, MEASURED IN $ / BU","TOTAL","NOT SPECIFIED","3.75",""
"SURVEY","2009","JAN","","STATE","ILLINOIS","17","","","","","","","00000000","","CORN","CORN, GRAIN - PRICE RECEIVED, MEASURED IN $ / BU","TOTAL","NOT SPECIFIED","4.34",""
"SURVEY","2009","JUL","","STATE","ILLINOIS","17","","","","","","","00000000","","CORN","CORN, GRAIN - PRICE RECEIVED, MEASURED IN $ / BU","TOTAL","NOT SPECIFIED","3.56",""
"SURVEY","2009","JUN","","STATE","ILLINOIS","17","","","","","","","00000000","","CORN","CORN, GRAIN - PRICE RECEIVED, MEASURED IN $ / BU","TOTAL","NOT SPECIFIED","4.01",""
"SURVEY","2009","MAR","","STATE","ILLINOIS","17","","","","","","","00000000","","CORN","CORN, GRAIN - PRICE RECEIVED, MEASURED IN $ / BU","TOTAL","NOT SPECIFIED","3.74",""
"SURVEY","2009","MARKETING YEAR","","STATE","ILLINOIS","17","","","","","","","00000000","","CORN","CORN, GRAIN - PRICE RECEIVED, MEASURED IN $ / BU","TOTAL","NOT SPECIFIED","3.53",""
"SURVEY","2009","MAY","","STATE","ILLINOIS","17","","","","","","","00000000","","CORN","CORN, GRAIN - PRICE RECEIVED, MEASURED IN $ / BU","TOTAL","NOT SPECIFIED","3.95",""
"SURVEY","2009","NOV","","STATE","ILLINOIS","17","","","","","","","00000000","","CORN","CORN, GRAIN - PRICE RECEIVED, MEASURED IN $ / BU","TOTAL","NOT SPECIFIED","3.55",""
"SURVEY","2009","OCT","","STATE","ILLINOIS","17","","","","","","","00000000","","CORN","CORN, GRAIN - PRICE RECEIVED, MEASURED IN $ / BU","TOTAL","NOT SPECIFIED","3.59",""
"SURVEY","2009","SEP","","STATE","ILLINOIS","17","","","","","","","00000000","","CORN","CORN, GRAIN - PRICE RECEIVED, MEASURED IN $ / BU","TOTAL","NOT SPECIFIED","3.27",""
"SURVEY","2008","APR","","STATE","ILLINOIS","17","","","","","","","00000000","","CORN","CORN, GRAIN - PRICE RECEIVED, MEASURED IN $ / BU","TOTAL","NOT SPECIFIED","5.15",""
"SURVEY","2008","AUG","","STATE","ILLINOIS","17","","","","","","","00000000","","CORN","CORN, GRAIN - PRICE RECEIVED, MEASURED IN $ / BU","TOTAL","NOT SPECIFIED","5.17",""
"SURVEY","2008","DEC","","STATE","ILLINOIS","17","","","","","","","00000000","","CORN","CORN, GRAIN - PRICE RECEIVED, MEASURED IN $ / BU","TOTAL","NOT SPECIFIED","4.09",""
"SURVEY","2008","FEB","","STATE","ILLINOIS","17","","","","","","","00000000","","CORN","CORN, GRAIN - PRICE RECEIVED, MEASURED IN $ / BU","TOTAL","NOT SPECIFIED","4.58",""
"SURVEY","2008","JAN","","STATE","ILLINOIS","17","","","","","","","00000000","","CORN","CORN, GRAIN - PRICE RECEIVED, MEASURED IN $ / BU","TOTAL","NOT SPECIFIED","3.88",""
"SURVEY","2008","JUL","","STATE","ILLINOIS","17","","","","","","","00000000","","CORN","CORN, GRAIN - PRICE RECEIVED, MEASURED IN $ / BU","TOTAL","NOT SPECIFIED","5.43",""
"SURVEY","2008","JUN","","STATE","ILLINOIS","17","","","","","","","00000000","","CORN","CORN, GRAIN - PRICE RECEIVED, MEASURED IN $ / BU","TOTAL","NOT SPECIFIED","5.71",""
"SURVEY","2008","MAR","","STATE","ILLINOIS","17","","","","","","","00000000","","CORN","CORN, GRAIN - PRICE RECEIVED, MEASURED IN $ / BU","TOTAL","NOT SPECIFIED","4.69",""
"SURVEY","2008","MARKETING YEAR","","STATE","ILLINOIS","17","","","","","","","00000000","","CORN","CORN, GRAIN - PRICE RECEIVED, MEASURED IN $ / BU","TOTAL","NOT SPECIFIED","4.01",""
"SURVEY","2008","MAY","","STATE","ILLINOIS","17","","","","","","","00000000","","CORN","CORN, GRAIN - PRICE RECEIVED, MEASURED IN $ / BU","TOTAL","NOT SPECIFIED","5.25",""
"SURVEY","2008","NOV","","STATE","ILLINOIS","17","","","","","","","00000000","","CORN","CORN, GRAIN - PRICE RECEIVED, MEASURED IN $ / BU","TOTAL","NOT SPECIFIED","4.11",""
"SURVEY","2008","OCT","","STATE","ILLINOIS","17","","","","","","","00000000","","CORN","CORN, GRAIN - PRICE RECEIVED, MEASURED IN $ / BU","TOTAL","NOT SPECIFIED","4.29",""
"SURVEY","2008","SEP","","STATE","ILLINOIS","17","","","","","","","00000000","","CORN","CORN, GRAIN - PRICE RECEIVED, MEASURED IN $ / BU","TOTAL","NOT SPECIFIED","4.99",""
"SURVEY","2007","APR","","STATE","ILLINOIS","17","","","","","","","00000000","","CORN","CORN, GRAIN - PRICE RECEIVED, MEASURED IN $ / BU","TOTAL","NOT SPECIFIED","3.48",""
"SURVEY","2007","AUG","","STATE","ILLINOIS","17","","","","","","","00000000","","CORN","CORN, GRAIN - PRICE RECEIVED, MEASURED IN $ / BU","TOTAL","NOT SPECIFIED","3.16",""
"SURVEY","2007","DEC","","STATE","ILLINOIS","17","","","","","","","00000000","","CORN","CORN, GRAIN - PRICE RECEIVED, MEASURED IN $ / BU","TOTAL","NOT SPECIFIED","3.73",""
"SURVEY","2007","FEB","","STATE","ILLINOIS","17","","","","","","","00000000","","CORN","CORN, GRAIN - PRICE RECEIVED, MEASURED IN $ / BU","TOTAL","NOT SPECIFIED","3.44",""
"SURVEY","2007","JAN","","STATE","ILLINOIS","17","","","","","","","00000000","","CORN","CORN, GRAIN - PRICE RECEIVED, MEASURED IN $ / BU","TOTAL","NOT SPECIFIED","3.01",""
"SURVEY","2007","JUL","","STATE","ILLINOIS","17","","","","","","","00000000","","CORN","CORN, GRAIN - PRICE RECEIVED, MEASURED IN $ / BU","TOTAL","NOT SPECIFIED","3.32",""
"SURVEY","2007","JUN","","STATE","ILLINOIS","17","","","","","","","00000000","","CORN","CORN, GRAIN - PRICE RECEIVED, MEASURED IN $ / BU","TOTAL","NOT SPECIFIED","3.64",""
"SURVEY","2007","MAR","","STATE","ILLINOIS","17","","","","","","","00000000","","CORN","CORN, GRAIN - PRICE RECEIVED, MEASURED IN $ / BU","TOTAL","NOT SPECIFIED","3.52",""
"SURVEY","2007","MARKETING YEAR","","STATE","ILLINOIS","17","","","","","","","00000000","","CORN","CORN, GRAIN - PRICE RECEIVED, MEASURED IN $ / BU","TOTAL","NOT SPECIFIED","4.09",""
"SURVEY","2007","MAY","","STATE","ILLINOIS","17","","","","","","","00000000","","CORN","CORN, GRAIN - PRICE RECEIVED, MEASURED IN $ / BU","TOTAL","NOT SPECIFIED","3.52",""
"SURVEY","2007","NOV","","STATE","ILLINOIS","17","","","","","","","00000000","","CORN","CORN, GRAIN - PRICE RECEIVED, MEASURED IN $ / BU","TOTAL","NOT SPECIFIED","3.53",""
"SURVEY","2007","OCT","","STATE","ILLINOIS","17","","","","","","","00000000","","CORN","CORN, GRAIN - PRICE RECEIVED, MEASURED IN $ / BU","TOTAL","NOT SPECIFIED","3.31",""
"SURVEY","2007","SEP","","STATE","ILLINOIS","17","","","","","","","00000000","","CORN","CORN, GRAIN - PRICE RECEIVED, MEASURED IN $ / BU","TOTAL","NOT SPECIFIED","3.21",""
"SURVEY","2006","APR","","STATE","ILLINOIS","17","","","","","","","00000000","","CORN","CORN, GRAIN - PRICE RECEIVED, MEASURED IN $ / BU","TOTAL","NOT SPECIFIED","2.2",""
"SURVEY","2006","AUG","","STATE","ILLINOIS","17","","","","","","","00000000","","CORN","CORN, GRAIN - PRICE RECEIVED, MEASURED IN $ / BU","TOTAL","NOT SPECIFIED","2.15",""
"SURVEY","2006","DEC","","STATE","ILLINOIS","17","","","","","","","00000000","","CORN","CORN, GRAIN - PRICE RECEIVED, MEASURED IN $ / BU","TOTAL","NOT SPECIFIED","3",""
"SURVEY","2006","FEB","","STATE","ILLINOIS","17","","","","","","","00000000","","CORN","CORN, GRAIN - PRICE RECEIVED, MEASURED IN $ / BU","TOTAL","NOT SPECIFIED","2.08",""
"SURVEY","2006","JAN","","STATE","ILLINOIS","17","","","","","","","00000000","","CORN","CORN, GRAIN - PRICE RECEIVED, MEASURED IN $ / BU","TOTAL","NOT SPECIFIED","2.06",""
"SURVEY","2006","JUL","","STATE","ILLINOIS","17","","","","","","","00000000","","CORN","CORN, GRAIN - PRICE RECEIVED, MEASURED IN $ / BU","TOTAL","NOT SPECIFIED","2.28",""
"SURVEY","2006","JUN","","STATE","ILLINOIS","17","","","","","","","00000000","","CORN","CORN, GRAIN - PRICE RECEIVED, MEASURED IN $ / BU","TOTAL","NOT SPECIFIED","2.28",""
"SURVEY","2006","MAR","","STATE","ILLINOIS","17","","","","","","","00000000","","CORN","CORN, GRAIN - PRICE RECEIVED, MEASURED IN $ / BU","TOTAL","NOT SPECIFIED","2.12",""
"SURVEY","2006","MARKETING YEAR","","STATE","ILLINOIS","17","","","","","","","00000000","","CORN","CORN, GRAIN - PRICE RECEIVED, MEASURED IN $ / BU","TOTAL","NOT SPECIFIED","3.07",""
"SURVEY","2006","MAY","","STATE","ILLINOIS","17","","","","","","","00000000","","CORN","CORN, GRAIN - PRICE RECEIVED, MEASURED IN $ / BU","TOTAL","NOT SPECIFIED","2.26",""
"SURVEY","2006","NOV","","STATE","ILLINOIS","17","","","","","","","00000000","","CORN","CORN, GRAIN - PRICE RECEIVED, MEASURED IN $ / BU","TOTAL","NOT SPECIFIED","3.02",""
"SURVEY","2006","OCT","","STATE","ILLINOIS","17","","","","","","","00000000","","CORN","CORN, GRAIN - PRICE RECEIVED, MEASURED IN $ / BU","TOTAL","NOT SPECIFIED","2.62",""
"SURVEY","2006","SEP","","STATE","ILLINOIS","17","","","","","","","00000000","","CORN","CORN, GRAIN - PRICE RECEIVED, MEASURED IN $ / BU","TOTAL","NOT SPECIFIED","2.21",""
"SURVEY","2005","APR","","STATE","ILLINOIS","17","","","","","","","00000000","","CORN","CORN, GRAIN - PRICE RECEIVED, MEASURED IN $ / BU","TOTAL","NOT SPECIFIED","2.09",""
"SURVEY","2005","AUG","","STATE","ILLINOIS","17","","","","","","","00000000","","CORN","CORN, GRAIN - PRICE RECEIVED, MEASURED IN $ / BU","TOTAL","NOT SPECIFIED","2.03",""
"SURVEY","2005","DEC","","STATE","ILLINOIS","17","","","","","","","00000000","","CORN","CORN, GRAIN - PRICE RECEIVED, MEASURED IN $ / BU","TOTAL","NOT SPECIFIED","2.01",""
"SURVEY","2005","FEB","","STATE","ILLINOIS","17","","","","","","","00000000","","CORN","CORN, GRAIN - PRICE RECEIVED, MEASURED IN $ / BU","TOTAL","NOT SPECIFIED","2.02",""
"SURVEY","2005","JAN","","STATE","ILLINOIS","17","","","","","","","00000000","","CORN","CORN, GRAIN - PRICE RECEIVED, MEASURED IN $ / BU","TOTAL","NOT SPECIFIED","2.23",""
"SURVEY","2005","JUL","","STATE","ILLINOIS","17","","","","","","","00000000","","CORN","CORN, GRAIN - PRICE RECEIVED, MEASURED IN $ / BU","TOTAL","NOT SPECIFIED","2.23",""
"SURVEY","2005","JUN","","STATE","ILLINOIS","17","","","","","","","00000000","","CORN","CORN, GRAIN - PRICE RECEIVED, MEASURED IN $ / BU","TOTAL","NOT SPECIFIED","2.12",""
"SURVEY","2005","MAR","","STATE","ILLINOIS","17","","","","","","","00000000","","CORN","CORN, GRAIN - PRICE RECEIVED, MEASURED IN $ / BU","TOTAL","NOT SPECIFIED","2.09",""
"SURVEY","2005","MARKETING YEAR","","STATE","ILLINOIS","17","","","","","","","00000000","","CORN","CORN, GRAIN - PRICE RECEIVED, MEASURED IN $ / BU","TOTAL","NOT SPECIFIED","2.08",""
"SURVEY","2005","MAY","","STATE","ILLINOIS","17","","","","","","","00000000","","CORN","CORN, GRAIN - PRICE RECEIVED, MEASURED IN $ / BU","TOTAL","NOT SPECIFIED","2.05",""
"SURVEY","2005","NOV","","STATE","ILLINOIS","17","","","","","","","00000000","","CORN","CORN, GRAIN - PRICE RECEIVED, MEASURED IN $ / BU","TOTAL","NOT SPECIFIED","1.87",""
"SURVEY","2005","OCT","","STATE","ILLINOIS","17","","","","","","","00000000","","CORN","CORN, GRAIN - PRICE RECEIVED, MEASURED IN $ / BU","TOTAL","NOT SPECIFIED","1.83",""
"SURVEY","2005","SEP","","STATE","ILLINOIS","17","","","","","","","00000000","","CORN","CORN, GRAIN - PRICE RECEIVED, MEASURED IN $ / BU","TOTAL","NOT SPECIFIED","1.92",""
"SURVEY","2004","APR","","STATE","ILLINOIS","17","","","","","","","00000000","","CORN","CORN, GRAIN - PRICE RECEIVED, MEASURED IN $ / BU","TOTAL","NOT SPECIFIED","2.97",""
"SURVEY","2004","AUG","","STATE","ILLINOIS","17","","","","","","","00000000","","CORN","CORN, GRAIN - PRICE RECEIVED, MEASURED IN $ / BU","TOTAL","NOT SPECIFIED","2.35",""
"SURVEY","2004","DEC","","STATE","ILLINOIS","17","","","","","","","00000000","","CORN","CORN, GRAIN - PRICE RECEIVED, MEASURED IN $ / BU","TOTAL","NOT SPECIFIED","2.17",""
"SURVEY","2004","FEB","","STATE","ILLINOIS","17","","","","","","","00000000","","CORN","CORN, GRAIN - PRICE RECEIVED, MEASURED IN $ / BU","TOTAL","NOT SPECIFIED","2.65",""
"SURVEY","2004","JAN","","STATE","ILLINOIS","17","","","","","","","00000000","","CORN","CORN, GRAIN - PRICE RECEIVED, MEASURED IN $ / BU","TOTAL","NOT SPECIFIED","2.37",""
"SURVEY","2004","JUL","","STATE","ILLINOIS","17","","","","","","","00000000","","CORN","CORN, GRAIN - PRICE RECEIVED, MEASURED IN $ / BU","TOTAL","NOT SPECIFIED","2.49",""
"SURVEY","2004","JUN","","STATE","ILLINOIS","17","","","","","","","00000000","","CORN","CORN, GRAIN - PRICE RECEIVED, MEASURED IN $ / BU","TOTAL","NOT SPECIFIED","2.87",""
"SURVEY","2004","MAR","","STATE","ILLINOIS","17","","","","","","","00000000","","CORN","CORN, GRAIN - PRICE RECEIVED, MEASURED IN $ / BU","TOTAL","NOT SPECIFIED","2.77",""
"SURVEY","2004","MARKETING YEAR","","STATE","ILLINOIS","17","","","","","","","00000000","","CORN","CORN, GRAIN - PRICE RECEIVED, MEASURED IN $ / BU","TOTAL","NOT SPECIFIED","2.14",""
"SURVEY","2004","MAY","","STATE","ILLINOIS","17","","","","","","","00000000","","CORN","CORN, GRAIN - PRICE RECEIVED, MEASURED IN $ / BU","TOTAL","NOT SPECIFIED","2.93",""
"SURVEY","2004","NOV","","STATE","ILLINOIS","17","","","","","","","00000000","","CORN","CORN, GRAIN - PRICE RECEIVED, MEASURED IN $ / BU","TOTAL","NOT SPECIFIED","2.08",""
"SURVEY","2004","OCT","","STATE","ILLINOIS","17","","","","","","","00000000","","CORN","CORN, GRAIN - PRICE RECEIVED, MEASURED IN $ / BU","TOTAL","NOT SPECIFIED","2.22",""
"SURVEY","2004","SEP","","STATE","ILLINOIS","17","","","","","","","00000000","","CORN","CORN, GRAIN - PRICE RECEIVED, MEASURED IN $ / BU","TOTAL","NOT SPECIFIED","2.2",""
"SURVEY","2003","APR","","STATE","ILLINOIS","17","","","","","","","00000000","","CORN","CORN, GRAIN - PRICE RECEIVED, MEASURED IN $ / BU","TOTAL","NOT SPECIFIED","2.4",""
"SURVEY","2003","AUG","","STATE","ILLINOIS","17","","","","","","","00000000","","CORN","CORN, GRAIN - PRICE RECEIVED, MEASURED IN $ / BU","TOTAL","NOT SPECIFIED","2.16",""
"SURVEY","2003","DEC","","STATE","ILLINOIS","17","","","","","","","00000000","","CORN","CORN, GRAIN - PRICE RECEIVED, MEASURED IN $ / BU","TOTAL","NOT SPECIFIED","2.34",""
"SURVEY","2003","FEB","","STATE","ILLINOIS","17","","","","","","","00000000","","CORN","CORN, GRAIN - PRICE RECEIVED, MEASURED IN $ / BU","TOTAL","NOT SPECIFIED","2.35",""
"SURVEY","2003","JAN","","STATE","ILLINOIS","17","","","","","","","00000000","","CORN","CORN, GRAIN - PRICE RECEIVED, MEASURED IN $ / BU","TOTAL","NOT SPECIFIED","2.37",""
"SURVEY","2003","JUL","","STATE","ILLINOIS","17","","","","","","","00000000","","CORN","CORN, GRAIN - PRICE RECEIVED, MEASURED IN $ / BU","TOTAL","NOT SPECIFIED","2.2",""
"SURVEY","2003","JUN","","STATE","ILLINOIS","17","","","","","","","00000000","","CORN","CORN, GRAIN - PRICE RECEIVED, MEASURED IN $ / BU","TOTAL","NOT SPECIFIED","2.39",""
"SURVEY","2003","MAR","","STATE","ILLINOIS","17","","","","","","","00000000","","CORN","CORN, GRAIN - PRICE RECEIVED, MEASURED IN $ / BU","TOTAL","NOT SPECIFIED","2.36",""
"SURVEY","2003","MARKETING YEAR","","STATE","ILLINOIS","17","","","","","","","00000000","","CORN","CORN, GRAIN - PRICE RECEIVED, MEASURED IN $ / BU","TOTAL","NOT SPECIFIED","2.42",""
"SURVEY","2003","MAY","","STATE","ILLINOIS","17","","","","","","","00000000","","CORN","CORN, GRAIN - PRICE RECEIVED, MEASURED IN $ / BU","TOTAL","NOT SPECIFIED","2.43",""
"SURVEY","2003","NOV","","STATE","ILLINOIS","17","","","","","","","00000000","","CORN","CORN, GRAIN - PRICE RECEIVED, MEASURED IN $ / BU","TOTAL","NOT SPECIFIED","2.21",""
"SURVEY","2003","OCT","","STATE","ILLINOIS","17","","","","","","","00000000","","CORN","CORN, GRAIN - PRICE RECEIVED, MEASURED IN $ / BU","TOTAL","NOT SPECIFIED","2.13",""
"SURVEY","2003","SEP","","STATE","ILLINOIS","17","","","","","","","00000000","","CORN","CORN, GRAIN - PRICE RECEIVED, MEASURED IN $ / BU","TOTAL","NOT SPECIFIED","2.18",""
"SURVEY","2002","APR","","STATE","ILLINOIS","17","","","","","","","00000000","","CORN","CORN, GRAIN - PRICE RECEIVED, MEASURED IN $ / BU","TOTAL","NOT SPECIFIED","1.96",""
"SURVEY","2002","AUG","","STATE","ILLINOIS","17","","","","","","","00000000","","CORN","CORN, GRAIN - PRICE RECEIVED, MEASURED IN $ / BU","TOTAL","NOT SPECIFIED","2.47",""
"SURVEY","2002","DEC","","STATE","ILLINOIS","17","","","","","","","00000000","","CORN","CORN, GRAIN - PRICE RECEIVED, MEASURED IN $ / BU","TOTAL","NOT SPECIFIED","2.37",""
"SURVEY","2002","FEB","","STATE","ILLINOIS","17","","","","","","","00000000","","CORN","CORN, GRAIN - PRICE RECEIVED, MEASURED IN $ / BU","TOTAL","NOT SPECIFIED","1.98",""
"SURVEY","2002","JAN","","STATE","ILLINOIS","17","","","","","","","00000000","","CORN","CORN, GRAIN - PRICE RECEIVED, MEASURED IN $ / BU","TOTAL","NOT SPECIFIED","2.01",""
"SURVEY","2002","JUL","","STATE","ILLINOIS","17","","","","","","","00000000","","CORN","CORN, GRAIN - PRICE RECEIVED, MEASURED IN $ / BU","TOTAL","NOT SPECIFIED","2.24",""
"SURVEY","2002","JUN","","STATE","ILLINOIS","17","","","","","","","00000000","","CORN","CORN, GRAIN - PRICE RECEIVED, MEASURED IN $ / BU","TOTAL","NOT SPECIFIED","2.05",""
"SURVEY","2002","MAR","","STATE","ILLINOIS","17","","","","","","","00000000","","CORN","CORN, GRAIN - PRICE RECEIVED, MEASURED IN $ / BU","TOTAL","NOT SPECIFIED","1.98",""
"SURVEY","2002","MARKETING YEAR","","STATE","ILLINOIS","17","","","","","","","00000000","","CORN","CORN, GRAIN - PRICE RECEIVED, MEASURED IN $ / BU","TOTAL","NOT SPECIFIED","2.35",""
"SURVEY","2002","MAY","","STATE","ILLINOIS","17","","","","","","","00000000","","CORN","CORN, GRAIN - PRICE RECEIVED, MEASURED IN $ / BU","TOTAL","NOT SPECIFIED","2",""
"SURVEY","2002","NOV","","STATE","ILLINOIS","17","","","","","","","00000000","","CORN","CORN, GRAIN - PRICE RECEIVED, MEASURED IN $ / BU","TOTAL","NOT SPECIFIED","2.33",""
"SURVEY","2002","OCT","","STATE","ILLINOIS","17","","","","","","","00000000","","CORN","CORN, GRAIN - PRICE RECEIVED, MEASURED IN $ / BU","TOTAL","NOT SPECIFIED","2.36",""
"SURVEY","2002","SEP","","STATE","ILLINOIS","17","","","","","","","00000000","","CORN","CORN, GRAIN - PRICE RECEIVED, MEASURED IN $ / BU","TOTAL","NOT SPECIFIED","2.5",""
"SURVEY","2001","APR","","STATE","ILLINOIS","17","","","","","","","00000000","","CORN","CORN, GRAIN - PRICE RECEIVED, MEASURED IN $ / BU","TOTAL","NOT SPECIFIED","1.92",""
"SURVEY","2001","AUG","","STATE","ILLINOIS","17","","","","","","","00000000","","CORN","CORN, GRAIN - PRICE RECEIVED, MEASURED IN $ / BU","TOTAL","NOT SPECIFIED","1.99",""
"SURVEY","2001","DEC","","STATE","ILLINOIS","17","","","","","","","00000000","","CORN","CORN, GRAIN - PRICE RECEIVED, MEASURED IN $ / BU","TOTAL","NOT SPECIFIED","2.06",""
"SURVEY","2001","FEB","","STATE","ILLINOIS","17","","","","","","","00000000","","CORN","CORN, GRAIN - PRICE RECEIVED, MEASURED IN $ / BU","TOTAL","NOT SPECIFIED","2",""
"SURVEY","2001","JAN","","STATE","ILLINOIS","17","","","","","","","00000000","","CORN","CORN, GRAIN - PRICE RECEIVED, MEASURED IN $ / BU","TOTAL","NOT SPECIFIED","1.97",""
"SURVEY","2001","JUL","","STATE","ILLINOIS","17","","","","","","","00000000","","CORN","CORN, GRAIN - PRICE RECEIVED, MEASURED IN $ / BU","TOTAL","NOT SPECIFIED","1.95",""
"SURVEY","2001","JUN","","STATE","ILLINOIS","17","","","","","","","00000000","","CORN","CORN, GRAIN - PRICE RECEIVED, MEASURED IN $ / BU","TOTAL","NOT SPECIFIED","1.83",""
"SURVEY","2001","MAR","","STATE","ILLINOIS","17","","","","","","","00000000","","CORN","CORN, GRAIN - PRICE RECEIVED, MEASURED IN $ / BU","TOTAL","NOT SPECIFIED","2",""
"SURVEY","2001","MARKETING YEAR","","STATE","ILLINOIS","17","","","","","","","00000000","","CORN","CORN, GRAIN - PRICE RECEIVED, MEASURED IN $ / BU","TOTAL","NOT SPECIFIED","2.04",""
"SURVEY","2001","MAY","","STATE","ILLINOIS","17","","","","","","","00000000","","CORN","CORN, GRAIN - PRICE RECEIVED, MEASURED IN $ / BU","TOTAL","NOT SPECIFIED","1.86",""
"SURVEY","2001","NOV","","STATE","ILLINOIS","17","","","","","","","00000000","","CORN","CORN, GRAIN - PRICE RECEIVED, MEASURED IN $ / BU","TOTAL","NOT SPECIFIED","1.91",""
"SURVEY","2001","OCT","","STATE","ILLINOIS","17","","","","","","","00000000","","CORN","CORN, GRAIN - PRICE RECEIVED, MEASURED IN $ / BU","TOTAL","NOT SPECIFIED","1.85",""
"SURVEY","2001","SEP","","STATE","ILLINOIS","17","","","","","","","00000000","","CORN","CORN, GRAIN - PRICE RECEIVED, MEASURED IN $ / BU","TOTAL","NOT SPECIFIED","1.94",""
"SURVEY","2000","APR","","STATE","ILLINOIS","17","","","","","","","00000000","","CORN","CORN, GRAIN - PRICE RECEIVED, MEASURED IN $ / BU","TOTAL","NOT SPECIFIED","2.02",""
"SURVEY","2000","AUG","","STATE","ILLINOIS","17","","","","","","","00000000","","CORN","CORN, GRAIN - PRICE RECEIVED, MEASURED IN $ / BU","TOTAL","NOT SPECIFIED","1.54",""
"SURVEY","2000","DEC","","STATE","ILLINOIS","17","","","","","","","00000000","","CORN","CORN, GRAIN - PRICE RECEIVED, MEASURED IN $ / BU","TOTAL","NOT SPECIFIED","2.03",""
"SURVEY","2000","FEB","","STATE","ILLINOIS","17","","","","","","","00000000","","CORN","CORN, GRAIN - PRICE RECEIVED, MEASURED IN $ / BU","TOTAL","NOT SPECIFIED","2.03",""
"SURVEY","2000","JAN","","STATE","ILLINOIS","17","","","","","","","00000000","","CORN","CORN, GRAIN - PRICE RECEIVED, MEASURED IN $ / BU","TOTAL","NOT SPECIFIED","1.97",""
"SURVEY","2000","JUL","","STATE","ILLINOIS","17","","","","","","","00000000","","CORN","CORN, GRAIN - PRICE RECEIVED, MEASURED IN $ / BU","TOTAL","NOT SPECIFIED","1.66",""
"SURVEY","2000","JUN","","STATE","ILLINOIS","17","","","","","","","00000000","","CORN","CORN, GRAIN - PRICE RECEIVED, MEASURED IN $ / BU","TOTAL","NOT SPECIFIED","1.89",""
"SURVEY","2000","MAR","","STATE","ILLINOIS","17","","","","","","","00000000","","CORN","CORN, GRAIN - PRICE RECEIVED, MEASURED IN $ / BU","TOTAL","NOT SPECIFIED","2.11",""
"SURVEY","2000","MARKETING YEAR","","STATE","ILLINOIS","17","","","","","","","00000000","","CORN","CORN, GRAIN - PRICE RECEIVED, MEASURED IN $ / BU","TOTAL","NOT SPECIFIED","1.91",""
"SURVEY","2000","MAY","","STATE","ILLINOIS","17","","","","","","","00000000","","CORN","CORN, GRAIN - PRICE RECEIVED, MEASURED IN $ / BU","TOTAL","NOT SPECIFIED","2.2",""
"SURVEY","2000","NOV","","STATE","ILLINOIS","17","","","","","","","00000000","","CORN","CORN, GRAIN - PRICE RECEIVED, MEASURED IN $ / BU","TOTAL","NOT SPECIFIED","1.92",""
"SURVEY","2000","OCT","","STATE","ILLINOIS","17","","","","","","","00000000","","CORN","CORN, GRAIN - PRICE RECEIVED, MEASURED IN $ / BU","TOTAL","NOT SPECIFIED","1.8",""
"SURVEY","2000","SEP","","STATE","ILLINOIS","17","","","","","","","00000000","","CORN","CORN, GRAIN - PRICE RECEIVED, MEASURED IN $ / BU","TOTAL","NOT SPECIFIED","1.64",""
"SURVEY","1999","APR","","STATE","ILLINOIS","17","","","","","","","00000000","","CORN","CORN, GRAIN - PRICE RECEIVED, MEASURED IN $ / BU","TOTAL","NOT SPECIFIED","2.12",""
"SURVEY","1999","AUG","","STATE","ILLINOIS","17","","","","","","","00000000","","CORN","CORN, GRAIN - PRICE RECEIVED, MEASURED IN $ / BU","TOTAL","NOT SPECIFIED","1.84",""
"SURVEY","1999","DEC","","STATE","ILLINOIS","17","","","","","","","00000000","","CORN","CORN, GRAIN - PRICE RECEIVED, MEASURED IN $ / BU","TOTAL","NOT SPECIFIED","1.95",""
"SURVEY","1999","FEB","","STATE","ILLINOIS","17","","","","","","","00000000","","CORN","CORN, GRAIN - PRICE RECEIVED, MEASURED IN $ / BU","TOTAL","NOT SPECIFIED","2.13",""
"SURVEY","1999","JAN","","STATE","ILLINOIS","17","","","","","","","00000000","","CORN","CORN, GRAIN - PRICE RECEIVED, MEASURED IN $ / BU","TOTAL","NOT SPECIFIED","2.12",""
"SURVEY","1999","JUL","","STATE","ILLINOIS","17","","","","","","","00000000","","CORN","CORN, GRAIN - PRICE RECEIVED, MEASURED IN $ / BU","TOTAL","NOT SPECIFIED","1.79",""
"SURVEY","1999","JUN","","STATE","ILLINOIS","17","","","","","","","00000000","","CORN","CORN, GRAIN - PRICE RECEIVED, MEASURED IN $ / BU","TOTAL","NOT SPECIFIED","2.08",""
"SURVEY","1999","MAR","","STATE","ILLINOIS","17","","","","","","","00000000","","CORN","CORN, GRAIN - PRICE RECEIVED, MEASURED IN $ / BU","TOTAL","NOT SPECIFIED","2.14",""
"SURVEY","1999","MARKETING YEAR","","STATE","ILLINOIS","17","","","","","","","00000000","","CORN","CORN, GRAIN - PRICE RECEIVED, MEASURED IN $ / BU","TOTAL","NOT SPECIFIED","1.91",""
"SURVEY","1999","MAY","","STATE","ILLINOIS","17","","","","","","","00000000","","CORN","CORN, GRAIN - PRICE RECEIVED, MEASURED IN $ / BU","TOTAL","NOT SPECIFIED","2.08",""
"SURVEY","1999","NOV","","STATE","ILLINOIS","17","","","","","","","00000000","","CORN","CORN, GRAIN - PRICE RECEIVED, MEASURED IN $ / BU","TOTAL","NOT SPECIFIED","1.81",""
"SURVEY","1999","OCT","","STATE","ILLINOIS","17","","","","","","","00000000","","CORN","CORN, GRAIN - PRICE RECEIVED, MEASURED IN $ / BU","TOTAL","NOT SPECIFIED","1.77",""
"SURVEY","1999","SEP","","STATE","ILLINOIS","17","","","","","","","00000000","","CORN","CORN, GRAIN - PRICE RECEIVED, MEASURED IN $ / BU","TOTAL","NOT SPECIFIED","1.85",""
"SURVEY","1998","APR","","STATE","ILLINOIS","17","","","","","","","00000000","","CORN","CORN, GRAIN - PRICE RECEIVED, MEASURED IN $ / BU","TOTAL","NOT SPECIFIED","2.49",""
"SURVEY","1998","AUG","","STATE","ILLINOIS","17","","","","","","","00000000","","CORN","CORN, GRAIN - PRICE RECEIVED, MEASURED IN $ / BU","TOTAL","NOT SPECIFIED","2.01",""
"SURVEY","1998","DEC","","STATE","ILLINOIS","17","","","","","","","00000000","","CORN","CORN, GRAIN - PRICE RECEIVED, MEASURED IN $ / BU","TOTAL","NOT SPECIFIED","2.13",""
"SURVEY","1998","FEB","","STATE","ILLINOIS","17","","","","","","","00000000","","CORN","CORN, GRAIN - PRICE RECEIVED, MEASURED IN $ / BU","TOTAL","NOT SPECIFIED","2.67",""
"SURVEY","1998","JAN","","STATE","ILLINOIS","17","","","","","","","00000000","","CORN","CORN, GRAIN - PRICE RECEIVED, MEASURED IN $ / BU","TOTAL","NOT SPECIFIED","2.68",""
"SURVEY","1998","JUL","","STATE","ILLINOIS","17","","","","","","","00000000","","CORN","CORN, GRAIN - PRICE RECEIVED, MEASURED IN $ / BU","TOTAL","NOT SPECIFIED","2.3",""
"SURVEY","1998","JUN","","STATE","ILLINOIS","17","","","","","","","00000000","","CORN","CORN, GRAIN - PRICE RECEIVED, MEASURED IN $ / BU","TOTAL","NOT SPECIFIED","2.39",""
"SURVEY","1998","MAR","","STATE","ILLINOIS","17","","","","","","","00000000","","CORN","CORN, GRAIN - PRICE RECEIVED, MEASURED IN $ / BU","TOTAL","NOT SPECIFIED","2.65",""
"SURVEY","1998","MARKETING YEAR","","STATE","ILLINOIS","17","","","","","","","00000000","","CORN","CORN, GRAIN - PRICE RECEIVED, MEASURED IN $ / BU","TOTAL","NOT SPECIFIED","2.04",""
"SURVEY","1998","MAY","","STATE","ILLINOIS","17","","","","","","","00000000","","CORN","CORN, GRAIN - PRICE RECEIVED, MEASURED IN $ / BU","TOTAL","NOT SPECIFIED","2.4",""
"SURVEY","1998","NOV","","STATE","ILLINOIS","17","","","","","","","00000000","","CORN","CORN, GRAIN - PRICE RECEIVED, MEASURED IN $ / BU","TOTAL","NOT SPECIFIED","2.03",""
"SURVEY","1998","OCT","","STATE","ILLINOIS","17","","","","","","","00000000","","CORN","CORN, GRAIN - PRICE RECEIVED, MEASURED IN $ / BU","TOTAL","NOT SPECIFIED","1.99",""
"SURVEY","1998","SEP","","STATE","ILLINOIS","17","","","","","","","00000000","","CORN","CORN, GRAIN - PRICE RECEIVED, MEASURED IN $ / BU","TOTAL","NOT SPECIFIED","1.88",""
"SURVEY","1997","APR","","STATE","ILLINOIS","17","","","","","","","00000000","","CORN","CORN, GRAIN - PRICE RECEIVED, MEASURED IN $ / BU","TOTAL","NOT SPECIFIED","2.9",""
"SURVEY","1997","AUG","","STATE","ILLINOIS","17","","","","","","","00000000","","CORN","CORN, GRAIN - PRICE RECEIVED, MEASURED IN $ / BU","TOTAL","NOT SPECIFIED","2.65",""
"SURVEY","1997","DEC","","STATE","ILLINOIS","17","","","","","","","00000000","","CORN","CORN, GRAIN - PRICE RECEIVED, MEASURED IN $ / BU","TOTAL","NOT SPECIFIED","2.65",""
"SURVEY","1997","FEB","","STATE","ILLINOIS","17","","","","","","","00000000","","CORN","CORN, GRAIN - PRICE RECEIVED, MEASURED IN $ / BU","TOTAL","NOT SPECIFIED","2.72",""
"SURVEY","1997","JAN","","STATE","ILLINOIS","17","","","","","","","00000000","","CORN","CORN, GRAIN - PRICE RECEIVED, MEASURED IN $ / BU","TOTAL","NOT SPECIFIED","2.77",""
"SURVEY","1997","JUL","","STATE","ILLINOIS","17","","","","","","","00000000","","CORN","CORN, GRAIN - PRICE RECEIVED, MEASURED IN $ / BU","TOTAL","NOT SPECIFIED","2.49",""
"SURVEY","1997","JUN","","STATE","ILLINOIS","17","","","","","","","00000000","","CORN","CORN, GRAIN - PRICE RECEIVED, MEASURED IN $ / BU","TOTAL","NOT SPECIFIED","2.64",""
"SURVEY","1997","MAR","","STATE","ILLINOIS","17","","","","","","","00000000","","CORN","CORN, GRAIN - PRICE RECEIVED, MEASURED IN $ / BU","TOTAL","NOT SPECIFIED","2.87",""
"SURVEY","1997","MARKETING YEAR","","STATE","ILLINOIS","17","","","","","","","00000000","","CORN","CORN, GRAIN - PRICE RECEIVED, MEASURED IN $ / BU","TOTAL","NOT SPECIFIED","2.53",""
"SURVEY","1997","MAY","","STATE","ILLINOIS","17","","","","","","","00000000","","CORN","CORN, GRAIN - PRICE RECEIVED, MEASURED IN $ / BU","TOTAL","NOT SPECIFIED","2.8",""
"SURVEY","1997","NOV","","STATE","ILLINOIS","17","","","","","","","00000000","","CORN","CORN, GRAIN - PRICE RECEIVED, MEASURED IN $ / BU","TOTAL","NOT SPECIFIED","2.61",""
"SURVEY","1997","OCT","","STATE","ILLINOIS","17","","","","","","","00000000","","CORN","CORN, GRAIN - PRICE RECEIVED, MEASURED IN $ / BU","TOTAL","NOT SPECIFIED","2.64",""
"SURVEY","1997","SEP","","STATE","ILLINOIS","17","","","","","","","00000000","","CORN","CORN, GRAIN - PRICE RECEIVED, MEASURED IN $ / BU","TOTAL","NOT SPECIFIED","2.68",""
"SURVEY","1996","APR","","STATE","ILLINOIS","17","","","","","","","00000000","","CORN","CORN, GRAIN - PRICE RECEIVED, MEASURED IN $ / BU","TOTAL","NOT SPECIFIED","4.09",""
"SURVEY","1996","AUG","","STATE","ILLINOIS","17","","","","","","","00000000","","CORN","CORN, GRAIN - PRICE RECEIVED, MEASURED IN $ / BU","TOTAL","NOT SPECIFIED","4.51",""
"SURVEY","1996","DEC","","STATE","ILLINOIS","17","","","","","","","00000000","","CORN","CORN, GRAIN - PRICE RECEIVED, MEASURED IN $ / BU","TOTAL","NOT SPECIFIED","2.78",""
"SURVEY","1996","FEB","","STATE","ILLINOIS","17","","","","","","","00000000","","CORN","CORN, GRAIN - PRICE RECEIVED, MEASURED IN $ / BU","TOTAL","NOT SPECIFIED","3.53",""
"SURVEY","1996","JAN","","STATE","ILLINOIS","17","","","","","","","00000000","","CORN","CORN, GRAIN - PRICE RECEIVED, MEASURED IN $ / BU","TOTAL","NOT SPECIFIED","3.14",""
"SURVEY","1996","JUL","","STATE","ILLINOIS","17","","","","","","","00000000","","CORN","CORN, GRAIN - PRICE RECEIVED, MEASURED IN $ / BU","TOTAL","NOT SPECIFIED","4.7",""
"SURVEY","1996","JUN","","STATE","ILLINOIS","17","","","","","","","00000000","","CORN","CORN, GRAIN - PRICE RECEIVED, MEASURED IN $ / BU","TOTAL","NOT SPECIFIED","4.42",""
"SURVEY","1996","MAR","","STATE","ILLINOIS","17","","","","","","","00000000","","CORN","CORN, GRAIN - PRICE RECEIVED, MEASURED IN $ / BU","TOTAL","NOT SPECIFIED","3.73",""
"SURVEY","1996","MARKETING YEAR","","STATE","ILLINOIS","17","","","","","","","00000000","","CORN","CORN, GRAIN - PRICE RECEIVED, MEASURED IN $ / BU","TOTAL","NOT SPECIFIED","2.79",""
"SURVEY","1996","MAY","","STATE","ILLINOIS","17","","","","","","","00000000","","CORN","CORN, GRAIN - PRICE RECEIVED, MEASURED IN $ / BU","TOTAL","NOT SPECIFIED","4.45",""
"SURVEY","1996","NOV","","STATE","ILLINOIS","17","","","","","","","00000000","","CORN","CORN, GRAIN - PRICE RECEIVED, MEASURED IN $ / BU","TOTAL","NOT SPECIFIED","2.73",""
"SURVEY","1996","OCT","","STATE","ILLINOIS","17","","","","","","","00000000","","CORN","CORN, GRAIN - PRICE RECEIVED, MEASURED IN $ / BU","TOTAL","NOT SPECIFIED","2.94",""
"SURVEY","1996","SEP","","STATE","ILLINOIS","17","","","","","","","00000000","","CORN","CORN, GRAIN - PRICE RECEIVED, MEASURED IN $ / BU","TOTAL","NOT SPECIFIED","3.5",""
"SURVEY","1995","APR","","STATE","ILLINOIS","17","","","","","","","00000000","","CORN","CORN, GRAIN - PRICE RECEIVED, MEASURED IN $ / BU","TOTAL","NOT SPECIFIED","2.43",""
"SURVEY","1995","AUG","","STATE","ILLINOIS","17","","","","","","","00000000","","CORN","CORN, GRAIN - PRICE RECEIVED, MEASURED IN $ / BU","TOTAL","NOT SPECIFIED","2.66",""
"SURVEY","1995","DEC","","STATE","ILLINOIS","17","","","","","","","00000000","","CORN","CORN, GRAIN - PRICE RECEIVED, MEASURED IN $ / BU","TOTAL","NOT SPECIFIED","3.09",""
"SURVEY","1995","FEB","","STATE","ILLINOIS","17","","","","","","","00000000","","CORN","CORN, GRAIN - PRICE RECEIVED, MEASURED IN $ / BU","TOTAL","NOT SPECIFIED","2.26",""
"SURVEY","1995","JAN","","STATE","ILLINOIS","17","","","","","","","00000000","","CORN","CORN, GRAIN - PRICE RECEIVED, MEASURED IN $ / BU","TOTAL","NOT SPECIFIED","2.2",""
"SURVEY","1995","JUL","","STATE","ILLINOIS","17","","","","","","","00000000","","CORN","CORN, GRAIN - PRICE RECEIVED, MEASURED IN $ / BU","TOTAL","NOT SPECIFIED","2.74",""
"SURVEY","1995","JUN","","STATE","ILLINOIS","17","","","","","","","00000000","","CORN","CORN, GRAIN - PRICE RECEIVED, MEASURED IN $ / BU","TOTAL","NOT SPECIFIED","2.61",""
"SURVEY","1995","MAR","","STATE","ILLINOIS","17","","","","","","","00000000","","CORN","CORN, GRAIN - PRICE RECEIVED, MEASURED IN $ / BU","TOTAL","NOT SPECIFIED","2.32",""
"SURVEY","1995","MARKETING YEAR","","STATE","ILLINOIS","17","","","","","","","00000000","","CORN","CORN, GRAIN - PRICE RECEIVED, MEASURED IN $ / BU","TOTAL","NOT SPECIFIED","3.3",""
"SURVEY","1995","MAY","","STATE","ILLINOIS","17","","","","","","","00000000","","CORN","CORN, GRAIN - PRICE RECEIVED, MEASURED IN $ / BU","TOTAL","NOT SPECIFIED","2.47",""
"SURVEY","1995","NOV","","STATE","ILLINOIS","17","","","","","","","00000000","","CORN","CORN, GRAIN - PRICE RECEIVED, MEASURED IN $ / BU","TOTAL","NOT SPECIFIED","3",""
"SURVEY","1995","OCT","","STATE","ILLINOIS","17","","","","","","","00000000","","CORN","CORN, GRAIN - PRICE RECEIVED, MEASURED IN $ / BU","TOTAL","NOT SPECIFIED","2.86",""
"SURVEY","1995","SEP","","STATE","ILLINOIS","17","","","","","","","00000000","","CORN","CORN, GRAIN - PRICE RECEIVED, MEASURED IN $ / BU","TOTAL","NOT SPECIFIED","2.71",""
"SURVEY","1994","APR","","STATE","ILLINOIS","17","","","","","","","00000000","","CORN","CORN, GRAIN - PRICE RECEIVED, MEASURED IN $ / BU","TOTAL","NOT SPECIFIED","2.75",""
"SURVEY","1994","AUG","","STATE","ILLINOIS","17","","","","","","","00000000","","CORN","CORN, GRAIN - PRICE RECEIVED, MEASURED IN $ / BU","TOTAL","NOT SPECIFIED","2.17",""
"SURVEY","1994","DEC","","STATE","ILLINOIS","17","","","","","","","00000000","","CORN","CORN, GRAIN - PRICE RECEIVED, MEASURED IN $ / BU","TOTAL","NOT SPECIFIED","2.17",""
"SURVEY","1994","FEB","","STATE","ILLINOIS","17","","","","","","","00000000","","CORN","CORN, GRAIN - PRICE RECEIVED, MEASURED IN $ / BU","TOTAL","NOT SPECIFIED","2.86",""
"SURVEY","1994","JAN","","STATE","ILLINOIS","17","","","","","","","00000000","","CORN","CORN, GRAIN - PRICE RECEIVED, MEASURED IN $ / BU","TOTAL","NOT SPECIFIED","2.71",""
"SURVEY","1994","JUL","","STATE","ILLINOIS","17","","","","","","","00000000","","CORN","CORN, GRAIN - PRICE RECEIVED, MEASURED IN $ / BU","TOTAL","NOT SPECIFIED","2.31",""
"SURVEY","1994","JUN","","STATE","ILLINOIS","17","","","","","","","00000000","","CORN","CORN, GRAIN - PRICE RECEIVED, MEASURED IN $ / BU","TOTAL","NOT SPECIFIED","2.71",""
"SURVEY","1994","MAR","","STATE","ILLINOIS","17","","","","","","","00000000","","CORN","CORN, GRAIN - PRICE RECEIVED, MEASURED IN $ / BU","TOTAL","NOT SPECIFIED","2.82",""
"SURVEY","1994","MARKETING YEAR","","STATE","ILLINOIS","17","","","","","","","00000000","","CORN","CORN, GRAIN - PRICE RECEIVED, MEASURED IN $ / BU","TOTAL","NOT SPECIFIED","2.27",""
"SURVEY","1994","MAY","","STATE","ILLINOIS","17","","","","","","","00000000","","CORN","CORN, GRAIN - PRICE RECEIVED, MEASURED IN $ / BU","TOTAL","NOT SPECIFIED","2.67",""
"SURVEY","1994","NOV","","STATE","ILLINOIS","17","","","","","","","00000000","","CORN","CORN, GRAIN - PRICE RECEIVED, MEASURED IN $ / BU","TOTAL","NOT SPECIFIED","2",""
"SURVEY","1994","OCT","","STATE","ILLINOIS","17","","","","","","","00000000","","CORN","CORN, GRAIN - PRICE RECEIVED, MEASURED IN $ / BU","TOTAL","NOT SPECIFIED","2.03",""
"SURVEY","1994","SEP","","STATE","ILLINOIS","17","","","","","","","00000000","","CORN","CORN, GRAIN - PRICE RECEIVED, MEASURED IN $ / BU","TOTAL","NOT SPECIFIED","2.18",""
"SURVEY","1993","APR","","STATE","ILLINOIS","17","","","","","","","00000000","","CORN","CORN, GRAIN - PRICE RECEIVED, MEASURED IN $ / BU","TOTAL","NOT SPECIFIED","2.22",""
"SURVEY","1993","AUG","","STATE","ILLINOIS","17","","","","","","","00000000","","CORN","CORN, GRAIN - PRICE RECEIVED, MEASURED IN $ / BU","TOTAL","NOT SPECIFIED","2.26",""
"SURVEY","1993","DEC","","STATE","ILLINOIS","17","","","","","","","00000000","","CORN","CORN, GRAIN - PRICE RECEIVED, MEASURED IN $ / BU","TOTAL","NOT SPECIFIED","2.69",""
"SURVEY","1993","FEB","","STATE","ILLINOIS","17","","","","","","","00000000","","CORN","CORN, GRAIN - PRICE RECEIVED, MEASURED IN $ / BU","TOTAL","NOT SPECIFIED","2.05",""
"SURVEY","1993","JAN","","STATE","ILLINOIS","17","","","","","","","00000000","","CORN","CORN, GRAIN - PRICE RECEIVED, MEASURED IN $ / BU","TOTAL","NOT SPECIFIED","2.08",""
"SURVEY","1993","JUL","","STATE","ILLINOIS","17","","","","","","","00000000","","CORN","CORN, GRAIN - PRICE RECEIVED, MEASURED IN $ / BU","TOTAL","NOT SPECIFIED","2.23",""
"SURVEY","1993","JUN","","STATE","ILLINOIS","17","","","","","","","00000000","","CORN","CORN, GRAIN - PRICE RECEIVED, MEASURED IN $ / BU","TOTAL","NOT SPECIFIED","2.11",""
"SURVEY","1993","MAR","","STATE","ILLINOIS","17","","","","","","","00000000","","CORN","CORN, GRAIN - PRICE RECEIVED, MEASURED IN $ / BU","TOTAL","NOT SPECIFIED","2.15",""
"SURVEY","1993","MARKETING YEAR","","STATE","ILLINOIS","17","","","","","","","00000000","","CORN","CORN, GRAIN - PRICE RECEIVED, MEASURED IN $ / BU","TOTAL","NOT SPECIFIED","2.57",""
"SURVEY","1993","MAY","","STATE","ILLINOIS","17","","","","","","","00000000","","CORN","CORN, GRAIN - PRICE RECEIVED, MEASURED IN $ / BU","TOTAL","NOT SPECIFIED","2.21",""
"SURVEY","1993","NOV","","STATE","ILLINOIS","17","","","","","","","00000000","","CORN","CORN, GRAIN - PRICE RECEIVED, MEASURED IN $ / BU","TOTAL","NOT SPECIFIED","2.44",""
"SURVEY","1993","OCT","","STATE","ILLINOIS","17","","","","","","","00000000","","CORN","CORN, GRAIN - PRICE RECEIVED, MEASURED IN $ / BU","TOTAL","NOT SPECIFIED","2.31",""
"SURVEY","1993","SEP","","STATE","ILLINOIS","17","","","","","","","00000000","","CORN","CORN, GRAIN - PRICE RECEIVED, MEASURED IN $ / BU","TOTAL","NOT SPECIFIED","2.23",""
"SURVEY","1992","APR","","STATE","ILLINOIS","17","","","","","","","00000000","","CORN","CORN, GRAIN - PRICE RECEIVED, MEASURED IN $ / BU","TOTAL","NOT SPECIFIED","2.56",""
"SURVEY","1992","AUG","","STATE","ILLINOIS","17","","","","","","","00000000","","CORN","CORN, GRAIN - PRICE RECEIVED, MEASURED IN $ / BU","TOTAL","NOT SPECIFIED","2.2",""
"SURVEY","1992","DEC","","STATE","ILLINOIS","17","","","","","","","00000000","","CORN","CORN, GRAIN - PRICE RECEIVED, MEASURED IN $ / BU","TOTAL","NOT SPECIFIED","2.06",""
"SURVEY","1992","FEB","","STATE","ILLINOIS","17","","","","","","","00000000","","CORN","CORN, GRAIN - PRICE RECEIVED, MEASURED IN $ / BU","TOTAL","NOT SPECIFIED","2.58",""
"SURVEY","1992","JAN","","STATE","ILLINOIS","17","","","","","","","00000000","","CORN","CORN, GRAIN - PRICE RECEIVED, MEASURED IN $ / BU","TOTAL","NOT SPECIFIED","2.48",""
"SURVEY","1992","JUL","","STATE","ILLINOIS","17","","","","","","","00000000","","CORN","CORN, GRAIN - PRICE RECEIVED, MEASURED IN $ / BU","TOTAL","NOT SPECIFIED","2.35",""
"SURVEY","1992","JUN","","STATE","ILLINOIS","17","","","","","","","00000000","","CORN","CORN, GRAIN - PRICE RECEIVED, MEASURED IN $ / BU","TOTAL","NOT SPECIFIED","2.53",""
"SURVEY","1992","MAR","","STATE","ILLINOIS","17","","","","","","","00000000","","CORN","CORN, GRAIN - PRICE RECEIVED, MEASURED IN $ / BU","TOTAL","NOT SPECIFIED","2.63",""
"SURVEY","1992","MARKETING YEAR","","STATE","ILLINOIS","17","","","","","","","00000000","","CORN","CORN, GRAIN - PRICE RECEIVED, MEASURED IN $ / BU","TOTAL","NOT SPECIFIED","2.11",""
"SURVEY","1992","MAY","","STATE","ILLINOIS","17","","","","","","","00000000","","CORN","CORN, GRAIN - PRICE RECEIVED, MEASURED IN $ / BU","TOTAL","NOT SPECIFIED","2.55",""
"SURVEY","1992","NOV","","STATE","ILLINOIS","17","","","","","","","00000000","","CORN","CORN, GRAIN - PRICE RECEIVED, MEASURED IN $ / BU","TOTAL","NOT SPECIFIED","2.01",""
"SURVEY","1992","OCT","","STATE","ILLINOIS","17","","","","","","","00000000","","CORN","CORN, GRAIN - PRICE RECEIVED, MEASURED IN $ / BU","TOTAL","NOT SPECIFIED","2",""
"SURVEY","1992","SEP","","STATE","ILLINOIS","17","","","","","","","00000000","","CORN","CORN, GRAIN - PRICE RECEIVED, MEASURED IN $ / BU","TOTAL","NOT SPECIFIED","2.16",""
"SURVEY","1991","APR","","STATE","ILLINOIS","17","","","","","","","00000000","","CORN","CORN, GRAIN - PRICE RECEIVED, MEASURED IN $ / BU","TOTAL","NOT SPECIFIED","2.52",""
"SURVEY","1991","AUG","","STATE","ILLINOIS","17","","","","","","","00000000","","CORN","CORN, GRAIN - PRICE RECEIVED, MEASURED IN $ / BU","TOTAL","NOT SPECIFIED","2.48",""
"SURVEY","1991","DEC","","STATE","ILLINOIS","17","","","","","","","00000000","","CORN","CORN, GRAIN - PRICE RECEIVED, MEASURED IN $ / BU","TOTAL","NOT SPECIFIED","2.44",""
"SURVEY","1991","FEB","","STATE","ILLINOIS","17","","","","","","","00000000","","CORN","CORN, GRAIN - PRICE RECEIVED, MEASURED IN $ / BU","TOTAL","NOT SPECIFIED","2.39",""
"SURVEY","1991","JAN","","STATE","ILLINOIS","17","","","","","","","00000000","","CORN","CORN, GRAIN - PRICE RECEIVED, MEASURED IN $ / BU","TOTAL","NOT SPECIFIED","2.33",""
"SURVEY","1991","JUL","","STATE","ILLINOIS","17","","","","","","","00000000","","CORN","CORN, GRAIN - PRICE RECEIVED, MEASURED IN $ / BU","TOTAL","NOT SPECIFIED","2.37",""
"SURVEY","1991","JUN","","STATE","ILLINOIS","17","","","","","","","00000000","","CORN","CORN, GRAIN - PRICE RECEIVED, MEASURED IN $ / BU","TOTAL","NOT SPECIFIED","2.4",""
"SURVEY","1991","MAR","","STATE","ILLINOIS","17","","","","","","","00000000","","CORN","CORN, GRAIN - PRICE RECEIVED, MEASURED IN $ / BU","TOTAL","NOT SPECIFIED","2.47",""
"SURVEY","1991","MARKETING YEAR","","STATE","ILLINOIS","17","","","","","","","00000000","","CORN","CORN, GRAIN - PRICE RECEIVED, MEASURED IN $ / BU","TOTAL","NOT SPECIFIED","2.46",""
"SURVEY","1991","MAY","","STATE","ILLINOIS","17","","","","","","","00000000","","CORN","CORN, GRAIN - PRICE RECEIVED, MEASURED IN $ / BU","TOTAL","NOT SPECIFIED","2.48",""
"SURVEY","1991","NOV","","STATE","ILLINOIS","17","","","","","","","00000000","","CORN","CORN, GRAIN - PRICE RECEIVED, MEASURED IN $ / BU","TOTAL","NOT SPECIFIED","2.38",""
"SURVEY","1991","OCT","","STATE","ILLINOIS","17","","","","","","","00000000","","CORN","CORN, GRAIN - PRICE RECEIVED, MEASURED IN $ / BU","TOTAL","NOT SPECIFIED","2.42",""
"SURVEY","1991","SEP","","STATE","ILLINOIS","17","","","","","","","00000000","","CORN","CORN, GRAIN - PRICE RECEIVED, MEASURED IN $ / BU","TOTAL","NOT SPECIFIED","2.39",""
"SURVEY","1990","APR","","STATE","ILLINOIS","17","","","","","","","00000000","","CORN","CORN, GRAIN - PRICE RECEIVED, MEASURED IN $ / BU","TOTAL","NOT SPECIFIED","2.61",""
"SURVEY","1990","AUG","","STATE","ILLINOIS","17","","","","","","","00000000","","CORN","CORN, GRAIN - PRICE RECEIVED, MEASURED IN $ / BU","TOTAL","NOT SPECIFIED","2.55",""
"SURVEY","1990","DEC","","STATE","ILLINOIS","17","","","","","","","00000000","","CORN","CORN, GRAIN - PRICE RECEIVED, MEASURED IN $ / BU","TOTAL","NOT SPECIFIED","2.29",""
"SURVEY","1990","FEB","","STATE","ILLINOIS","17","","","","","","","00000000","","CORN","CORN, GRAIN - PRICE RECEIVED, MEASURED IN $ / BU","TOTAL","NOT SPECIFIED","2.34",""
"SURVEY","1990","JAN","","STATE","ILLINOIS","17","","","","","","","00000000","","CORN","CORN, GRAIN - PRICE RECEIVED, MEASURED IN $ / BU","TOTAL","NOT SPECIFIED","2.31",""
"SURVEY","1990","JUL","","STATE","ILLINOIS","17","","","","","","","00000000","","CORN","CORN, GRAIN - PRICE RECEIVED, MEASURED IN $ / BU","TOTAL","NOT SPECIFIED","2.71",""
"SURVEY","1990","JUN","","STATE","ILLINOIS","17","","","","","","","00000000","","CORN","CORN, GRAIN - PRICE RECEIVED, MEASURED IN $ / BU","TOTAL","NOT SPECIFIED","2.74",""
"SURVEY","1990","MAR","","STATE","ILLINOIS","17","","","","","","","00000000","","CORN","CORN, GRAIN - PRICE RECEIVED, MEASURED IN $ / BU","TOTAL","NOT SPECIFIED","2.44",""
"SURVEY","1990","MARKETING YEAR","","STATE","ILLINOIS","17","","","","","","","00000000","","CORN","CORN, GRAIN - PRICE RECEIVED, MEASURED IN $ / BU","TOTAL","NOT SPECIFIED","2.36",""
"SURVEY","1990","MAY","","STATE","ILLINOIS","17","","","","","","","00000000","","CORN","CORN, GRAIN - PRICE RECEIVED, MEASURED IN $ / BU","TOTAL","NOT SPECIFIED","2.71",""
"SURVEY","1990","NOV","","STATE","ILLINOIS","17","","","","","","","00000000","","CORN","CORN, GRAIN - PRICE RECEIVED, MEASURED IN $ / BU","TOTAL","NOT SPECIFIED","2.22",""
"SURVEY","1990","OCT","","STATE","ILLINOIS","17","","","","","","","00000000","","CORN","CORN, GRAIN - PRICE RECEIVED, MEASURED IN $ / BU","TOTAL","NOT SPECIFIED","2.26",""
"SURVEY","1990","SEP","","STATE","ILLINOIS","17","","","","","","","00000000","","CORN","CORN, GRAIN - PRICE RECEIVED, MEASURED IN $ / BU","TOTAL","NOT SPECIFIED","2.37",""
"SURVEY","1989","APR","","STATE","ILLINOIS","17","","","","","","","00000000","","CORN","CORN, GRAIN - PRICE RECEIVED, MEASURED IN $ / BU","TOTAL","NOT SPECIFIED","2.63",""
"SURVEY","1989","AUG","","STATE","ILLINOIS","17","","","","","","","00000000","","CORN","CORN, GRAIN - PRICE RECEIVED, MEASURED IN $ / BU","TOTAL","NOT SPECIFIED","2.31",""
"SURVEY","1989","DEC","","STATE","ILLINOIS","17","","","","","","","00000000","","CORN","CORN, GRAIN - PRICE RECEIVED, MEASURED IN $ / BU","TOTAL","NOT SPECIFIED","2.33",""
"SURVEY","1989","FEB","","STATE","ILLINOIS","17","","","","","","","00000000","","CORN","CORN, GRAIN - PRICE RECEIVED, MEASURED IN $ / BU","TOTAL","NOT SPECIFIED","2.68",""
"SURVEY","1989","JAN","","STATE","ILLINOIS","17","","","","","","","00000000","","CORN","CORN, GRAIN - PRICE RECEIVED, MEASURED IN $ / BU","TOTAL","NOT SPECIFIED","2.62",""
"SURVEY","1989","JUL","","STATE","ILLINOIS","17","","","","","","","00000000","","CORN","CORN, GRAIN - PRICE RECEIVED, MEASURED IN $ / BU","TOTAL","NOT SPECIFIED","2.56",""
"SURVEY","1989","JUN","","STATE","ILLINOIS","17","","","","","","","00000000","","CORN","CORN, GRAIN - PRICE RECEIVED, MEASURED IN $ / BU","TOTAL","NOT SPECIFIED","2.58",""
"SURVEY","1989","MAR","","STATE","ILLINOIS","17","","","","","","","00000000","","CORN","CORN, GRAIN - PRICE RECEIVED, MEASURED IN $ / BU","TOTAL","NOT SPECIFIED","2.67",""
"SURVEY","1989","MARKETING YEAR","","STATE","ILLINOIS","17","","","","","","","00000000","","CORN","CORN, GRAIN - PRICE RECEIVED, MEASURED IN $ / BU","TOTAL","NOT SPECIFIED","2.4",""
"SURVEY","1989","MAY","","STATE","ILLINOIS","17","","","","","","","00000000","","CORN","CORN, GRAIN - PRICE RECEIVED, MEASURED IN $ / BU","TOTAL","NOT SPECIFIED","2.68",""
"SURVEY","1989","NOV","","STATE","ILLINOIS","17","","","","","","","00000000","","CORN","CORN, GRAIN - PRICE RECEIVED, MEASURED IN $ / BU","TOTAL","NOT SPECIFIED","2.28",""
"SURVEY","1989","OCT","","STATE","ILLINOIS","17","","","","","","","00000000","","CORN","CORN, GRAIN - PRICE RECEIVED, MEASURED IN $ / BU","TOTAL","NOT SPECIFIED","2.25",""
"SURVEY","1989","SEP","","STATE","ILLINOIS","17","","","","","","","00000000","","CORN","CORN, GRAIN - PRICE RECEIVED, MEASURED IN $ / BU","TOTAL","NOT SPECIFIED","2.34",""
"SURVEY","1988","APR","","STATE","ILLINOIS","17","","","","","","","00000000","","CORN","CORN, GRAIN - PRICE RECEIVED, MEASURED IN $ / BU","TOTAL","NOT SPECIFIED","1.94",""
"SURVEY","1988","AUG","","STATE","ILLINOIS","17","","","","","","","00000000","","CORN","CORN, GRAIN - PRICE RECEIVED, MEASURED IN $ / BU","TOTAL","NOT SPECIFIED","2.68",""
"SURVEY","1988","DEC","","STATE","ILLINOIS","17","","","","","","","00000000","","CORN","CORN, GRAIN - PRICE RECEIVED, MEASURED IN $ / BU","TOTAL","NOT SPECIFIED","2.53",""
"SURVEY","1988","FEB","","STATE","ILLINOIS","17","","","","","","","00000000","","CORN","CORN, GRAIN - PRICE RECEIVED, MEASURED IN $ / BU","TOTAL","NOT SPECIFIED","1.9",""
"SURVEY","1988","JAN","","STATE","ILLINOIS","17","","","","","","","00000000","","CORN","CORN, GRAIN - PRICE RECEIVED, MEASURED IN $ / BU","TOTAL","NOT SPECIFIED","1.81",""
"SURVEY","1988","JUL","","STATE","ILLINOIS","17","","","","","","","00000000","","CORN","CORN, GRAIN - PRICE RECEIVED, MEASURED IN $ / BU","TOTAL","NOT SPECIFIED","2.77",""
"SURVEY","1988","JUN","","STATE","ILLINOIS","17","","","","","","","00000000","","CORN","CORN, GRAIN - PRICE RECEIVED, MEASURED IN $ / BU","TOTAL","NOT SPECIFIED","2.51",""
"SURVEY","1988","MAR","","STATE","ILLINOIS","17","","","","","","","00000000","","CORN","CORN, GRAIN - PRICE RECEIVED, MEASURED IN $ / BU","TOTAL","NOT SPECIFIED","1.91",""
"SURVEY","1988","MARKETING YEAR","","STATE","ILLINOIS","17","","","","","","","00000000","","CORN","CORN, GRAIN - PRICE RECEIVED, MEASURED IN $ / BU","TOTAL","NOT SPECIFIED","2.59",""
"SURVEY","1988","MAY","","STATE","ILLINOIS","17","","","","","","","00000000","","CORN","CORN, GRAIN - PRICE RECEIVED, MEASURED IN $ / BU","TOTAL","NOT SPECIFIED","2.03",""
"SURVEY","1988","NOV","","STATE","ILLINOIS","17","","","","","","","00000000","","CORN","CORN, GRAIN - PRICE RECEIVED, MEASURED IN $ / BU","TOTAL","NOT SPECIFIED","2.55",""
"SURVEY","1988","OCT","","STATE","ILLINOIS","17","","","","","","","00000000","","CORN","CORN, GRAIN - PRICE RECEIVED, MEASURED IN $ / BU","TOTAL","NOT SPECIFIED","2.57",""
"SURVEY","1988","SEP","","STATE","ILLINOIS","17","","","","","","","00000000","","CORN","CORN, GRAIN - PRICE RECEIVED, MEASURED IN $ / BU","TOTAL","NOT SPECIFIED","2.63",""
"SURVEY","1987","APR","","STATE","ILLINOIS","17","","","","","","","00000000","","CORN","CORN, GRAIN - PRICE RECEIVED, MEASURED IN $ / BU","TOTAL","NOT SPECIFIED","1.56",""
"SURVEY","1987","AUG","","STATE","ILLINOIS","17","","","","","","","00000000","","CORN","CORN, GRAIN - PRICE RECEIVED, MEASURED IN $ / BU","TOTAL","NOT SPECIFIED","1.53",""
"SURVEY","1987","DEC","","STATE","ILLINOIS","17","","","","","","","00000000","","CORN","CORN, GRAIN - PRICE RECEIVED, MEASURED IN $ / BU","TOTAL","NOT SPECIFIED","1.8",""
"SURVEY","1987","FEB","","STATE","ILLINOIS","17","","","","","","","00000000","","CORN","CORN, GRAIN - PRICE RECEIVED, MEASURED IN $ / BU","TOTAL","NOT SPECIFIED","1.45",""
"SURVEY","1987","JAN","","STATE","ILLINOIS","17","","","","","","","00000000","","CORN","CORN, GRAIN - PRICE RECEIVED, MEASURED IN $ / BU","TOTAL","NOT SPECIFIED","1.53",""
"SURVEY","1987","JUL","","STATE","ILLINOIS","17","","","","","","","00000000","","CORN","CORN, GRAIN - PRICE RECEIVED, MEASURED IN $ / BU","TOTAL","NOT SPECIFIED","1.66",""
"SURVEY","1987","JUN","","STATE","ILLINOIS","17","","","","","","","00000000","","CORN","CORN, GRAIN - PRICE RECEIVED, MEASURED IN $ / BU","TOTAL","NOT SPECIFIED","1.75",""
"SURVEY","1987","MAR","","STATE","ILLINOIS","17","","","","","","","00000000","","CORN","CORN, GRAIN - PRICE RECEIVED, MEASURED IN $ / BU","TOTAL","NOT SPECIFIED","1.51",""
"SURVEY","1987","MARKETING YEAR","","STATE","ILLINOIS","17","","","","","","","00000000","","CORN","CORN, GRAIN - PRICE RECEIVED, MEASURED IN $ / BU","TOTAL","NOT SPECIFIED","1.96",""
"SURVEY","1987","MAY","","STATE","ILLINOIS","17","","","","","","","00000000","","CORN","CORN, GRAIN - PRICE RECEIVED, MEASURED IN $ / BU","TOTAL","NOT SPECIFIED","1.72",""
"SURVEY","1987","NOV","","STATE","ILLINOIS","17","","","","","","","00000000","","CORN","CORN, GRAIN - PRICE RECEIVED, MEASURED IN $ / BU","TOTAL","NOT SPECIFIED","1.68",""
"SURVEY","1987","OCT","","STATE","ILLINOIS","17","","","","","","","00000000","","CORN","CORN, GRAIN - PRICE RECEIVED, MEASURED IN $ / BU","TOTAL","NOT SPECIFIED","1.6",""
"SURVEY","1987","SEP","","STATE","ILLINOIS","17","","","","","","","00000000","","CORN","CORN, GRAIN - PRICE RECEIVED, MEASURED IN $ / BU","TOTAL","NOT SPECIFIED","1.53",""
"SURVEY","1986","APR","","STATE","ILLINOIS","17","","","","","","","00000000","","CORN","CORN, GRAIN - PRICE RECEIVED, MEASURED IN $ / BU","TOTAL","NOT SPECIFIED","2.34",""
"SURVEY","1986","AUG","","STATE","ILLINOIS","17","","","","","","","00000000","","CORN","CORN, GRAIN - PRICE RECEIVED, MEASURED IN $ / BU","TOTAL","NOT SPECIFIED","1.77",""
"SURVEY","1986","DEC","","STATE","ILLINOIS","17","","","","","","","00000000","","CORN","CORN, GRAIN - PRICE RECEIVED, MEASURED IN $ / BU","TOTAL","NOT SPECIFIED","1.54",""
"SURVEY","1986","FEB","","STATE","ILLINOIS","17","","","","","","","00000000","","CORN","CORN, GRAIN - PRICE RECEIVED, MEASURED IN $ / BU","TOTAL","NOT SPECIFIED","2.38",""
"SURVEY","1986","JAN","","STATE","ILLINOIS","17","","","","","","","00000000","","CORN","CORN, GRAIN - PRICE RECEIVED, MEASURED IN $ / BU","TOTAL","NOT SPECIFIED","2.35",""
"SURVEY","1986","JUL","","STATE","ILLINOIS","17","","","","","","","00000000","","CORN","CORN, GRAIN - PRICE RECEIVED, MEASURED IN $ / BU","TOTAL","NOT SPECIFIED","2.04",""
"SURVEY","1986","JUN","","STATE","ILLINOIS","17","","","","","","","00000000","","CORN","CORN, GRAIN - PRICE RECEIVED, MEASURED IN $ / BU","TOTAL","NOT SPECIFIED","2.45",""
"SURVEY","1986","MAR","","STATE","ILLINOIS","17","","","","","","","00000000","","CORN","CORN, GRAIN - PRICE RECEIVED, MEASURED IN $ / BU","TOTAL","NOT SPECIFIED","2.35",""
"SURVEY","1986","MARKETING YEAR","","STATE","ILLINOIS","17","","","","","","","00000000","","CORN","CORN, GRAIN - PRICE RECEIVED, MEASURED IN $ / BU","TOTAL","NOT SPECIFIED","1.54",""
"SURVEY","1986","MAY","","STATE","ILLINOIS","17","","","","","","","00000000","","CORN","CORN, GRAIN - PRICE RECEIVED, MEASURED IN $ / BU","TOTAL","NOT SPECIFIED","2.45",""
"SURVEY","1986","NOV","","STATE","ILLINOIS","17","","","","","","","00000000","","CORN","CORN, GRAIN - PRICE RECEIVED, MEASURED IN $ / BU","TOTAL","NOT SPECIFIED","1.47",""
"SURVEY","1986","OCT","","STATE","ILLINOIS","17","","","","","","","00000000","","CORN","CORN, GRAIN - PRICE RECEIVED, MEASURED IN $ / BU","TOTAL","NOT SPECIFIED","1.39",""
"SURVEY","1986","SEP","","STATE","ILLINOIS","17","","","","","","","00000000","","CORN","CORN, GRAIN - PRICE RECEIVED, MEASURED IN $ / BU","TOTAL","NOT SPECIFIED","1.52",""
"SURVEY","1985","APR","","STATE","ILLINOIS","17","","","","","","","00000000","","CORN","CORN, GRAIN - PRICE RECEIVED, MEASURED IN $ / BU","TOTAL","NOT SPECIFIED","2.76",""
"SURVEY","1985","AUG","","STATE","ILLINOIS","17","","","","","","","00000000","","CORN","CORN, GRAIN - PRICE RECEIVED, MEASURED IN $ / BU","TOTAL","NOT SPECIFIED","2.49",""
"SURVEY","1985","DEC","","STATE","ILLINOIS","17","","","","","","","00000000","","CORN","CORN, GRAIN - PRICE RECEIVED, MEASURED IN $ / BU","TOTAL","NOT SPECIFIED","2.3",""
"SURVEY","1985","FEB","","STATE","ILLINOIS","17","","","","","","","00000000","","CORN","CORN, GRAIN - PRICE RECEIVED, MEASURED IN $ / BU","TOTAL","NOT SPECIFIED","2.68",""
"SURVEY","1985","JAN","","STATE","ILLINOIS","17","","","","","","","00000000","","CORN","CORN, GRAIN - PRICE RECEIVED, MEASURED IN $ / BU","TOTAL","NOT SPECIFIED","2.68",""
"SURVEY","1985","JUL","","STATE","ILLINOIS","17","","","","","","","00000000","","CORN","CORN, GRAIN - PRICE RECEIVED, MEASURED IN $ / BU","TOTAL","NOT SPECIFIED","2.66",""
"SURVEY","1985","JUN","","STATE","ILLINOIS","17","","","","","","","00000000","","CORN","CORN, GRAIN - PRICE RECEIVED, MEASURED IN $ / BU","TOTAL","NOT SPECIFIED","2.7",""
"SURVEY","1985","MAR","","STATE","ILLINOIS","17","","","","","","","00000000","","CORN","CORN, GRAIN - PRICE RECEIVED, MEASURED IN $ / BU","TOTAL","NOT SPECIFIED","2.74",""
"SURVEY","1985","MARKETING YEAR","","STATE","ILLINOIS","17","","","","","","","00000000","","CORN","CORN, GRAIN - PRICE RECEIVED, MEASURED IN $ / BU","TOTAL","NOT SPECIFIED","2.27",""
"SURVEY","1985","MAY","","STATE","ILLINOIS","17","","","","","","","00000000","","CORN","CORN, GRAIN - PRICE RECEIVED, MEASURED IN $ / BU","TOTAL","NOT SPECIFIED","2.73",""
"SURVEY","1985","NOV","","STATE","ILLINOIS","17","","","","","","","00000000","","CORN","CORN, GRAIN - PRICE RECEIVED, MEASURED IN $ / BU","TOTAL","NOT SPECIFIED","2.25",""
"SURVEY","1985","OCT","","STATE","ILLINOIS","17","","","","","","","00000000","","CORN","CORN, GRAIN - PRICE RECEIVED, MEASURED IN $ / BU","TOTAL","NOT SPECIFIED","2.1",""
"SURVEY","1985","SEP","","STATE","ILLINOIS","17","","","","","","","00000000","","CORN","CORN, GRAIN - PRICE RECEIVED, MEASURED IN $ / BU","TOTAL","NOT SPECIFIED","2.28",""
"SURVEY","1984","APR","","STATE","ILLINOIS","17","","","","","","","00000000","","CORN","CORN, GRAIN - PRICE RECEIVED, MEASURED IN $ / BU","TOTAL","NOT SPECIFIED","3.45",""
"SURVEY","1984","AUG","","STATE","ILLINOIS","17","","","","","","","00000000","","CORN","CORN, GRAIN - PRICE RECEIVED, MEASURED IN $ / BU","TOTAL","NOT SPECIFIED","3.2",""
"SURVEY","1984","DEC","","STATE","ILLINOIS","17","","","","","","","00000000","","CORN","CORN, GRAIN - PRICE RECEIVED, MEASURED IN $ / BU","TOTAL","NOT SPECIFIED","2.63",""
"SURVEY","1984","FEB","","STATE","ILLINOIS","17","","","","","","","00000000","","CORN","CORN, GRAIN - PRICE RECEIVED, MEASURED IN $ / BU","TOTAL","NOT SPECIFIED","3.18",""
"SURVEY","1984","JAN","","STATE","ILLINOIS","17","","","","","","","00000000","","CORN","CORN, GRAIN - PRICE RECEIVED, MEASURED IN $ / BU","TOTAL","NOT SPECIFIED","3.2",""
"SURVEY","1984","JUL","","STATE","ILLINOIS","17","","","","","","","00000000","","CORN","CORN, GRAIN - PRICE RECEIVED, MEASURED IN $ / BU","TOTAL","NOT SPECIFIED","3.37",""
"SURVEY","1984","JUN","","STATE","ILLINOIS","17","","","","","","","00000000","","CORN","CORN, GRAIN - PRICE RECEIVED, MEASURED IN $ / BU","TOTAL","NOT SPECIFIED","3.48",""
"SURVEY","1984","MAR","","STATE","ILLINOIS","17","","","","","","","00000000","","CORN","CORN, GRAIN - PRICE RECEIVED, MEASURED IN $ / BU","TOTAL","NOT SPECIFIED","3.31",""
"SURVEY","1984","MARKETING YEAR","","STATE","ILLINOIS","17","","","","","","","00000000","","CORN","CORN, GRAIN - PRICE RECEIVED, MEASURED IN $ / BU","TOTAL","NOT SPECIFIED","2.66",""
"SURVEY","1984","MAY","","STATE","ILLINOIS","17","","","","","","","00000000","","CORN","CORN, GRAIN - PRICE RECEIVED, MEASURED IN $ / BU","TOTAL","NOT SPECIFIED","3.47",""
"SURVEY","1984","NOV","","STATE","ILLINOIS","17","","","","","","","00000000","","CORN","CORN, GRAIN - PRICE RECEIVED, MEASURED IN $ / BU","TOTAL","NOT SPECIFIED","2.61",""
"SURVEY","1984","OCT","","STATE","ILLINOIS","17","","","","","","","00000000","","CORN","CORN, GRAIN - PRICE RECEIVED, MEASURED IN $ / BU","TOTAL","NOT SPECIFIED","2.69",""
"SURVEY","1984","SEP","","STATE","ILLINOIS","17","","","","","","","00000000","","CORN","CORN, GRAIN - PRICE RECEIVED, MEASURED IN $ / BU","TOTAL","NOT SPECIFIED","2.98",""
"SURVEY","1983","APR","","STATE","ILLINOIS","17","","","","","","","00000000","","CORN","CORN, GRAIN - PRICE RECEIVED, MEASURED IN $ / BU","TOTAL","NOT SPECIFIED","2.95",""
"SURVEY","1983","AUG","","STATE","ILLINOIS","17","","","","","","","00000000","","CORN","CORN, GRAIN - PRICE RECEIVED, MEASURED IN $ / BU","TOTAL","NOT SPECIFIED","3.48",""
"SURVEY","1983","DEC","","STATE","ILLINOIS","17","","","","","","","00000000","","CORN","CORN, GRAIN - PRICE RECEIVED, MEASURED IN $ / BU","TOTAL","NOT SPECIFIED","3.21",""
"SURVEY","1983","FEB","","STATE","ILLINOIS","17","","","","","","","00000000","","CORN","CORN, GRAIN - PRICE RECEIVED, MEASURED IN $ / BU","TOTAL","NOT SPECIFIED","2.59",""
"SURVEY","1983","JAN","","STATE","ILLINOIS","17","","","","","","","00000000","","CORN","CORN, GRAIN - PRICE RECEIVED, MEASURED IN $ / BU","TOTAL","NOT SPECIFIED","2.37",""
"SURVEY","1983","JUL","","STATE","ILLINOIS","17","","","","","","","00000000","","CORN","CORN, GRAIN - PRICE RECEIVED, MEASURED IN $ / BU","TOTAL","NOT SPECIFIED","3.18",""
"SURVEY","1983","JUN","","STATE","ILLINOIS","17","","","","","","","00000000","","CORN","CORN, GRAIN - PRICE RECEIVED, MEASURED IN $ / BU","TOTAL","NOT SPECIFIED","3.1",""
"SURVEY","1983","MAR","","STATE","ILLINOIS","17","","","","","","","00000000","","CORN","CORN, GRAIN - PRICE RECEIVED, MEASURED IN $ / BU","TOTAL","NOT SPECIFIED","2.73",""
"SURVEY","1983","MARKETING YEAR","","STATE","ILLINOIS","17","","","","","","","00000000","","CORN","CORN, GRAIN - PRICE RECEIVED, MEASURED IN $ / BU","TOTAL","NOT SPECIFIED","3.26",""
"SURVEY","1983","MAY","","STATE","ILLINOIS","17","","","","","","","00000000","","CORN","CORN, GRAIN - PRICE RECEIVED, MEASURED IN $ / BU","TOTAL","NOT SPECIFIED","3.06",""
"SURVEY","1983","NOV","","STATE","ILLINOIS","17","","","","","","","00000000","","CORN","CORN, GRAIN - PRICE RECEIVED, MEASURED IN $ / BU","TOTAL","NOT SPECIFIED","3.25",""
"SURVEY","1983","OCT","","STATE","ILLINOIS","17","","","","","","","00000000","","CORN","CORN, GRAIN - PRICE RECEIVED, MEASURED IN $ / BU","TOTAL","NOT SPECIFIED","3.15",""
"SURVEY","1983","SEP","","STATE","ILLINOIS","17","","","","","","","00000000","","CORN","CORN, GRAIN - PRICE RECEIVED, MEASURED IN $ / BU","TOTAL","NOT SPECIFIED","3.35",""
"SURVEY","1982","APR","","STATE","ILLINOIS","17","","","","","","","00000000","","CORN","CORN, GRAIN - PRICE RECEIVED, MEASURED IN $ / BU","TOTAL","NOT SPECIFIED","2.57",""
"SURVEY","1982","AUG","","STATE","ILLINOIS","17","","","","","","","00000000","","CORN","CORN, GRAIN - PRICE RECEIVED, MEASURED IN $ / BU","TOTAL","NOT SPECIFIED","2.38",""
"SURVEY","1982","DEC","","STATE","ILLINOIS","17","","","","","","","00000000","","CORN","CORN, GRAIN - PRICE RECEIVED, MEASURED IN $ / BU","TOTAL","NOT SPECIFIED","2.35",""
"SURVEY","1982","FEB","","STATE","ILLINOIS","17","","","","","","","00000000","","CORN","CORN, GRAIN - PRICE RECEIVED, MEASURED IN $ / BU","TOTAL","NOT SPECIFIED","2.51",""
"SURVEY","1982","JAN","","STATE","ILLINOIS","17","","","","","","","00000000","","CORN","CORN, GRAIN - PRICE RECEIVED, MEASURED IN $ / BU","TOTAL","NOT SPECIFIED","2.62",""
"SURVEY","1982","JUL","","STATE","ILLINOIS","17","","","","","","","00000000","","CORN","CORN, GRAIN - PRICE RECEIVED, MEASURED IN $ / BU","TOTAL","NOT SPECIFIED","2.58",""
"SURVEY","1982","JUN","","STATE","ILLINOIS","17","","","","","","","00000000","","CORN","CORN, GRAIN - PRICE RECEIVED, MEASURED IN $ / BU","TOTAL","NOT SPECIFIED","2.6",""
"SURVEY","1982","MAR","","STATE","ILLINOIS","17","","","","","","","00000000","","CORN","CORN, GRAIN - PRICE RECEIVED, MEASURED IN $ / BU","TOTAL","NOT SPECIFIED","2.52",""
"SURVEY","1982","MARKETING YEAR","","STATE","ILLINOIS","17","","","","","","","00000000","","CORN","CORN, GRAIN - PRICE RECEIVED, MEASURED IN $ / BU","TOTAL","NOT SPECIFIED","2.61",""
"SURVEY","1982","MAY","","STATE","ILLINOIS","17","","","","","","","00000000","","CORN","CORN, GRAIN - PRICE RECEIVED, MEASURED IN $ / BU","TOTAL","NOT SPECIFIED","2.65",""
"SURVEY","1982","NOV","","STATE","ILLINOIS","17","","","","","","","00000000","","CORN","CORN, GRAIN - PRICE RECEIVED, MEASURED IN $ / BU","TOTAL","NOT SPECIFIED","2.16",""
"SURVEY","1982","OCT","","STATE","ILLINOIS","17","","","","","","","00000000","","CORN","CORN, GRAIN - PRICE RECEIVED, MEASURED IN $ / BU","TOTAL","NOT SPECIFIED","2.01",""
"SURVEY","1982","SEP","","STATE","ILLINOIS","17","","","","","","","00000000","","CORN","CORN, GRAIN - PRICE RECEIVED, MEASURED IN $ / BU","TOTAL","NOT SPECIFIED","2.2",""
"SURVEY","1981","APR","","STATE","ILLINOIS","17","","","","","","","00000000","","CORN","CORN, GRAIN - PRICE RECEIVED, MEASURED IN $ / BU","TOTAL","NOT SPECIFIED","3.28",""
"SURVEY","1981","AUG","","STATE","ILLINOIS","17","","","","","","","00000000","","CORN","CORN, GRAIN - PRICE RECEIVED, MEASURED IN $ / BU","TOTAL","NOT SPECIFIED","2.97",""
"SURVEY","1981","DEC","","STATE","ILLINOIS","17","","","","","","","00000000","","CORN","CORN, GRAIN - PRICE RECEIVED, MEASURED IN $ / BU","TOTAL","NOT SPECIFIED","2.51",""
"SURVEY","1981","FEB","","STATE","ILLINOIS","17","","","","","","","00000000","","CORN","CORN, GRAIN - PRICE RECEIVED, MEASURED IN $ / BU","TOTAL","NOT SPECIFIED","3.26",""
"SURVEY","1981","JAN","","STATE","ILLINOIS","17","","","","","","","00000000","","CORN","CORN, GRAIN - PRICE RECEIVED, MEASURED IN $ / BU","TOTAL","NOT SPECIFIED","3.2",""
"SURVEY","1981","JUL","","STATE","ILLINOIS","17","","","","","","","00000000","","CORN","CORN, GRAIN - PRICE RECEIVED, MEASURED IN $ / BU","TOTAL","NOT SPECIFIED","3.22",""
"SURVEY","1981","JUN","","STATE","ILLINOIS","17","","","","","","","00000000","","CORN","CORN, GRAIN - PRICE RECEIVED, MEASURED IN $ / BU","TOTAL","NOT SPECIFIED","3.24",""
"SURVEY","1981","MAR","","STATE","ILLINOIS","17","","","","","","","00000000","","CORN","CORN, GRAIN - PRICE RECEIVED, MEASURED IN $ / BU","TOTAL","NOT SPECIFIED","3.32",""
"SURVEY","1981","MARKETING YEAR","","STATE","ILLINOIS","17","","","","","","","00000000","","CORN","CORN, GRAIN - PRICE RECEIVED, MEASURED IN $ / BU","TOTAL","NOT SPECIFIED","2.53",""
"SURVEY","1981","MAY","","STATE","ILLINOIS","17","","","","","","","00000000","","CORN","CORN, GRAIN - PRICE RECEIVED, MEASURED IN $ / BU","TOTAL","NOT SPECIFIED","3.34",""
"SURVEY","1981","NOV","","STATE","ILLINOIS","17","","","","","","","00000000","","CORN","CORN, GRAIN - PRICE RECEIVED, MEASURED IN $ / BU","TOTAL","NOT SPECIFIED","2.42",""
"SURVEY","1981","OCT","","STATE","ILLINOIS","17","","","","","","","00000000","","CORN","CORN, GRAIN - PRICE RECEIVED, MEASURED IN $ / BU","TOTAL","NOT SPECIFIED","2.49",""
"SURVEY","1981","SEP","","STATE","ILLINOIS","17","","","","","","","00000000","","CORN","CORN, GRAIN - PRICE RECEIVED, MEASURED IN $ / BU","TOTAL","NOT SPECIFIED","2.59",""
"SURVEY","1980","APR","","STATE","ILLINOIS","17","","","","","","","00000000","","CORN","CORN, GRAIN - PRICE RECEIVED, MEASURED IN $ / BU","TOTAL","NOT SPECIFIED","2.44",""
"SURVEY","1980","AUG","","STATE","ILLINOIS","17","","","","","","","00000000","","CORN","CORN, GRAIN - PRICE RECEIVED, MEASURED IN $ / BU","TOTAL","NOT SPECIFIED","3.04",""
"SURVEY","1980","DEC","","STATE","ILLINOIS","17","","","","","","","00000000","","CORN","CORN, GRAIN - PRICE RECEIVED, MEASURED IN $ / BU","TOTAL","NOT SPECIFIED","3.24",""
"SURVEY","1980","FEB","","STATE","ILLINOIS","17","","","","","","","00000000","","CORN","CORN, GRAIN - PRICE RECEIVED, MEASURED IN $ / BU","TOTAL","NOT SPECIFIED","2.48",""
"SURVEY","1980","JAN","","STATE","ILLINOIS","17","","","","","","","00000000","","CORN","CORN, GRAIN - PRICE RECEIVED, MEASURED IN $ / BU","TOTAL","NOT SPECIFIED","2.53",""
"SURVEY","1980","JUL","","STATE","ILLINOIS","17","","","","","","","00000000","","CORN","CORN, GRAIN - PRICE RECEIVED, MEASURED IN $ / BU","TOTAL","NOT SPECIFIED","2.8",""
"SURVEY","1980","JUN","","STATE","ILLINOIS","17","","","","","","","00000000","","CORN","CORN, GRAIN - PRICE RECEIVED, MEASURED IN $ / BU","TOTAL","NOT SPECIFIED","2.6",""
"SURVEY","1980","MAR","","STATE","ILLINOIS","17","","","","","","","00000000","","CORN","CORN, GRAIN - PRICE RECEIVED, MEASURED IN $ / BU","TOTAL","NOT SPECIFIED","2.5",""
"SURVEY","1980","MARKETING YEAR","","STATE","ILLINOIS","17","","","","","","","00000000","","CORN","CORN, GRAIN - PRICE RECEIVED, MEASURED IN $ / BU","TOTAL","NOT SPECIFIED","3.14",""
"SURVEY","1980","MAY","","STATE","ILLINOIS","17","","","","","","","00000000","","CORN","CORN, GRAIN - PRICE RECEIVED, MEASURED IN $ / BU","TOTAL","NOT SPECIFIED","2.52",""
"SURVEY","1980","NOV","","STATE","ILLINOIS","17","","","","","","","00000000","","CORN","CORN, GRAIN - PRICE RECEIVED, MEASURED IN $ / BU","TOTAL","NOT SPECIFIED","3.09",""
"SURVEY","1980","OCT","","STATE","ILLINOIS","17","","","","","","","00000000","","CORN","CORN, GRAIN - PRICE RECEIVED, MEASURED IN $ / BU","TOTAL","NOT SPECIFIED","3.03",""
"SURVEY","1980","SEP","","STATE","ILLINOIS","17","","","","","","","00000000","","CORN","CORN, GRAIN - PRICE RECEIVED, MEASURED IN $ / BU","TOTAL","NOT SPECIFIED","3.08",""
"SURVEY","1979","APR","","STATE","ILLINOIS","17","","","","","","","00000000","","CORN","CORN, GRAIN - PRICE RECEIVED, MEASURED IN $ / BU","TOTAL","NOT SPECIFIED","2.32",""
"SURVEY","1979","AUG","","STATE","ILLINOIS","17","","","","","","","00000000","","CORN","CORN, GRAIN - PRICE RECEIVED, MEASURED IN $ / BU","TOTAL","NOT SPECIFIED","2.65",""
"SURVEY","1979","DEC","","STATE","ILLINOIS","17","","","","","","","00000000","","CORN","CORN, GRAIN - PRICE RECEIVED, MEASURED IN $ / BU","TOTAL","NOT SPECIFIED","2.54",""
"SURVEY","1979","FEB","","STATE","ILLINOIS","17","","","","","","","00000000","","CORN","CORN, GRAIN - PRICE RECEIVED, MEASURED IN $ / BU","TOTAL","NOT SPECIFIED","2.21",""
"SURVEY","1979","JAN","","STATE","ILLINOIS","17","","","","","","","00000000","","CORN","CORN, GRAIN - PRICE RECEIVED, MEASURED IN $ / BU","TOTAL","NOT SPECIFIED","2.15",""
"SURVEY","1979","JUL","","STATE","ILLINOIS","17","","","","","","","00000000","","CORN","CORN, GRAIN - PRICE RECEIVED, MEASURED IN $ / BU","TOTAL","NOT SPECIFIED","2.75",""
"SURVEY","1979","JUN","","STATE","ILLINOIS","17","","","","","","","00000000","","CORN","CORN, GRAIN - PRICE RECEIVED, MEASURED IN $ / BU","TOTAL","NOT SPECIFIED","2.54",""
"SURVEY","1979","MAR","","STATE","ILLINOIS","17","","","","","","","00000000","","CORN","CORN, GRAIN - PRICE RECEIVED, MEASURED IN $ / BU","TOTAL","NOT SPECIFIED","2.25",""
"SURVEY","1979","MARKETING YEAR","","STATE","ILLINOIS","17","","","","","","","00000000","","CORN","CORN, GRAIN - PRICE RECEIVED, MEASURED IN $ / BU","TOTAL","NOT SPECIFIED","2.57",""
"SURVEY","1979","MAY","","STATE","ILLINOIS","17","","","","","","","00000000","","CORN","CORN, GRAIN - PRICE RECEIVED, MEASURED IN $ / BU","TOTAL","NOT SPECIFIED","2.39",""
"SURVEY","1979","NOV","","STATE","ILLINOIS","17","","","","","","","00000000","","CORN","CORN, GRAIN - PRICE RECEIVED, MEASURED IN $ / BU","TOTAL","NOT SPECIFIED","2.33",""
"SURVEY","1979","OCT","","STATE","ILLINOIS","17","","","","","","","00000000","","CORN","CORN, GRAIN - PRICE RECEIVED, MEASURED IN $ / BU","TOTAL","NOT SPECIFIED","2.45",""
"SURVEY","1979","SEP","","STATE","ILLINOIS","17","","","","","","","00000000","","CORN","CORN, GRAIN - PRICE RECEIVED, MEASURED IN $ / BU","TOTAL","NOT SPECIFIED","2.62",""
"SURVEY","1978","APR","","STATE","ILLINOIS","17","","","","","","","00000000","","CORN","CORN, GRAIN - PRICE RECEIVED, MEASURED IN $ / BU","TOTAL","NOT SPECIFIED","2.23",""
"SURVEY","1978","AUG","","STATE","ILLINOIS","17","","","","","","","00000000","","CORN","CORN, GRAIN - PRICE RECEIVED, MEASURED IN $ / BU","TOTAL","NOT SPECIFIED","2.05",""
"SURVEY","1978","DEC","","STATE","ILLINOIS","17","","","","","","","00000000","","CORN","CORN, GRAIN - PRICE RECEIVED, MEASURED IN $ / BU","TOTAL","NOT SPECIFIED","2.16",""
"SURVEY","1978","FEB","","STATE","ILLINOIS","17","","","","","","","00000000","","CORN","CORN, GRAIN - PRICE RECEIVED, MEASURED IN $ / BU","TOTAL","NOT SPECIFIED","2.08",""
"SURVEY","1978","JAN","","STATE","ILLINOIS","17","","","","","","","00000000","","CORN","CORN, GRAIN - PRICE RECEIVED, MEASURED IN $ / BU","TOTAL","NOT SPECIFIED","2.06",""
"SURVEY","1978","JUL","","STATE","ILLINOIS","17","","","","","","","00000000","","CORN","CORN, GRAIN - PRICE RECEIVED, MEASURED IN $ / BU","TOTAL","NOT SPECIFIED","2.18",""
"SURVEY","1978","JUN","","STATE","ILLINOIS","17","","","","","","","00000000","","CORN","CORN, GRAIN - PRICE RECEIVED, MEASURED IN $ / BU","TOTAL","NOT SPECIFIED","2.32",""
"SURVEY","1978","MAR","","STATE","ILLINOIS","17","","","","","","","00000000","","CORN","CORN, GRAIN - PRICE RECEIVED, MEASURED IN $ / BU","TOTAL","NOT SPECIFIED","2.13",""
"SURVEY","1978","MARKETING YEAR","","STATE","ILLINOIS","17","","","","","","","00000000","","CORN","CORN, GRAIN - PRICE RECEIVED, MEASURED IN $ / BU","TOTAL","NOT SPECIFIED","2.3",""
"SURVEY","1978","MAY","","STATE","ILLINOIS","17","","","","","","","00000000","","CORN","CORN, GRAIN - PRICE RECEIVED, MEASURED IN $ / BU","TOTAL","NOT SPECIFIED","2.3",""
"SURVEY","1978","NOV","","STATE","ILLINOIS","17","","","","","","","00000000","","CORN","CORN, GRAIN - PRICE RECEIVED, MEASURED IN $ / BU","TOTAL","NOT SPECIFIED","2.03",""
"SURVEY","1978","OCT","","STATE","ILLINOIS","17","","","","","","","00000000","","CORN","CORN, GRAIN - PRICE RECEIVED, MEASURED IN $ / BU","TOTAL","NOT SPECIFIED","2",""
"SURVEY","1978","SEP","","STATE","ILLINOIS","17","","","","","","","00000000","","CORN","CORN, GRAIN - PRICE RECEIVED, MEASURED IN $ / BU","TOTAL","NOT SPECIFIED","1.99",""
"SURVEY","1977","APR","","STATE","ILLINOIS","17","","","","","","","00000000","","CORN","CORN, GRAIN - PRICE RECEIVED, MEASURED IN $ / BU","TOTAL","NOT SPECIFIED","2.36",""
"SURVEY","1977","AUG","","STATE","ILLINOIS","17","","","","","","","00000000","","CORN","CORN, GRAIN - PRICE RECEIVED, MEASURED IN $ / BU","TOTAL","NOT SPECIFIED","1.69",""
"SURVEY","1977","DEC","","STATE","ILLINOIS","17","","","","","","","00000000","","CORN","CORN, GRAIN - PRICE RECEIVED, MEASURED IN $ / BU","TOTAL","NOT SPECIFIED","2.04",""
"SURVEY","1977","FEB","","STATE","ILLINOIS","17","","","","","","","00000000","","CORN","CORN, GRAIN - PRICE RECEIVED, MEASURED IN $ / BU","TOTAL","NOT SPECIFIED","2.4",""
"SURVEY","1977","JAN","","STATE","ILLINOIS","17","","","","","","","00000000","","CORN","CORN, GRAIN - PRICE RECEIVED, MEASURED IN $ / BU","TOTAL","NOT SPECIFIED","2.4",""
"SURVEY","1977","JUL","","STATE","ILLINOIS","17","","","","","","","00000000","","CORN","CORN, GRAIN - PRICE RECEIVED, MEASURED IN $ / BU","TOTAL","NOT SPECIFIED","1.93",""
"SURVEY","1977","JUN","","STATE","ILLINOIS","17","","","","","","","00000000","","CORN","CORN, GRAIN - PRICE RECEIVED, MEASURED IN $ / BU","TOTAL","NOT SPECIFIED","2.15",""
"SURVEY","1977","MAR","","STATE","ILLINOIS","17","","","","","","","00000000","","CORN","CORN, GRAIN - PRICE RECEIVED, MEASURED IN $ / BU","TOTAL","NOT SPECIFIED","2.38",""
"SURVEY","1977","MARKETING YEAR","","STATE","ILLINOIS","17","","","","","","","00000000","","CORN","CORN, GRAIN - PRICE RECEIVED, MEASURED IN $ / BU","TOTAL","NOT SPECIFIED","2.09",""
"SURVEY","1977","MAY","","STATE","ILLINOIS","17","","","","","","","00000000","","CORN","CORN, GRAIN - PRICE RECEIVED, MEASURED IN $ / BU","TOTAL","NOT SPECIFIED","2.32",""
"SURVEY","1977","NOV","","STATE","ILLINOIS","17","","","","","","","00000000","","CORN","CORN, GRAIN - PRICE RECEIVED, MEASURED IN $ / BU","TOTAL","NOT SPECIFIED","1.92",""
"SURVEY","1977","OCT","","STATE","ILLINOIS","17","","","","","","","00000000","","CORN","CORN, GRAIN - PRICE RECEIVED, MEASURED IN $ / BU","TOTAL","NOT SPECIFIED","1.71",""
"SURVEY","1977","SEP","","STATE","ILLINOIS","17","","","","","","","00000000","","CORN","CORN, GRAIN - PRICE RECEIVED, MEASURED IN $ / BU","TOTAL","NOT SPECIFIED","1.6",""
"SURVEY","1976","APR","","STATE","ILLINOIS","17","","","","","","","00000000","","CORN","CORN, GRAIN - PRICE RECEIVED, MEASURED IN $ / BU","TOTAL","NOT SPECIFIED","2.51",""
"SURVEY","1976","AUG","","STATE","ILLINOIS","17","","","","","","","00000000","","CORN","CORN, GRAIN - PRICE RECEIVED, MEASURED IN $ / BU","TOTAL","NOT SPECIFIED","2.64",""
"SURVEY","1976","DEC","","STATE","ILLINOIS","17","","","","","","","00000000","","CORN","CORN, GRAIN - PRICE RECEIVED, MEASURED IN $ / BU","TOTAL","NOT SPECIFIED","2.29",""
"SURVEY","1976","FEB","","STATE","ILLINOIS","17","","","","","","","00000000","","CORN","CORN, GRAIN - PRICE RECEIVED, MEASURED IN $ / BU","TOTAL","NOT SPECIFIED","2.54",""
"SURVEY","1976","JAN","","STATE","ILLINOIS","17","","","","","","","00000000","","CORN","CORN, GRAIN - PRICE RECEIVED, MEASURED IN $ / BU","TOTAL","NOT SPECIFIED","2.48",""
"SURVEY","1976","JUL","","STATE","ILLINOIS","17","","","","","","","00000000","","CORN","CORN, GRAIN - PRICE RECEIVED, MEASURED IN $ / BU","TOTAL","NOT SPECIFIED","2.88",""
"SURVEY","1976","JUN","","STATE","ILLINOIS","17","","","","","","","00000000","","CORN","CORN, GRAIN - PRICE RECEIVED, MEASURED IN $ / BU","TOTAL","NOT SPECIFIED","2.81",""
"SURVEY","1976","MAR","","STATE","ILLINOIS","17","","","","","","","00000000","","CORN","CORN, GRAIN - PRICE RECEIVED, MEASURED IN $ / BU","TOTAL","NOT SPECIFIED","2.56",""
"SURVEY","1976","MARKETING YEAR","","STATE","ILLINOIS","17","","","","","","","00000000","","CORN","CORN, GRAIN - PRICE RECEIVED, MEASURED IN $ / BU","TOTAL","NOT SPECIFIED","2.14",""
"SURVEY","1976","MAY","","STATE","ILLINOIS","17","","","","","","","00000000","","CORN","CORN, GRAIN - PRICE RECEIVED, MEASURED IN $ / BU","TOTAL","NOT SPECIFIED","2.69",""
"SURVEY","1976","NOV","","STATE","ILLINOIS","17","","","","","","","00000000","","CORN","CORN, GRAIN - PRICE RECEIVED, MEASURED IN $ / BU","TOTAL","NOT SPECIFIED","2.03",""
"SURVEY","1976","OCT","","STATE","ILLINOIS","17","","","","","","","00000000","","CORN","CORN, GRAIN - PRICE RECEIVED, MEASURED IN $ / BU","TOTAL","NOT SPECIFIED","2.34",""
"SURVEY","1976","SEP","","STATE","ILLINOIS","17","","","","","","","00000000","","CORN","CORN, GRAIN - PRICE RECEIVED, MEASURED IN $ / BU","TOTAL","NOT SPECIFIED","2.65",""
"SURVEY","1975","APR","","STATE","ILLINOIS","17","","","","","","","00000000","","CORN","CORN, GRAIN - PRICE RECEIVED, MEASURED IN $ / BU","TOTAL","NOT SPECIFIED","2.71",""
"SURVEY","1975","AUG","","STATE","ILLINOIS","17","","","","","","","00000000","","CORN","CORN, GRAIN - PRICE RECEIVED, MEASURED IN $ / BU","TOTAL","NOT SPECIFIED","2.98",""
"SURVEY","1975","DEC","","STATE","ILLINOIS","17","","","","","","","00000000","","CORN","CORN, GRAIN - PRICE RECEIVED, MEASURED IN $ / BU","TOTAL","NOT SPECIFIED","2.37",""
"SURVEY","1975","FEB","","STATE","ILLINOIS","17","","","","","","","00000000","","CORN","CORN, GRAIN - PRICE RECEIVED, MEASURED IN $ / BU","TOTAL","NOT SPECIFIED","2.91",""
"SURVEY","1975","JAN","","STATE","ILLINOIS","17","","","","","","","00000000","","CORN","CORN, GRAIN - PRICE RECEIVED, MEASURED IN $ / BU","TOTAL","NOT SPECIFIED","3.1",""
"SURVEY","1975","JUL","","STATE","ILLINOIS","17","","","","","","","00000000","","CORN","CORN, GRAIN - PRICE RECEIVED, MEASURED IN $ / BU","TOTAL","NOT SPECIFIED","2.74",""
"SURVEY","1975","JUN","","STATE","ILLINOIS","17","","","","","","","00000000","","CORN","CORN, GRAIN - PRICE RECEIVED, MEASURED IN $ / BU","TOTAL","NOT SPECIFIED","2.72",""
"SURVEY","1975","MAR","","STATE","ILLINOIS","17","","","","","","","00000000","","CORN","CORN, GRAIN - PRICE RECEIVED, MEASURED IN $ / BU","TOTAL","NOT SPECIFIED","2.75",""
"SURVEY","1975","MARKETING YEAR","","STATE","ILLINOIS","17","","","","","","","00000000","","CORN","CORN, GRAIN - PRICE RECEIVED, MEASURED IN $ / BU","TOTAL","NOT SPECIFIED","2.56",""
"SURVEY","1975","MAY","","STATE","ILLINOIS","17","","","","","","","00000000","","CORN","CORN, GRAIN - PRICE RECEIVED, MEASURED IN $ / BU","TOTAL","NOT SPECIFIED","2.66",""
"SURVEY","1975","NOV","","STATE","ILLINOIS","17","","","","","","","00000000","","CORN","CORN, GRAIN - PRICE RECEIVED, MEASURED IN $ / BU","TOTAL","NOT SPECIFIED","2.34",""
"SURVEY","1975","OCT","","STATE","ILLINOIS","17","","","","","","","00000000","","CORN","CORN, GRAIN - PRICE RECEIVED, MEASURED IN $ / BU","TOTAL","NOT SPECIFIED","2.57",""
"SURVEY","1975","SEP","","STATE","ILLINOIS","17","","","","","","","00000000","","CORN","CORN, GRAIN - PRICE RECEIVED, MEASURED IN $ / BU","TOTAL","NOT SPECIFIED","2.76",""
"SURVEY","1974","APR","","STATE","ILLINOIS","17","","","","","","","00000000","","CORN","CORN, GRAIN - PRICE RECEIVED, MEASURED IN $ / BU","TOTAL","NOT SPECIFIED","2.48",""
"SURVEY","1974","AUG","","STATE","ILLINOIS","17","","","","","","","00000000","","CORN","CORN, GRAIN - PRICE RECEIVED, MEASURED IN $ / BU","TOTAL","NOT SPECIFIED","3.44",""
"SURVEY","1974","DEC","","STATE","ILLINOIS","17","","","","","","","00000000","","CORN","CORN, GRAIN - PRICE RECEIVED, MEASURED IN $ / BU","TOTAL","NOT SPECIFIED","3.33",""
"SURVEY","1974","FEB","","STATE","ILLINOIS","17","","","","","","","00000000","","CORN","CORN, GRAIN - PRICE RECEIVED, MEASURED IN $ / BU","TOTAL","NOT SPECIFIED","2.9",""
"SURVEY","1974","JAN","","STATE","ILLINOIS","17","","","","","","","00000000","","CORN","CORN, GRAIN - PRICE RECEIVED, MEASURED IN $ / BU","TOTAL","NOT SPECIFIED","2.69",""
"SURVEY","1974","JUL","","STATE","ILLINOIS","17","","","","","","","00000000","","CORN","CORN, GRAIN - PRICE RECEIVED, MEASURED IN $ / BU","TOTAL","NOT SPECIFIED","3.04",""
"SURVEY","1974","JUN","","STATE","ILLINOIS","17","","","","","","","00000000","","CORN","CORN, GRAIN - PRICE RECEIVED, MEASURED IN $ / BU","TOTAL","NOT SPECIFIED","2.67",""
"SURVEY","1974","MAR","","STATE","ILLINOIS","17","","","","","","","00000000","","CORN","CORN, GRAIN - PRICE RECEIVED, MEASURED IN $ / BU","TOTAL","NOT SPECIFIED","2.75",""
"SURVEY","1974","MARKETING YEAR","","STATE","ILLINOIS","17","","","","","","","00000000","","CORN","CORN, GRAIN - PRICE RECEIVED, MEASURED IN $ / BU","TOTAL","NOT SPECIFIED","3.02",""
"SURVEY","1974","MAY","","STATE","ILLINOIS","17","","","","","","","00000000","","CORN","CORN, GRAIN - PRICE RECEIVED, MEASURED IN $ / BU","TOTAL","NOT SPECIFIED","2.52",""
"SURVEY","1974","NOV","","STATE","ILLINOIS","17","","","","","","","00000000","","CORN","CORN, GRAIN - PRICE RECEIVED, MEASURED IN $ / BU","TOTAL","NOT SPECIFIED","3.34",""
"SURVEY","1974","OCT","","STATE","ILLINOIS","17","","","","","","","00000000","","CORN","CORN, GRAIN - PRICE RECEIVED, MEASURED IN $ / BU","TOTAL","NOT SPECIFIED","3.54",""
"SURVEY","1974","SEP","","STATE","ILLINOIS","17","","","","","","","00000000","","CORN","CORN, GRAIN - PRICE RECEIVED, MEASURED IN $ / BU","TOTAL","NOT SPECIFIED","3.32",""
"SURVEY","1973","APR","","STATE","ILLINOIS","17","","","","","","","00000000","","CORN","CORN, GRAIN - PRICE RECEIVED, MEASURED IN $ / BU","TOTAL","NOT SPECIFIED","1.48",""
"SURVEY","1973","AUG","","STATE","ILLINOIS","17","","","","","","","00000000","","CORN","CORN, GRAIN - PRICE RECEIVED, MEASURED IN $ / BU","TOTAL","NOT SPECIFIED","2.9",""
"SURVEY","1973","DEC","","STATE","ILLINOIS","17","","","","","","","00000000","","CORN","CORN, GRAIN - PRICE RECEIVED, MEASURED IN $ / BU","TOTAL","NOT SPECIFIED","2.49",""
"SURVEY","1973","FEB","","STATE","ILLINOIS","17","","","","","","","00000000","","CORN","CORN, GRAIN - PRICE RECEIVED, MEASURED IN $ / BU","TOTAL","NOT SPECIFIED","1.41",""
"SURVEY","1973","JAN","","STATE","ILLINOIS","17","","","","","","","00000000","","CORN","CORN, GRAIN - PRICE RECEIVED, MEASURED IN $ / BU","TOTAL","NOT SPECIFIED","1.43",""
"SURVEY","1973","JUL","","STATE","ILLINOIS","17","","","","","","","00000000","","CORN","CORN, GRAIN - PRICE RECEIVED, MEASURED IN $ / BU","TOTAL","NOT SPECIFIED","2.25",""
"SURVEY","1973","JUN","","STATE","ILLINOIS","17","","","","","","","00000000","","CORN","CORN, GRAIN - PRICE RECEIVED, MEASURED IN $ / BU","TOTAL","NOT SPECIFIED","2.13",""
"SURVEY","1973","MAR","","STATE","ILLINOIS","17","","","","","","","00000000","","CORN","CORN, GRAIN - PRICE RECEIVED, MEASURED IN $ / BU","TOTAL","NOT SPECIFIED","1.41",""
"SURVEY","1973","MARKETING YEAR","","STATE","ILLINOIS","17","","","","","","","00000000","","CORN","CORN, GRAIN - PRICE RECEIVED, MEASURED IN $ / BU","TOTAL","NOT SPECIFIED","2.64",""
"SURVEY","1973","MAY","","STATE","ILLINOIS","17","","","","","","","00000000","","CORN","CORN, GRAIN - PRICE RECEIVED, MEASURED IN $ / BU","TOTAL","NOT SPECIFIED","1.75",""
"SURVEY","1973","NOV","","STATE","ILLINOIS","17","","","","","","","00000000","","CORN","CORN, GRAIN - PRICE RECEIVED, MEASURED IN $ / BU","TOTAL","NOT SPECIFIED","2.25",""
"SURVEY","1973","OCT","","STATE","ILLINOIS","17","","","","","","","00000000","","CORN","CORN, GRAIN - PRICE RECEIVED, MEASURED IN $ / BU","TOTAL","NOT SPECIFIED","2.16",""
"SURVEY","1973","SEP","","STATE","ILLINOIS","17","","","","","","","00000000","","CORN","CORN, GRAIN - PRICE RECEIVED, MEASURED IN $ / BU","TOTAL","NOT SPECIFIED","2.21",""
"SURVEY","1972","APR","","STATE","ILLINOIS","17","","","","","","","00000000","","CORN","CORN, GRAIN - PRICE RECEIVED, MEASURED IN $ / BU","TOTAL","NOT SPECIFIED","1.14",""
"SURVEY","1972","AUG","","STATE","ILLINOIS","17","","","","","","","00000000","","CORN","CORN, GRAIN - PRICE RECEIVED, MEASURED IN $ / BU","TOTAL","NOT SPECIFIED","1.17",""
"SURVEY","1972","DEC","","STATE","ILLINOIS","17","","","","","","","00000000","","CORN","CORN, GRAIN - PRICE RECEIVED, MEASURED IN $ / BU","TOTAL","NOT SPECIFIED","1.47",""
"SURVEY","1972","FEB","","STATE","ILLINOIS","17","","","","","","","00000000","","CORN","CORN, GRAIN - PRICE RECEIVED, MEASURED IN $ / BU","TOTAL","NOT SPECIFIED","1.09",""
"SURVEY","1972","JAN","","STATE","ILLINOIS","17","","","","","","","00000000","","CORN","CORN, GRAIN - PRICE RECEIVED, MEASURED IN $ / BU","TOTAL","NOT SPECIFIED","1.09",""
"SURVEY","1972","JUL","","STATE","ILLINOIS","17","","","","","","","00000000","","CORN","CORN, GRAIN - PRICE RECEIVED, MEASURED IN $ / BU","TOTAL","NOT SPECIFIED","1.17",""
"SURVEY","1972","JUN","","STATE","ILLINOIS","17","","","","","","","00000000","","CORN","CORN, GRAIN - PRICE RECEIVED, MEASURED IN $ / BU","TOTAL","NOT SPECIFIED","1.14",""
"SURVEY","1972","MAR","","STATE","ILLINOIS","17","","","","","","","00000000","","CORN","CORN, GRAIN - PRICE RECEIVED, MEASURED IN $ / BU","TOTAL","NOT SPECIFIED","1.11",""
"SURVEY","1972","MARKETING YEAR","","STATE","ILLINOIS","17","","","","","","","00000000","","CORN","CORN, GRAIN - PRICE RECEIVED, MEASURED IN $ / BU","TOTAL","NOT SPECIFIED","1.59",""
"SURVEY","1972","MAY","","STATE","ILLINOIS","17","","","","","","","00000000","","CORN","CORN, GRAIN - PRICE RECEIVED, MEASURED IN $ / BU","TOTAL","NOT SPECIFIED","1.16",""
"SURVEY","1972","NOV","","STATE","ILLINOIS","17","","","","","","","00000000","","CORN","CORN, GRAIN - PRICE RECEIVED, MEASURED IN $ / BU","TOTAL","NOT SPECIFIED","1.21",""
"SURVEY","1972","OCT","","STATE","ILLINOIS","17","","","","","","","00000000","","CORN","CORN, GRAIN - PRICE RECEIVED, MEASURED IN $ / BU","TOTAL","NOT SPECIFIED","1.17",""
"SURVEY","1972","SEP","","STATE","ILLINOIS","17","","","","","","","00000000","","CORN","CORN, GRAIN - PRICE RECEIVED, MEASURED IN $ / BU","TOTAL","NOT SPECIFIED","1.25",""
"SURVEY","1971","APR","","STATE","ILLINOIS","17","","","","","","","00000000","","CORN","CORN, GRAIN - PRICE RECEIVED, MEASURED IN $ / BU","TOTAL","NOT SPECIFIED","1.45",""
"SURVEY","1971","AUG","","STATE","ILLINOIS","17","","","","","","","00000000","","CORN","CORN, GRAIN - PRICE RECEIVED, MEASURED IN $ / BU","TOTAL","NOT SPECIFIED","1.18",""
"SURVEY","1971","DEC","","STATE","ILLINOIS","17","","","","","","","00000000","","CORN","CORN, GRAIN - PRICE RECEIVED, MEASURED IN $ / BU","TOTAL","NOT SPECIFIED","1.09",""
"SURVEY","1971","FEB","","STATE","ILLINOIS","17","","","","","","","00000000","","CORN","CORN, GRAIN - PRICE RECEIVED, MEASURED IN $ / BU","TOTAL","NOT SPECIFIED","1.48",""
"SURVEY","1971","JAN","","STATE","ILLINOIS","17","","","","","","","00000000","","CORN","CORN, GRAIN - PRICE RECEIVED, MEASURED IN $ / BU","TOTAL","NOT SPECIFIED","1.48",""
"SURVEY","1971","JUL","","STATE","ILLINOIS","17","","","","","","","00000000","","CORN","CORN, GRAIN - PRICE RECEIVED, MEASURED IN $ / BU","TOTAL","NOT SPECIFIED","1.41",""
"SURVEY","1971","JUN","","STATE","ILLINOIS","17","","","","","","","00000000","","CORN","CORN, GRAIN - PRICE RECEIVED, MEASURED IN $ / BU","TOTAL","NOT SPECIFIED","1.5",""
"SURVEY","1971","MAR","","STATE","ILLINOIS","17","","","","","","","00000000","","CORN","CORN, GRAIN - PRICE RECEIVED, MEASURED IN $ / BU","TOTAL","NOT SPECIFIED","1.47",""
"SURVEY","1971","MARKETING YEAR","","STATE","ILLINOIS","17","","","","","","","00000000","","CORN","CORN, GRAIN - PRICE RECEIVED, MEASURED IN $ / BU","TOTAL","NOT SPECIFIED","1.09",""
"SURVEY","1971","MAY","","STATE","ILLINOIS","17","","","","","","","00000000","","CORN","CORN, GRAIN - PRICE RECEIVED, MEASURED IN $ / BU","TOTAL","NOT SPECIFIED","1.41",""
"SURVEY","1971","NOV","","STATE","ILLINOIS","17","","","","","","","00000000","","CORN","CORN, GRAIN - PRICE RECEIVED, MEASURED IN $ / BU","TOTAL","NOT SPECIFIED","0.97",""
"SURVEY","1971","OCT","","STATE","ILLINOIS","17","","","","","","","00000000","","CORN","CORN, GRAIN - PRICE RECEIVED, MEASURED IN $ / BU","TOTAL","NOT SPECIFIED","0.93",""
"SURVEY","1971","SEP","","STATE","ILLINOIS","17","","","","","","","00000000","","CORN","CORN, GRAIN - PRICE RECEIVED, MEASURED IN $ / BU","TOTAL","NOT SPECIFIED","1.02",""
"SURVEY","1970","APR","","STATE","ILLINOIS","17","","","","","","","00000000","","CORN","CORN, GRAIN - PRICE RECEIVED, MEASURED IN $ / BU","TOTAL","NOT SPECIFIED","1.17",""
"SURVEY","1970","AUG","","STATE","ILLINOIS","17","","","","","","","00000000","","CORN","CORN, GRAIN - PRICE RECEIVED, MEASURED IN $ / BU","TOTAL","NOT SPECIFIED","1.34",""
"SURVEY","1970","DEC","","STATE","ILLINOIS","17","","","","","","","00000000","","CORN","CORN, GRAIN - PRICE RECEIVED, MEASURED IN $ / BU","TOTAL","NOT SPECIFIED","1.42",""
"SURVEY","1970","FEB","","STATE","ILLINOIS","17","","","","","","","00000000","","CORN","CORN, GRAIN - PRICE RECEIVED, MEASURED IN $ / BU","TOTAL","NOT SPECIFIED","1.16",""
"SURVEY","1970","JAN","","STATE","ILLINOIS","17","","","","","","","00000000","","CORN","CORN, GRAIN - PRICE RECEIVED, MEASURED IN $ / BU","TOTAL","NOT SPECIFIED","1.15",""
"SURVEY","1970","JUL","","STATE","ILLINOIS","17","","","","","","","00000000","","CORN","CORN, GRAIN - PRICE RECEIVED, MEASURED IN $ / BU","TOTAL","NOT SPECIFIED","1.32",""
"SURVEY","1970","JUN","","STATE","ILLINOIS","17","","","","","","","00000000","","CORN","CORN, GRAIN - PRICE RECEIVED, MEASURED IN $ / BU","TOTAL","NOT SPECIFIED","1.27",""
"SURVEY","1970","MAR","","STATE","ILLINOIS","17","","","","","","","00000000","","CORN","CORN, GRAIN - PRICE RECEIVED, MEASURED IN $ / BU","TOTAL","NOT SPECIFIED","1.15",""
"SURVEY","1970","MARKETING YEAR","","STATE","ILLINOIS","17","","","","","","","00000000","","CORN","CORN, GRAIN - PRICE RECEIVED, MEASURED IN $ / BU","TOTAL","NOT SPECIFIED","1.37",""
"SURVEY","1970","MAY","","STATE","ILLINOIS","17","","","","","","","00000000","","CORN","CORN, GRAIN - PRICE RECEIVED, MEASURED IN $ / BU","TOTAL","NOT SPECIFIED","1.22",""
"SURVEY","1970","NOV","","STATE","ILLINOIS","17","","","","","","","00000000","","CORN","CORN, GRAIN - PRICE RECEIVED, MEASURED IN $ / BU","TOTAL","NOT SPECIFIED","1.32",""
"SURVEY","1970","OCT","","STATE","ILLINOIS","17","","","","","","","00000000","","CORN","CORN, GRAIN - PRICE RECEIVED, MEASURED IN $ / BU","TOTAL","NOT SPECIFIED","1.32",""
"SURVEY","1970","SEP","","STATE","ILLINOIS","17","","","","","","","00000000","","CORN","CORN, GRAIN - PRICE RECEIVED, MEASURED IN $ / BU","TOTAL","NOT SPECIFIED","1.42",""
"SURVEY","1969","APR","","STATE","ILLINOIS","17","","","","","","","00000000","","CORN","CORN, GRAIN - PRICE RECEIVED, MEASURED IN $ / BU","TOTAL","NOT SPECIFIED","1.12",""
"SURVEY","1969","AUG","","STATE","ILLINOIS","17","","","","","","","00000000","","CORN","CORN, GRAIN - PRICE RECEIVED, MEASURED IN $ / BU","TOTAL","NOT SPECIFIED","1.22",""
"SURVEY","1969","DEC","","STATE","ILLINOIS","17","","","","","","","00000000","","CORN","CORN, GRAIN - PRICE RECEIVED, MEASURED IN $ / BU","TOTAL","NOT SPECIFIED","1.11",""
"SURVEY","1969","FEB","","STATE","ILLINOIS","17","","","","","","","00000000","","CORN","CORN, GRAIN - PRICE RECEIVED, MEASURED IN $ / BU","TOTAL","NOT SPECIFIED","1.09",""
"SURVEY","1969","JAN","","STATE","ILLINOIS","17","","","","","","","00000000","","CORN","CORN, GRAIN - PRICE RECEIVED, MEASURED IN $ / BU","TOTAL","NOT SPECIFIED","1.08",""
"SURVEY","1969","JUL","","STATE","ILLINOIS","17","","","","","","","00000000","","CORN","CORN, GRAIN - PRICE RECEIVED, MEASURED IN $ / BU","TOTAL","NOT SPECIFIED","1.22",""
"SURVEY","1969","JUN","","STATE","ILLINOIS","17","","","","","","","00000000","","CORN","CORN, GRAIN - PRICE RECEIVED, MEASURED IN $ / BU","TOTAL","NOT SPECIFIED","1.21",""
"SURVEY","1969","MAR","","STATE","ILLINOIS","17","","","","","","","00000000","","CORN","CORN, GRAIN - PRICE RECEIVED, MEASURED IN $ / BU","TOTAL","NOT SPECIFIED","1.08",""
"SURVEY","1969","MARKETING YEAR","","STATE","ILLINOIS","17","","","","","","","00000000","","CORN","CORN, GRAIN - PRICE RECEIVED, MEASURED IN $ / BU","TOTAL","NOT SPECIFIED","1.18",""
"SURVEY","1969","MAY","","STATE","ILLINOIS","17","","","","","","","00000000","","CORN","CORN, GRAIN - PRICE RECEIVED, MEASURED IN $ / BU","TOTAL","NOT SPECIFIED","1.22",""
"SURVEY","1969","NOV","","STATE","ILLINOIS","17","","","","","","","00000000","","CORN","CORN, GRAIN - PRICE RECEIVED, MEASURED IN $ / BU","TOTAL","NOT SPECIFIED","1.07",""
"SURVEY","1969","OCT","","STATE","ILLINOIS","17","","","","","","","00000000","","CORN","CORN, GRAIN - PRICE RECEIVED, MEASURED IN $ / BU","TOTAL","NOT SPECIFIED","1.09",""
"SURVEY","1969","SEP","","STATE","ILLINOIS","17","","","","","","","00000000","","CORN","CORN, GRAIN - PRICE RECEIVED, MEASURED IN $ / BU","TOTAL","NOT SPECIFIED","1.14",""
"SURVEY","1968","APR","","STATE","ILLINOIS","17","","","","","","","00000000","","CORN","CORN, GRAIN - PRICE RECEIVED, MEASURED IN $ / BU","TOTAL","NOT SPECIFIED","1.03",""
"SURVEY","1968","AUG","","STATE","ILLINOIS","17","","","","","","","00000000","","CORN","CORN, GRAIN - PRICE RECEIVED, MEASURED IN $ / BU","TOTAL","NOT SPECIFIED","0.96",""
"SURVEY","1968","DEC","","STATE","ILLINOIS","17","","","","","","","00000000","","CORN","CORN, GRAIN - PRICE RECEIVED, MEASURED IN $ / BU","TOTAL","NOT SPECIFIED","1.06",""
"SURVEY","1968","FEB","","STATE","ILLINOIS","17","","","","","","","00000000","","CORN","CORN, GRAIN - PRICE RECEIVED, MEASURED IN $ / BU","TOTAL","NOT SPECIFIED","1.06",""
"SURVEY","1968","JAN","","STATE","ILLINOIS","17","","","","","","","00000000","","CORN","CORN, GRAIN - PRICE RECEIVED, MEASURED IN $ / BU","TOTAL","NOT SPECIFIED","1.05",""
"SURVEY","1968","JUL","","STATE","ILLINOIS","17","","","","","","","00000000","","CORN","CORN, GRAIN - PRICE RECEIVED, MEASURED IN $ / BU","TOTAL","NOT SPECIFIED","1.03",""
"SURVEY","1968","JUN","","STATE","ILLINOIS","17","","","","","","","00000000","","CORN","CORN, GRAIN - PRICE RECEIVED, MEASURED IN $ / BU","TOTAL","NOT SPECIFIED","1.05",""
"SURVEY","1968","MAR","","STATE","ILLINOIS","17","","","","","","","00000000","","CORN","CORN, GRAIN - PRICE RECEIVED, MEASURED IN $ / BU","TOTAL","NOT SPECIFIED","1.05",""
"SURVEY","1968","MARKETING YEAR","","STATE","ILLINOIS","17","","","","","","","00000000","","CORN","CORN, GRAIN - PRICE RECEIVED, MEASURED IN $ / BU","TOTAL","NOT SPECIFIED","1.1",""
"SURVEY","1968","MAY","","STATE","ILLINOIS","17","","","","","","","00000000","","CORN","CORN, GRAIN - PRICE RECEIVED, MEASURED IN $ / BU","TOTAL","NOT SPECIFIED","1.06",""
"SURVEY","1968","NOV","","STATE","ILLINOIS","17","","","","","","","00000000","","CORN","CORN, GRAIN - PRICE RECEIVED, MEASURED IN $ / BU","TOTAL","NOT SPECIFIED","1.05",""
"SURVEY","1968","OCT","","STATE","ILLINOIS","17","","","","","","","00000000","","CORN","CORN, GRAIN - PRICE RECEIVED, MEASURED IN $ / BU","TOTAL","NOT SPECIFIED","0.9",""
"SURVEY","1968","SEP","","STATE","ILLINOIS","17","","","","","","","00000000","","CORN","CORN, GRAIN - PRICE RECEIVED, MEASURED IN $ / BU","TOTAL","NOT SPECIFIED","0.96",""
"SURVEY","1967","APR","","STATE","ILLINOIS","17","","","","","","","00000000","","CORN","CORN, GRAIN - PRICE RECEIVED, MEASURED IN $ / BU","TOTAL","NOT SPECIFIED","1.27",""
"SURVEY","1967","AUG","","STATE","ILLINOIS","17","","","","","","","00000000","","CORN","CORN, GRAIN - PRICE RECEIVED, MEASURED IN $ / BU","TOTAL","NOT SPECIFIED","1.11",""
"SURVEY","1967","DEC","","STATE","ILLINOIS","17","","","","","","","00000000","","CORN","CORN, GRAIN - PRICE RECEIVED, MEASURED IN $ / BU","TOTAL","NOT SPECIFIED","1.05",""
"SURVEY","1967","FEB","","STATE","ILLINOIS","17","","","","","","","00000000","","CORN","CORN, GRAIN - PRICE RECEIVED, MEASURED IN $ / BU","TOTAL","NOT SPECIFIED","1.29",""
"SURVEY","1967","JAN","","STATE","ILLINOIS","17","","","","","","","00000000","","CORN","CORN, GRAIN - PRICE RECEIVED, MEASURED IN $ / BU","TOTAL","NOT SPECIFIED","1.3",""
"SURVEY","1967","JUL","","STATE","ILLINOIS","17","","","","","","","00000000","","CORN","CORN, GRAIN - PRICE RECEIVED, MEASURED IN $ / BU","TOTAL","NOT SPECIFIED","1.22",""
"SURVEY","1967","JUN","","STATE","ILLINOIS","17","","","","","","","00000000","","CORN","CORN, GRAIN - PRICE RECEIVED, MEASURED IN $ / BU","TOTAL","NOT SPECIFIED","1.27",""
"SURVEY","1967","MAR","","STATE","ILLINOIS","17","","","","","","","00000000","","CORN","CORN, GRAIN - PRICE RECEIVED, MEASURED IN $ / BU","TOTAL","NOT SPECIFIED","1.31",""
"SURVEY","1967","MARKETING YEAR","","STATE","ILLINOIS","17","","","","","","","00000000","","CORN","CORN, GRAIN - PRICE RECEIVED, MEASURED IN $ / BU","TOTAL","NOT SPECIFIED","1.02",""
"SURVEY","1967","MAY","","STATE","ILLINOIS","17","","","","","","","00000000","","CORN","CORN, GRAIN - PRICE RECEIVED, MEASURED IN $ / BU","TOTAL","NOT SPECIFIED","1.28",""
"SURVEY","1967","NOV","","STATE","ILLINOIS","17","","","","","","","00000000","","CORN","CORN, GRAIN - PRICE RECEIVED, MEASURED IN $ / BU","TOTAL","NOT SPECIFIED","0.95",""
"SURVEY","1967","OCT","","STATE","ILLINOIS","17","","","","","","","00000000","","CORN","CORN, GRAIN - PRICE RECEIVED, MEASURED IN $ / BU","TOTAL","NOT SPECIFIED","1.01",""
"SURVEY","1967","SEP","","STATE","ILLINOIS","17","","","","","","","00000000","","CORN","CORN, GRAIN - PRICE RECEIVED, MEASURED IN $ / BU","TOTAL","NOT SPECIFIED","1.09",""
"SURVEY","1966","APR","","STATE","ILLINOIS","17","","","","","","","00000000","","CORN","CORN, GRAIN - PRICE RECEIVED, MEASURED IN $ / BU","TOTAL","NOT SPECIFIED","1.2",""
"SURVEY","1966","AUG","","STATE","ILLINOIS","17","","","","","","","00000000","","CORN","CORN, GRAIN - PRICE RECEIVED, MEASURED IN $ / BU","TOTAL","NOT SPECIFIED","1.39",""
"SURVEY","1966","DEC","","STATE","ILLINOIS","17","","","","","","","00000000","","CORN","CORN, GRAIN - PRICE RECEIVED, MEASURED IN $ / BU","TOTAL","NOT SPECIFIED","1.3",""
"SURVEY","1966","FEB","","STATE","ILLINOIS","17","","","","","","","00000000","","CORN","CORN, GRAIN - PRICE RECEIVED, MEASURED IN $ / BU","TOTAL","NOT SPECIFIED","1.22",""
"SURVEY","1966","JAN","","STATE","ILLINOIS","17","","","","","","","00000000","","CORN","CORN, GRAIN - PRICE RECEIVED, MEASURED IN $ / BU","TOTAL","NOT SPECIFIED","1.21",""
"SURVEY","1966","JUL","","STATE","ILLINOIS","17","","","","","","","00000000","","CORN","CORN, GRAIN - PRICE RECEIVED, MEASURED IN $ / BU","TOTAL","NOT SPECIFIED","1.31",""
"SURVEY","1966","JUN","","STATE","ILLINOIS","17","","","","","","","00000000","","CORN","CORN, GRAIN - PRICE RECEIVED, MEASURED IN $ / BU","TOTAL","NOT SPECIFIED","1.21",""
"SURVEY","1966","MAR","","STATE","ILLINOIS","17","","","","","","","00000000","","CORN","CORN, GRAIN - PRICE RECEIVED, MEASURED IN $ / BU","TOTAL","NOT SPECIFIED","1.18",""
"SURVEY","1966","MARKETING YEAR","","STATE","ILLINOIS","17","","","","","","","00000000","","CORN","CORN, GRAIN - PRICE RECEIVED, MEASURED IN $ / BU","TOTAL","NOT SPECIFIED","1.25",""
"SURVEY","1966","MAY","","STATE","ILLINOIS","17","","","","","","","00000000","","CORN","CORN, GRAIN - PRICE RECEIVED, MEASURED IN $ / BU","TOTAL","NOT SPECIFIED","1.21",""
"SURVEY","1966","NOV","","STATE","ILLINOIS","17","","","","","","","00000000","","CORN","CORN, GRAIN - PRICE RECEIVED, MEASURED IN $ / BU","TOTAL","NOT SPECIFIED","1.24",""
"SURVEY","1966","OCT","","STATE","ILLINOIS","17","","","","","","","00000000","","CORN","CORN, GRAIN - PRICE RECEIVED, MEASURED IN $ / BU","TOTAL","NOT SPECIFIED","1.26",""
"SURVEY","1966","SEP","","STATE","ILLINOIS","17","","","","","","","00000000","","CORN","CORN, GRAIN - PRICE RECEIVED, MEASURED IN $ / BU","TOTAL","NOT SPECIFIED","1.36",""
"SURVEY","1965","APR","","STATE","ILLINOIS","17","","","","","","","00000000","","CORN","CORN, GRAIN - PRICE RECEIVED, MEASURED IN $ / BU","TOTAL","NOT SPECIFIED","1.24",""
"SURVEY","1965","AUG","","STATE","ILLINOIS","17","","","","","","","00000000","","CORN","CORN, GRAIN - PRICE RECEIVED, MEASURED IN $ / BU","TOTAL","NOT SPECIFIED","1.2",""
"SURVEY","1965","DEC","","STATE","ILLINOIS","17","","","","","","","00000000","","CORN","CORN, GRAIN - PRICE RECEIVED, MEASURED IN $ / BU","TOTAL","NOT SPECIFIED","1.14",""
"SURVEY","1965","FEB","","STATE","ILLINOIS","17","","","","","","","00000000","","CORN","CORN, GRAIN - PRICE RECEIVED, MEASURED IN $ / BU","TOTAL","NOT SPECIFIED","1.2",""
"SURVEY","1965","JAN","","STATE","ILLINOIS","17","","","","","","","00000000","","CORN","CORN, GRAIN - PRICE RECEIVED, MEASURED IN $ / BU","TOTAL","NOT SPECIFIED","1.18",""
"SURVEY","1965","JUL","","STATE","ILLINOIS","17","","","","","","","00000000","","CORN","CORN, GRAIN - PRICE RECEIVED, MEASURED IN $ / BU","TOTAL","NOT SPECIFIED","1.24",""
"SURVEY","1965","JUN","","STATE","ILLINOIS","17","","","","","","","00000000","","CORN","CORN, GRAIN - PRICE RECEIVED, MEASURED IN $ / BU","TOTAL","NOT SPECIFIED","1.28",""
"SURVEY","1965","MAR","","STATE","ILLINOIS","17","","","","","","","00000000","","CORN","CORN, GRAIN - PRICE RECEIVED, MEASURED IN $ / BU","TOTAL","NOT SPECIFIED","1.22",""
"SURVEY","1965","MARKETING YEAR","","STATE","ILLINOIS","17","","","","","","","00000000","","CORN","CORN, GRAIN - PRICE RECEIVED, MEASURED IN $ / BU","TOTAL","NOT SPECIFIED","1.16",""
"SURVEY","1965","MAY","","STATE","ILLINOIS","17","","","","","","","00000000","","CORN","CORN, GRAIN - PRICE RECEIVED, MEASURED IN $ / BU","TOTAL","NOT SPECIFIED","1.28",""
"SURVEY","1965","NOV","","STATE","ILLINOIS","17","","","","","","","00000000","","CORN","CORN, GRAIN - PRICE RECEIVED, MEASURED IN $ / BU","TOTAL","NOT SPECIFIED","1.03",""
"SURVEY","1965","OCT","","STATE","ILLINOIS","17","","","","","","","00000000","","CORN","CORN, GRAIN - PRICE RECEIVED, MEASURED IN $ / BU","TOTAL","NOT SPECIFIED","1.05",""
"SURVEY","1965","SEP","","STATE","ILLINOIS","17","","","","","","","00000000","","CORN","CORN, GRAIN - PRICE RECEIVED, MEASURED IN $ / BU","TOTAL","NOT SPECIFIED","1.18",""
"SURVEY","1964","APR","","STATE","ILLINOIS","17","","","","","","","00000000","","CORN","CORN, GRAIN - PRICE RECEIVED, MEASURED IN $ / BU","TOTAL","NOT SPECIFIED","1.16",""
"SURVEY","1964","AUG","","STATE","ILLINOIS","17","","","","","","","00000000","","CORN","CORN, GRAIN - PRICE RECEIVED, MEASURED IN $ / BU","TOTAL","NOT SPECIFIED","1.14",""
"SURVEY","1964","DEC","","STATE","ILLINOIS","17","","","","","","","00000000","","CORN","CORN, GRAIN - PRICE RECEIVED, MEASURED IN $ / BU","TOTAL","NOT SPECIFIED","1.16",""
"SURVEY","1964","FEB","","STATE","ILLINOIS","17","","","","","","","00000000","","CORN","CORN, GRAIN - PRICE RECEIVED, MEASURED IN $ / BU","TOTAL","NOT SPECIFIED","1.12",""
"SURVEY","1964","JAN","","STATE","ILLINOIS","17","","","","","","","00000000","","CORN","CORN, GRAIN - PRICE RECEIVED, MEASURED IN $ / BU","TOTAL","NOT SPECIFIED","1.15",""
"SURVEY","1964","JUL","","STATE","ILLINOIS","17","","","","","","","00000000","","CORN","CORN, GRAIN - PRICE RECEIVED, MEASURED IN $ / BU","TOTAL","NOT SPECIFIED","1.14",""
"SURVEY","1964","JUN","","STATE","ILLINOIS","17","","","","","","","00000000","","CORN","CORN, GRAIN - PRICE RECEIVED, MEASURED IN $ / BU","TOTAL","NOT SPECIFIED","1.17",""
"SURVEY","1964","MAR","","STATE","ILLINOIS","17","","","","","","","00000000","","CORN","CORN, GRAIN - PRICE RECEIVED, MEASURED IN $ / BU","TOTAL","NOT SPECIFIED","1.14",""
"SURVEY","1964","MARKETING YEAR","","STATE","ILLINOIS","17","","","","","","","00000000","","CORN","CORN, GRAIN - PRICE RECEIVED, MEASURED IN $ / BU","TOTAL","NOT SPECIFIED","1.17",""
"SURVEY","1964","MAY","","STATE","ILLINOIS","17","","","","","","","00000000","","CORN","CORN, GRAIN - PRICE RECEIVED, MEASURED IN $ / BU","TOTAL","NOT SPECIFIED","1.18",""
"SURVEY","1964","NOV","","STATE","ILLINOIS","17","","","","","","","00000000","","CORN","CORN, GRAIN - PRICE RECEIVED, MEASURED IN $ / BU","TOTAL","NOT SPECIFIED","1.06",""
"SURVEY","1964","OCT","","STATE","ILLINOIS","17","","","","","","","00000000","","CORN","CORN, GRAIN - PRICE RECEIVED, MEASURED IN $ / BU","TOTAL","NOT SPECIFIED","1.1",""
"SURVEY","1964","SEP","","STATE","ILLINOIS","17","","","","","","","00000000","","CORN","CORN, GRAIN - PRICE RECEIVED, MEASURED IN $ / BU","TOTAL","NOT SPECIFIED","1.17",""
"SURVEY","1963","APR","","STATE","ILLINOIS","17","","","","","","","00000000","","CORN","CORN, GRAIN - PRICE RECEIVED, MEASURED IN $ / BU","TOTAL","NOT SPECIFIED","1.1",""
"SURVEY","1963","AUG","","STATE","ILLINOIS","17","","","","","","","00000000","","CORN","CORN, GRAIN - PRICE RECEIVED, MEASURED IN $ / BU","TOTAL","NOT SPECIFIED","1.21",""
"SURVEY","1963","DEC","","STATE","ILLINOIS","17","","","","","","","00000000","","CORN","CORN, GRAIN - PRICE RECEIVED, MEASURED IN $ / BU","TOTAL","NOT SPECIFIED","1.12",""
"SURVEY","1963","FEB","","STATE","ILLINOIS","17","","","","","","","00000000","","CORN","CORN, GRAIN - PRICE RECEIVED, MEASURED IN $ / BU","TOTAL","NOT SPECIFIED","1.1",""
"SURVEY","1963","JAN","","STATE","ILLINOIS","17","","","","","","","00000000","","CORN","CORN, GRAIN - PRICE RECEIVED, MEASURED IN $ / BU","TOTAL","NOT SPECIFIED","1.08",""
"SURVEY","1963","JUL","","STATE","ILLINOIS","17","","","","","","","00000000","","CORN","CORN, GRAIN - PRICE RECEIVED, MEASURED IN $ / BU","TOTAL","NOT SPECIFIED","1.22",""
"SURVEY","1963","JUN","","STATE","ILLINOIS","17","","","","","","","00000000","","CORN","CORN, GRAIN - PRICE RECEIVED, MEASURED IN $ / BU","TOTAL","NOT SPECIFIED","1.2",""
"SURVEY","1963","MAR","","STATE","ILLINOIS","17","","","","","","","00000000","","CORN","CORN, GRAIN - PRICE RECEIVED, MEASURED IN $ / BU","TOTAL","NOT SPECIFIED","1.1",""
"SURVEY","1963","MARKETING YEAR","","STATE","ILLINOIS","17","","","","","","","00000000","","CORN","CORN, GRAIN - PRICE RECEIVED, MEASURED IN $ / BU","TOTAL","NOT SPECIFIED","1.12",""
"SURVEY","1963","MAY","","STATE","ILLINOIS","17","","","","","","","00000000","","CORN","CORN, GRAIN - PRICE RECEIVED, MEASURED IN $ / BU","TOTAL","NOT SPECIFIED","1.13",""
"SURVEY","1963","NOV","","STATE","ILLINOIS","17","","","","","","","00000000","","CORN","CORN, GRAIN - PRICE RECEIVED, MEASURED IN $ / BU","TOTAL","NOT SPECIFIED","1.05",""
"SURVEY","1963","OCT","","STATE","ILLINOIS","17","","","","","","","00000000","","CORN","CORN, GRAIN - PRICE RECEIVED, MEASURED IN $ / BU","TOTAL","NOT SPECIFIED","1.08",""
"SURVEY","1963","SEP","","STATE","ILLINOIS","17","","","","","","","00000000","","CORN","CORN, GRAIN - PRICE RECEIVED, MEASURED IN $ / BU","TOTAL","NOT SPECIFIED","1.23",""
"SURVEY","1962","APR","","STATE","ILLINOIS","17","","","","","","","00000000","","CORN","CORN, GRAIN - PRICE RECEIVED, MEASURED IN $ / BU","TOTAL","NOT SPECIFIED","1.02",""
"SURVEY","1962","AUG","","STATE","ILLINOIS","17","","","","","","","00000000","","CORN","CORN, GRAIN - PRICE RECEIVED, MEASURED IN $ / BU","TOTAL","NOT SPECIFIED","1.01",""
"SURVEY","1962","DEC","","STATE","ILLINOIS","17","","","","","","","00000000","","CORN","CORN, GRAIN - PRICE RECEIVED, MEASURED IN $ / BU","TOTAL","NOT SPECIFIED","1.04",""
"SURVEY","1962","FEB","","STATE","ILLINOIS","17","","","","","","","00000000","","CORN","CORN, GRAIN - PRICE RECEIVED, MEASURED IN $ / BU","TOTAL","NOT SPECIFIED","0.99",""
"SURVEY","1962","JAN","","STATE","ILLINOIS","17","","","","","","","00000000","","CORN","CORN, GRAIN - PRICE RECEIVED, MEASURED IN $ / BU","TOTAL","NOT SPECIFIED","0.99",""
"SURVEY","1962","JUL","","STATE","ILLINOIS","17","","","","","","","00000000","","CORN","CORN, GRAIN - PRICE RECEIVED, MEASURED IN $ / BU","TOTAL","NOT SPECIFIED","1.04",""
"SURVEY","1962","JUN","","STATE","ILLINOIS","17","","","","","","","00000000","","CORN","CORN, GRAIN - PRICE RECEIVED, MEASURED IN $ / BU","TOTAL","NOT SPECIFIED","1.05",""
"SURVEY","1962","MAR","","STATE","ILLINOIS","17","","","","","","","00000000","","CORN","CORN, GRAIN - PRICE RECEIVED, MEASURED IN $ / BU","TOTAL","NOT SPECIFIED","1.01",""
"SURVEY","1962","MARKETING YEAR","","STATE","ILLINOIS","17","","","","","","","00000000","","CORN","CORN, GRAIN - PRICE RECEIVED, MEASURED IN $ / BU","TOTAL","NOT SPECIFIED","1.12",""
"SURVEY","1962","MAY","","STATE","ILLINOIS","17","","","","","","","00000000","","CORN","CORN, GRAIN - PRICE RECEIVED, MEASURED IN $ / BU","TOTAL","NOT SPECIFIED","1.05",""
"SURVEY","1962","NOV","","STATE","ILLINOIS","17","","","","","","","00000000","","CORN","CORN, GRAIN - PRICE RECEIVED, MEASURED IN $ / BU","TOTAL","NOT SPECIFIED","0.97",""
"SURVEY","1962","OCT","","STATE","ILLINOIS","17","","","","","","","00000000","","CORN","CORN, GRAIN - PRICE RECEIVED, MEASURED IN $ / BU","TOTAL","NOT SPECIFIED","0.98",""
"SURVEY","1962","SEP","","STATE","ILLINOIS","17","","","","","","","00000000","","CORN","CORN, GRAIN - PRICE RECEIVED, MEASURED IN $ / BU","TOTAL","NOT SPECIFIED","1",""
"SURVEY","1961","APR","","STATE","ILLINOIS","17","","","","","","","00000000","","CORN","CORN, GRAIN - PRICE RECEIVED, MEASURED IN $ / BU","TOTAL","NOT SPECIFIED","0.98",""
"SURVEY","1961","AUG","","STATE","ILLINOIS","17","","","","","","","00000000","","CORN","CORN, GRAIN - PRICE RECEIVED, MEASURED IN $ / BU","TOTAL","NOT SPECIFIED","1.04",""
"SURVEY","1961","DEC","","STATE","ILLINOIS","17","","","","","","","00000000","","CORN","CORN, GRAIN - PRICE RECEIVED, MEASURED IN $ / BU","TOTAL","NOT SPECIFIED","0.99",""
"SURVEY","1961","FEB","","STATE","ILLINOIS","17","","","","","","","00000000","","CORN","CORN, GRAIN - PRICE RECEIVED, MEASURED IN $ / BU","TOTAL","NOT SPECIFIED","1.03",""
"SURVEY","1961","JAN","","STATE","ILLINOIS","17","","","","","","","00000000","","CORN","CORN, GRAIN - PRICE RECEIVED, MEASURED IN $ / BU","TOTAL","NOT SPECIFIED","0.99",""
"SURVEY","1961","JUL","","STATE","ILLINOIS","17","","","","","","","00000000","","CORN","CORN, GRAIN - PRICE RECEIVED, MEASURED IN $ / BU","TOTAL","NOT SPECIFIED","1.06",""
"SURVEY","1961","JUN","","STATE","ILLINOIS","17","","","","","","","00000000","","CORN","CORN, GRAIN - PRICE RECEIVED, MEASURED IN $ / BU","TOTAL","NOT SPECIFIED","1.04",""
"SURVEY","1961","MAR","","STATE","ILLINOIS","17","","","","","","","00000000","","CORN","CORN, GRAIN - PRICE RECEIVED, MEASURED IN $ / BU","TOTAL","NOT SPECIFIED","1.04",""
"SURVEY","1961","MARKETING YEAR","","STATE","ILLINOIS","17","","","","","","","00000000","","CORN","CORN, GRAIN - PRICE RECEIVED, MEASURED IN $ / BU","TOTAL","NOT SPECIFIED","1.1",""
"SURVEY","1961","MAY","","STATE","ILLINOIS","17","","","","","","","00000000","","CORN","CORN, GRAIN - PRICE RECEIVED, MEASURED IN $ / BU","TOTAL","NOT SPECIFIED","1.04",""
"SURVEY","1961","NOV","","STATE","ILLINOIS","17","","","","","","","00000000","","CORN","CORN, GRAIN - PRICE RECEIVED, MEASURED IN $ / BU","TOTAL","NOT SPECIFIED","0.98",""
"SURVEY","1961","OCT","","STATE","ILLINOIS","17","","","","","","","00000000","","CORN","CORN, GRAIN - PRICE RECEIVED, MEASURED IN $ / BU","TOTAL","NOT SPECIFIED","1",""
"SURVEY","1961","SEP","","STATE","ILLINOIS","17","","","","","","","00000000","","CORN","CORN, GRAIN - PRICE RECEIVED, MEASURED IN $ / BU","TOTAL","NOT SPECIFIED","1.02",""
"SURVEY","1960","APR","","STATE","ILLINOIS","17","","","","","","","00000000","","CORN","CORN, GRAIN - PRICE RECEIVED, MEASURED IN $ / BU","TOTAL","NOT SPECIFIED","1.09",""
"SURVEY","1960","AUG","","STATE","ILLINOIS","17","","","","","","","00000000","","CORN","CORN, GRAIN - PRICE RECEIVED, MEASURED IN $ / BU","TOTAL","NOT SPECIFIED","1.09",""
"SURVEY","1960","DEC","","STATE","ILLINOIS","17","","","","","","","00000000","","CORN","CORN, GRAIN - PRICE RECEIVED, MEASURED IN $ / BU","TOTAL","NOT SPECIFIED","0.92",""
"SURVEY","1960","FEB","","STATE","ILLINOIS","17","","","","","","","00000000","","CORN","CORN, GRAIN - PRICE RECEIVED, MEASURED IN $ / BU","TOTAL","NOT SPECIFIED","1.04",""
"SURVEY","1960","JAN","","STATE","ILLINOIS","17","","","","","","","00000000","","CORN","CORN, GRAIN - PRICE RECEIVED, MEASURED IN $ / BU","TOTAL","NOT SPECIFIED","1.03",""
"SURVEY","1960","JUL","","STATE","ILLINOIS","17","","","","","","","00000000","","CORN","CORN, GRAIN - PRICE RECEIVED, MEASURED IN $ / BU","TOTAL","NOT SPECIFIED","1.11",""
"SURVEY","1960","JUN","","STATE","ILLINOIS","17","","","","","","","00000000","","CORN","CORN, GRAIN - PRICE RECEIVED, MEASURED IN $ / BU","TOTAL","NOT SPECIFIED","1.11",""
"SURVEY","1960","MAR","","STATE","ILLINOIS","17","","","","","","","00000000","","CORN","CORN, GRAIN - PRICE RECEIVED, MEASURED IN $ / BU","TOTAL","NOT SPECIFIED","1.04",""
"SURVEY","1960","MARKETING YEAR","","STATE","ILLINOIS","17","","","","","","","00000000","","CORN","CORN, GRAIN - PRICE RECEIVED, MEASURED IN $ / BU","TOTAL","NOT SPECIFIED","1",""
"SURVEY","1960","MAY","","STATE","ILLINOIS","17","","","","","","","00000000","","CORN","CORN, GRAIN - PRICE RECEIVED, MEASURED IN $ / BU","TOTAL","NOT SPECIFIED","1.11",""
"SURVEY","1960","NOV","","STATE","ILLINOIS","17","","","","","","","00000000","","CORN","CORN, GRAIN - PRICE RECEIVED, MEASURED IN $ / BU","TOTAL","NOT SPECIFIED","0.86",""
"SURVEY","1960","OCT","","STATE","ILLINOIS","17","","","","","","","00000000","","CORN","CORN, GRAIN - PRICE RECEIVED, MEASURED IN $ / BU","TOTAL","NOT SPECIFIED","0.97",""
"SURVEY","1960","SEP","","STATE","ILLINOIS","17","","","","","","","00000000","","CORN","CORN, GRAIN - PRICE RECEIVED, MEASURED IN $ / BU","TOTAL","NOT SPECIFIED","1.06",""
"SURVEY","1959","APR","","STATE","ILLINOIS","17","","","","","","","00000000","","CORN","CORN, GRAIN - PRICE RECEIVED, MEASURED IN $ / BU","TOTAL","NOT SPECIFIED","1.17",""
"SURVEY","1959","AUG","","STATE","ILLINOIS","17","","","","","","","00000000","","CORN","CORN, GRAIN - PRICE RECEIVED, MEASURED IN $ / BU","TOTAL","NOT SPECIFIED","1.17",""
"SURVEY","1959","DEC","","STATE","ILLINOIS","17","","","","","","","00000000","","CORN","CORN, GRAIN - PRICE RECEIVED, MEASURED IN $ / BU","TOTAL","NOT SPECIFIED","0.99",""
"SURVEY","1959","FEB","","STATE","ILLINOIS","17","","","","","","","00000000","","CORN","CORN, GRAIN - PRICE RECEIVED, MEASURED IN $ / BU","TOTAL","NOT SPECIFIED","1.06",""
"SURVEY","1959","JAN","","STATE","ILLINOIS","17","","","","","","","00000000","","CORN","CORN, GRAIN - PRICE RECEIVED, MEASURED IN $ / BU","TOTAL","NOT SPECIFIED","1.05",""
"SURVEY","1959","JUL","","STATE","ILLINOIS","17","","","","","","","00000000","","CORN","CORN, GRAIN - PRICE RECEIVED, MEASURED IN $ / BU","TOTAL","NOT SPECIFIED","1.17",""
"SURVEY","1959","JUN","","STATE","ILLINOIS","17","","","","","","","00000000","","CORN","CORN, GRAIN - PRICE RECEIVED, MEASURED IN $ / BU","TOTAL","NOT SPECIFIED","1.19",""
"SURVEY","1959","MAR","","STATE","ILLINOIS","17","","","","","","","00000000","","CORN","CORN, GRAIN - PRICE RECEIVED, MEASURED IN $ / BU","TOTAL","NOT SPECIFIED","1.08",""
"SURVEY","1959","MARKETING YEAR","","STATE","ILLINOIS","17","","","","","","","00000000","","CORN","CORN, GRAIN - PRICE RECEIVED, MEASURED IN $ / BU","TOTAL","NOT SPECIFIED","1.06",""
"SURVEY","1959","MAY","","STATE","ILLINOIS","17","","","","","","","00000000","","CORN","CORN, GRAIN - PRICE RECEIVED, MEASURED IN $ / BU","TOTAL","NOT SPECIFIED","1.18",""
"SURVEY","1959","NOV","","STATE","ILLINOIS","17","","","","","","","00000000","","CORN","CORN, GRAIN - PRICE RECEIVED, MEASURED IN $ / BU","TOTAL","NOT SPECIFIED","1",""
"SURVEY","1959","OCT","","STATE","ILLINOIS","17","","","","","","","00000000","","CORN","CORN, GRAIN - PRICE RECEIVED, MEASURED IN $ / BU","TOTAL","NOT SPECIFIED","0.96",""
"SURVEY","1959","SEP","","STATE","ILLINOIS","17","","","","","","","00000000","","CORN","CORN, GRAIN - PRICE RECEIVED, MEASURED IN $ / BU","TOTAL","NOT SPECIFIED","1.09",""
"SURVEY","1958","APR","","STATE","ILLINOIS","17","","","","","","","00000000","","CORN","CORN, GRAIN - PRICE RECEIVED, MEASURED IN $ / BU","TOTAL","NOT SPECIFIED","1.18",""
"SURVEY","1958","AUG","","STATE","ILLINOIS","17","","","","","","","00000000","","CORN","CORN, GRAIN - PRICE RECEIVED, MEASURED IN $ / BU","TOTAL","NOT SPECIFIED","1.24",""
"SURVEY","1958","DEC","","STATE","ILLINOIS","17","","","","","","","00000000","","CORN","CORN, GRAIN - PRICE RECEIVED, MEASURED IN $ / BU","TOTAL","NOT SPECIFIED","1.04",""
"SURVEY","1958","FEB","","STATE","ILLINOIS","17","","","","","","","00000000","","CORN","CORN, GRAIN - PRICE RECEIVED, MEASURED IN $ / BU","TOTAL","NOT SPECIFIED","0.98",""
"SURVEY","1958","JAN","","STATE","ILLINOIS","17","","","","","","","00000000","","CORN","CORN, GRAIN - PRICE RECEIVED, MEASURED IN $ / BU","TOTAL","NOT SPECIFIED","0.97",""
"SURVEY","1958","JUL","","STATE","ILLINOIS","17","","","","","","","00000000","","CORN","CORN, GRAIN - PRICE RECEIVED, MEASURED IN $ / BU","TOTAL","NOT SPECIFIED","1.23",""
"SURVEY","1958","JUN","","STATE","ILLINOIS","17","","","","","","","00000000","","CORN","CORN, GRAIN - PRICE RECEIVED, MEASURED IN $ / BU","TOTAL","NOT SPECIFIED","1.23",""
"SURVEY","1958","MAR","","STATE","ILLINOIS","17","","","","","","","00000000","","CORN","CORN, GRAIN - PRICE RECEIVED, MEASURED IN $ / BU","TOTAL","NOT SPECIFIED","1.04",""
"SURVEY","1958","MARKETING YEAR","","STATE","ILLINOIS","17","","","","","","","00000000","","CORN","CORN, GRAIN - PRICE RECEIVED, MEASURED IN $ / BU","TOTAL","NOT SPECIFIED","1.13",""
"SURVEY","1958","MAY","","STATE","ILLINOIS","17","","","","","","","00000000","","CORN","CORN, GRAIN - PRICE RECEIVED, MEASURED IN $ / BU","TOTAL","NOT SPECIFIED","1.2",""
"SURVEY","1958","NOV","","STATE","ILLINOIS","17","","","","","","","00000000","","CORN","CORN, GRAIN - PRICE RECEIVED, MEASURED IN $ / BU","TOTAL","NOT SPECIFIED","0.94",""
"SURVEY","1958","OCT","","STATE","ILLINOIS","17","","","","","","","00000000","","CORN","CORN, GRAIN - PRICE RECEIVED, MEASURED IN $ / BU","TOTAL","NOT SPECIFIED","1.02",""
"SURVEY","1958","SEP","","STATE","ILLINOIS","17","","","","","","","00000000","","CORN","CORN, GRAIN - PRICE RECEIVED, MEASURED IN $ / BU","TOTAL","NOT SPECIFIED","1.15",""
"SURVEY","1957","APR","","STATE","ILLINOIS","17","","","","","","","00000000","","CORN","CORN, GRAIN - PRICE RECEIVED, MEASURED IN $ / BU","TOTAL","NOT SPECIFIED","1.18",""
"SURVEY","1957","AUG","","STATE","ILLINOIS","17","","","","","","","00000000","","CORN","CORN, GRAIN - PRICE RECEIVED, MEASURED IN $ / BU","TOTAL","NOT SPECIFIED","1.22",""
"SURVEY","1957","DEC","","STATE","ILLINOIS","17","","","","","","","00000000","","CORN","CORN, GRAIN - PRICE RECEIVED, MEASURED IN $ / BU","TOTAL","NOT SPECIFIED","1.01",""
"SURVEY","1957","FEB","","STATE","ILLINOIS","17","","","","","","","00000000","","CORN","CORN, GRAIN - PRICE RECEIVED, MEASURED IN $ / BU","TOTAL","NOT SPECIFIED","1.16",""
"SURVEY","1957","JAN","","STATE","ILLINOIS","17","","","","","","","00000000","","CORN","CORN, GRAIN - PRICE RECEIVED, MEASURED IN $ / BU","TOTAL","NOT SPECIFIED","1.22",""
"SURVEY","1957","JUL","","STATE","ILLINOIS","17","","","","","","","00000000","","CORN","CORN, GRAIN - PRICE RECEIVED, MEASURED IN $ / BU","TOTAL","NOT SPECIFIED","1.21",""
"SURVEY","1957","JUN","","STATE","ILLINOIS","17","","","","","","","00000000","","CORN","CORN, GRAIN - PRICE RECEIVED, MEASURED IN $ / BU","TOTAL","NOT SPECIFIED","1.2",""
"SURVEY","1957","MAR","","STATE","ILLINOIS","17","","","","","","","00000000","","CORN","CORN, GRAIN - PRICE RECEIVED, MEASURED IN $ / BU","TOTAL","NOT SPECIFIED","1.18",""
"SURVEY","1957","MARKETING YEAR","","STATE","ILLINOIS","17","","","","","","","00000000","","CORN","CORN, GRAIN - PRICE RECEIVED, MEASURED IN $ / BU","TOTAL","NOT SPECIFIED","1.15",""
"SURVEY","1957","MAY","","STATE","ILLINOIS","17","","","","","","","00000000","","CORN","CORN, GRAIN - PRICE RECEIVED, MEASURED IN $ / BU","TOTAL","NOT SPECIFIED","1.2",""
"SURVEY","1957","NOV","","STATE","ILLINOIS","17","","","","","","","00000000","","CORN","CORN, GRAIN - PRICE RECEIVED, MEASURED IN $ / BU","TOTAL","NOT SPECIFIED","0.98",""
"SURVEY","1957","OCT","","STATE","ILLINOIS","17","","","","","","","00000000","","CORN","CORN, GRAIN - PRICE RECEIVED, MEASURED IN $ / BU","TOTAL","NOT SPECIFIED","1.04",""
"SURVEY","1957","SEP","","STATE","ILLINOIS","17","","","","","","","00000000","","CORN","CORN, GRAIN - PRICE RECEIVED, MEASURED IN $ / BU","TOTAL","NOT SPECIFIED","1.13",""
"SURVEY","1956","APR","","STATE","ILLINOIS","17","","","","","","","00000000","","CORN","CORN, GRAIN - PRICE RECEIVED, MEASURED IN $ / BU","TOTAL","NOT SPECIFIED","1.32",""
"SURVEY","1956","AUG","","STATE","ILLINOIS","17","","","","","","","00000000","","CORN","CORN, GRAIN - PRICE RECEIVED, MEASURED IN $ / BU","TOTAL","NOT SPECIFIED","1.46",""
"SURVEY","1956","DEC","","STATE","ILLINOIS","17","","","","","","","00000000","","CORN","CORN, GRAIN - PRICE RECEIVED, MEASURED IN $ / BU","TOTAL","NOT SPECIFIED","1.23",""
"SURVEY","1956","FEB","","STATE","ILLINOIS","17","","","","","","","00000000","","CORN","CORN, GRAIN - PRICE RECEIVED, MEASURED IN $ / BU","TOTAL","NOT SPECIFIED","1.16",""
"SURVEY","1956","JAN","","STATE","ILLINOIS","17","","","","","","","00000000","","CORN","CORN, GRAIN - PRICE RECEIVED, MEASURED IN $ / BU","TOTAL","NOT SPECIFIED","1.14",""
"SURVEY","1956","JUL","","STATE","ILLINOIS","17","","","","","","","00000000","","CORN","CORN, GRAIN - PRICE RECEIVED, MEASURED IN $ / BU","TOTAL","NOT SPECIFIED","1.45",""
"SURVEY","1956","JUN","","STATE","ILLINOIS","17","","","","","","","00000000","","CORN","CORN, GRAIN - PRICE RECEIVED, MEASURED IN $ / BU","TOTAL","NOT SPECIFIED","1.44",""
"SURVEY","1956","MAR","","STATE","ILLINOIS","17","","","","","","","00000000","","CORN","CORN, GRAIN - PRICE RECEIVED, MEASURED IN $ / BU","TOTAL","NOT SPECIFIED","1.19",""
"SURVEY","1956","MARKETING YEAR","","STATE","ILLINOIS","17","","","","","","","00000000","","CORN","CORN, GRAIN - PRICE RECEIVED, MEASURED IN $ / BU","TOTAL","NOT SPECIFIED","1.31",""
"SURVEY","1956","MAY","","STATE","ILLINOIS","17","","","","","","","00000000","","CORN","CORN, GRAIN - PRICE RECEIVED, MEASURED IN $ / BU","TOTAL","NOT SPECIFIED","1.41",""
"SURVEY","1956","NOV","","STATE","ILLINOIS","17","","","","","","","00000000","","CORN","CORN, GRAIN - PRICE RECEIVED, MEASURED IN $ / BU","TOTAL","NOT SPECIFIED","1.22",""
"SURVEY","1956","OCT","","STATE","ILLINOIS","17","","","","","","","00000000","","CORN","CORN, GRAIN - PRICE RECEIVED, MEASURED IN $ / BU","TOTAL","NOT SPECIFIED","1.12",""
"SURVEY","1956","SEP","","STATE","ILLINOIS","17","","","","","","","00000000","","CORN","CORN, GRAIN - PRICE RECEIVED, MEASURED IN $ / BU","TOTAL","NOT SPECIFIED","1.45",""
"SURVEY","1955","APR","","STATE","ILLINOIS","17","","","","","","","00000000","","CORN","CORN, GRAIN - PRICE RECEIVED, MEASURED IN $ / BU","TOTAL","NOT SPECIFIED","1.36",""
"SURVEY","1955","AUG","","STATE","ILLINOIS","17","","","","","","","00000000","","CORN","CORN, GRAIN - PRICE RECEIVED, MEASURED IN $ / BU","TOTAL","NOT SPECIFIED","1.21",""
"SURVEY","1955","DEC","","STATE","ILLINOIS","17","","","","","","","00000000","","CORN","CORN, GRAIN - PRICE RECEIVED, MEASURED IN $ / BU","TOTAL","NOT SPECIFIED","1.14",""
"SURVEY","1955","FEB","","STATE","ILLINOIS","17","","","","","","","00000000","","CORN","CORN, GRAIN - PRICE RECEIVED, MEASURED IN $ / BU","TOTAL","NOT SPECIFIED","1.41",""
"SURVEY","1955","JAN","","STATE","ILLINOIS","17","","","","","","","00000000","","CORN","CORN, GRAIN - PRICE RECEIVED, MEASURED IN $ / BU","TOTAL","NOT SPECIFIED","1.43",""
"SURVEY","1955","JUL","","STATE","ILLINOIS","17","","","","","","","00000000","","CORN","CORN, GRAIN - PRICE RECEIVED, MEASURED IN $ / BU","TOTAL","NOT SPECIFIED","1.38",""
"SURVEY","1955","JUN","","STATE","ILLINOIS","17","","","","","","","00000000","","CORN","CORN, GRAIN - PRICE RECEIVED, MEASURED IN $ / BU","TOTAL","NOT SPECIFIED","1.38",""
"SURVEY","1955","MAR","","STATE","ILLINOIS","17","","","","","","","00000000","","CORN","CORN, GRAIN - PRICE RECEIVED, MEASURED IN $ / BU","TOTAL","NOT SPECIFIED","1.37",""
"SURVEY","1955","MARKETING YEAR","","STATE","ILLINOIS","17","","","","","","","00000000","","CORN","CORN, GRAIN - PRICE RECEIVED, MEASURED IN $ / BU","TOTAL","NOT SPECIFIED","1.38",""
"SURVEY","1955","MAY","","STATE","ILLINOIS","17","","","","","","","00000000","","CORN","CORN, GRAIN - PRICE RECEIVED, MEASURED IN $ / BU","TOTAL","NOT SPECIFIED","1.38",""
"SURVEY","1955","NOV","","STATE","ILLINOIS","17","","","","","","","00000000","","CORN","CORN, GRAIN - PRICE RECEIVED, MEASURED IN $ / BU","TOTAL","NOT SPECIFIED","1.02",""
"SURVEY","1955","OCT","","STATE","ILLINOIS","17","","","","","","","00000000","","CORN","CORN, GRAIN - PRICE RECEIVED, MEASURED IN $ / BU","TOTAL","NOT SPECIFIED","1.09",""
"SURVEY","1955","SEP","","STATE","ILLINOIS","17","","","","","","","00000000","","CORN","CORN, GRAIN - PRICE RECEIVED, MEASURED IN $ / BU","TOTAL","NOT SPECIFIED","1.17",""
"SURVEY","1954","APR","","STATE","ILLINOIS","17","","","","","","","00000000","","CORN","CORN, GRAIN - PRICE RECEIVED, MEASURED IN $ / BU","TOTAL","NOT SPECIFIED","1.44",""
"SURVEY","1954","AUG","","STATE","ILLINOIS","17","","","","","","","00000000","","CORN","CORN, GRAIN - PRICE RECEIVED, MEASURED IN $ / BU","TOTAL","NOT SPECIFIED","1.57",""
"SURVEY","1954","DEC","","STATE","ILLINOIS","17","","","","","","","00000000","","CORN","CORN, GRAIN - PRICE RECEIVED, MEASURED IN $ / BU","TOTAL","NOT SPECIFIED","1.41",""
"SURVEY","1954","FEB","","STATE","ILLINOIS","17","","","","","","","00000000","","CORN","CORN, GRAIN - PRICE RECEIVED, MEASURED IN $ / BU","TOTAL","NOT SPECIFIED","1.44",""
"SURVEY","1954","JAN","","STATE","ILLINOIS","17","","","","","","","00000000","","CORN","CORN, GRAIN - PRICE RECEIVED, MEASURED IN $ / BU","TOTAL","NOT SPECIFIED","1.43",""
"SURVEY","1954","JUL","","STATE","ILLINOIS","17","","","","","","","00000000","","CORN","CORN, GRAIN - PRICE RECEIVED, MEASURED IN $ / BU","TOTAL","NOT SPECIFIED","1.52",""
"SURVEY","1954","JUN","","STATE","ILLINOIS","17","","","","","","","00000000","","CORN","CORN, GRAIN - PRICE RECEIVED, MEASURED IN $ / BU","TOTAL","NOT SPECIFIED","1.49",""
"SURVEY","1954","MAR","","STATE","ILLINOIS","17","","","","","","","00000000","","CORN","CORN, GRAIN - PRICE RECEIVED, MEASURED IN $ / BU","TOTAL","NOT SPECIFIED","1.44",""
"SURVEY","1954","MARKETING YEAR","","STATE","ILLINOIS","17","","","","","","","00000000","","CORN","CORN, GRAIN - PRICE RECEIVED, MEASURED IN $ / BU","TOTAL","NOT SPECIFIED","1.44",""
"SURVEY","1954","MAY","","STATE","ILLINOIS","17","","","","","","","00000000","","CORN","CORN, GRAIN - PRICE RECEIVED, MEASURED IN $ / BU","TOTAL","NOT SPECIFIED","1.48",""
"SURVEY","1954","NOV","","STATE","ILLINOIS","17","","","","","","","00000000","","CORN","CORN, GRAIN - PRICE RECEIVED, MEASURED IN $ / BU","TOTAL","NOT SPECIFIED","1.38",""
"SURVEY","1954","OCT","","STATE","ILLINOIS","17","","","","","","","00000000","","CORN","CORN, GRAIN - PRICE RECEIVED, MEASURED IN $ / BU","TOTAL","NOT SPECIFIED","1.42",""
"SURVEY","1954","SEP","","STATE","ILLINOIS","17","","","","","","","00000000","","CORN","CORN, GRAIN - PRICE RECEIVED, MEASURED IN $ / BU","TOTAL","NOT SPECIFIED","1.55",""
"SURVEY","1953","APR","","STATE","ILLINOIS","17","","","","","","","00000000","","CORN","CORN, GRAIN - PRICE RECEIVED, MEASURED IN $ / BU","TOTAL","NOT SPECIFIED","1.46",""
"SURVEY","1953","AUG","","STATE","ILLINOIS","17","","","","","","","00000000","","CORN","CORN, GRAIN - PRICE RECEIVED, MEASURED IN $ / BU","TOTAL","NOT SPECIFIED","1.48",""
"SURVEY","1953","DEC","","STATE","ILLINOIS","17","","","","","","","00000000","","CORN","CORN, GRAIN - PRICE RECEIVED, MEASURED IN $ / BU","TOTAL","NOT SPECIFIED","1.45",""
"SURVEY","1953","FEB","","STATE","ILLINOIS","17","","","","","","","00000000","","CORN","CORN, GRAIN - PRICE RECEIVED, MEASURED IN $ / BU","TOTAL","NOT SPECIFIED","1.41",""
"SURVEY","1953","JAN","","STATE","ILLINOIS","17","","","","","","","00000000","","CORN","CORN, GRAIN - PRICE RECEIVED, MEASURED IN $ / BU","TOTAL","NOT SPECIFIED","1.48",""
"SURVEY","1953","JUL","","STATE","ILLINOIS","17","","","","","","","00000000","","CORN","CORN, GRAIN - PRICE RECEIVED, MEASURED IN $ / BU","TOTAL","NOT SPECIFIED","1.46",""
"SURVEY","1953","JUN","","STATE","ILLINOIS","17","","","","","","","00000000","","CORN","CORN, GRAIN - PRICE RECEIVED, MEASURED IN $ / BU","TOTAL","NOT SPECIFIED","1.45",""
"SURVEY","1953","MAR","","STATE","ILLINOIS","17","","","","","","","00000000","","CORN","CORN, GRAIN - PRICE RECEIVED, MEASURED IN $ / BU","TOTAL","NOT SPECIFIED","1.46",""
"SURVEY","1953","MARKETING YEAR","","STATE","ILLINOIS","17","","","","","","","00000000","","CORN","CORN, GRAIN - PRICE RECEIVED, MEASURED IN $ / BU","TOTAL","NOT SPECIFIED","1.49",""
"SURVEY","1953","MAY","","STATE","ILLINOIS","17","","","","","","","00000000","","CORN","CORN, GRAIN - PRICE RECEIVED, MEASURED IN $ / BU","TOTAL","NOT SPECIFIED","1.48",""
"SURVEY","1953","NOV","","STATE","ILLINOIS","17","","","","","","","00000000","","CORN","CORN, GRAIN - PRICE RECEIVED, MEASURED IN $ / BU","TOTAL","NOT SPECIFIED","1.34",""
"SURVEY","1953","OCT","","STATE","ILLINOIS","17","","","","","","","00000000","","CORN","CORN, GRAIN - PRICE RECEIVED, MEASURED IN $ / BU","TOTAL","NOT SPECIFIED","1.32",""
"SURVEY","1953","SEP","","STATE","ILLINOIS","17","","","","","","","00000000","","CORN","CORN, GRAIN - PRICE RECEIVED, MEASURED IN $ / BU","TOTAL","NOT SPECIFIED","1.52",""
"SURVEY","1952","APR","","STATE","ILLINOIS","17","","","","","","","00000000","","CORN","CORN, GRAIN - PRICE RECEIVED, MEASURED IN $ / BU","TOTAL","NOT SPECIFIED","1.69",""
"SURVEY","1952","AUG","","STATE","ILLINOIS","17","","","","","","","00000000","","CORN","CORN, GRAIN - PRICE RECEIVED, MEASURED IN $ / BU","TOTAL","NOT SPECIFIED","1.69",""
"SURVEY","1952","DEC","","STATE","ILLINOIS","17","","","","","","","00000000","","CORN","CORN, GRAIN - PRICE RECEIVED, MEASURED IN $ / BU","TOTAL","NOT SPECIFIED","1.52",""
"SURVEY","1952","FEB","","STATE","ILLINOIS","17","","","","","","","00000000","","CORN","CORN, GRAIN - PRICE RECEIVED, MEASURED IN $ / BU","TOTAL","NOT SPECIFIED","1.69",""
"SURVEY","1952","JAN","","STATE","ILLINOIS","17","","","","","","","00000000","","CORN","CORN, GRAIN - PRICE RECEIVED, MEASURED IN $ / BU","TOTAL","NOT SPECIFIED","1.76",""
"SURVEY","1952","JUL","","STATE","ILLINOIS","17","","","","","","","00000000","","CORN","CORN, GRAIN - PRICE RECEIVED, MEASURED IN $ / BU","TOTAL","NOT SPECIFIED","1.71",""
"SURVEY","1952","JUN","","STATE","ILLINOIS","17","","","","","","","00000000","","CORN","CORN, GRAIN - PRICE RECEIVED, MEASURED IN $ / BU","TOTAL","NOT SPECIFIED","1.73",""
"SURVEY","1952","MAR","","STATE","ILLINOIS","17","","","","","","","00000000","","CORN","CORN, GRAIN - PRICE RECEIVED, MEASURED IN $ / BU","TOTAL","NOT SPECIFIED","1.68",""
"SURVEY","1952","MARKETING YEAR","","STATE","ILLINOIS","17","","","","","","","00000000","","CORN","CORN, GRAIN - PRICE RECEIVED, MEASURED IN $ / BU","TOTAL","NOT SPECIFIED","1.52",""
"SURVEY","1952","MAY","","STATE","ILLINOIS","17","","","","","","","00000000","","CORN","CORN, GRAIN - PRICE RECEIVED, MEASURED IN $ / BU","TOTAL","NOT SPECIFIED","1.71",""
"SURVEY","1952","NOV","","STATE","ILLINOIS","17","","","","","","","00000000","","CORN","CORN, GRAIN - PRICE RECEIVED, MEASURED IN $ / BU","TOTAL","NOT SPECIFIED","1.45",""
"SURVEY","1952","OCT","","STATE","ILLINOIS","17","","","","","","","00000000","","CORN","CORN, GRAIN - PRICE RECEIVED, MEASURED IN $ / BU","TOTAL","NOT SPECIFIED","1.5",""
"SURVEY","1952","SEP","","STATE","ILLINOIS","17","","","","","","","00000000","","CORN","CORN, GRAIN - PRICE RECEIVED, MEASURED IN $ / BU","TOTAL","NOT SPECIFIED","1.67",""
"SURVEY","1951","APR","","STATE","ILLINOIS","17","","","","","","","00000000","","CORN","CORN, GRAIN - PRICE RECEIVED, MEASURED IN $ / BU","TOTAL","NOT SPECIFIED","1.67",""
"SURVEY","1951","AUG","","STATE","ILLINOIS","17","","","","","","","00000000","","CORN","CORN, GRAIN - PRICE RECEIVED, MEASURED IN $ / BU","TOTAL","NOT SPECIFIED","1.67",""
"SURVEY","1951","DEC","","STATE","ILLINOIS","17","","","","","","","00000000","","CORN","CORN, GRAIN - PRICE RECEIVED, MEASURED IN $ / BU","TOTAL","NOT SPECIFIED","1.77",""
"SURVEY","1951","FEB","","STATE","ILLINOIS","17","","","","","","","00000000","","CORN","CORN, GRAIN - PRICE RECEIVED, MEASURED IN $ / BU","TOTAL","NOT SPECIFIED","1.66",""
"SURVEY","1951","JAN","","STATE","ILLINOIS","17","","","","","","","00000000","","CORN","CORN, GRAIN - PRICE RECEIVED, MEASURED IN $ / BU","TOTAL","NOT SPECIFIED","1.6",""
"SURVEY","1951","JUL","","STATE","ILLINOIS","17","","","","","","","00000000","","CORN","CORN, GRAIN - PRICE RECEIVED, MEASURED IN $ / BU","TOTAL","NOT SPECIFIED","1.65",""
"SURVEY","1951","JUN","","STATE","ILLINOIS","17","","","","","","","00000000","","CORN","CORN, GRAIN - PRICE RECEIVED, MEASURED IN $ / BU","TOTAL","NOT SPECIFIED","1.64",""
"SURVEY","1951","MAR","","STATE","ILLINOIS","17","","","","","","","00000000","","CORN","CORN, GRAIN - PRICE RECEIVED, MEASURED IN $ / BU","TOTAL","NOT SPECIFIED","1.64",""
"SURVEY","1951","MARKETING YEAR","","STATE","ILLINOIS","17","","","","","","","00000000","","CORN","CORN, GRAIN - PRICE RECEIVED, MEASURED IN $ / BU","TOTAL","NOT SPECIFIED","1.7",""
"SURVEY","1951","MAY","","STATE","ILLINOIS","17","","","","","","","00000000","","CORN","CORN, GRAIN - PRICE RECEIVED, MEASURED IN $ / BU","TOTAL","NOT SPECIFIED","1.67",""
"SURVEY","1951","NOV","","STATE","ILLINOIS","17","","","","","","","00000000","","CORN","CORN, GRAIN - PRICE RECEIVED, MEASURED IN $ / BU","TOTAL","NOT SPECIFIED","1.67",""
"SURVEY","1951","OCT","","STATE","ILLINOIS","17","","","","","","","00000000","","CORN","CORN, GRAIN - PRICE RECEIVED, MEASURED IN $ / BU","TOTAL","NOT SPECIFIED","1.67",""
"SURVEY","1951","SEP","","STATE","ILLINOIS","17","","","","","","","00000000","","CORN","CORN, GRAIN - PRICE RECEIVED, MEASURED IN $ / BU","TOTAL","NOT SPECIFIED","1.69",""
"SURVEY","1950","APR","","STATE","ILLINOIS","17","","","","","","","00000000","","CORN","CORN, GRAIN - PRICE RECEIVED, MEASURED IN $ / BU","TOTAL","NOT SPECIFIED","1.27",""
"SURVEY","1950","AUG","","STATE","ILLINOIS","17","","","","","","","00000000","","CORN","CORN, GRAIN - PRICE RECEIVED, MEASURED IN $ / BU","TOTAL","NOT SPECIFIED","1.42",""
"SURVEY","1950","DEC","","STATE","ILLINOIS","17","","","","","","","00000000","","CORN","CORN, GRAIN - PRICE RECEIVED, MEASURED IN $ / BU","TOTAL","NOT SPECIFIED","1.53",""
"SURVEY","1950","FEB","","STATE","ILLINOIS","17","","","","","","","00000000","","CORN","CORN, GRAIN - PRICE RECEIVED, MEASURED IN $ / BU","TOTAL","NOT SPECIFIED","1.18",""
"SURVEY","1950","JAN","","STATE","ILLINOIS","17","","","","","","","00000000","","CORN","CORN, GRAIN - PRICE RECEIVED, MEASURED IN $ / BU","TOTAL","NOT SPECIFIED","1.18",""
"SURVEY","1950","JUL","","STATE","ILLINOIS","17","","","","","","","00000000","","CORN","CORN, GRAIN - PRICE RECEIVED, MEASURED IN $ / BU","TOTAL","NOT SPECIFIED","1.42",""
"SURVEY","1950","JUN","","STATE","ILLINOIS","17","","","","","","","00000000","","CORN","CORN, GRAIN - PRICE RECEIVED, MEASURED IN $ / BU","TOTAL","NOT SPECIFIED","1.35",""
"SURVEY","1950","MAR","","STATE","ILLINOIS","17","","","","","","","00000000","","CORN","CORN, GRAIN - PRICE RECEIVED, MEASURED IN $ / BU","TOTAL","NOT SPECIFIED","1.2",""
"SURVEY","1950","MARKETING YEAR","","STATE","ILLINOIS","17","","","","","","","00000000","","CORN","CORN, GRAIN - PRICE RECEIVED, MEASURED IN $ / BU","TOTAL","NOT SPECIFIED","1.59",""
"SURVEY","1950","MAY","","STATE","ILLINOIS","17","","","","","","","00000000","","CORN","CORN, GRAIN - PRICE RECEIVED, MEASURED IN $ / BU","TOTAL","NOT SPECIFIED","1.35",""
"SURVEY","1950","NOV","","STATE","ILLINOIS","17","","","","","","","00000000","","CORN","CORN, GRAIN - PRICE RECEIVED, MEASURED IN $ / BU","TOTAL","NOT SPECIFIED","1.44",""
"SURVEY","1950","OCT","","STATE","ILLINOIS","17","","","","","","","00000000","","CORN","CORN, GRAIN - PRICE RECEIVED, MEASURED IN $ / BU","TOTAL","NOT SPECIFIED","1.39",""
"SURVEY","1950","SEP","","STATE","ILLINOIS","17","","","","","","","00000000","","CORN","CORN, GRAIN - PRICE RECEIVED, MEASURED IN $ / BU","TOTAL","NOT SPECIFIED","1.43",""
"SURVEY","1949","APR","","STATE","ILLINOIS","17","","","","","","","00000000","","CORN","CORN, GRAIN - PRICE RECEIVED, MEASURED IN $ / BU","TOTAL","NOT SPECIFIED","1.22",""
"SURVEY","1949","AUG","","STATE","ILLINOIS","17","","","","","","","00000000","","CORN","CORN, GRAIN - PRICE RECEIVED, MEASURED IN $ / BU","TOTAL","NOT SPECIFIED","1.14",""
"SURVEY","1949","DEC","","STATE","ILLINOIS","17","","","","","","","00000000","","CORN","CORN, GRAIN - PRICE RECEIVED, MEASURED IN $ / BU","TOTAL","NOT SPECIFIED","1.18",""
"SURVEY","1949","FEB","","STATE","ILLINOIS","17","","","","","","","00000000","","CORN","CORN, GRAIN - PRICE RECEIVED, MEASURED IN $ / BU","TOTAL","NOT SPECIFIED","1.12",""
"SURVEY","1949","JAN","","STATE","ILLINOIS","17","","","","","","","00000000","","CORN","CORN, GRAIN - PRICE RECEIVED, MEASURED IN $ / BU","TOTAL","NOT SPECIFIED","1.26",""
"SURVEY","1949","JUL","","STATE","ILLINOIS","17","","","","","","","00000000","","CORN","CORN, GRAIN - PRICE RECEIVED, MEASURED IN $ / BU","TOTAL","NOT SPECIFIED","1.25",""
"SURVEY","1949","JUN","","STATE","ILLINOIS","17","","","","","","","00000000","","CORN","CORN, GRAIN - PRICE RECEIVED, MEASURED IN $ / BU","TOTAL","NOT SPECIFIED","1.21",""
"SURVEY","1949","MAR","","STATE","ILLINOIS","17","","","","","","","00000000","","CORN","CORN, GRAIN - PRICE RECEIVED, MEASURED IN $ / BU","TOTAL","NOT SPECIFIED","1.18",""
"SURVEY","1949","MARKETING YEAR","","STATE","ILLINOIS","17","","","","","","","00000000","","CORN","CORN, GRAIN - PRICE RECEIVED, MEASURED IN $ / BU","TOTAL","NOT SPECIFIED","1.25",""
"SURVEY","1949","MAY","","STATE","ILLINOIS","17","","","","","","","00000000","","CORN","CORN, GRAIN - PRICE RECEIVED, MEASURED IN $ / BU","TOTAL","NOT SPECIFIED","1.23",""
"SURVEY","1949","NOV","","STATE","ILLINOIS","17","","","","","","","00000000","","CORN","CORN, GRAIN - PRICE RECEIVED, MEASURED IN $ / BU","TOTAL","NOT SPECIFIED","0.99",""
"SURVEY","1949","OCT","","STATE","ILLINOIS","17","","","","","","","00000000","","CORN","CORN, GRAIN - PRICE RECEIVED, MEASURED IN $ / BU","TOTAL","NOT SPECIFIED","1.06",""
"SURVEY","1949","SEP","","STATE","ILLINOIS","17","","","","","","","00000000","","CORN","CORN, GRAIN - PRICE RECEIVED, MEASURED IN $ / BU","TOTAL","NOT SPECIFIED","1.15",""
"SURVEY","1948","APR","","STATE","ILLINOIS","17","","","","","","","00000000","","CORN","CORN, GRAIN - PRICE RECEIVED, MEASURED IN $ / BU","TOTAL","NOT SPECIFIED","2.23",""
"SURVEY","1948","AUG","","STATE","ILLINOIS","17","","","","","","","00000000","","CORN","CORN, GRAIN - PRICE RECEIVED, MEASURED IN $ / BU","TOTAL","NOT SPECIFIED","1.91",""
"SURVEY","1948","DEC","","STATE","ILLINOIS","17","","","","","","","00000000","","CORN","CORN, GRAIN - PRICE RECEIVED, MEASURED IN $ / BU","TOTAL","NOT SPECIFIED","1.23",""
"SURVEY","1948","FEB","","STATE","ILLINOIS","17","","","","","","","00000000","","CORN","CORN, GRAIN - PRICE RECEIVED, MEASURED IN $ / BU","TOTAL","NOT SPECIFIED","1.9",""
"SURVEY","1948","JAN","","STATE","ILLINOIS","17","","","","","","","00000000","","CORN","CORN, GRAIN - PRICE RECEIVED, MEASURED IN $ / BU","TOTAL","NOT SPECIFIED","2.57",""
"SURVEY","1948","JUL","","STATE","ILLINOIS","17","","","","","","","00000000","","CORN","CORN, GRAIN - PRICE RECEIVED, MEASURED IN $ / BU","TOTAL","NOT SPECIFIED","2.01",""
"SURVEY","1948","JUN","","STATE","ILLINOIS","17","","","","","","","00000000","","CORN","CORN, GRAIN - PRICE RECEIVED, MEASURED IN $ / BU","TOTAL","NOT SPECIFIED","2.18",""
"SURVEY","1948","MAR","","STATE","ILLINOIS","17","","","","","","","00000000","","CORN","CORN, GRAIN - PRICE RECEIVED, MEASURED IN $ / BU","TOTAL","NOT SPECIFIED","2.14",""
"SURVEY","1948","MARKETING YEAR","","STATE","ILLINOIS","17","","","","","","","00000000","","CORN","CORN, GRAIN - PRICE RECEIVED, MEASURED IN $ / BU","TOTAL","NOT SPECIFIED","1.27",""
"SURVEY","1948","MAY","","STATE","ILLINOIS","17","","","","","","","00000000","","CORN","CORN, GRAIN - PRICE RECEIVED, MEASURED IN $ / BU","TOTAL","NOT SPECIFIED","2.19",""
"SURVEY","1948","NOV","","STATE","ILLINOIS","17","","","","","","","00000000","","CORN","CORN, GRAIN - PRICE RECEIVED, MEASURED IN $ / BU","TOTAL","NOT SPECIFIED","1.19",""
"SURVEY","1948","OCT","","STATE","ILLINOIS","17","","","","","","","00000000","","CORN","CORN, GRAIN - PRICE RECEIVED, MEASURED IN $ / BU","TOTAL","NOT SPECIFIED","1.32",""
"SURVEY","1948","SEP","","STATE","ILLINOIS","17","","","","","","","00000000","","CORN","CORN, GRAIN - PRICE RECEIVED, MEASURED IN $ / BU","TOTAL","NOT SPECIFIED","1.79",""
"SURVEY","1947","APR","","STATE","ILLINOIS","17","","","","","","","00000000","","CORN","CORN, GRAIN - PRICE RECEIVED, MEASURED IN $ / BU","TOTAL","NOT SPECIFIED","1.67",""
"SURVEY","1947","AUG","","STATE","ILLINOIS","17","","","","","","","00000000","","CORN","CORN, GRAIN - PRICE RECEIVED, MEASURED IN $ / BU","TOTAL","NOT SPECIFIED","2.22",""
"SURVEY","1947","DEC","","STATE","ILLINOIS","17","","","","","","","00000000","","CORN","CORN, GRAIN - PRICE RECEIVED, MEASURED IN $ / BU","TOTAL","NOT SPECIFIED","2.45",""
"SURVEY","1947","FEB","","STATE","ILLINOIS","17","","","","","","","00000000","","CORN","CORN, GRAIN - PRICE RECEIVED, MEASURED IN $ / BU","TOTAL","NOT SPECIFIED","1.22",""
"SURVEY","1947","JAN","","STATE","ILLINOIS","17","","","","","","","00000000","","CORN","CORN, GRAIN - PRICE RECEIVED, MEASURED IN $ / BU","TOTAL","NOT SPECIFIED","1.18",""
"SURVEY","1947","JUL","","STATE","ILLINOIS","17","","","","","","","00000000","","CORN","CORN, GRAIN - PRICE RECEIVED, MEASURED IN $ / BU","TOTAL","NOT SPECIFIED","2.03",""
"SURVEY","1947","JUN","","STATE","ILLINOIS","17","","","","","","","00000000","","CORN","CORN, GRAIN - PRICE RECEIVED, MEASURED IN $ / BU","TOTAL","NOT SPECIFIED","1.93",""
"SURVEY","1947","MAR","","STATE","ILLINOIS","17","","","","","","","00000000","","CORN","CORN, GRAIN - PRICE RECEIVED, MEASURED IN $ / BU","TOTAL","NOT SPECIFIED","1.53",""
"SURVEY","1947","MARKETING YEAR","","STATE","ILLINOIS","17","","","","","","","00000000","","CORN","CORN, GRAIN - PRICE RECEIVED, MEASURED IN $ / BU","TOTAL","NOT SPECIFIED","2.22",""
"SURVEY","1947","MAY","","STATE","ILLINOIS","17","","","","","","","00000000","","CORN","CORN, GRAIN - PRICE RECEIVED, MEASURED IN $ / BU","TOTAL","NOT SPECIFIED","1.61",""
"SURVEY","1947","NOV","","STATE","ILLINOIS","17","","","","","","","00000000","","CORN","CORN, GRAIN - PRICE RECEIVED, MEASURED IN $ / BU","TOTAL","NOT SPECIFIED","2.24",""
"SURVEY","1947","OCT","","STATE","ILLINOIS","17","","","","","","","00000000","","CORN","CORN, GRAIN - PRICE RECEIVED, MEASURED IN $ / BU","TOTAL","NOT SPECIFIED","2.27",""
"SURVEY","1947","SEP","","STATE","ILLINOIS","17","","","","","","","00000000","","CORN","CORN, GRAIN - PRICE RECEIVED, MEASURED IN $ / BU","TOTAL","NOT SPECIFIED","2.46",""
"SURVEY","1946","APR","","STATE","ILLINOIS","17","","","","","","","00000000","","CORN","CORN, GRAIN - PRICE RECEIVED, MEASURED IN $ / BU","TOTAL","NOT SPECIFIED","1.1",""
"SURVEY","1946","AUG","","STATE","ILLINOIS","17","","","","","","","00000000","","CORN","CORN, GRAIN - PRICE RECEIVED, MEASURED IN $ / BU","TOTAL","NOT SPECIFIED","1.77",""
"SURVEY","1946","DEC","","STATE","ILLINOIS","17","","","","","","","00000000","","CORN","CORN, GRAIN - PRICE RECEIVED, MEASURED IN $ / BU","TOTAL","NOT SPECIFIED","1.18",""
"SURVEY","1946","FEB","","STATE","ILLINOIS","17","","","","","","","00000000","","CORN","CORN, GRAIN - PRICE RECEIVED, MEASURED IN $ / BU","TOTAL","NOT SPECIFIED","1.06",""
"SURVEY","1946","JAN","","STATE","ILLINOIS","17","","","","","","","00000000","","CORN","CORN, GRAIN - PRICE RECEIVED, MEASURED IN $ / BU","TOTAL","NOT SPECIFIED","1.06",""
"SURVEY","1946","JUL","","STATE","ILLINOIS","17","","","","","","","00000000","","CORN","CORN, GRAIN - PRICE RECEIVED, MEASURED IN $ / BU","TOTAL","NOT SPECIFIED","2.05",""
"SURVEY","1946","JUN","","STATE","ILLINOIS","17","","","","","","","00000000","","CORN","CORN, GRAIN - PRICE RECEIVED, MEASURED IN $ / BU","TOTAL","NOT SPECIFIED","1.36",""
"SURVEY","1946","MAR","","STATE","ILLINOIS","17","","","","","","","00000000","","CORN","CORN, GRAIN - PRICE RECEIVED, MEASURED IN $ / BU","TOTAL","NOT SPECIFIED","1.09",""
"SURVEY","1946","MARKETING YEAR","","STATE","ILLINOIS","17","","","","","","","00000000","","CORN","CORN, GRAIN - PRICE RECEIVED, MEASURED IN $ / BU","TOTAL","NOT SPECIFIED","1.51",""
"SURVEY","1946","MAY","","STATE","ILLINOIS","17","","","","","","","00000000","","CORN","CORN, GRAIN - PRICE RECEIVED, MEASURED IN $ / BU","TOTAL","NOT SPECIFIED","1.35",""
"SURVEY","1946","NOV","","STATE","ILLINOIS","17","","","","","","","00000000","","CORN","CORN, GRAIN - PRICE RECEIVED, MEASURED IN $ / BU","TOTAL","NOT SPECIFIED","1.2",""
"SURVEY","1946","OCT","","STATE","ILLINOIS","17","","","","","","","00000000","","CORN","CORN, GRAIN - PRICE RECEIVED, MEASURED IN $ / BU","TOTAL","NOT SPECIFIED","1.58",""
"SURVEY","1946","SEP","","STATE","ILLINOIS","17","","","","","","","00000000","","CORN","CORN, GRAIN - PRICE RECEIVED, MEASURED IN $ / BU","TOTAL","NOT SPECIFIED","1.73",""
"SURVEY","1945","APR","","STATE","ILLINOIS","17","","","","","","","00000000","","CORN","CORN, GRAIN - PRICE RECEIVED, MEASURED IN $ / BU","TOTAL","NOT SPECIFIED","1.06",""
"SURVEY","1945","AUG","","STATE","ILLINOIS","17","","","","","","","00000000","","CORN","CORN, GRAIN - PRICE RECEIVED, MEASURED IN $ / BU","TOTAL","NOT SPECIFIED","1.08",""
"SURVEY","1945","DEC","","STATE","ILLINOIS","17","","","","","","","00000000","","CORN","CORN, GRAIN - PRICE RECEIVED, MEASURED IN $ / BU","TOTAL","NOT SPECIFIED","1.06",""
"SURVEY","1945","FEB","","STATE","ILLINOIS","17","","","","","","","00000000","","CORN","CORN, GRAIN - PRICE RECEIVED, MEASURED IN $ / BU","TOTAL","NOT SPECIFIED","1.04",""
"SURVEY","1945","JAN","","STATE","ILLINOIS","17","","","","","","","00000000","","CORN","CORN, GRAIN - PRICE RECEIVED, MEASURED IN $ / BU","TOTAL","NOT SPECIFIED","1.05",""
"SURVEY","1945","JUL","","STATE","ILLINOIS","17","","","","","","","00000000","","CORN","CORN, GRAIN - PRICE RECEIVED, MEASURED IN $ / BU","TOTAL","NOT SPECIFIED","1.08",""
"SURVEY","1945","JUN","","STATE","ILLINOIS","17","","","","","","","00000000","","CORN","CORN, GRAIN - PRICE RECEIVED, MEASURED IN $ / BU","TOTAL","NOT SPECIFIED","1.08",""
"SURVEY","1945","MAR","","STATE","ILLINOIS","17","","","","","","","00000000","","CORN","CORN, GRAIN - PRICE RECEIVED, MEASURED IN $ / BU","TOTAL","NOT SPECIFIED","1.06",""
"SURVEY","1945","MARKETING YEAR","","STATE","ILLINOIS","17","","","","","","","00000000","","CORN","CORN, GRAIN - PRICE RECEIVED, MEASURED IN $ / BU","TOTAL","NOT SPECIFIED","1.21",""
"SURVEY","1945","MAY","","STATE","ILLINOIS","17","","","","","","","00000000","","CORN","CORN, GRAIN - PRICE RECEIVED, MEASURED IN $ / BU","TOTAL","NOT SPECIFIED","1.07",""
"SURVEY","1945","NOV","","STATE","ILLINOIS","17","","","","","","","00000000","","CORN","CORN, GRAIN - PRICE RECEIVED, MEASURED IN $ / BU","TOTAL","NOT SPECIFIED","1.06",""
"SURVEY","1945","OCT","","STATE","ILLINOIS","17","","","","","","","00000000","","CORN","CORN, GRAIN - PRICE RECEIVED, MEASURED IN $ / BU","TOTAL","NOT SPECIFIED","1.08",""
"SURVEY","1945","SEP","","STATE","ILLINOIS","17","","","","","","","00000000","","CORN","CORN, GRAIN - PRICE RECEIVED, MEASURED IN $ / BU","TOTAL","NOT SPECIFIED","1.08",""
"SURVEY","1944","APR","","STATE","ILLINOIS","17","","","","","","","00000000","","CORN","CORN, GRAIN - PRICE RECEIVED, MEASURED IN $ / BU","TOTAL","NOT SPECIFIED","1.08",""
"SURVEY","1944","AUG","","STATE","ILLINOIS","17","","","","","","","00000000","","CORN","CORN, GRAIN - PRICE RECEIVED, MEASURED IN $ / BU","TOTAL","NOT SPECIFIED","1.09",""
"SURVEY","1944","DEC","","STATE","ILLINOIS","17","","","","","","","00000000","","CORN","CORN, GRAIN - PRICE RECEIVED, MEASURED IN $ / BU","TOTAL","NOT SPECIFIED","1.04",""
"SURVEY","1944","FEB","","STATE","ILLINOIS","17","","","","","","","00000000","","CORN","CORN, GRAIN - PRICE RECEIVED, MEASURED IN $ / BU","TOTAL","NOT SPECIFIED","1.07",""
"SURVEY","1944","JAN","","STATE","ILLINOIS","17","","","","","","","00000000","","CORN","CORN, GRAIN - PRICE RECEIVED, MEASURED IN $ / BU","TOTAL","NOT SPECIFIED","1.07",""
"SURVEY","1944","JUL","","STATE","ILLINOIS","17","","","","","","","00000000","","CORN","CORN, GRAIN - PRICE RECEIVED, MEASURED IN $ / BU","TOTAL","NOT SPECIFIED","1.09",""
"SURVEY","1944","JUN","","STATE","ILLINOIS","17","","","","","","","00000000","","CORN","CORN, GRAIN - PRICE RECEIVED, MEASURED IN $ / BU","TOTAL","NOT SPECIFIED","1.08",""
"SURVEY","1944","MAR","","STATE","ILLINOIS","17","","","","","","","00000000","","CORN","CORN, GRAIN - PRICE RECEIVED, MEASURED IN $ / BU","TOTAL","NOT SPECIFIED","1.08",""
"SURVEY","1944","MARKETING YEAR","","STATE","ILLINOIS","17","","","","","","","00000000","","CORN","CORN, GRAIN - PRICE RECEIVED, MEASURED IN $ / BU","TOTAL","NOT SPECIFIED","1.05",""
"SURVEY","1944","MAY","","STATE","ILLINOIS","17","","","","","","","00000000","","CORN","CORN, GRAIN - PRICE RECEIVED, MEASURED IN $ / BU","TOTAL","NOT SPECIFIED","1.08",""
"SURVEY","1944","NOV","","STATE","ILLINOIS","17","","","","","","","00000000","","CORN","CORN, GRAIN - PRICE RECEIVED, MEASURED IN $ / BU","TOTAL","NOT SPECIFIED","0.99",""
"SURVEY","1944","OCT","","STATE","ILLINOIS","17","","","","","","","00000000","","CORN","CORN, GRAIN - PRICE RECEIVED, MEASURED IN $ / BU","TOTAL","NOT SPECIFIED","1.08",""
"SURVEY","1944","SEP","","STATE","ILLINOIS","17","","","","","","","00000000","","CORN","CORN, GRAIN - PRICE RECEIVED, MEASURED IN $ / BU","TOTAL","NOT SPECIFIED","1.09",""
"SURVEY","1943","APR","","STATE","ILLINOIS","17","","","","","","","00000000","","CORN","CORN, GRAIN - PRICE RECEIVED, MEASURED IN $ / BU","TOTAL","NOT SPECIFIED","0.98",""
"SURVEY","1943","AUG","","STATE","ILLINOIS","17","","","","","","","00000000","","CORN","CORN, GRAIN - PRICE RECEIVED, MEASURED IN $ / BU","TOTAL","NOT SPECIFIED","1.02",""
"SURVEY","1943","DEC","","STATE","ILLINOIS","17","","","","","","","00000000","","CORN","CORN, GRAIN - PRICE RECEIVED, MEASURED IN $ / BU","TOTAL","NOT SPECIFIED","1.06",""
"SURVEY","1943","FEB","","STATE","ILLINOIS","17","","","","","","","00000000","","CORN","CORN, GRAIN - PRICE RECEIVED, MEASURED IN $ / BU","TOTAL","NOT SPECIFIED","0.89",""
"SURVEY","1943","JAN","","STATE","ILLINOIS","17","","","","","","","00000000","","CORN","CORN, GRAIN - PRICE RECEIVED, MEASURED IN $ / BU","TOTAL","NOT SPECIFIED","0.88",""
"SURVEY","1943","JUL","","STATE","ILLINOIS","17","","","","","","","00000000","","CORN","CORN, GRAIN - PRICE RECEIVED, MEASURED IN $ / BU","TOTAL","NOT SPECIFIED","1.02",""
"SURVEY","1943","JUN","","STATE","ILLINOIS","17","","","","","","","00000000","","CORN","CORN, GRAIN - PRICE RECEIVED, MEASURED IN $ / BU","TOTAL","NOT SPECIFIED","1",""
"SURVEY","1943","MAR","","STATE","ILLINOIS","17","","","","","","","00000000","","CORN","CORN, GRAIN - PRICE RECEIVED, MEASURED IN $ / BU","TOTAL","NOT SPECIFIED","0.94",""
"SURVEY","1943","MARKETING YEAR","","STATE","ILLINOIS","17","","","","","","","00000000","","CORN","CORN, GRAIN - PRICE RECEIVED, MEASURED IN $ / BU","TOTAL","NOT SPECIFIED","1.06",""
"SURVEY","1943","MAY","","STATE","ILLINOIS","17","","","","","","","00000000","","CORN","CORN, GRAIN - PRICE RECEIVED, MEASURED IN $ / BU","TOTAL","NOT SPECIFIED","0.99",""
"SURVEY","1943","NOV","","STATE","ILLINOIS","17","","","","","","","00000000","","CORN","CORN, GRAIN - PRICE RECEIVED, MEASURED IN $ / BU","TOTAL","NOT SPECIFIED","0.98",""
"SURVEY","1943","OCT","","STATE","ILLINOIS","17","","","","","","","00000000","","CORN","CORN, GRAIN - PRICE RECEIVED, MEASURED IN $ / BU","TOTAL","NOT SPECIFIED","1",""
"SURVEY","1943","SEP","","STATE","ILLINOIS","17","","","","","","","00000000","","CORN","CORN, GRAIN - PRICE RECEIVED, MEASURED IN $ / BU","TOTAL","NOT SPECIFIED","1.01",""
"SURVEY","1942","APR","","STATE","ILLINOIS","17","","","","","","","00000000","","CORN","CORN, GRAIN - PRICE RECEIVED, MEASURED IN $ / BU","TOTAL","NOT SPECIFIED","0.76",""
"SURVEY","1942","AUG","","STATE","ILLINOIS","17","","","","","","","00000000","","CORN","CORN, GRAIN - PRICE RECEIVED, MEASURED IN $ / BU","TOTAL","NOT SPECIFIED","0.81",""
"SURVEY","1942","DEC","","STATE","ILLINOIS","17","","","","","","","00000000","","CORN","CORN, GRAIN - PRICE RECEIVED, MEASURED IN $ / BU","TOTAL","NOT SPECIFIED","0.8",""
"SURVEY","1942","FEB","","STATE","ILLINOIS","17","","","","","","","00000000","","CORN","CORN, GRAIN - PRICE RECEIVED, MEASURED IN $ / BU","TOTAL","NOT SPECIFIED","0.74",""
"SURVEY","1942","JAN","","STATE","ILLINOIS","17","","","","","","","00000000","","CORN","CORN, GRAIN - PRICE RECEIVED, MEASURED IN $ / BU","TOTAL","NOT SPECIFIED","0.73",""
"SURVEY","1942","JUL","","STATE","ILLINOIS","17","","","","","","","00000000","","CORN","CORN, GRAIN - PRICE RECEIVED, MEASURED IN $ / BU","TOTAL","NOT SPECIFIED","0.81",""
"SURVEY","1942","JUN","","STATE","ILLINOIS","17","","","","","","","00000000","","CORN","CORN, GRAIN - PRICE RECEIVED, MEASURED IN $ / BU","TOTAL","NOT SPECIFIED","0.79",""
"SURVEY","1942","MAR","","STATE","ILLINOIS","17","","","","","","","00000000","","CORN","CORN, GRAIN - PRICE RECEIVED, MEASURED IN $ / BU","TOTAL","NOT SPECIFIED","0.75",""
"SURVEY","1942","MARKETING YEAR","","STATE","ILLINOIS","17","","","","","","","00000000","","CORN","CORN, GRAIN - PRICE RECEIVED, MEASURED IN $ / BU","TOTAL","NOT SPECIFIED","0.9",""
"SURVEY","1942","MAY","","STATE","ILLINOIS","17","","","","","","","00000000","","CORN","CORN, GRAIN - PRICE RECEIVED, MEASURED IN $ / BU","TOTAL","NOT SPECIFIED","0.78",""
"SURVEY","1942","NOV","","STATE","ILLINOIS","17","","","","","","","00000000","","CORN","CORN, GRAIN - PRICE RECEIVED, MEASURED IN $ / BU","TOTAL","NOT SPECIFIED","0.73",""
"SURVEY","1942","OCT","","STATE","ILLINOIS","17","","","","","","","00000000","","CORN","CORN, GRAIN - PRICE RECEIVED, MEASURED IN $ / BU","TOTAL","NOT SPECIFIED","0.73",""
"SURVEY","1942","SEP","","STATE","ILLINOIS","17","","","","","","","00000000","","CORN","CORN, GRAIN - PRICE RECEIVED, MEASURED IN $ / BU","TOTAL","NOT SPECIFIED","0.8",""
"SURVEY","1941","APR","","STATE","ILLINOIS","17","","","","","","","00000000","","CORN","CORN, GRAIN - PRICE RECEIVED, MEASURED IN $ / BU","TOTAL","NOT SPECIFIED","0.61",""
"SURVEY","1941","AUG","","STATE","ILLINOIS","17","","","","","","","00000000","","CORN","CORN, GRAIN - PRICE RECEIVED, MEASURED IN $ / BU","TOTAL","NOT SPECIFIED","0.69",""
"SURVEY","1941","DEC","","STATE","ILLINOIS","17","","","","","","","00000000","","CORN","CORN, GRAIN - PRICE RECEIVED, MEASURED IN $ / BU","TOTAL","NOT SPECIFIED","0.66",""
"SURVEY","1941","FEB","","STATE","ILLINOIS","17","","","","","","","00000000","","CORN","CORN, GRAIN - PRICE RECEIVED, MEASURED IN $ / BU","TOTAL","NOT SPECIFIED","0.54",""
"SURVEY","1941","JAN","","STATE","ILLINOIS","17","","","","","","","00000000","","CORN","CORN, GRAIN - PRICE RECEIVED, MEASURED IN $ / BU","TOTAL","NOT SPECIFIED","0.54",""
"SURVEY","1941","JUL","","STATE","ILLINOIS","17","","","","","","","00000000","","CORN","CORN, GRAIN - PRICE RECEIVED, MEASURED IN $ / BU","TOTAL","NOT SPECIFIED","0.69",""
"SURVEY","1941","JUN","","STATE","ILLINOIS","17","","","","","","","00000000","","CORN","CORN, GRAIN - PRICE RECEIVED, MEASURED IN $ / BU","TOTAL","NOT SPECIFIED","0.68",""
"SURVEY","1941","MAR","","STATE","ILLINOIS","17","","","","","","","00000000","","CORN","CORN, GRAIN - PRICE RECEIVED, MEASURED IN $ / BU","TOTAL","NOT SPECIFIED","0.56",""
"SURVEY","1941","MARKETING YEAR","","STATE","ILLINOIS","17","","","","","","","00000000","","CORN","CORN, GRAIN - PRICE RECEIVED, MEASURED IN $ / BU","TOTAL","NOT SPECIFIED","0.74",""
"SURVEY","1941","MAY","","STATE","ILLINOIS","17","","","","","","","00000000","","CORN","CORN, GRAIN - PRICE RECEIVED, MEASURED IN $ / BU","TOTAL","NOT SPECIFIED","0.66",""
"SURVEY","1941","NOV","","STATE","ILLINOIS","17","","","","","","","00000000","","CORN","CORN, GRAIN - PRICE RECEIVED, MEASURED IN $ / BU","TOTAL","NOT SPECIFIED","0.62",""
"SURVEY","1941","OCT","","STATE","ILLINOIS","17","","","","","","","00000000","","CORN","CORN, GRAIN - PRICE RECEIVED, MEASURED IN $ / BU","TOTAL","NOT SPECIFIED","0.61",""
"SURVEY","1941","SEP","","STATE","ILLINOIS","17","","","","","","","00000000","","CORN","CORN, GRAIN - PRICE RECEIVED, MEASURED IN $ / BU","TOTAL","NOT SPECIFIED","0.7",""
"SURVEY","1940","APR","","STATE","ILLINOIS","17","","","","","","","00000000","","CORN","CORN, GRAIN - PRICE RECEIVED, MEASURED IN $ / BU","TOTAL","NOT SPECIFIED","0.54",""
"SURVEY","1940","AUG","","STATE","ILLINOIS","17","","","","","","","00000000","","CORN","CORN, GRAIN - PRICE RECEIVED, MEASURED IN $ / BU","TOTAL","NOT SPECIFIED","0.6",""
"SURVEY","1940","DEC","","STATE","ILLINOIS","17","","","","","","","00000000","","CORN","CORN, GRAIN - PRICE RECEIVED, MEASURED IN $ / BU","TOTAL","NOT SPECIFIED","0.52",""
"SURVEY","1940","FEB","","STATE","ILLINOIS","17","","","","","","","00000000","","CORN","CORN, GRAIN - PRICE RECEIVED, MEASURED IN $ / BU","TOTAL","NOT SPECIFIED","0.51",""
"SURVEY","1940","JAN","","STATE","ILLINOIS","17","","","","","","","00000000","","CORN","CORN, GRAIN - PRICE RECEIVED, MEASURED IN $ / BU","TOTAL","NOT SPECIFIED","0.5",""
"SURVEY","1940","JUL","","STATE","ILLINOIS","17","","","","","","","00000000","","CORN","CORN, GRAIN - PRICE RECEIVED, MEASURED IN $ / BU","TOTAL","NOT SPECIFIED","0.59",""
"SURVEY","1940","JUN","","STATE","ILLINOIS","17","","","","","","","00000000","","CORN","CORN, GRAIN - PRICE RECEIVED, MEASURED IN $ / BU","TOTAL","NOT SPECIFIED","0.59",""
"SURVEY","1940","MAR","","STATE","ILLINOIS","17","","","","","","","00000000","","CORN","CORN, GRAIN - PRICE RECEIVED, MEASURED IN $ / BU","TOTAL","NOT SPECIFIED","0.51",""
"SURVEY","1940","MARKETING YEAR","","STATE","ILLINOIS","17","","","","","","","00000000","","CORN","CORN, GRAIN - PRICE RECEIVED, MEASURED IN $ / BU","TOTAL","NOT SPECIFIED","0.61",""
"SURVEY","1940","MAY","","STATE","ILLINOIS","17","","","","","","","00000000","","CORN","CORN, GRAIN - PRICE RECEIVED, MEASURED IN $ / BU","TOTAL","NOT SPECIFIED","0.6",""
"SURVEY","1940","NOV","","STATE","ILLINOIS","17","","","","","","","00000000","","CORN","CORN, GRAIN - PRICE RECEIVED, MEASURED IN $ / BU","TOTAL","NOT SPECIFIED","0.55",""
"SURVEY","1940","OCT","","STATE","ILLINOIS","17","","","","","","","00000000","","CORN","CORN, GRAIN - PRICE RECEIVED, MEASURED IN $ / BU","TOTAL","NOT SPECIFIED","0.58",""
"SURVEY","1940","SEP","","STATE","ILLINOIS","17","","","","","","","00000000","","CORN","CORN, GRAIN - PRICE RECEIVED, MEASURED IN $ / BU","TOTAL","NOT SPECIFIED","0.59",""
"SURVEY","1939","APR","","STATE","ILLINOIS","17","","","","","","","00000000","","CORN","CORN, GRAIN - PRICE RECEIVED, MEASURED IN $ / BU","TOTAL","NOT SPECIFIED","0.4",""
"SURVEY","1939","AUG","","STATE","ILLINOIS","17","","","","","","","00000000","","CORN","CORN, GRAIN - PRICE RECEIVED, MEASURED IN $ / BU","TOTAL","NOT SPECIFIED","0.38",""
"SURVEY","1939","DEC","","STATE","ILLINOIS","17","","","","","","","00000000","","CORN","CORN, GRAIN - PRICE RECEIVED, MEASURED IN $ / BU","TOTAL","NOT SPECIFIED","0.47",""
"SURVEY","1939","FEB","","STATE","ILLINOIS","17","","","","","","","00000000","","CORN","CORN, GRAIN - PRICE RECEIVED, MEASURED IN $ / BU","TOTAL","NOT SPECIFIED","0.4",""
"SURVEY","1939","JAN","","STATE","ILLINOIS","17","","","","","","","00000000","","CORN","CORN, GRAIN - PRICE RECEIVED, MEASURED IN $ / BU","TOTAL","NOT SPECIFIED","0.44",""
"SURVEY","1939","JUL","","STATE","ILLINOIS","17","","","","","","","00000000","","CORN","CORN, GRAIN - PRICE RECEIVED, MEASURED IN $ / BU","TOTAL","NOT SPECIFIED","0.41",""
"SURVEY","1939","JUN","","STATE","ILLINOIS","17","","","","","","","00000000","","CORN","CORN, GRAIN - PRICE RECEIVED, MEASURED IN $ / BU","TOTAL","NOT SPECIFIED","0.44",""
"SURVEY","1939","MAR","","STATE","ILLINOIS","17","","","","","","","00000000","","CORN","CORN, GRAIN - PRICE RECEIVED, MEASURED IN $ / BU","TOTAL","NOT SPECIFIED","0.4",""
"SURVEY","1939","MARKETING YEAR","","STATE","ILLINOIS","17","","","","","","","00000000","","CORN","CORN, GRAIN - PRICE RECEIVED, MEASURED IN $ / BU","TOTAL","NOT SPECIFIED","0.52",""
"SURVEY","1939","MAY","","STATE","ILLINOIS","17","","","","","","","00000000","","CORN","CORN, GRAIN - PRICE RECEIVED, MEASURED IN $ / BU","TOTAL","NOT SPECIFIED","0.44",""
"SURVEY","1939","NOV","","STATE","ILLINOIS","17","","","","","","","00000000","","CORN","CORN, GRAIN - PRICE RECEIVED, MEASURED IN $ / BU","TOTAL","NOT SPECIFIED","0.42",""
"SURVEY","1939","OCT","","STATE","ILLINOIS","17","","","","","","","00000000","","CORN","CORN, GRAIN - PRICE RECEIVED, MEASURED IN $ / BU","TOTAL","NOT SPECIFIED","0.42",""
"SURVEY","1939","SEP","","STATE","ILLINOIS","17","","","","","","","00000000","","CORN","CORN, GRAIN - PRICE RECEIVED, MEASURED IN $ / BU","TOTAL","NOT SPECIFIED","0.51",""
"SURVEY","1938","APR","","STATE","ILLINOIS","17","","","","","","","00000000","","CORN","CORN, GRAIN - PRICE RECEIVED, MEASURED IN $ / BU","TOTAL","NOT SPECIFIED","0.48",""
"SURVEY","1938","AUG","","STATE","ILLINOIS","17","","","","","","","00000000","","CORN","CORN, GRAIN - PRICE RECEIVED, MEASURED IN $ / BU","TOTAL","NOT SPECIFIED","0.44",""
"SURVEY","1938","DEC","","STATE","ILLINOIS","17","","","","","","","00000000","","CORN","CORN, GRAIN - PRICE RECEIVED, MEASURED IN $ / BU","TOTAL","NOT SPECIFIED","0.42",""
"SURVEY","1938","FEB","","STATE","ILLINOIS","17","","","","","","","00000000","","CORN","CORN, GRAIN - PRICE RECEIVED, MEASURED IN $ / BU","TOTAL","NOT SPECIFIED","0.47",""
"SURVEY","1938","JAN","","STATE","ILLINOIS","17","","","","","","","00000000","","CORN","CORN, GRAIN - PRICE RECEIVED, MEASURED IN $ / BU","TOTAL","NOT SPECIFIED","0.49",""
"SURVEY","1938","JUL","","STATE","ILLINOIS","17","","","","","","","00000000","","CORN","CORN, GRAIN - PRICE RECEIVED, MEASURED IN $ / BU","TOTAL","NOT SPECIFIED","0.5",""
"SURVEY","1938","JUN","","STATE","ILLINOIS","17","","","","","","","00000000","","CORN","CORN, GRAIN - PRICE RECEIVED, MEASURED IN $ / BU","TOTAL","NOT SPECIFIED","0.49",""
"SURVEY","1938","MAR","","STATE","ILLINOIS","17","","","","","","","00000000","","CORN","CORN, GRAIN - PRICE RECEIVED, MEASURED IN $ / BU","TOTAL","NOT SPECIFIED","0.46",""
"SURVEY","1938","MARKETING YEAR","","STATE","ILLINOIS","17","","","","","","","00000000","","CORN","CORN, GRAIN - PRICE RECEIVED, MEASURED IN $ / BU","TOTAL","NOT SPECIFIED","0.45",""
"SURVEY","1938","MAY","","STATE","ILLINOIS","17","","","","","","","00000000","","CORN","CORN, GRAIN - PRICE RECEIVED, MEASURED IN $ / BU","TOTAL","NOT SPECIFIED","0.49",""
"SURVEY","1938","NOV","","STATE","ILLINOIS","17","","","","","","","00000000","","CORN","CORN, GRAIN - PRICE RECEIVED, MEASURED IN $ / BU","TOTAL","NOT SPECIFIED","0.37",""
"SURVEY","1938","OCT","","STATE","ILLINOIS","17","","","","","","","00000000","","CORN","CORN, GRAIN - PRICE RECEIVED, MEASURED IN $ / BU","TOTAL","NOT SPECIFIED","0.36",""
"SURVEY","1938","SEP","","STATE","ILLINOIS","17","","","","","","","00000000","","CORN","CORN, GRAIN - PRICE RECEIVED, MEASURED IN $ / BU","TOTAL","NOT SPECIFIED","0.44",""
"SURVEY","1937","APR","","STATE","ILLINOIS","17","","","","","","","00000000","","CORN","CORN, GRAIN - PRICE RECEIVED, MEASURED IN $ / BU","TOTAL","NOT SPECIFIED","1.26",""
"SURVEY","1937","AUG","","STATE","ILLINOIS","17","","","","","","","00000000","","CORN","CORN, GRAIN - PRICE RECEIVED, MEASURED IN $ / BU","TOTAL","NOT SPECIFIED","1",""
"SURVEY","1937","DEC","","STATE","ILLINOIS","17","","","","","","","00000000","","CORN","CORN, GRAIN - PRICE RECEIVED, MEASURED IN $ / BU","TOTAL","NOT SPECIFIED","0.45",""
"SURVEY","1937","FEB","","STATE","ILLINOIS","17","","","","","","","00000000","","CORN","CORN, GRAIN - PRICE RECEIVED, MEASURED IN $ / BU","TOTAL","NOT SPECIFIED","1.05",""
"SURVEY","1937","JAN","","STATE","ILLINOIS","17","","","","","","","00000000","","CORN","CORN, GRAIN - PRICE RECEIVED, MEASURED IN $ / BU","TOTAL","NOT SPECIFIED","1.02",""
"SURVEY","1937","JUL","","STATE","ILLINOIS","17","","","","","","","00000000","","CORN","CORN, GRAIN - PRICE RECEIVED, MEASURED IN $ / BU","TOTAL","NOT SPECIFIED","1.2",""
"SURVEY","1937","JUN","","STATE","ILLINOIS","17","","","","","","","00000000","","CORN","CORN, GRAIN - PRICE RECEIVED, MEASURED IN $ / BU","TOTAL","NOT SPECIFIED","1.17",""
"SURVEY","1937","MAR","","STATE","ILLINOIS","17","","","","","","","00000000","","CORN","CORN, GRAIN - PRICE RECEIVED, MEASURED IN $ / BU","TOTAL","NOT SPECIFIED","1.06",""
"SURVEY","1937","MARKETING YEAR","","STATE","ILLINOIS","17","","","","","","","00000000","","CORN","CORN, GRAIN - PRICE RECEIVED, MEASURED IN $ / BU","TOTAL","NOT SPECIFIED","0.47",""
"SURVEY","1937","MAY","","STATE","ILLINOIS","17","","","","","","","00000000","","CORN","CORN, GRAIN - PRICE RECEIVED, MEASURED IN $ / BU","TOTAL","NOT SPECIFIED","1.24",""
"SURVEY","1937","NOV","","STATE","ILLINOIS","17","","","","","","","00000000","","CORN","CORN, GRAIN - PRICE RECEIVED, MEASURED IN $ / BU","TOTAL","NOT SPECIFIED","0.42",""
"SURVEY","1937","OCT","","STATE","ILLINOIS","17","","","","","","","00000000","","CORN","CORN, GRAIN - PRICE RECEIVED, MEASURED IN $ / BU","TOTAL","NOT SPECIFIED","0.5",""
"SURVEY","1937","SEP","","STATE","ILLINOIS","17","","","","","","","00000000","","CORN","CORN, GRAIN - PRICE RECEIVED, MEASURED IN $ / BU","TOTAL","NOT SPECIFIED","0.96",""
"SURVEY","1936","APR","","STATE","ILLINOIS","17","","","","","","","00000000","","CORN","CORN, GRAIN - PRICE RECEIVED, MEASURED IN $ / BU","TOTAL","NOT SPECIFIED","0.52",""
"SURVEY","1936","AUG","","STATE","ILLINOIS","17","","","","","","","00000000","","CORN","CORN, GRAIN - PRICE RECEIVED, MEASURED IN $ / BU","TOTAL","NOT SPECIFIED","1.04",""
"SURVEY","1936","DEC","","STATE","ILLINOIS","17","","","","","","","00000000","","CORN","CORN, GRAIN - PRICE RECEIVED, MEASURED IN $ / BU","TOTAL","NOT SPECIFIED","0.97",""
"SURVEY","1936","FEB","","STATE","ILLINOIS","17","","","","","","","00000000","","CORN","CORN, GRAIN - PRICE RECEIVED, MEASURED IN $ / BU","TOTAL","NOT SPECIFIED","0.51",""
"SURVEY","1936","JAN","","STATE","ILLINOIS","17","","","","","","","00000000","","CORN","CORN, GRAIN - PRICE RECEIVED, MEASURED IN $ / BU","TOTAL","NOT SPECIFIED","0.49",""
"SURVEY","1936","JUL","","STATE","ILLINOIS","17","","","","","","","00000000","","CORN","CORN, GRAIN - PRICE RECEIVED, MEASURED IN $ / BU","TOTAL","NOT SPECIFIED","0.8",""
"SURVEY","1936","JUN","","STATE","ILLINOIS","17","","","","","","","00000000","","CORN","CORN, GRAIN - PRICE RECEIVED, MEASURED IN $ / BU","TOTAL","NOT SPECIFIED","0.58",""
"SURVEY","1936","MAR","","STATE","ILLINOIS","17","","","","","","","00000000","","CORN","CORN, GRAIN - PRICE RECEIVED, MEASURED IN $ / BU","TOTAL","NOT SPECIFIED","0.51",""
"SURVEY","1936","MARKETING YEAR","","STATE","ILLINOIS","17","","","","","","","00000000","","CORN","CORN, GRAIN - PRICE RECEIVED, MEASURED IN $ / BU","TOTAL","NOT SPECIFIED","1.05",""
"SURVEY","1936","MAY","","STATE","ILLINOIS","17","","","","","","","00000000","","CORN","CORN, GRAIN - PRICE RECEIVED, MEASURED IN $ / BU","TOTAL","NOT SPECIFIED","0.57",""
"SURVEY","1936","NOV","","STATE","ILLINOIS","17","","","","","","","00000000","","CORN","CORN, GRAIN - PRICE RECEIVED, MEASURED IN $ / BU","TOTAL","NOT SPECIFIED","0.95",""
"SURVEY","1936","OCT","","STATE","ILLINOIS","17","","","","","","","00000000","","CORN","CORN, GRAIN - PRICE RECEIVED, MEASURED IN $ / BU","TOTAL","NOT SPECIFIED","0.94",""
"SURVEY","1936","SEP","","STATE","ILLINOIS","17","","","","","","","00000000","","CORN","CORN, GRAIN - PRICE RECEIVED, MEASURED IN $ / BU","TOTAL","NOT SPECIFIED","1.07",""
"SURVEY","1935","APR","","STATE","ILLINOIS","17","","","","","","","00000000","","CORN","CORN, GRAIN - PRICE RECEIVED, MEASURED IN $ / BU","TOTAL","NOT SPECIFIED","0.82",""
"SURVEY","1935","AUG","","STATE","ILLINOIS","17","","","","","","","00000000","","CORN","CORN, GRAIN - PRICE RECEIVED, MEASURED IN $ / BU","TOTAL","NOT SPECIFIED","0.78",""
"SURVEY","1935","DEC","","STATE","ILLINOIS","17","","","","","","","00000000","","CORN","CORN, GRAIN - PRICE RECEIVED, MEASURED IN $ / BU","TOTAL","NOT SPECIFIED","0.48",""
"SURVEY","1935","FEB","","STATE","ILLINOIS","17","","","","","","","00000000","","CORN","CORN, GRAIN - PRICE RECEIVED, MEASURED IN $ / BU","TOTAL","NOT SPECIFIED","0.82",""
"SURVEY","1935","JAN","","STATE","ILLINOIS","17","","","","","","","00000000","","CORN","CORN, GRAIN - PRICE RECEIVED, MEASURED IN $ / BU","TOTAL","NOT SPECIFIED","0.86",""
"SURVEY","1935","JUL","","STATE","ILLINOIS","17","","","","","","","00000000","","CORN","CORN, GRAIN - PRICE RECEIVED, MEASURED IN $ / BU","TOTAL","NOT SPECIFIED","0.79",""
"SURVEY","1935","JUN","","STATE","ILLINOIS","17","","","","","","","00000000","","CORN","CORN, GRAIN - PRICE RECEIVED, MEASURED IN $ / BU","TOTAL","NOT SPECIFIED","0.79",""
"SURVEY","1935","MAR","","STATE","ILLINOIS","17","","","","","","","00000000","","CORN","CORN, GRAIN - PRICE RECEIVED, MEASURED IN $ / BU","TOTAL","NOT SPECIFIED","0.77",""
"SURVEY","1935","MARKETING YEAR","","STATE","ILLINOIS","17","","","","","","","00000000","","CORN","CORN, GRAIN - PRICE RECEIVED, MEASURED IN $ / BU","TOTAL","NOT SPECIFIED","0.64",""
"SURVEY","1935","MAY","","STATE","ILLINOIS","17","","","","","","","00000000","","CORN","CORN, GRAIN - PRICE RECEIVED, MEASURED IN $ / BU","TOTAL","NOT SPECIFIED","0.8",""
"SURVEY","1935","NOV","","STATE","ILLINOIS","17","","","","","","","00000000","","CORN","CORN, GRAIN - PRICE RECEIVED, MEASURED IN $ / BU","TOTAL","NOT SPECIFIED","0.53",""
"SURVEY","1935","OCT","","STATE","ILLINOIS","17","","","","","","","00000000","","CORN","CORN, GRAIN - PRICE RECEIVED, MEASURED IN $ / BU","TOTAL","NOT SPECIFIED","0.74",""
"SURVEY","1935","SEP","","STATE","ILLINOIS","17","","","","","","","00000000","","CORN","CORN, GRAIN - PRICE RECEIVED, MEASURED IN $ / BU","TOTAL","NOT SPECIFIED","0.75",""
"SURVEY","1934","APR","","STATE","ILLINOIS","17","","","","","","","00000000","","CORN","CORN, GRAIN - PRICE RECEIVED, MEASURED IN $ / BU","TOTAL","NOT SPECIFIED","0.42",""
"SURVEY","1934","AUG","","STATE","ILLINOIS","17","","","","","","","00000000","","CORN","CORN, GRAIN - PRICE RECEIVED, MEASURED IN $ / BU","TOTAL","NOT SPECIFIED","0.68",""
"SURVEY","1934","DEC","","STATE","ILLINOIS","17","","","","","","","00000000","","CORN","CORN, GRAIN - PRICE RECEIVED, MEASURED IN $ / BU","TOTAL","NOT SPECIFIED","0.88",""
"SURVEY","1934","FEB","","STATE","ILLINOIS","17","","","","","","","00000000","","CORN","CORN, GRAIN - PRICE RECEIVED, MEASURED IN $ / BU","TOTAL","NOT SPECIFIED","0.42",""
"SURVEY","1934","JAN","","STATE","ILLINOIS","17","","","","","","","00000000","","CORN","CORN, GRAIN - PRICE RECEIVED, MEASURED IN $ / BU","TOTAL","NOT SPECIFIED","0.41",""
"SURVEY","1934","JUL","","STATE","ILLINOIS","17","","","","","","","00000000","","CORN","CORN, GRAIN - PRICE RECEIVED, MEASURED IN $ / BU","TOTAL","NOT SPECIFIED","0.54",""
"SURVEY","1934","JUN","","STATE","ILLINOIS","17","","","","","","","00000000","","CORN","CORN, GRAIN - PRICE RECEIVED, MEASURED IN $ / BU","TOTAL","NOT SPECIFIED","0.51",""
"SURVEY","1934","MAR","","STATE","ILLINOIS","17","","","","","","","00000000","","CORN","CORN, GRAIN - PRICE RECEIVED, MEASURED IN $ / BU","TOTAL","NOT SPECIFIED","0.42",""
"SURVEY","1934","MARKETING YEAR","","STATE","ILLINOIS","17","","","","","","","00000000","","CORN","CORN, GRAIN - PRICE RECEIVED, MEASURED IN $ / BU","TOTAL","NOT SPECIFIED","0.79",""
"SURVEY","1934","MAY","","STATE","ILLINOIS","17","","","","","","","00000000","","CORN","CORN, GRAIN - PRICE RECEIVED, MEASURED IN $ / BU","TOTAL","NOT SPECIFIED","0.43",""
"SURVEY","1934","NOV","","STATE","ILLINOIS","17","","","","","","","00000000","","CORN","CORN, GRAIN - PRICE RECEIVED, MEASURED IN $ / BU","TOTAL","NOT SPECIFIED","0.74",""
"SURVEY","1934","OCT","","STATE","ILLINOIS","17","","","","","","","00000000","","CORN","CORN, GRAIN - PRICE RECEIVED, MEASURED IN $ / BU","TOTAL","NOT SPECIFIED","0.73",""
"SURVEY","1934","SEP","","STATE","ILLINOIS","17","","","","","","","00000000","","CORN","CORN, GRAIN - PRICE RECEIVED, MEASURED IN $ / BU","TOTAL","NOT SPECIFIED","0.74",""
"SURVEY","1933","APR","","STATE","ILLINOIS","17","","","","","","","00000000","","CORN","CORN, GRAIN - PRICE RECEIVED, MEASURED IN $ / BU","TOTAL","NOT SPECIFIED","0.24",""
"SURVEY","1933","AUG","","STATE","ILLINOIS","17","","","","","","","00000000","","CORN","CORN, GRAIN - PRICE RECEIVED, MEASURED IN $ / BU","TOTAL","NOT SPECIFIED","0.43",""
"SURVEY","1933","DEC","","STATE","ILLINOIS","17","","","","","","","00000000","","CORN","CORN, GRAIN - PRICE RECEIVED, MEASURED IN $ / BU","TOTAL","NOT SPECIFIED","0.39",""
"SURVEY","1933","FEB","","STATE","ILLINOIS","17","","","","","","","00000000","","CORN","CORN, GRAIN - PRICE RECEIVED, MEASURED IN $ / BU","TOTAL","NOT SPECIFIED","0.15",""
"SURVEY","1933","JAN","","STATE","ILLINOIS","17","","","","","","","00000000","","CORN","CORN, GRAIN - PRICE RECEIVED, MEASURED IN $ / BU","TOTAL","NOT SPECIFIED","0.15",""
"SURVEY","1933","JUL","","STATE","ILLINOIS","17","","","","","","","00000000","","CORN","CORN, GRAIN - PRICE RECEIVED, MEASURED IN $ / BU","TOTAL","NOT SPECIFIED","0.53",""
"SURVEY","1933","JUN","","STATE","ILLINOIS","17","","","","","","","00000000","","CORN","CORN, GRAIN - PRICE RECEIVED, MEASURED IN $ / BU","TOTAL","NOT SPECIFIED","0.36",""
"SURVEY","1933","MAR","","STATE","ILLINOIS","17","","","","","","","00000000","","CORN","CORN, GRAIN - PRICE RECEIVED, MEASURED IN $ / BU","TOTAL","NOT SPECIFIED","0.15",""
"SURVEY","1933","MARKETING YEAR","","STATE","ILLINOIS","17","","","","","","","00000000","","CORN","CORN, GRAIN - PRICE RECEIVED, MEASURED IN $ / BU","TOTAL","NOT SPECIFIED","0.5",""
"SURVEY","1933","MAY","","STATE","ILLINOIS","17","","","","","","","00000000","","CORN","CORN, GRAIN - PRICE RECEIVED, MEASURED IN $ / BU","TOTAL","NOT SPECIFIED","0.36",""
"SURVEY","1933","NOV","","STATE","ILLINOIS","17","","","","","","","00000000","","CORN","CORN, GRAIN - PRICE RECEIVED, MEASURED IN $ / BU","TOTAL","NOT SPECIFIED","0.37",""
"SURVEY","1933","OCT","","STATE","ILLINOIS","17","","","","","","","00000000","","CORN","CORN, GRAIN - PRICE RECEIVED, MEASURED IN $ / BU","TOTAL","NOT SPECIFIED","0.31",""
"SURVEY","1933","SEP","","STATE","ILLINOIS","17","","","","","","","00000000","","CORN","CORN, GRAIN - PRICE RECEIVED, MEASURED IN $ / BU","TOTAL","NOT SPECIFIED","0.41",""
"SURVEY","1932","APR","","STATE","ILLINOIS","17","","","","","","","00000000","","CORN","CORN, GRAIN - PRICE RECEIVED, MEASURED IN $ / BU","TOTAL","NOT SPECIFIED","0.24",""
"SURVEY","1932","AUG","","STATE","ILLINOIS","17","","","","","","","00000000","","CORN","CORN, GRAIN - PRICE RECEIVED, MEASURED IN $ / BU","TOTAL","NOT SPECIFIED","0.23",""
"SURVEY","1932","DEC","","STATE","ILLINOIS","17","","","","","","","00000000","","CORN","CORN, GRAIN - PRICE RECEIVED, MEASURED IN $ / BU","TOTAL","NOT SPECIFIED","0.14",""
"SURVEY","1932","FEB","","STATE","ILLINOIS","17","","","","","","","00000000","","CORN","CORN, GRAIN - PRICE RECEIVED, MEASURED IN $ / BU","TOTAL","NOT SPECIFIED","0.26",""
"SURVEY","1932","JAN","","STATE","ILLINOIS","17","","","","","","","00000000","","CORN","CORN, GRAIN - PRICE RECEIVED, MEASURED IN $ / BU","TOTAL","NOT SPECIFIED","0.27",""
"SURVEY","1932","JUL","","STATE","ILLINOIS","17","","","","","","","00000000","","CORN","CORN, GRAIN - PRICE RECEIVED, MEASURED IN $ / BU","TOTAL","NOT SPECIFIED","0.23",""
"SURVEY","1932","JUN","","STATE","ILLINOIS","17","","","","","","","00000000","","CORN","CORN, GRAIN - PRICE RECEIVED, MEASURED IN $ / BU","TOTAL","NOT SPECIFIED","0.22",""
"SURVEY","1932","MAR","","STATE","ILLINOIS","17","","","","","","","00000000","","CORN","CORN, GRAIN - PRICE RECEIVED, MEASURED IN $ / BU","TOTAL","NOT SPECIFIED","0.25",""
"SURVEY","1932","MARKETING YEAR","","STATE","ILLINOIS","17","","","","","","","00000000","","CORN","CORN, GRAIN - PRICE RECEIVED, MEASURED IN $ / BU","TOTAL","NOT SPECIFIED","0.27",""
"SURVEY","1932","MAY","","STATE","ILLINOIS","17","","","","","","","00000000","","CORN","CORN, GRAIN - PRICE RECEIVED, MEASURED IN $ / BU","TOTAL","NOT SPECIFIED","0.23",""
"SURVEY","1932","NOV","","STATE","ILLINOIS","17","","","","","","","00000000","","CORN","CORN, GRAIN - PRICE RECEIVED, MEASURED IN $ / BU","TOTAL","NOT SPECIFIED","0.16",""
"SURVEY","1932","OCT","","STATE","ILLINOIS","17","","","","","","","00000000","","CORN","CORN, GRAIN - PRICE RECEIVED, MEASURED IN $ / BU","TOTAL","NOT SPECIFIED","0.17",""
"SURVEY","1932","SEP","","STATE","ILLINOIS","17","","","","","","","00000000","","CORN","CORN, GRAIN - PRICE RECEIVED, MEASURED IN $ / BU","TOTAL","NOT SPECIFIED","0.22",""
"SURVEY","1931","APR","","STATE","ILLINOIS","17","","","","","","","00000000","","CORN","CORN, GRAIN - PRICE RECEIVED, MEASURED IN $ / BU","TOTAL","NOT SPECIFIED","0.52",""
"SURVEY","1931","AUG","","STATE","ILLINOIS","17","","","","","","","00000000","","CORN","CORN, GRAIN - PRICE RECEIVED, MEASURED IN $ / BU","TOTAL","NOT SPECIFIED","0.46",""
"SURVEY","1931","DEC","","STATE","ILLINOIS","17","","","","","","","00000000","","CORN","CORN, GRAIN - PRICE RECEIVED, MEASURED IN $ / BU","TOTAL","NOT SPECIFIED","0.27",""
"SURVEY","1931","FEB","","STATE","ILLINOIS","17","","","","","","","00000000","","CORN","CORN, GRAIN - PRICE RECEIVED, MEASURED IN $ / BU","TOTAL","NOT SPECIFIED","0.56",""
"SURVEY","1931","JAN","","STATE","ILLINOIS","17","","","","","","","00000000","","CORN","CORN, GRAIN - PRICE RECEIVED, MEASURED IN $ / BU","TOTAL","NOT SPECIFIED","0.59",""
"SURVEY","1931","JUL","","STATE","ILLINOIS","17","","","","","","","00000000","","CORN","CORN, GRAIN - PRICE RECEIVED, MEASURED IN $ / BU","TOTAL","NOT SPECIFIED","0.49",""
"SURVEY","1931","JUN","","STATE","ILLINOIS","17","","","","","","","00000000","","CORN","CORN, GRAIN - PRICE RECEIVED, MEASURED IN $ / BU","TOTAL","NOT SPECIFIED","0.49",""
"SURVEY","1931","MAR","","STATE","ILLINOIS","17","","","","","","","00000000","","CORN","CORN, GRAIN - PRICE RECEIVED, MEASURED IN $ / BU","TOTAL","NOT SPECIFIED","0.53",""
"SURVEY","1931","MARKETING YEAR","","STATE","ILLINOIS","17","","","","","","","00000000","","CORN","CORN, GRAIN - PRICE RECEIVED, MEASURED IN $ / BU","TOTAL","NOT SPECIFIED","0.25",""
"SURVEY","1931","MAY","","STATE","ILLINOIS","17","","","","","","","00000000","","CORN","CORN, GRAIN - PRICE RECEIVED, MEASURED IN $ / BU","TOTAL","NOT SPECIFIED","0.51",""
"SURVEY","1931","NOV","","STATE","ILLINOIS","17","","","","","","","00000000","","CORN","CORN, GRAIN - PRICE RECEIVED, MEASURED IN $ / BU","TOTAL","NOT SPECIFIED","0.3",""
"SURVEY","1931","OCT","","STATE","ILLINOIS","17","","","","","","","00000000","","CORN","CORN, GRAIN - PRICE RECEIVED, MEASURED IN $ / BU","TOTAL","NOT SPECIFIED","0.27",""
"SURVEY","1931","SEP","","STATE","ILLINOIS","17","","","","","","","00000000","","CORN","CORN, GRAIN - PRICE RECEIVED, MEASURED IN $ / BU","TOTAL","NOT SPECIFIED","0.36",""
"SURVEY","1930","APR","","STATE","ILLINOIS","17","","","","","","","00000000","","CORN","CORN, GRAIN - PRICE RECEIVED, MEASURED IN $ / BU","TOTAL","NOT SPECIFIED","0.72",""
"SURVEY","1930","AUG","","STATE","ILLINOIS","17","","","","","","","00000000","","CORN","CORN, GRAIN - PRICE RECEIVED, MEASURED IN $ / BU","TOTAL","NOT SPECIFIED","0.87",""
"SURVEY","1930","DEC","","STATE","ILLINOIS","17","","","","","","","00000000","","CORN","CORN, GRAIN - PRICE RECEIVED, MEASURED IN $ / BU","TOTAL","NOT SPECIFIED","0.62",""
"SURVEY","1930","FEB","","STATE","ILLINOIS","17","","","","","","","00000000","","CORN","CORN, GRAIN - PRICE RECEIVED, MEASURED IN $ / BU","TOTAL","NOT SPECIFIED","0.71",""
"SURVEY","1930","JAN","","STATE","ILLINOIS","17","","","","","","","00000000","","CORN","CORN, GRAIN - PRICE RECEIVED, MEASURED IN $ / BU","TOTAL","NOT SPECIFIED","0.72",""
"SURVEY","1930","JUL","","STATE","ILLINOIS","17","","","","","","","00000000","","CORN","CORN, GRAIN - PRICE RECEIVED, MEASURED IN $ / BU","TOTAL","NOT SPECIFIED","0.71",""
"SURVEY","1930","JUN","","STATE","ILLINOIS","17","","","","","","","00000000","","CORN","CORN, GRAIN - PRICE RECEIVED, MEASURED IN $ / BU","TOTAL","NOT SPECIFIED","0.72",""
"SURVEY","1930","MAR","","STATE","ILLINOIS","17","","","","","","","00000000","","CORN","CORN, GRAIN - PRICE RECEIVED, MEASURED IN $ / BU","TOTAL","NOT SPECIFIED","0.67",""
"SURVEY","1930","MARKETING YEAR","","STATE","ILLINOIS","17","","","","","","","00000000","","CORN","CORN, GRAIN - PRICE RECEIVED, MEASURED IN $ / BU","TOTAL","NOT SPECIFIED","0.54",""
"SURVEY","1930","MAY","","STATE","ILLINOIS","17","","","","","","","00000000","","CORN","CORN, GRAIN - PRICE RECEIVED, MEASURED IN $ / BU","TOTAL","NOT SPECIFIED","0.72",""
"SURVEY","1930","NOV","","STATE","ILLINOIS","17","","","","","","","00000000","","CORN","CORN, GRAIN - PRICE RECEIVED, MEASURED IN $ / BU","TOTAL","NOT SPECIFIED","0.61",""
"SURVEY","1930","OCT","","STATE","ILLINOIS","17","","","","","","","00000000","","CORN","CORN, GRAIN - PRICE RECEIVED, MEASURED IN $ / BU","TOTAL","NOT SPECIFIED","0.77",""
"SURVEY","1930","SEP","","STATE","ILLINOIS","17","","","","","","","00000000","","CORN","CORN, GRAIN - PRICE RECEIVED, MEASURED IN $ / BU","TOTAL","NOT SPECIFIED","0.89",""
"SURVEY","1929","APR","","STATE","ILLINOIS","17","","","","","","","00000000","","CORN","CORN, GRAIN - PRICE RECEIVED, MEASURED IN $ / BU","TOTAL","NOT SPECIFIED","0.83",""
"SURVEY","1929","AUG","","STATE","ILLINOIS","17","","","","","","","00000000","","CORN","CORN, GRAIN - PRICE RECEIVED, MEASURED IN $ / BU","TOTAL","NOT SPECIFIED","0.93",""
"SURVEY","1929","DEC","","STATE","ILLINOIS","17","","","","","","","00000000","","CORN","CORN, GRAIN - PRICE RECEIVED, MEASURED IN $ / BU","TOTAL","NOT SPECIFIED","0.73",""
"SURVEY","1929","FEB","","STATE","ILLINOIS","17","","","","","","","00000000","","CORN","CORN, GRAIN - PRICE RECEIVED, MEASURED IN $ / BU","TOTAL","NOT SPECIFIED","0.84",""
"SURVEY","1929","JAN","","STATE","ILLINOIS","17","","","","","","","00000000","","CORN","CORN, GRAIN - PRICE RECEIVED, MEASURED IN $ / BU","TOTAL","NOT SPECIFIED","0.77",""
"SURVEY","1929","JUL","","STATE","ILLINOIS","17","","","","","","","00000000","","CORN","CORN, GRAIN - PRICE RECEIVED, MEASURED IN $ / BU","TOTAL","NOT SPECIFIED","0.89",""
"SURVEY","1929","JUN","","STATE","ILLINOIS","17","","","","","","","00000000","","CORN","CORN, GRAIN - PRICE RECEIVED, MEASURED IN $ / BU","TOTAL","NOT SPECIFIED","0.83",""
"SURVEY","1929","MAR","","STATE","ILLINOIS","17","","","","","","","00000000","","CORN","CORN, GRAIN - PRICE RECEIVED, MEASURED IN $ / BU","TOTAL","NOT SPECIFIED","0.84",""
"SURVEY","1929","MARKETING YEAR","","STATE","ILLINOIS","17","","","","","","","00000000","","CORN","CORN, GRAIN - PRICE RECEIVED, MEASURED IN $ / BU","TOTAL","NOT SPECIFIED","0.76",""
"SURVEY","1929","MAY","","STATE","ILLINOIS","17","","","","","","","00000000","","CORN","CORN, GRAIN - PRICE RECEIVED, MEASURED IN $ / BU","TOTAL","NOT SPECIFIED","0.81",""
"SURVEY","1929","NOV","","STATE","ILLINOIS","17","","","","","","","00000000","","CORN","CORN, GRAIN - PRICE RECEIVED, MEASURED IN $ / BU","TOTAL","NOT SPECIFIED","0.77",""
"SURVEY","1929","OCT","","STATE","ILLINOIS","17","","","","","","","00000000","","CORN","CORN, GRAIN - PRICE RECEIVED, MEASURED IN $ / BU","TOTAL","NOT SPECIFIED","0.9",""
"SURVEY","1929","SEP","","STATE","ILLINOIS","17","","","","","","","00000000","","CORN","CORN, GRAIN - PRICE RECEIVED, MEASURED IN $ / BU","TOTAL","NOT SPECIFIED","0.95",""
"SURVEY","1928","APR","","STATE","ILLINOIS","17","","","","","","","00000000","","CORN","CORN, GRAIN - PRICE RECEIVED, MEASURED IN $ / BU","TOTAL","NOT SPECIFIED","0.9",""
"SURVEY","1928","AUG","","STATE","ILLINOIS","17","","","","","","","00000000","","CORN","CORN, GRAIN - PRICE RECEIVED, MEASURED IN $ / BU","TOTAL","NOT SPECIFIED","0.94",""
"SURVEY","1928","DEC","","STATE","ILLINOIS","17","","","","","","","00000000","","CORN","CORN, GRAIN - PRICE RECEIVED, MEASURED IN $ / BU","TOTAL","NOT SPECIFIED","0.71",""
"SURVEY","1928","FEB","","STATE","ILLINOIS","17","","","","","","","00000000","","CORN","CORN, GRAIN - PRICE RECEIVED, MEASURED IN $ / BU","TOTAL","NOT SPECIFIED","0.77",""
"SURVEY","1928","JAN","","STATE","ILLINOIS","17","","","","","","","00000000","","CORN","CORN, GRAIN - PRICE RECEIVED, MEASURED IN $ / BU","TOTAL","NOT SPECIFIED","0.72",""
"SURVEY","1928","JUL","","STATE","ILLINOIS","17","","","","","","","00000000","","CORN","CORN, GRAIN - PRICE RECEIVED, MEASURED IN $ / BU","TOTAL","NOT SPECIFIED","0.98",""
"SURVEY","1928","JUN","","STATE","ILLINOIS","17","","","","","","","00000000","","CORN","CORN, GRAIN - PRICE RECEIVED, MEASURED IN $ / BU","TOTAL","NOT SPECIFIED","1",""
"SURVEY","1928","MAR","","STATE","ILLINOIS","17","","","","","","","00000000","","CORN","CORN, GRAIN - PRICE RECEIVED, MEASURED IN $ / BU","TOTAL","NOT SPECIFIED","0.83",""
"SURVEY","1928","MARKETING YEAR","","STATE","ILLINOIS","17","","","","","","","00000000","","CORN","CORN, GRAIN - PRICE RECEIVED, MEASURED IN $ / BU","TOTAL","NOT SPECIFIED","0.8",""
"SURVEY","1928","MAY","","STATE","ILLINOIS","17","","","","","","","00000000","","CORN","CORN, GRAIN - PRICE RECEIVED, MEASURED IN $ / BU","TOTAL","NOT SPECIFIED","1.02",""
"SURVEY","1928","NOV","","STATE","ILLINOIS","17","","","","","","","00000000","","CORN","CORN, GRAIN - PRICE RECEIVED, MEASURED IN $ / BU","TOTAL","NOT SPECIFIED","0.69",""
"SURVEY","1928","OCT","","STATE","ILLINOIS","17","","","","","","","00000000","","CORN","CORN, GRAIN - PRICE RECEIVED, MEASURED IN $ / BU","TOTAL","NOT SPECIFIED","0.78",""
"SURVEY","1928","SEP","","STATE","ILLINOIS","17","","","","","","","00000000","","CORN","CORN, GRAIN - PRICE RECEIVED, MEASURED IN $ / BU","TOTAL","NOT SPECIFIED","0.92",""
"SURVEY","1927","APR","","STATE","ILLINOIS","17","","","","","","","00000000","","CORN","CORN, GRAIN - PRICE RECEIVED, MEASURED IN $ / BU","TOTAL","NOT SPECIFIED","0.56",""
"SURVEY","1927","AUG","","STATE","ILLINOIS","17","","","","","","","00000000","","CORN","CORN, GRAIN - PRICE RECEIVED, MEASURED IN $ / BU","TOTAL","NOT SPECIFIED","0.97",""
"SURVEY","1927","DEC","","STATE","ILLINOIS","17","","","","","","","00000000","","CORN","CORN, GRAIN - PRICE RECEIVED, MEASURED IN $ / BU","TOTAL","NOT SPECIFIED","0.75",""
"SURVEY","1927","FEB","","STATE","ILLINOIS","17","","","","","","","00000000","","CORN","CORN, GRAIN - PRICE RECEIVED, MEASURED IN $ / BU","TOTAL","NOT SPECIFIED","0.58",""
"SURVEY","1927","JAN","","STATE","ILLINOIS","17","","","","","","","00000000","","CORN","CORN, GRAIN - PRICE RECEIVED, MEASURED IN $ / BU","TOTAL","NOT SPECIFIED","0.55",""
"SURVEY","1927","JUL","","STATE","ILLINOIS","17","","","","","","","00000000","","CORN","CORN, GRAIN - PRICE RECEIVED, MEASURED IN $ / BU","TOTAL","NOT SPECIFIED","0.9",""
"SURVEY","1927","JUN","","STATE","ILLINOIS","17","","","","","","","00000000","","CORN","CORN, GRAIN - PRICE RECEIVED, MEASURED IN $ / BU","TOTAL","NOT SPECIFIED","0.86",""
"SURVEY","1927","MAR","","STATE","ILLINOIS","17","","","","","","","00000000","","CORN","CORN, GRAIN - PRICE RECEIVED, MEASURED IN $ / BU","TOTAL","NOT SPECIFIED","0.54",""
"SURVEY","1927","MARKETING YEAR","","STATE","ILLINOIS","17","","","","","","","00000000","","CORN","CORN, GRAIN - PRICE RECEIVED, MEASURED IN $ / BU","TOTAL","NOT SPECIFIED","0.85",""
"SURVEY","1927","MAY","","STATE","ILLINOIS","17","","","","","","","00000000","","CORN","CORN, GRAIN - PRICE RECEIVED, MEASURED IN $ / BU","TOTAL","NOT SPECIFIED","0.66",""
"SURVEY","1927","NOV","","STATE","ILLINOIS","17","","","","","","","00000000","","CORN","CORN, GRAIN - PRICE RECEIVED, MEASURED IN $ / BU","TOTAL","NOT SPECIFIED","0.73",""
"SURVEY","1927","OCT","","STATE","ILLINOIS","17","","","","","","","00000000","","CORN","CORN, GRAIN - PRICE RECEIVED, MEASURED IN $ / BU","TOTAL","NOT SPECIFIED","0.85",""
"SURVEY","1927","SEP","","STATE","ILLINOIS","17","","","","","","","00000000","","CORN","CORN, GRAIN - PRICE RECEIVED, MEASURED IN $ / BU","TOTAL","NOT SPECIFIED","0.93",""
"SURVEY","1926","APR","","STATE","ILLINOIS","17","","","","","","","00000000","","CORN","CORN, GRAIN - PRICE RECEIVED, MEASURED IN $ / BU","TOTAL","NOT SPECIFIED","0.58",""
"SURVEY","1926","AUG","","STATE","ILLINOIS","17","","","","","","","00000000","","CORN","CORN, GRAIN - PRICE RECEIVED, MEASURED IN $ / BU","TOTAL","NOT SPECIFIED","0.73",""
"SURVEY","1926","DEC","","STATE","ILLINOIS","17","","","","","","","00000000","","CORN","CORN, GRAIN - PRICE RECEIVED, MEASURED IN $ / BU","TOTAL","NOT SPECIFIED","0.59",""
"SURVEY","1926","FEB","","STATE","ILLINOIS","17","","","","","","","00000000","","CORN","CORN, GRAIN - PRICE RECEIVED, MEASURED IN $ / BU","TOTAL","NOT SPECIFIED","0.63",""
"SURVEY","1926","JAN","","STATE","ILLINOIS","17","","","","","","","00000000","","CORN","CORN, GRAIN - PRICE RECEIVED, MEASURED IN $ / BU","TOTAL","NOT SPECIFIED","0.62",""
"SURVEY","1926","JUL","","STATE","ILLINOIS","17","","","","","","","00000000","","CORN","CORN, GRAIN - PRICE RECEIVED, MEASURED IN $ / BU","TOTAL","NOT SPECIFIED","0.63",""
"SURVEY","1926","JUN","","STATE","ILLINOIS","17","","","","","","","00000000","","CORN","CORN, GRAIN - PRICE RECEIVED, MEASURED IN $ / BU","TOTAL","NOT SPECIFIED","0.61",""
"SURVEY","1926","MAR","","STATE","ILLINOIS","17","","","","","","","00000000","","CORN","CORN, GRAIN - PRICE RECEIVED, MEASURED IN $ / BU","TOTAL","NOT SPECIFIED","0.58",""
"SURVEY","1926","MARKETING YEAR","","STATE","ILLINOIS","17","","","","","","","00000000","","CORN","CORN, GRAIN - PRICE RECEIVED, MEASURED IN $ / BU","TOTAL","NOT SPECIFIED","0.69",""
"SURVEY","1926","MAY","","STATE","ILLINOIS","17","","","","","","","00000000","","CORN","CORN, GRAIN - PRICE RECEIVED, MEASURED IN $ / BU","TOTAL","NOT SPECIFIED","0.59",""
"SURVEY","1926","NOV","","STATE","ILLINOIS","17","","","","","","","00000000","","CORN","CORN, GRAIN - PRICE RECEIVED, MEASURED IN $ / BU","TOTAL","NOT SPECIFIED","0.58",""
"SURVEY","1926","OCT","","STATE","ILLINOIS","17","","","","","","","00000000","","CORN","CORN, GRAIN - PRICE RECEIVED, MEASURED IN $ / BU","TOTAL","NOT SPECIFIED","0.69",""
"SURVEY","1926","SEP","","STATE","ILLINOIS","17","","","","","","","00000000","","CORN","CORN, GRAIN - PRICE RECEIVED, MEASURED IN $ / BU","TOTAL","NOT SPECIFIED","0.7",""
"SURVEY","1925","APR","","STATE","ILLINOIS","17","","","","","","","00000000","","CORN","CORN, GRAIN - PRICE RECEIVED, MEASURED IN $ / BU","TOTAL","NOT SPECIFIED","0.99",""
"SURVEY","1925","AUG","","STATE","ILLINOIS","17","","","","","","","00000000","","CORN","CORN, GRAIN - PRICE RECEIVED, MEASURED IN $ / BU","TOTAL","NOT SPECIFIED","1",""
"SURVEY","1925","DEC","","STATE","ILLINOIS","17","","","","","","","00000000","","CORN","CORN, GRAIN - PRICE RECEIVED, MEASURED IN $ / BU","TOTAL","NOT SPECIFIED","0.6",""
"SURVEY","1925","FEB","","STATE","ILLINOIS","17","","","","","","","00000000","","CORN","CORN, GRAIN - PRICE RECEIVED, MEASURED IN $ / BU","TOTAL","NOT SPECIFIED","1.07",""
"SURVEY","1925","JAN","","STATE","ILLINOIS","17","","","","","","","00000000","","CORN","CORN, GRAIN - PRICE RECEIVED, MEASURED IN $ / BU","TOTAL","NOT SPECIFIED","1.08",""
"SURVEY","1925","JUL","","STATE","ILLINOIS","17","","","","","","","00000000","","CORN","CORN, GRAIN - PRICE RECEIVED, MEASURED IN $ / BU","TOTAL","NOT SPECIFIED","1.02",""
"SURVEY","1925","JUN","","STATE","ILLINOIS","17","","","","","","","00000000","","CORN","CORN, GRAIN - PRICE RECEIVED, MEASURED IN $ / BU","TOTAL","NOT SPECIFIED","1.06",""
"SURVEY","1925","MAR","","STATE","ILLINOIS","17","","","","","","","00000000","","CORN","CORN, GRAIN - PRICE RECEIVED, MEASURED IN $ / BU","TOTAL","NOT SPECIFIED","1.04",""
"SURVEY","1925","MARKETING YEAR","","STATE","ILLINOIS","17","","","","","","","00000000","","CORN","CORN, GRAIN - PRICE RECEIVED, MEASURED IN $ / BU","TOTAL","NOT SPECIFIED","0.64",""
"SURVEY","1925","MAY","","STATE","ILLINOIS","17","","","","","","","00000000","","CORN","CORN, GRAIN - PRICE RECEIVED, MEASURED IN $ / BU","TOTAL","NOT SPECIFIED","1.03",""
"SURVEY","1925","NOV","","STATE","ILLINOIS","17","","","","","","","00000000","","CORN","CORN, GRAIN - PRICE RECEIVED, MEASURED IN $ / BU","TOTAL","NOT SPECIFIED","0.64",""
"SURVEY","1925","OCT","","STATE","ILLINOIS","17","","","","","","","00000000","","CORN","CORN, GRAIN - PRICE RECEIVED, MEASURED IN $ / BU","TOTAL","NOT SPECIFIED","0.72",""
"SURVEY","1925","SEP","","STATE","ILLINOIS","17","","","","","","","00000000","","CORN","CORN, GRAIN - PRICE RECEIVED, MEASURED IN $ / BU","TOTAL","NOT SPECIFIED","0.9",""
"SURVEY","1924","APR","","STATE","ILLINOIS","17","","","","","","","00000000","","CORN","CORN, GRAIN - PRICE RECEIVED, MEASURED IN $ / BU","TOTAL","NOT SPECIFIED","0.71",""
"SURVEY","1924","AUG","","STATE","ILLINOIS","17","","","","","","","00000000","","CORN","CORN, GRAIN - PRICE RECEIVED, MEASURED IN $ / BU","TOTAL","NOT SPECIFIED","1.04",""
"SURVEY","1924","DEC","","STATE","ILLINOIS","17","","","","","","","00000000","","CORN","CORN, GRAIN - PRICE RECEIVED, MEASURED IN $ / BU","TOTAL","NOT SPECIFIED","1.06",""
"SURVEY","1924","FEB","","STATE","ILLINOIS","17","","","","","","","00000000","","CORN","CORN, GRAIN - PRICE RECEIVED, MEASURED IN $ / BU","TOTAL","NOT SPECIFIED","0.68",""
"SURVEY","1924","JAN","","STATE","ILLINOIS","17","","","","","","","00000000","","CORN","CORN, GRAIN - PRICE RECEIVED, MEASURED IN $ / BU","TOTAL","NOT SPECIFIED","0.67",""
"SURVEY","1924","JUL","","STATE","ILLINOIS","17","","","","","","","00000000","","CORN","CORN, GRAIN - PRICE RECEIVED, MEASURED IN $ / BU","TOTAL","NOT SPECIFIED","0.96",""
"SURVEY","1924","JUN","","STATE","ILLINOIS","17","","","","","","","00000000","","CORN","CORN, GRAIN - PRICE RECEIVED, MEASURED IN $ / BU","TOTAL","NOT SPECIFIED","0.76",""
"SURVEY","1924","MAR","","STATE","ILLINOIS","17","","","","","","","00000000","","CORN","CORN, GRAIN - PRICE RECEIVED, MEASURED IN $ / BU","TOTAL","NOT SPECIFIED","0.69",""
"SURVEY","1924","MARKETING YEAR","","STATE","ILLINOIS","17","","","","","","","00000000","","CORN","CORN, GRAIN - PRICE RECEIVED, MEASURED IN $ / BU","TOTAL","NOT SPECIFIED","1.02",""
"SURVEY","1924","MAY","","STATE","ILLINOIS","17","","","","","","","00000000","","CORN","CORN, GRAIN - PRICE RECEIVED, MEASURED IN $ / BU","TOTAL","NOT SPECIFIED","0.72",""
"SURVEY","1924","NOV","","STATE","ILLINOIS","17","","","","","","","00000000","","CORN","CORN, GRAIN - PRICE RECEIVED, MEASURED IN $ / BU","TOTAL","NOT SPECIFIED","0.94",""
"SURVEY","1924","OCT","","STATE","ILLINOIS","17","","","","","","","00000000","","CORN","CORN, GRAIN - PRICE RECEIVED, MEASURED IN $ / BU","TOTAL","NOT SPECIFIED","1.04",""
"SURVEY","1924","SEP","","STATE","ILLINOIS","17","","","","","","","00000000","","CORN","CORN, GRAIN - PRICE RECEIVED, MEASURED IN $ / BU","TOTAL","NOT SPECIFIED","1.08",""
"SURVEY","1923","APR","","STATE","ILLINOIS","17","","","","","","","00000000","","CORN","CORN, GRAIN - PRICE RECEIVED, MEASURED IN $ / BU","TOTAL","NOT SPECIFIED","0.72",""
"SURVEY","1923","AUG","","STATE","ILLINOIS","17","","","","","","","00000000","","CORN","CORN, GRAIN - PRICE RECEIVED, MEASURED IN $ / BU","TOTAL","NOT SPECIFIED","0.8",""
"SURVEY","1923","DEC","","STATE","ILLINOIS","17","","","","","","","00000000","","CORN","CORN, GRAIN - PRICE RECEIVED, MEASURED IN $ / BU","TOTAL","NOT SPECIFIED","0.66",""
"SURVEY","1923","FEB","","STATE","ILLINOIS","17","","","","","","","00000000","","CORN","CORN, GRAIN - PRICE RECEIVED, MEASURED IN $ / BU","TOTAL","NOT SPECIFIED","0.66",""
"SURVEY","1923","JAN","","STATE","ILLINOIS","17","","","","","","","00000000","","CORN","CORN, GRAIN - PRICE RECEIVED, MEASURED IN $ / BU","TOTAL","NOT SPECIFIED","0.64",""
"SURVEY","1923","JUL","","STATE","ILLINOIS","17","","","","","","","00000000","","CORN","CORN, GRAIN - PRICE RECEIVED, MEASURED IN $ / BU","TOTAL","NOT SPECIFIED","0.8",""
"SURVEY","1923","JUN","","STATE","ILLINOIS","17","","","","","","","00000000","","CORN","CORN, GRAIN - PRICE RECEIVED, MEASURED IN $ / BU","TOTAL","NOT SPECIFIED","0.77",""
"SURVEY","1923","MAR","","STATE","ILLINOIS","17","","","","","","","00000000","","CORN","CORN, GRAIN - PRICE RECEIVED, MEASURED IN $ / BU","TOTAL","NOT SPECIFIED","0.68",""
"SURVEY","1923","MARKETING YEAR","","STATE","ILLINOIS","17","","","","","","","00000000","","CORN","CORN, GRAIN - PRICE RECEIVED, MEASURED IN $ / BU","TOTAL","NOT SPECIFIED","0.78",""
"SURVEY","1923","MAY","","STATE","ILLINOIS","17","","","","","","","00000000","","CORN","CORN, GRAIN - PRICE RECEIVED, MEASURED IN $ / BU","TOTAL","NOT SPECIFIED","0.76",""
"SURVEY","1923","NOV","","STATE","ILLINOIS","17","","","","","","","00000000","","CORN","CORN, GRAIN - PRICE RECEIVED, MEASURED IN $ / BU","TOTAL","NOT SPECIFIED","0.7",""
"SURVEY","1923","OCT","","STATE","ILLINOIS","17","","","","","","","00000000","","CORN","CORN, GRAIN - PRICE RECEIVED, MEASURED IN $ / BU","TOTAL","NOT SPECIFIED","0.77",""
"SURVEY","1923","SEP","","STATE","ILLINOIS","17","","","","","","","00000000","","CORN","CORN, GRAIN - PRICE RECEIVED, MEASURED IN $ / BU","TOTAL","NOT SPECIFIED","0.8",""
"SURVEY","1922","APR","","STATE","ILLINOIS","17","","","","","","","00000000","","CORN","CORN, GRAIN - PRICE RECEIVED, MEASURED IN $ / BU","TOTAL","NOT SPECIFIED","0.51",""
"SURVEY","1922","AUG","","STATE","ILLINOIS","17","","","","","","","00000000","","CORN","CORN, GRAIN - PRICE RECEIVED, MEASURED IN $ / BU","TOTAL","NOT SPECIFIED","0.56",""
"SURVEY","1922","DEC","","STATE","ILLINOIS","17","","","","","","","00000000","","CORN","CORN, GRAIN - PRICE RECEIVED, MEASURED IN $ / BU","TOTAL","NOT SPECIFIED","0.62",""
"SURVEY","1922","FEB","","STATE","ILLINOIS","17","","","","","","","00000000","","CORN","CORN, GRAIN - PRICE RECEIVED, MEASURED IN $ / BU","TOTAL","NOT SPECIFIED","0.46",""
"SURVEY","1922","JAN","","STATE","ILLINOIS","17","","","","","","","00000000","","CORN","CORN, GRAIN - PRICE RECEIVED, MEASURED IN $ / BU","TOTAL","NOT SPECIFIED","0.4",""
"SURVEY","1922","JUL","","STATE","ILLINOIS","17","","","","","","","00000000","","CORN","CORN, GRAIN - PRICE RECEIVED, MEASURED IN $ / BU","TOTAL","NOT SPECIFIED","0.56",""
"SURVEY","1922","JUN","","STATE","ILLINOIS","17","","","","","","","00000000","","CORN","CORN, GRAIN - PRICE RECEIVED, MEASURED IN $ / BU","TOTAL","NOT SPECIFIED","0.54",""
"SURVEY","1922","MAR","","STATE","ILLINOIS","17","","","","","","","00000000","","CORN","CORN, GRAIN - PRICE RECEIVED, MEASURED IN $ / BU","TOTAL","NOT SPECIFIED","0.5",""
"SURVEY","1922","MARKETING YEAR","","STATE","ILLINOIS","17","","","","","","","00000000","","CORN","CORN, GRAIN - PRICE RECEIVED, MEASURED IN $ / BU","TOTAL","NOT SPECIFIED","0.69",""
"SURVEY","1922","MAY","","STATE","ILLINOIS","17","","","","","","","00000000","","CORN","CORN, GRAIN - PRICE RECEIVED, MEASURED IN $ / BU","TOTAL","NOT SPECIFIED","0.54",""
"SURVEY","1922","NOV","","STATE","ILLINOIS","17","","","","","","","00000000","","CORN","CORN, GRAIN - PRICE RECEIVED, MEASURED IN $ / BU","TOTAL","NOT SPECIFIED","0.58",""
"SURVEY","1922","OCT","","STATE","ILLINOIS","17","","","","","","","00000000","","CORN","CORN, GRAIN - PRICE RECEIVED, MEASURED IN $ / BU","TOTAL","NOT SPECIFIED","0.56",""
"SURVEY","1922","SEP","","STATE","ILLINOIS","17","","","","","","","00000000","","CORN","CORN, GRAIN - PRICE RECEIVED, MEASURED IN $ / BU","TOTAL","NOT SPECIFIED","0.56",""
"SURVEY","1921","APR","","STATE","ILLINOIS","17","","","","","","","00000000","","CORN","CORN, GRAIN - PRICE RECEIVED, MEASURED IN $ / BU","TOTAL","NOT SPECIFIED","0.52",""
"SURVEY","1921","AUG","","STATE","ILLINOIS","17","","","","","","","00000000","","CORN","CORN, GRAIN - PRICE RECEIVED, MEASURED IN $ / BU","TOTAL","NOT SPECIFIED","0.52",""
"SURVEY","1921","DEC","","STATE","ILLINOIS","17","","","","","","","00000000","","CORN","CORN, GRAIN - PRICE RECEIVED, MEASURED IN $ / BU","TOTAL","NOT SPECIFIED","0.38",""
"SURVEY","1921","FEB","","STATE","ILLINOIS","17","","","","","","","00000000","","CORN","CORN, GRAIN - PRICE RECEIVED, MEASURED IN $ / BU","TOTAL","NOT SPECIFIED","0.54",""
"SURVEY","1921","JAN","","STATE","ILLINOIS","17","","","","","","","00000000","","CORN","CORN, GRAIN - PRICE RECEIVED, MEASURED IN $ / BU","TOTAL","NOT SPECIFIED","0.58",""
"SURVEY","1921","JUL","","STATE","ILLINOIS","17","","","","","","","00000000","","CORN","CORN, GRAIN - PRICE RECEIVED, MEASURED IN $ / BU","TOTAL","NOT SPECIFIED","0.54",""
"SURVEY","1921","JUN","","STATE","ILLINOIS","17","","","","","","","00000000","","CORN","CORN, GRAIN - PRICE RECEIVED, MEASURED IN $ / BU","TOTAL","NOT SPECIFIED","0.54",""
"SURVEY","1921","MAR","","STATE","ILLINOIS","17","","","","","","","00000000","","CORN","CORN, GRAIN - PRICE RECEIVED, MEASURED IN $ / BU","TOTAL","NOT SPECIFIED","0.54",""
"SURVEY","1921","MARKETING YEAR","","STATE","ILLINOIS","17","","","","","","","00000000","","CORN","CORN, GRAIN - PRICE RECEIVED, MEASURED IN $ / BU","TOTAL","NOT SPECIFIED","0.47",""
"SURVEY","1921","MAY","","STATE","ILLINOIS","17","","","","","","","00000000","","CORN","CORN, GRAIN - PRICE RECEIVED, MEASURED IN $ / BU","TOTAL","NOT SPECIFIED","0.54",""
"SURVEY","1921","NOV","","STATE","ILLINOIS","17","","","","","","","00000000","","CORN","CORN, GRAIN - PRICE RECEIVED, MEASURED IN $ / BU","TOTAL","NOT SPECIFIED","0.36",""
"SURVEY","1921","OCT","","STATE","ILLINOIS","17","","","","","","","00000000","","CORN","CORN, GRAIN - PRICE RECEIVED, MEASURED IN $ / BU","TOTAL","NOT SPECIFIED","0.4",""
"SURVEY","1921","SEP","","STATE","ILLINOIS","17","","","","","","","00000000","","CORN","CORN, GRAIN - PRICE RECEIVED, MEASURED IN $ / BU","TOTAL","NOT SPECIFIED","0.46",""
"SURVEY","1920","APR","","STATE","ILLINOIS","17","","","","","","","00000000","","CORN","CORN, GRAIN - PRICE RECEIVED, MEASURED IN $ / BU","TOTAL","NOT SPECIFIED","1.62",""
"SURVEY","1920","AUG","","STATE","ILLINOIS","17","","","","","","","00000000","","CORN","CORN, GRAIN - PRICE RECEIVED, MEASURED IN $ / BU","TOTAL","NOT SPECIFIED","1.48",""
"SURVEY","1920","DEC","","STATE","ILLINOIS","17","","","","","","","00000000","","CORN","CORN, GRAIN - PRICE RECEIVED, MEASURED IN $ / BU","TOTAL","NOT SPECIFIED","0.6",""
"SURVEY","1920","FEB","","STATE","ILLINOIS","17","","","","","","","00000000","","CORN","CORN, GRAIN - PRICE RECEIVED, MEASURED IN $ / BU","TOTAL","NOT SPECIFIED","1.43",""
"SURVEY","1920","JAN","","STATE","ILLINOIS","17","","","","","","","00000000","","CORN","CORN, GRAIN - PRICE RECEIVED, MEASURED IN $ / BU","TOTAL","NOT SPECIFIED","1.4",""
"SURVEY","1920","JUL","","STATE","ILLINOIS","17","","","","","","","00000000","","CORN","CORN, GRAIN - PRICE RECEIVED, MEASURED IN $ / BU","TOTAL","NOT SPECIFIED","1.66",""
"SURVEY","1920","JUN","","STATE","ILLINOIS","17","","","","","","","00000000","","CORN","CORN, GRAIN - PRICE RECEIVED, MEASURED IN $ / BU","TOTAL","NOT SPECIFIED","1.84",""
"SURVEY","1920","MAR","","STATE","ILLINOIS","17","","","","","","","00000000","","CORN","CORN, GRAIN - PRICE RECEIVED, MEASURED IN $ / BU","TOTAL","NOT SPECIFIED","1.48",""
"SURVEY","1920","MARKETING YEAR","","STATE","ILLINOIS","17","","","","","","","00000000","","CORN","CORN, GRAIN - PRICE RECEIVED, MEASURED IN $ / BU","TOTAL","NOT SPECIFIED","0.58",""
"SURVEY","1920","MAY","","STATE","ILLINOIS","17","","","","","","","00000000","","CORN","CORN, GRAIN - PRICE RECEIVED, MEASURED IN $ / BU","TOTAL","NOT SPECIFIED","1.76",""
"SURVEY","1920","NOV","","STATE","ILLINOIS","17","","","","","","","00000000","","CORN","CORN, GRAIN - PRICE RECEIVED, MEASURED IN $ / BU","TOTAL","NOT SPECIFIED","0.68",""
"SURVEY","1920","OCT","","STATE","ILLINOIS","17","","","","","","","00000000","","CORN","CORN, GRAIN - PRICE RECEIVED, MEASURED IN $ / BU","TOTAL","NOT SPECIFIED","0.93",""
"SURVEY","1920","SEP","","STATE","ILLINOIS","17","","","","","","","00000000","","CORN","CORN, GRAIN - PRICE RECEIVED, MEASURED IN $ / BU","TOTAL","NOT SPECIFIED","1.29",""
"SURVEY","1919","APR","","STATE","ILLINOIS","17","","","","","","","00000000","","CORN","CORN, GRAIN - PRICE RECEIVED, MEASURED IN $ / BU","TOTAL","NOT SPECIFIED","1.49",""
"SURVEY","1919","AUG","","STATE","ILLINOIS","17","","","","","","","00000000","","CORN","CORN, GRAIN - PRICE RECEIVED, MEASURED IN $ / BU","TOTAL","NOT SPECIFIED","1.86",""
"SURVEY","1919","DEC","","STATE","ILLINOIS","17","","","","","","","00000000","","CORN","CORN, GRAIN - PRICE RECEIVED, MEASURED IN $ / BU","TOTAL","NOT SPECIFIED","1.34",""
"SURVEY","1919","FEB","","STATE","ILLINOIS","17","","","","","","","00000000","","CORN","CORN, GRAIN - PRICE RECEIVED, MEASURED IN $ / BU","TOTAL","NOT SPECIFIED","1.22",""
"SURVEY","1919","JAN","","STATE","ILLINOIS","17","","","","","","","00000000","","CORN","CORN, GRAIN - PRICE RECEIVED, MEASURED IN $ / BU","TOTAL","NOT SPECIFIED","1.27",""
"SURVEY","1919","JUL","","STATE","ILLINOIS","17","","","","","","","00000000","","CORN","CORN, GRAIN - PRICE RECEIVED, MEASURED IN $ / BU","TOTAL","NOT SPECIFIED","1.82",""
"SURVEY","1919","JUN","","STATE","ILLINOIS","17","","","","","","","00000000","","CORN","CORN, GRAIN - PRICE RECEIVED, MEASURED IN $ / BU","TOTAL","NOT SPECIFIED","1.7",""
"SURVEY","1919","MAR","","STATE","ILLINOIS","17","","","","","","","00000000","","CORN","CORN, GRAIN - PRICE RECEIVED, MEASURED IN $ / BU","TOTAL","NOT SPECIFIED","1.32",""
"SURVEY","1919","MARKETING YEAR","","STATE","ILLINOIS","17","","","","","","","00000000","","CORN","CORN, GRAIN - PRICE RECEIVED, MEASURED IN $ / BU","TOTAL","NOT SPECIFIED","1.47",""
"SURVEY","1919","MAY","","STATE","ILLINOIS","17","","","","","","","00000000","","CORN","CORN, GRAIN - PRICE RECEIVED, MEASURED IN $ / BU","TOTAL","NOT SPECIFIED","1.62",""
"SURVEY","1919","NOV","","STATE","ILLINOIS","17","","","","","","","00000000","","CORN","CORN, GRAIN - PRICE RECEIVED, MEASURED IN $ / BU","TOTAL","NOT SPECIFIED","1.27",""
"SURVEY","1919","OCT","","STATE","ILLINOIS","17","","","","","","","00000000","","CORN","CORN, GRAIN - PRICE RECEIVED, MEASURED IN $ / BU","TOTAL","NOT SPECIFIED","1.32",""
"SURVEY","1919","SEP","","STATE","ILLINOIS","17","","","","","","","00000000","","CORN","CORN, GRAIN - PRICE RECEIVED, MEASURED IN $ / BU","TOTAL","NOT SPECIFIED","1.62",""
"SURVEY","1918","APR","","STATE","ILLINOIS","17","","","","","","","00000000","","CORN","CORN, GRAIN - PRICE RECEIVED, MEASURED IN $ / BU","TOTAL","NOT SPECIFIED","1.32",""
"SURVEY","1918","AUG","","STATE","ILLINOIS","17","","","","","","","00000000","","CORN","CORN, GRAIN - PRICE RECEIVED, MEASURED IN $ / BU","TOTAL","NOT SPECIFIED","1.43",""
"SURVEY","1918","DEC","","STATE","ILLINOIS","17","","","","","","","00000000","","CORN","CORN, GRAIN - PRICE RECEIVED, MEASURED IN $ / BU","TOTAL","NOT SPECIFIED","1.27",""
"SURVEY","1918","FEB","","STATE","ILLINOIS","17","","","","","","","00000000","","CORN","CORN, GRAIN - PRICE RECEIVED, MEASURED IN $ / BU","TOTAL","NOT SPECIFIED","1.3",""
"SURVEY","1918","JAN","","STATE","ILLINOIS","17","","","","","","","00000000","","CORN","CORN, GRAIN - PRICE RECEIVED, MEASURED IN $ / BU","TOTAL","NOT SPECIFIED","1.2",""
"SURVEY","1918","JUL","","STATE","ILLINOIS","17","","","","","","","00000000","","CORN","CORN, GRAIN - PRICE RECEIVED, MEASURED IN $ / BU","TOTAL","NOT SPECIFIED","1.36",""
"SURVEY","1918","JUN","","STATE","ILLINOIS","17","","","","","","","00000000","","CORN","CORN, GRAIN - PRICE RECEIVED, MEASURED IN $ / BU","TOTAL","NOT SPECIFIED","1.28",""
"SURVEY","1918","MAR","","STATE","ILLINOIS","17","","","","","","","00000000","","CORN","CORN, GRAIN - PRICE RECEIVED, MEASURED IN $ / BU","TOTAL","NOT SPECIFIED","1.33",""
"SURVEY","1918","MARKETING YEAR","","STATE","ILLINOIS","17","","","","","","","00000000","","CORN","CORN, GRAIN - PRICE RECEIVED, MEASURED IN $ / BU","TOTAL","NOT SPECIFIED","1.42",""
"SURVEY","1918","MAY","","STATE","ILLINOIS","17","","","","","","","00000000","","CORN","CORN, GRAIN - PRICE RECEIVED, MEASURED IN $ / BU","TOTAL","NOT SPECIFIED","1.29",""
"SURVEY","1918","NOV","","STATE","ILLINOIS","17","","","","","","","00000000","","CORN","CORN, GRAIN - PRICE RECEIVED, MEASURED IN $ / BU","TOTAL","NOT SPECIFIED","1.19",""
"SURVEY","1918","OCT","","STATE","ILLINOIS","17","","","","","","","00000000","","CORN","CORN, GRAIN - PRICE RECEIVED, MEASURED IN $ / BU","TOTAL","NOT SPECIFIED","1.28",""
"SURVEY","1918","SEP","","STATE","ILLINOIS","17","","","","","","","00000000","","CORN","CORN, GRAIN - PRICE RECEIVED, MEASURED IN $ / BU","TOTAL","NOT SPECIFIED","1.43",""
"SURVEY","1917","APR","","STATE","ILLINOIS","17","","","","","","","00000000","","CORN","CORN, GRAIN - PRICE RECEIVED, MEASURED IN $ / BU","TOTAL","NOT SPECIFIED","1.28",""
"SURVEY","1917","AUG","","STATE","ILLINOIS","17","","","","","","","00000000","","CORN","CORN, GRAIN - PRICE RECEIVED, MEASURED IN $ / BU","TOTAL","NOT SPECIFIED","1.89",""
"SURVEY","1917","DEC","","STATE","ILLINOIS","17","","","","","","","00000000","","CORN","CORN, GRAIN - PRICE RECEIVED, MEASURED IN $ / BU","TOTAL","NOT SPECIFIED","1.13",""
"SURVEY","1917","FEB","","STATE","ILLINOIS","17","","","","","","","00000000","","CORN","CORN, GRAIN - PRICE RECEIVED, MEASURED IN $ / BU","TOTAL","NOT SPECIFIED","0.95",""
"SURVEY","1917","JAN","","STATE","ILLINOIS","17","","","","","","","00000000","","CORN","CORN, GRAIN - PRICE RECEIVED, MEASURED IN $ / BU","TOTAL","NOT SPECIFIED","0.88",""
"SURVEY","1917","JUL","","STATE","ILLINOIS","17","","","","","","","00000000","","CORN","CORN, GRAIN - PRICE RECEIVED, MEASURED IN $ / BU","TOTAL","NOT SPECIFIED","1.83",""
"SURVEY","1917","JUN","","STATE","ILLINOIS","17","","","","","","","00000000","","CORN","CORN, GRAIN - PRICE RECEIVED, MEASURED IN $ / BU","TOTAL","NOT SPECIFIED","1.57",""
"SURVEY","1917","MAR","","STATE","ILLINOIS","17","","","","","","","00000000","","CORN","CORN, GRAIN - PRICE RECEIVED, MEASURED IN $ / BU","TOTAL","NOT SPECIFIED","1.04",""
"SURVEY","1917","MARKETING YEAR","","STATE","ILLINOIS","17","","","","","","","00000000","","CORN","CORN, GRAIN - PRICE RECEIVED, MEASURED IN $ / BU","TOTAL","NOT SPECIFIED","1.3",""
"SURVEY","1917","MAY","","STATE","ILLINOIS","17","","","","","","","00000000","","CORN","CORN, GRAIN - PRICE RECEIVED, MEASURED IN $ / BU","TOTAL","NOT SPECIFIED","1.5",""
"SURVEY","1917","NOV","","STATE","ILLINOIS","17","","","","","","","00000000","","CORN","CORN, GRAIN - PRICE RECEIVED, MEASURED IN $ / BU","TOTAL","NOT SPECIFIED","1.26",""
"SURVEY","1917","OCT","","STATE","ILLINOIS","17","","","","","","","00000000","","CORN","CORN, GRAIN - PRICE RECEIVED, MEASURED IN $ / BU","TOTAL","NOT SPECIFIED","1.61",""
"SURVEY","1917","SEP","","STATE","ILLINOIS","17","","","","","","","00000000","","CORN","CORN, GRAIN - PRICE RECEIVED, MEASURED IN $ / BU","TOTAL","NOT SPECIFIED","1.76",""
"SURVEY","1916","APR","","STATE","ILLINOIS","17","","","","","","","00000000","","CORN","CORN, GRAIN - PRICE RECEIVED, MEASURED IN $ / BU","TOTAL","NOT SPECIFIED","0.67",""
"SURVEY","1916","AUG","","STATE","ILLINOIS","17","","","","","","","00000000","","CORN","CORN, GRAIN - PRICE RECEIVED, MEASURED IN $ / BU","TOTAL","NOT SPECIFIED","0.78",""
"SURVEY","1916","DEC","","STATE","ILLINOIS","17","","","","","","","00000000","","CORN","CORN, GRAIN - PRICE RECEIVED, MEASURED IN $ / BU","TOTAL","NOT SPECIFIED","0.84",""
"SURVEY","1916","FEB","","STATE","ILLINOIS","17","","","","","","","00000000","","CORN","CORN, GRAIN - PRICE RECEIVED, MEASURED IN $ / BU","TOTAL","NOT SPECIFIED","0.65",""
"SURVEY","1916","JAN","","STATE","ILLINOIS","17","","","","","","","00000000","","CORN","CORN, GRAIN - PRICE RECEIVED, MEASURED IN $ / BU","TOTAL","NOT SPECIFIED","0.64",""
"SURVEY","1916","JUL","","STATE","ILLINOIS","17","","","","","","","00000000","","CORN","CORN, GRAIN - PRICE RECEIVED, MEASURED IN $ / BU","TOTAL","NOT SPECIFIED","0.73",""
"SURVEY","1916","JUN","","STATE","ILLINOIS","17","","","","","","","00000000","","CORN","CORN, GRAIN - PRICE RECEIVED, MEASURED IN $ / BU","TOTAL","NOT SPECIFIED","0.7",""
"SURVEY","1916","MAR","","STATE","ILLINOIS","17","","","","","","","00000000","","CORN","CORN, GRAIN - PRICE RECEIVED, MEASURED IN $ / BU","TOTAL","NOT SPECIFIED","0.65",""
"SURVEY","1916","MARKETING YEAR","","STATE","ILLINOIS","17","","","","","","","00000000","","CORN","CORN, GRAIN - PRICE RECEIVED, MEASURED IN $ / BU","TOTAL","NOT SPECIFIED","1.11",""
"SURVEY","1916","MAY","","STATE","ILLINOIS","17","","","","","","","00000000","","CORN","CORN, GRAIN - PRICE RECEIVED, MEASURED IN $ / BU","TOTAL","NOT SPECIFIED","0.69",""
"SURVEY","1916","NOV","","STATE","ILLINOIS","17","","","","","","","00000000","","CORN","CORN, GRAIN - PRICE RECEIVED, MEASURED IN $ / BU","TOTAL","NOT SPECIFIED","0.84",""
"SURVEY","1916","OCT","","STATE","ILLINOIS","17","","","","","","","00000000","","CORN","CORN, GRAIN - PRICE RECEIVED, MEASURED IN $ / BU","TOTAL","NOT SPECIFIED","0.82",""
"SURVEY","1916","SEP","","STATE","ILLINOIS","17","","","","","","","00000000","","CORN","CORN, GRAIN - PRICE RECEIVED, MEASURED IN $ / BU","TOTAL","NOT SPECIFIED","0.8",""
"SURVEY","1915","APR","","STATE","ILLINOIS","17","","","","","","","00000000","","CORN","CORN, GRAIN - PRICE RECEIVED, MEASURED IN $ / BU","TOTAL","NOT SPECIFIED","0.72",""
"SURVEY","1915","AUG","","STATE","ILLINOIS","17","","","","","","","00000000","","CORN","CORN, GRAIN - PRICE RECEIVED, MEASURED IN $ / BU","TOTAL","NOT SPECIFIED","0.74",""
"SURVEY","1915","DEC","","STATE","ILLINOIS","17","","","","","","","00000000","","CORN","CORN, GRAIN - PRICE RECEIVED, MEASURED IN $ / BU","TOTAL","NOT SPECIFIED","0.58",""
"SURVEY","1915","FEB","","STATE","ILLINOIS","17","","","","","","","00000000","","CORN","CORN, GRAIN - PRICE RECEIVED, MEASURED IN $ / BU","TOTAL","NOT SPECIFIED","0.69",""
"SURVEY","1915","JAN","","STATE","ILLINOIS","17","","","","","","","00000000","","CORN","CORN, GRAIN - PRICE RECEIVED, MEASURED IN $ / BU","TOTAL","NOT SPECIFIED","0.67",""
"SURVEY","1915","JUL","","STATE","ILLINOIS","17","","","","","","","00000000","","CORN","CORN, GRAIN - PRICE RECEIVED, MEASURED IN $ / BU","TOTAL","NOT SPECIFIED","0.74",""
"SURVEY","1915","JUN","","STATE","ILLINOIS","17","","","","","","","00000000","","CORN","CORN, GRAIN - PRICE RECEIVED, MEASURED IN $ / BU","TOTAL","NOT SPECIFIED","0.72",""
"SURVEY","1915","MAR","","STATE","ILLINOIS","17","","","","","","","00000000","","CORN","CORN, GRAIN - PRICE RECEIVED, MEASURED IN $ / BU","TOTAL","NOT SPECIFIED","0.68",""
"SURVEY","1915","MARKETING YEAR","","STATE","ILLINOIS","17","","","","","","","00000000","","CORN","CORN, GRAIN - PRICE RECEIVED, MEASURED IN $ / BU","TOTAL","NOT SPECIFIED","0.66",""
"SURVEY","1915","MAY","","STATE","ILLINOIS","17","","","","","","","00000000","","CORN","CORN, GRAIN - PRICE RECEIVED, MEASURED IN $ / BU","TOTAL","NOT SPECIFIED","0.74",""
"SURVEY","1915","NOV","","STATE","ILLINOIS","17","","","","","","","00000000","","CORN","CORN, GRAIN - PRICE RECEIVED, MEASURED IN $ / BU","TOTAL","NOT SPECIFIED","0.56",""
"SURVEY","1915","OCT","","STATE","ILLINOIS","17","","","","","","","00000000","","CORN","CORN, GRAIN - PRICE RECEIVED, MEASURED IN $ / BU","TOTAL","NOT SPECIFIED","0.62",""
"SURVEY","1915","SEP","","STATE","ILLINOIS","17","","","","","","","00000000","","CORN","CORN, GRAIN - PRICE RECEIVED, MEASURED IN $ / BU","TOTAL","NOT SPECIFIED","0.7",""
"SURVEY","1914","APR","","STATE","ILLINOIS","17","","","","","","","00000000","","CORN","CORN, GRAIN - PRICE RECEIVED, MEASURED IN $ / BU","TOTAL","NOT SPECIFIED","0.64",""
"SURVEY","1914","AUG","","STATE","ILLINOIS","17","","","","","","","00000000","","CORN","CORN, GRAIN - PRICE RECEIVED, MEASURED IN $ / BU","TOTAL","NOT SPECIFIED","0.75",""
"SURVEY","1914","DEC","","STATE","ILLINOIS","17","","","","","","","00000000","","CORN","CORN, GRAIN - PRICE RECEIVED, MEASURED IN $ / BU","TOTAL","NOT SPECIFIED","0.62",""
"SURVEY","1914","FEB","","STATE","ILLINOIS","17","","","","","","","00000000","","CORN","CORN, GRAIN - PRICE RECEIVED, MEASURED IN $ / BU","TOTAL","NOT SPECIFIED","0.6",""
"SURVEY","1914","JAN","","STATE","ILLINOIS","17","","","","","","","00000000","","CORN","CORN, GRAIN - PRICE RECEIVED, MEASURED IN $ / BU","TOTAL","NOT SPECIFIED","0.62",""
"SURVEY","1914","JUL","","STATE","ILLINOIS","17","","","","","","","00000000","","CORN","CORN, GRAIN - PRICE RECEIVED, MEASURED IN $ / BU","TOTAL","NOT SPECIFIED","0.7",""
"SURVEY","1914","JUN","","STATE","ILLINOIS","17","","","","","","","00000000","","CORN","CORN, GRAIN - PRICE RECEIVED, MEASURED IN $ / BU","TOTAL","NOT SPECIFIED","0.68",""
"SURVEY","1914","MAR","","STATE","ILLINOIS","17","","","","","","","00000000","","CORN","CORN, GRAIN - PRICE RECEIVED, MEASURED IN $ / BU","TOTAL","NOT SPECIFIED","0.62",""
"SURVEY","1914","MARKETING YEAR","","STATE","ILLINOIS","17","","","","","","","00000000","","CORN","CORN, GRAIN - PRICE RECEIVED, MEASURED IN $ / BU","TOTAL","NOT SPECIFIED","0.68",""
"SURVEY","1914","MAY","","STATE","ILLINOIS","17","","","","","","","00000000","","CORN","CORN, GRAIN - PRICE RECEIVED, MEASURED IN $ / BU","TOTAL","NOT SPECIFIED","0.66",""
"SURVEY","1914","NOV","","STATE","ILLINOIS","17","","","","","","","00000000","","CORN","CORN, GRAIN - PRICE RECEIVED, MEASURED IN $ / BU","TOTAL","NOT SPECIFIED","0.64",""
"SURVEY","1914","OCT","","STATE","ILLINOIS","17","","","","","","","00000000","","CORN","CORN, GRAIN - PRICE RECEIVED, MEASURED IN $ / BU","TOTAL","NOT SPECIFIED","0.7",""
"SURVEY","1914","SEP","","STATE","ILLINOIS","17","","","","","","","00000000","","CORN","CORN, GRAIN - PRICE RECEIVED, MEASURED IN $ / BU","TOTAL","NOT SPECIFIED","0.76",""
"SURVEY","1913","APR","","STATE","ILLINOIS","17","","","","","","","00000000","","CORN","CORN, GRAIN - PRICE RECEIVED, MEASURED IN $ / BU","TOTAL","NOT SPECIFIED","0.49",""
"SURVEY","1913","AUG","","STATE","ILLINOIS","17","","","","","","","00000000","","CORN","CORN, GRAIN - PRICE RECEIVED, MEASURED IN $ / BU","TOTAL","NOT SPECIFIED","0.67",""
"SURVEY","1913","DEC","","STATE","ILLINOIS","17","","","","","","","00000000","","CORN","CORN, GRAIN - PRICE RECEIVED, MEASURED IN $ / BU","TOTAL","NOT SPECIFIED","0.64",""
"SURVEY","1913","FEB","","STATE","ILLINOIS","17","","","","","","","00000000","","CORN","CORN, GRAIN - PRICE RECEIVED, MEASURED IN $ / BU","TOTAL","NOT SPECIFIED","0.46",""
"SURVEY","1913","JAN","","STATE","ILLINOIS","17","","","","","","","00000000","","CORN","CORN, GRAIN - PRICE RECEIVED, MEASURED IN $ / BU","TOTAL","NOT SPECIFIED","0.43",""
"SURVEY","1913","JUL","","STATE","ILLINOIS","17","","","","","","","00000000","","CORN","CORN, GRAIN - PRICE RECEIVED, MEASURED IN $ / BU","TOTAL","NOT SPECIFIED","0.6",""
"SURVEY","1913","JUN","","STATE","ILLINOIS","17","","","","","","","00000000","","CORN","CORN, GRAIN - PRICE RECEIVED, MEASURED IN $ / BU","TOTAL","NOT SPECIFIED","0.56",""
"SURVEY","1913","MAR","","STATE","ILLINOIS","17","","","","","","","00000000","","CORN","CORN, GRAIN - PRICE RECEIVED, MEASURED IN $ / BU","TOTAL","NOT SPECIFIED","0.46",""
"SURVEY","1913","MARKETING YEAR","","STATE","ILLINOIS","17","","","","","","","00000000","","CORN","CORN, GRAIN - PRICE RECEIVED, MEASURED IN $ / BU","TOTAL","NOT SPECIFIED","0.66",""
"SURVEY","1913","MAY","","STATE","ILLINOIS","17","","","","","","","00000000","","CORN","CORN, GRAIN - PRICE RECEIVED, MEASURED IN $ / BU","TOTAL","NOT SPECIFIED","0.53",""
"SURVEY","1913","NOV","","STATE","ILLINOIS","17","","","","","","","00000000","","CORN","CORN, GRAIN - PRICE RECEIVED, MEASURED IN $ / BU","TOTAL","NOT SPECIFIED","0.64",""
"SURVEY","1913","OCT","","STATE","ILLINOIS","17","","","","","","","00000000","","CORN","CORN, GRAIN - PRICE RECEIVED, MEASURED IN $ / BU","TOTAL","NOT SPECIFIED","0.68",""
"SURVEY","1913","SEP","","STATE","ILLINOIS","17","","","","","","","00000000","","CORN","CORN, GRAIN - PRICE RECEIVED, MEASURED IN $ / BU","TOTAL","NOT SPECIFIED","0.72",""
"SURVEY","1912","APR","","STATE","ILLINOIS","17","","","","","","","00000000","","CORN","CORN, GRAIN - PRICE RECEIVED, MEASURED IN $ / BU","TOTAL","NOT SPECIFIED","0.7",""
"SURVEY","1912","AUG","","STATE","ILLINOIS","17","","","","","","","00000000","","CORN","CORN, GRAIN - PRICE RECEIVED, MEASURED IN $ / BU","TOTAL","NOT SPECIFIED","0.72",""
"SURVEY","1912","DEC","","STATE","ILLINOIS","17","","","","","","","00000000","","CORN","CORN, GRAIN - PRICE RECEIVED, MEASURED IN $ / BU","TOTAL","NOT SPECIFIED","0.41",""
"SURVEY","1912","FEB","","STATE","ILLINOIS","17","","","","","","","00000000","","CORN","CORN, GRAIN - PRICE RECEIVED, MEASURED IN $ / BU","TOTAL","NOT SPECIFIED","0.6",""
"SURVEY","1912","JAN","","STATE","ILLINOIS","17","","","","","","","00000000","","CORN","CORN, GRAIN - PRICE RECEIVED, MEASURED IN $ / BU","TOTAL","NOT SPECIFIED","0.57",""
"SURVEY","1912","JUL","","STATE","ILLINOIS","17","","","","","","","00000000","","CORN","CORN, GRAIN - PRICE RECEIVED, MEASURED IN $ / BU","TOTAL","NOT SPECIFIED","0.72",""
"SURVEY","1912","JUN","","STATE","ILLINOIS","17","","","","","","","00000000","","CORN","CORN, GRAIN - PRICE RECEIVED, MEASURED IN $ / BU","TOTAL","NOT SPECIFIED","0.75",""
"SURVEY","1912","MAR","","STATE","ILLINOIS","17","","","","","","","00000000","","CORN","CORN, GRAIN - PRICE RECEIVED, MEASURED IN $ / BU","TOTAL","NOT SPECIFIED","0.62",""
"SURVEY","1912","MARKETING YEAR","","STATE","ILLINOIS","17","","","","","","","00000000","","CORN","CORN, GRAIN - PRICE RECEIVED, MEASURED IN $ / BU","TOTAL","NOT SPECIFIED","0.52",""
"SURVEY","1912","MAY","","STATE","ILLINOIS","17","","","","","","","00000000","","CORN","CORN, GRAIN - PRICE RECEIVED, MEASURED IN $ / BU","TOTAL","NOT SPECIFIED","0.76",""
"SURVEY","1912","NOV","","STATE","ILLINOIS","17","","","","","","","00000000","","CORN","CORN, GRAIN - PRICE RECEIVED, MEASURED IN $ / BU","TOTAL","NOT SPECIFIED","0.46",""
"SURVEY","1912","OCT","","STATE","ILLINOIS","17","","","","","","","00000000","","CORN","CORN, GRAIN - PRICE RECEIVED, MEASURED IN $ / BU","TOTAL","NOT SPECIFIED","0.58",""
"SURVEY","1912","SEP","","STATE","ILLINOIS","17","","","","","","","00000000","","CORN","CORN, GRAIN - PRICE RECEIVED, MEASURED IN $ / BU","TOTAL","NOT SPECIFIED","0.69",""
"SURVEY","1911","APR","","STATE","ILLINOIS","17","","","","","","","00000000","","CORN","CORN, GRAIN - PRICE RECEIVED, MEASURED IN $ / BU","TOTAL","NOT SPECIFIED","0.42",""
"SURVEY","1911","AUG","","STATE","ILLINOIS","17","","","","","","","00000000","","CORN","CORN, GRAIN - PRICE RECEIVED, MEASURED IN $ / BU","TOTAL","NOT SPECIFIED","0.59",""
"SURVEY","1911","DEC","","STATE","ILLINOIS","17","","","","","","","00000000","","CORN","CORN, GRAIN - PRICE RECEIVED, MEASURED IN $ / BU","TOTAL","NOT SPECIFIED","0.55",""
"SURVEY","1911","FEB","","STATE","ILLINOIS","17","","","","","","","00000000","","CORN","CORN, GRAIN - PRICE RECEIVED, MEASURED IN $ / BU","TOTAL","NOT SPECIFIED","0.4",""
"SURVEY","1911","JAN","","STATE","ILLINOIS","17","","","","","","","00000000","","CORN","CORN, GRAIN - PRICE RECEIVED, MEASURED IN $ / BU","TOTAL","NOT SPECIFIED","0.4",""
"SURVEY","1911","JUL","","STATE","ILLINOIS","17","","","","","","","00000000","","CORN","CORN, GRAIN - PRICE RECEIVED, MEASURED IN $ / BU","TOTAL","NOT SPECIFIED","0.54",""
"SURVEY","1911","JUN","","STATE","ILLINOIS","17","","","","","","","00000000","","CORN","CORN, GRAIN - PRICE RECEIVED, MEASURED IN $ / BU","TOTAL","NOT SPECIFIED","0.49",""
"SURVEY","1911","MAR","","STATE","ILLINOIS","17","","","","","","","00000000","","CORN","CORN, GRAIN - PRICE RECEIVED, MEASURED IN $ / BU","TOTAL","NOT SPECIFIED","0.4",""
"SURVEY","1911","MARKETING YEAR","","STATE","ILLINOIS","17","","","","","","","00000000","","CORN","CORN, GRAIN - PRICE RECEIVED, MEASURED IN $ / BU","TOTAL","NOT SPECIFIED","0.64",""
"SURVEY","1911","MAY","","STATE","ILLINOIS","17","","","","","","","00000000","","CORN","CORN, GRAIN - PRICE RECEIVED, MEASURED IN $ / BU","TOTAL","NOT SPECIFIED","0.45",""
"SURVEY","1911","NOV","","STATE","ILLINOIS","17","","","","","","","00000000","","CORN","CORN, GRAIN - PRICE RECEIVED, MEASURED IN $ / BU","TOTAL","NOT SPECIFIED","0.58",""
"SURVEY","1911","OCT","","STATE","ILLINOIS","17","","","","","","","00000000","","CORN","CORN, GRAIN - PRICE RECEIVED, MEASURED IN $ / BU","TOTAL","NOT SPECIFIED","0.6",""
"SURVEY","1911","SEP","","STATE","ILLINOIS","17","","","","","","","00000000","","CORN","CORN, GRAIN - PRICE RECEIVED, MEASURED IN $ / BU","TOTAL","NOT SPECIFIED","0.6",""
"SURVEY","1910","APR","","STATE","ILLINOIS","17","","","","","","","00000000","","CORN","CORN, GRAIN - PRICE RECEIVED, MEASURED IN $ / BU","TOTAL","NOT SPECIFIED","0.56",""
"SURVEY","1910","AUG","","STATE","ILLINOIS","17","","","","","","","00000000","","CORN","CORN, GRAIN - PRICE RECEIVED, MEASURED IN $ / BU","TOTAL","NOT SPECIFIED","0.58",""
"SURVEY","1910","DEC","","STATE","ILLINOIS","17","","","","","","","00000000","","CORN","CORN, GRAIN - PRICE RECEIVED, MEASURED IN $ / BU","TOTAL","NOT SPECIFIED","0.38",""
"SURVEY","1910","FEB","","STATE","ILLINOIS","17","","","","","","","00000000","","CORN","CORN, GRAIN - PRICE RECEIVED, MEASURED IN $ / BU","TOTAL","NOT SPECIFIED","0.59",""
"SURVEY","1910","JAN","","STATE","ILLINOIS","17","","","","","","","00000000","","CORN","CORN, GRAIN - PRICE RECEIVED, MEASURED IN $ / BU","TOTAL","NOT SPECIFIED","0.57",""
"SURVEY","1910","JUL","","STATE","ILLINOIS","17","","","","","","","00000000","","CORN","CORN, GRAIN - PRICE RECEIVED, MEASURED IN $ / BU","TOTAL","NOT SPECIFIED","0.58",""
"SURVEY","1910","JUN","","STATE","ILLINOIS","17","","","","","","","00000000","","CORN","CORN, GRAIN - PRICE RECEIVED, MEASURED IN $ / BU","TOTAL","NOT SPECIFIED","0.56",""
"SURVEY","1910","MAR","","STATE","ILLINOIS","17","","","","","","","00000000","","CORN","CORN, GRAIN - PRICE RECEIVED, MEASURED IN $ / BU","TOTAL","NOT SPECIFIED","0.58",""
"SURVEY","1910","MARKETING YEAR","","STATE","ILLINOIS","17","","","","","","","00000000","","CORN","CORN, GRAIN - PRICE RECEIVED, MEASURED IN $ / BU","TOTAL","NOT SPECIFIED","0.45",""
"SURVEY","1910","MAY","","STATE","ILLINOIS","17","","","","","","","00000000","","CORN","CORN, GRAIN - PRICE RECEIVED, MEASURED IN $ / BU","TOTAL","NOT SPECIFIED","0.54",""
"SURVEY","1910","NOV","","STATE","ILLINOIS","17","","","","","","","00000000","","CORN","CORN, GRAIN - PRICE RECEIVED, MEASURED IN $ / BU","TOTAL","NOT SPECIFIED","0.4",""
"SURVEY","1910","OCT","","STATE","ILLINOIS","17","","","","","","","00000000","","CORN","CORN, GRAIN - PRICE RECEIVED, MEASURED IN $ / BU","TOTAL","NOT SPECIFIED","0.47",""
"SURVEY","1910","SEP","","STATE","ILLINOIS","17","","","","","","","00000000","","CORN","CORN, GRAIN - PRICE RECEIVED, MEASURED IN $ / BU","TOTAL","NOT SPECIFIED","0.54",""
"SURVEY","1909","APR","","STATE","ILLINOIS","17","","","","","","","00000000","","CORN","CORN, GRAIN - PRICE RECEIVED, MEASURED IN $ / BU","TOTAL","NOT SPECIFIED","0.64",""
"SURVEY","1909","AUG","","STATE","ILLINOIS","17","","","","","","","00000000","","CORN","CORN, GRAIN - PRICE RECEIVED, MEASURED IN $ / BU","TOTAL","NOT SPECIFIED","0.68",""
"SURVEY","1909","DEC","","STATE","ILLINOIS","17","","","","","","","00000000","","CORN","CORN, GRAIN - PRICE RECEIVED, MEASURED IN $ / BU","TOTAL","NOT SPECIFIED","0.54",""
"SURVEY","1909","FEB","","STATE","ILLINOIS","17","","","","","","","00000000","","CORN","CORN, GRAIN - PRICE RECEIVED, MEASURED IN $ / BU","TOTAL","NOT SPECIFIED","0.59",""
"SURVEY","1909","JAN","","STATE","ILLINOIS","17","","","","","","","00000000","","CORN","CORN, GRAIN - PRICE RECEIVED, MEASURED IN $ / BU","TOTAL","NOT SPECIFIED","0.56",""
"SURVEY","1909","JUL","","STATE","ILLINOIS","17","","","","","","","00000000","","CORN","CORN, GRAIN - PRICE RECEIVED, MEASURED IN $ / BU","TOTAL","NOT SPECIFIED","0.7",""
"SURVEY","1909","JUN","","STATE","ILLINOIS","17","","","","","","","00000000","","CORN","CORN, GRAIN - PRICE RECEIVED, MEASURED IN $ / BU","TOTAL","NOT SPECIFIED","0.71",""
"SURVEY","1909","MAR","","STATE","ILLINOIS","17","","","","","","","00000000","","CORN","CORN, GRAIN - PRICE RECEIVED, MEASURED IN $ / BU","TOTAL","NOT SPECIFIED","0.62",""
"SURVEY","1909","MARKETING YEAR","","STATE","ILLINOIS","17","","","","","","","00000000","","CORN","CORN, GRAIN - PRICE RECEIVED, MEASURED IN $ / BU","TOTAL","NOT SPECIFIED","0.56",""
"SURVEY","1909","MAY","","STATE","ILLINOIS","17","","","","","","","00000000","","CORN","CORN, GRAIN - PRICE RECEIVED, MEASURED IN $ / BU","TOTAL","NOT SPECIFIED","0.68",""
"SURVEY","1909","NOV","","STATE","ILLINOIS","17","","","","","","","00000000","","CORN","CORN, GRAIN - PRICE RECEIVED, MEASURED IN $ / BU","TOTAL","NOT SPECIFIED","0.52",""
"SURVEY","1909","OCT","","STATE","ILLINOIS","17","","","","","","","00000000","","CORN","CORN, GRAIN - PRICE RECEIVED, MEASURED IN $ / BU","TOTAL","NOT SPECIFIED","0.58",""
"SURVEY","1909","SEP","","STATE","ILLINOIS","17","","","","","","","00000000","","CORN","CORN, GRAIN - PRICE RECEIVED, MEASURED IN $ / BU","TOTAL","NOT SPECIFIED","0.64",""
"SURVEY","1908","APR","","STATE","ILLINOIS","17","","","","","","","00000000","","CORN","CORN, GRAIN - PRICE RECEIVED, MEASURED IN $ / BU","TOTAL","NOT SPECIFIED","0.58",""
"SURVEY","1908","AUG","","STATE","ILLINOIS","17","","","","","","","00000000","","CORN","CORN, GRAIN - PRICE RECEIVED, MEASURED IN $ / BU","TOTAL","NOT SPECIFIED","0.74",""
"SURVEY","1908","DEC","","STATE","ILLINOIS","17","","","","","","","00000000","","CORN","CORN, GRAIN - PRICE RECEIVED, MEASURED IN $ / BU","TOTAL","NOT SPECIFIED","0.56",""
"SURVEY","1908","FEB","","STATE","ILLINOIS","17","","","","","","","00000000","","CORN","CORN, GRAIN - PRICE RECEIVED, MEASURED IN $ / BU","TOTAL","NOT SPECIFIED","0.5",""
"SURVEY","1908","JAN","","STATE","ILLINOIS","17","","","","","","","00000000","","CORN","CORN, GRAIN - PRICE RECEIVED, MEASURED IN $ / BU","TOTAL","NOT SPECIFIED","0.48",""
"SURVEY","1908","JUL","","STATE","ILLINOIS","17","","","","","","","00000000","","CORN","CORN, GRAIN - PRICE RECEIVED, MEASURED IN $ / BU","TOTAL","NOT SPECIFIED","0.71",""
"SURVEY","1908","JUN","","STATE","ILLINOIS","17","","","","","","","00000000","","CORN","CORN, GRAIN - PRICE RECEIVED, MEASURED IN $ / BU","TOTAL","NOT SPECIFIED","0.68",""
"SURVEY","1908","MAR","","STATE","ILLINOIS","17","","","","","","","00000000","","CORN","CORN, GRAIN - PRICE RECEIVED, MEASURED IN $ / BU","TOTAL","NOT SPECIFIED","0.54",""
"SURVEY","1908","MAY","","STATE","ILLINOIS","17","","","","","","","00000000","","CORN","CORN, GRAIN - PRICE RECEIVED, MEASURED IN $ / BU","TOTAL","NOT SPECIFIED","0.64",""
"SURVEY","1908","NOV","","STATE","ILLINOIS","17","","","","","","","00000000","","CORN","CORN, GRAIN - PRICE RECEIVED, MEASURED IN $ / BU","TOTAL","NOT SPECIFIED","0.58",""
"SURVEY","1908","OCT","","STATE","ILLINOIS","17","","","","","","","00000000","","CORN","CORN, GRAIN - PRICE RECEIVED, MEASURED IN $ / BU","TOTAL","NOT SPECIFIED","0.66",""
"SURVEY","1908","SEP","","STATE","ILLINOIS","17","","","","","","","00000000","","CORN","CORN, GRAIN - PRICE RECEIVED, MEASURED IN $ / BU","TOTAL","NOT SPECIFIED","0.74",""
