"Program","Year","Period","Week Ending","Geo Level","State","State ANSI","Ag District","Ag District Code","County","County ANSI","Zip Code","Region","watershed_code","Watershed","Commodity","Data Item","Domain","Domain Category","Value","CV (%)"
"SURVEY","2025","APR","","STATE","NEBRASKA","31","","","","","","","00000000","","SOYBEANS","SOYBEANS - PRICE RECEIVED, MEASURED IN $ / BU","TOTAL","NOT SPECIFIED","9.82",""
"SURVEY","2025","AUG","","STATE","NEBRASKA","31","","","","","","","00000000","","SOYBEANS","SOYBEANS - PRICE RECEIVED, MEASURED IN $ / BU","TOTAL","NOT SPECIFIED","9.66",""
"SURVEY","2025","FEB","","STATE","NEBRASKA","31","","","","","","","00000000","","SOYBEANS","SOYBEANS - PRICE RECEIVED, MEASURED IN $ / BU","TOTAL","NOT SPECIFIED","9.84",""
"SURVEY","2025","JAN","","STATE","NEBRASKA","31","","","","","","","00000000","","SOYBEANS","SOYBEANS - PRICE RECEIVED, MEASURED IN $ / BU","TOTAL","NOT SPECIFIED","9.69",""
"SURVEY","2025","JUL","","STATE","NEBRASKA","31","","","","","","","00000000","","SOYBEANS","SOYBEANS - PRICE RECEIVED, MEASURED IN $ / BU","TOTAL","NOT SPECIFIED","10",""
"SURVEY","2025","JUN","","STATE","NEBRASKA","31","","","","","","","00000000","","SOYBEANS","SOYBEANS - PRICE RECEIVED, MEASURED IN $ / BU","TOTAL","NOT SPECIFIED","10",""
"SURVEY","2025","MAR","","STATE","NEBRASKA","31","","","","","","","00000000","","SOYBEANS","SOYBEANS - PRICE RECEIVED, MEASURED IN $ / BU","TOTAL","NOT SPECIFIED","9.93",""
"SURVEY","2025","MAY","","STATE","NEBRASKA","31","","","","","","","00000000","","SOYBEANS","SOYBEANS - PRICE RECEIVED, MEASURED IN $ / BU","TOTAL","NOT SPECIFIED","10.1",""
"SURVEY","2024","APR","","STATE","NEBRASKA","31","","","","","","","00000000","","SOYBEANS","SOYBEANS - PRICE RECEIVED, MEASURED IN $ / BU","TOTAL","NOT SPECIFIED","11.4",""
"SURVEY","2024","AUG","","STATE","NEBRASKA","31","","","","","","","00000000","","SOYBEANS","SOYBEANS - PRICE RECEIVED, MEASURED IN $ / BU","TOTAL","NOT SPECIFIED","10.1",""
"SURVEY","2024","DEC","","STATE","NEBRASKA","31","","","","","","","00000000","","SOYBEANS","SOYBEANS - PRICE RECEIVED, MEASURED IN $ / BU","TOTAL","NOT SPECIFIED","9.63",""
"SURVEY","2024","FEB","","STATE","NEBRASKA","31","","","","","","","00000000","","SOYBEANS","SOYBEANS - PRICE RECEIVED, MEASURED IN $ / BU","TOTAL","NOT SPECIFIED","11.5",""
"SURVEY","2024","JAN","","STATE","NEBRASKA","31","","","","","","","00000000","","SOYBEANS","SOYBEANS - PRICE RECEIVED, MEASURED IN $ / BU","TOTAL","NOT SPECIFIED","12.7",""
"SURVEY","2024","JUL","","STATE","NEBRASKA","31","","","","","","","00000000","","SOYBEANS","SOYBEANS - PRICE RECEIVED, MEASURED IN $ / BU","TOTAL","NOT SPECIFIED","11.1",""
"SURVEY","2024","JUN","","STATE","NEBRASKA","31","","","","","","","00000000","","SOYBEANS","SOYBEANS - PRICE RECEIVED, MEASURED IN $ / BU","TOTAL","NOT SPECIFIED","11.6",""
"SURVEY","2024","MAR","","STATE","NEBRASKA","31","","","","","","","00000000","","SOYBEANS","SOYBEANS - PRICE RECEIVED, MEASURED IN $ / BU","TOTAL","NOT SPECIFIED","11.5",""
"SURVEY","2024","MARKETING YEAR","","STATE","NEBRASKA","31","","","","","","","00000000","","SOYBEANS","SOYBEANS - PRICE RECEIVED, MEASURED IN $ / BU","TOTAL","NOT SPECIFIED","9.79",""
"SURVEY","2024","MAY","","STATE","NEBRASKA","31","","","","","","","00000000","","SOYBEANS","SOYBEANS - PRICE RECEIVED, MEASURED IN $ / BU","TOTAL","NOT SPECIFIED","11.6",""
"SURVEY","2024","NOV","","STATE","NEBRASKA","31","","","","","","","00000000","","SOYBEANS","SOYBEANS - PRICE RECEIVED, MEASURED IN $ / BU","TOTAL","NOT SPECIFIED","9.55",""
"SURVEY","2024","OCT","","STATE","NEBRASKA","31","","","","","","","00000000","","SOYBEANS","SOYBEANS - PRICE RECEIVED, MEASURED IN $ / BU","TOTAL","NOT SPECIFIED","9.75",""
"SURVEY","2024","SEP","","STATE","NEBRASKA","31","","","","","","","00000000","","SOYBEANS","SOYBEANS - PRICE RECEIVED, MEASURED IN $ / BU","TOTAL","NOT SPECIFIED","10.2",""
"SURVEY","2023","APR","","STATE","NEBRASKA","31","","","","","","","00000000","","SOYBEANS","SOYBEANS - PRICE RECEIVED, MEASURED IN $ / BU","TOTAL","NOT SPECIFIED","14.3",""
"SURVEY","2023","AUG","","STATE","NEBRASKA","31","","","","","","","00000000","","SOYBEANS","SOYBEANS - PRICE RECEIVED, MEASURED IN $ / BU","TOTAL","NOT SPECIFIED","13.9",""
"SURVEY","2023","DEC","","STATE","NEBRASKA","31","","","","","","","00000000","","SOYBEANS","SOYBEANS - PRICE RECEIVED, MEASURED IN $ / BU","TOTAL","NOT SPECIFIED","12.8",""
"SURVEY","2023","FEB","","STATE","NEBRASKA","31","","","","","","","00000000","","SOYBEANS","SOYBEANS - PRICE RECEIVED, MEASURED IN $ / BU","TOTAL","NOT SPECIFIED","15.1",""
"SURVEY","2023","JAN","","STATE","NEBRASKA","31","","","","","","","00000000","","SOYBEANS","SOYBEANS - PRICE RECEIVED, MEASURED IN $ / BU","TOTAL","NOT SPECIFIED","14.6",""
"SURVEY","2023","JUL","","STATE","NEBRASKA","31","","","","","","","00000000","","SOYBEANS","SOYBEANS - PRICE RECEIVED, MEASURED IN $ / BU","TOTAL","NOT SPECIFIED","14.5",""
"SURVEY","2023","JUN","","STATE","NEBRASKA","31","","","","","","","00000000","","SOYBEANS","SOYBEANS - PRICE RECEIVED, MEASURED IN $ / BU","TOTAL","NOT SPECIFIED","13.9",""
"SURVEY","2023","MAR","","STATE","NEBRASKA","31","","","","","","","00000000","","SOYBEANS","SOYBEANS - PRICE RECEIVED, MEASURED IN $ / BU","TOTAL","NOT SPECIFIED","14.9",""
"SURVEY","2023","MARKETING YEAR","","STATE","NEBRASKA","31","","","","","","","00000000","","SOYBEANS","SOYBEANS - PRICE RECEIVED, MEASURED IN $ / BU","TOTAL","NOT SPECIFIED","12.2",""
"SURVEY","2023","MAY","","STATE","NEBRASKA","31","","","","","","","00000000","","SOYBEANS","SOYBEANS - PRICE RECEIVED, MEASURED IN $ / BU","TOTAL","NOT SPECIFIED","14.3",""
"SURVEY","2023","NOV","","STATE","NEBRASKA","31","","","","","","","00000000","","SOYBEANS","SOYBEANS - PRICE RECEIVED, MEASURED IN $ / BU","TOTAL","NOT SPECIFIED","12.8",""
"SURVEY","2023","OCT","","STATE","NEBRASKA","31","","","","","","","00000000","","SOYBEANS","SOYBEANS - PRICE RECEIVED, MEASURED IN $ / BU","TOTAL","NOT SPECIFIED","12.6",""
"SURVEY","2023","SEP","","STATE","NEBRASKA","31","","","","","","","00000000","","SOYBEANS","SOYBEANS - PRICE RECEIVED, MEASURED IN $ / BU","TOTAL","NOT SPECIFIED","13",""
"SURVEY","2022","APR","","STATE","NEBRASKA","31","","","","","","","00000000","","SOYBEANS","SOYBEANS - PRICE RECEIVED, MEASURED IN $ / BU","TOTAL","NOT SPECIFIED","15.4",""
"SURVEY","2022","AUG","","STATE","NEBRASKA","31","","","","","","","00000000","","SOYBEANS","SOYBEANS - PRICE RECEIVED, MEASURED IN $ / BU","TOTAL","NOT SPECIFIED","15.2",""
"SURVEY","2022","DEC","","STATE","NEBRASKA","31","","","","","","","00000000","","SOYBEANS","SOYBEANS - PRICE RECEIVED, MEASURED IN $ / BU","TOTAL","NOT SPECIFIED","14.3",""
"SURVEY","2022","FEB","","STATE","NEBRASKA","31","","","","","","","00000000","","SOYBEANS","SOYBEANS - PRICE RECEIVED, MEASURED IN $ / BU","TOTAL","NOT SPECIFIED","14.7",""
"SURVEY","2022","JAN","","STATE","NEBRASKA","31","","","","","","","00000000","","SOYBEANS","SOYBEANS - PRICE RECEIVED, MEASURED IN $ / BU","TOTAL","NOT SPECIFIED","12.8",""
"SURVEY","2022","JUL","","STATE","NEBRASKA","31","","","","","","","00000000","","SOYBEANS","SOYBEANS - PRICE RECEIVED, MEASURED IN $ / BU","TOTAL","NOT SPECIFIED","15.2",""
"SURVEY","2022","JUN","","STATE","NEBRASKA","31","","","","","","","00000000","","SOYBEANS","SOYBEANS - PRICE RECEIVED, MEASURED IN $ / BU","TOTAL","NOT SPECIFIED","15.9",""
"SURVEY","2022","MAR","","STATE","NEBRASKA","31","","","","","","","00000000","","SOYBEANS","SOYBEANS - PRICE RECEIVED, MEASURED IN $ / BU","TOTAL","NOT SPECIFIED","15.5",""
"SURVEY","2022","MARKETING YEAR","","STATE","NEBRASKA","31","","","","","","","00000000","","SOYBEANS","SOYBEANS - PRICE RECEIVED, MEASURED IN $ / BU","TOTAL","NOT SPECIFIED","14.2",""
"SURVEY","2022","MAY","","STATE","NEBRASKA","31","","","","","","","00000000","","SOYBEANS","SOYBEANS - PRICE RECEIVED, MEASURED IN $ / BU","TOTAL","NOT SPECIFIED","16",""
"SURVEY","2022","NOV","","STATE","NEBRASKA","31","","","","","","","00000000","","SOYBEANS","SOYBEANS - PRICE RECEIVED, MEASURED IN $ / BU","TOTAL","NOT SPECIFIED","14.1",""
"SURVEY","2022","OCT","","STATE","NEBRASKA","31","","","","","","","00000000","","SOYBEANS","SOYBEANS - PRICE RECEIVED, MEASURED IN $ / BU","TOTAL","NOT SPECIFIED","13.6",""
"SURVEY","2022","SEP","","STATE","NEBRASKA","31","","","","","","","00000000","","SOYBEANS","SOYBEANS - PRICE RECEIVED, MEASURED IN $ / BU","TOTAL","NOT SPECIFIED","13.9",""
"SURVEY","2021","APR","","STATE","NEBRASKA","31","","","","","","","00000000","","SOYBEANS","SOYBEANS - PRICE RECEIVED, MEASURED IN $ / BU","TOTAL","NOT SPECIFIED","13.8",""
"SURVEY","2021","AUG","","STATE","NEBRASKA","31","","","","","","","00000000","","SOYBEANS","SOYBEANS - PRICE RECEIVED, MEASURED IN $ / BU","TOTAL","NOT SPECIFIED","13.4",""
"SURVEY","2021","DEC","","STATE","NEBRASKA","31","","","","","","","00000000","","SOYBEANS","SOYBEANS - PRICE RECEIVED, MEASURED IN $ / BU","TOTAL","NOT SPECIFIED","12.4",""
"SURVEY","2021","FEB","","STATE","NEBRASKA","31","","","","","","","00000000","","SOYBEANS","SOYBEANS - PRICE RECEIVED, MEASURED IN $ / BU","TOTAL","NOT SPECIFIED","12.5",""
"SURVEY","2021","JAN","","STATE","NEBRASKA","31","","","","","","","00000000","","SOYBEANS","SOYBEANS - PRICE RECEIVED, MEASURED IN $ / BU","TOTAL","NOT SPECIFIED","10.7",""
"SURVEY","2021","JUL","","STATE","NEBRASKA","31","","","","","","","00000000","","SOYBEANS","SOYBEANS - PRICE RECEIVED, MEASURED IN $ / BU","TOTAL","NOT SPECIFIED","14.2",""
"SURVEY","2021","JUN","","STATE","NEBRASKA","31","","","","","","","00000000","","SOYBEANS","SOYBEANS - PRICE RECEIVED, MEASURED IN $ / BU","TOTAL","NOT SPECIFIED","13.8",""
"SURVEY","2021","MAR","","STATE","NEBRASKA","31","","","","","","","00000000","","SOYBEANS","SOYBEANS - PRICE RECEIVED, MEASURED IN $ / BU","TOTAL","NOT SPECIFIED","13.2",""
"SURVEY","2021","MARKETING YEAR","","STATE","NEBRASKA","31","","","","","","","00000000","","SOYBEANS","SOYBEANS - PRICE RECEIVED, MEASURED IN $ / BU","TOTAL","NOT SPECIFIED","12.7",""
"SURVEY","2021","MAY","","STATE","NEBRASKA","31","","","","","","","00000000","","SOYBEANS","SOYBEANS - PRICE RECEIVED, MEASURED IN $ / BU","TOTAL","NOT SPECIFIED","14.9",""
"SURVEY","2021","NOV","","STATE","NEBRASKA","31","","","","","","","00000000","","SOYBEANS","SOYBEANS - PRICE RECEIVED, MEASURED IN $ / BU","TOTAL","NOT SPECIFIED","12",""
"SURVEY","2021","OCT","","STATE","NEBRASKA","31","","","","","","","00000000","","SOYBEANS","SOYBEANS - PRICE RECEIVED, MEASURED IN $ / BU","TOTAL","NOT SPECIFIED","11.6",""
"SURVEY","2021","SEP","","STATE","NEBRASKA","31","","","","","","","00000000","","SOYBEANS","SOYBEANS - PRICE RECEIVED, MEASURED IN $ / BU","TOTAL","NOT SPECIFIED","12",""
"SURVEY","2020","APR","","STATE","NEBRASKA","31","","","","","","","00000000","","SOYBEANS","SOYBEANS - PRICE RECEIVED, MEASURED IN $ / BU","TOTAL","NOT SPECIFIED","8.07",""
"SURVEY","2020","AUG","","STATE","NEBRASKA","31","","","","","","","00000000","","SOYBEANS","SOYBEANS - PRICE RECEIVED, MEASURED IN $ / BU","TOTAL","NOT SPECIFIED","8.35",""
"SURVEY","2020","DEC","","STATE","NEBRASKA","31","","","","","","","00000000","","SOYBEANS","SOYBEANS - PRICE RECEIVED, MEASURED IN $ / BU","TOTAL","NOT SPECIFIED","10.5",""
"SURVEY","2020","FEB","","STATE","NEBRASKA","31","","","","","","","00000000","","SOYBEANS","SOYBEANS - PRICE RECEIVED, MEASURED IN $ / BU","TOTAL","NOT SPECIFIED","8.33",""
"SURVEY","2020","JAN","","STATE","NEBRASKA","31","","","","","","","00000000","","SOYBEANS","SOYBEANS - PRICE RECEIVED, MEASURED IN $ / BU","TOTAL","NOT SPECIFIED","8.53",""
"SURVEY","2020","JUL","","STATE","NEBRASKA","31","","","","","","","00000000","","SOYBEANS","SOYBEANS - PRICE RECEIVED, MEASURED IN $ / BU","TOTAL","NOT SPECIFIED","8.17",""
"SURVEY","2020","JUN","","STATE","NEBRASKA","31","","","","","","","00000000","","SOYBEANS","SOYBEANS - PRICE RECEIVED, MEASURED IN $ / BU","TOTAL","NOT SPECIFIED","8.07",""
"SURVEY","2020","MAR","","STATE","NEBRASKA","31","","","","","","","00000000","","SOYBEANS","SOYBEANS - PRICE RECEIVED, MEASURED IN $ / BU","TOTAL","NOT SPECIFIED","8.23",""
"SURVEY","2020","MARKETING YEAR","","STATE","NEBRASKA","31","","","","","","","00000000","","SOYBEANS","SOYBEANS - PRICE RECEIVED, MEASURED IN $ / BU","TOTAL","NOT SPECIFIED","10.2",""
"SURVEY","2020","MAY","","STATE","NEBRASKA","31","","","","","","","00000000","","SOYBEANS","SOYBEANS - PRICE RECEIVED, MEASURED IN $ / BU","TOTAL","NOT SPECIFIED","7.94",""
"SURVEY","2020","NOV","","STATE","NEBRASKA","31","","","","","","","00000000","","SOYBEANS","SOYBEANS - PRICE RECEIVED, MEASURED IN $ / BU","TOTAL","NOT SPECIFIED","10.1",""
"SURVEY","2020","OCT","","STATE","NEBRASKA","31","","","","","","","00000000","","SOYBEANS","SOYBEANS - PRICE RECEIVED, MEASURED IN $ / BU","TOTAL","NOT SPECIFIED","9.44",""
"SURVEY","2020","SEP","","STATE","NEBRASKA","31","","","","","","","00000000","","SOYBEANS","SOYBEANS - PRICE RECEIVED, MEASURED IN $ / BU","TOTAL","NOT SPECIFIED","9.02",""
"SURVEY","2019","APR","","STATE","NEBRASKA","31","","","","","","","00000000","","SOYBEANS","SOYBEANS - PRICE RECEIVED, MEASURED IN $ / BU","TOTAL","NOT SPECIFIED","8.09",""
"SURVEY","2019","AUG","","STATE","NEBRASKA","31","","","","","","","00000000","","SOYBEANS","SOYBEANS - PRICE RECEIVED, MEASURED IN $ / BU","TOTAL","NOT SPECIFIED","7.84",""
"SURVEY","2019","DEC","","STATE","NEBRASKA","31","","","","","","","00000000","","SOYBEANS","SOYBEANS - PRICE RECEIVED, MEASURED IN $ / BU","TOTAL","NOT SPECIFIED","8.35",""
"SURVEY","2019","FEB","","STATE","NEBRASKA","31","","","","","","","00000000","","SOYBEANS","SOYBEANS - PRICE RECEIVED, MEASURED IN $ / BU","TOTAL","NOT SPECIFIED","8.19",""
"SURVEY","2019","JAN","","STATE","NEBRASKA","31","","","","","","","00000000","","SOYBEANS","SOYBEANS - PRICE RECEIVED, MEASURED IN $ / BU","TOTAL","NOT SPECIFIED","8.33",""
"SURVEY","2019","JUL","","STATE","NEBRASKA","31","","","","","","","00000000","","SOYBEANS","SOYBEANS - PRICE RECEIVED, MEASURED IN $ / BU","TOTAL","NOT SPECIFIED","8.15",""
"SURVEY","2019","JUN","","STATE","NEBRASKA","31","","","","","","","00000000","","SOYBEANS","SOYBEANS - PRICE RECEIVED, MEASURED IN $ / BU","TOTAL","NOT SPECIFIED","8.04",""
"SURVEY","2019","MAR","","STATE","NEBRASKA","31","","","","","","","00000000","","SOYBEANS","SOYBEANS - PRICE RECEIVED, MEASURED IN $ / BU","TOTAL","NOT SPECIFIED","8.25",""
"SURVEY","2019","MARKETING YEAR","","STATE","NEBRASKA","31","","","","","","","00000000","","SOYBEANS","SOYBEANS - PRICE RECEIVED, MEASURED IN $ / BU","TOTAL","NOT SPECIFIED","8.27",""
"SURVEY","2019","MAY","","STATE","NEBRASKA","31","","","","","","","00000000","","SOYBEANS","SOYBEANS - PRICE RECEIVED, MEASURED IN $ / BU","TOTAL","NOT SPECIFIED","7.64",""
"SURVEY","2019","NOV","","STATE","NEBRASKA","31","","","","","","","00000000","","SOYBEANS","SOYBEANS - PRICE RECEIVED, MEASURED IN $ / BU","TOTAL","NOT SPECIFIED","8.17",""
"SURVEY","2019","OCT","","STATE","NEBRASKA","31","","","","","","","00000000","","SOYBEANS","SOYBEANS - PRICE RECEIVED, MEASURED IN $ / BU","TOTAL","NOT SPECIFIED","8.31",""
"SURVEY","2019","SEP","","STATE","NEBRASKA","31","","","","","","","00000000","","SOYBEANS","SOYBEANS - PRICE RECEIVED, MEASURED IN $ / BU","TOTAL","NOT SPECIFIED","8",""
"SURVEY","2018","APR","","STATE","NEBRASKA","31","","","","","","","00000000","","SOYBEANS","SOYBEANS - PRICE RECEIVED, MEASURED IN $ / BU","TOTAL","NOT SPECIFIED","9.63",""
"SURVEY","2018","AUG","","STATE","NEBRASKA","31","","","","","","","00000000","","SOYBEANS","SOYBEANS - PRICE RECEIVED, MEASURED IN $ / BU","TOTAL","NOT SPECIFIED","8.07",""
"SURVEY","2018","DEC","","STATE","NEBRASKA","31","","","","","","","00000000","","SOYBEANS","SOYBEANS - PRICE RECEIVED, MEASURED IN $ / BU","TOTAL","NOT SPECIFIED","8.18",""
"SURVEY","2018","FEB","","STATE","NEBRASKA","31","","","","","","","00000000","","SOYBEANS","SOYBEANS - PRICE RECEIVED, MEASURED IN $ / BU","TOTAL","NOT SPECIFIED","9.29",""
"SURVEY","2018","JAN","","STATE","NEBRASKA","31","","","","","","","00000000","","SOYBEANS","SOYBEANS - PRICE RECEIVED, MEASURED IN $ / BU","TOTAL","NOT SPECIFIED","9.02",""
"SURVEY","2018","JUL","","STATE","NEBRASKA","31","","","","","","","00000000","","SOYBEANS","SOYBEANS - PRICE RECEIVED, MEASURED IN $ / BU","TOTAL","NOT SPECIFIED","9.25",""
"SURVEY","2018","JUN","","STATE","NEBRASKA","31","","","","","","","00000000","","SOYBEANS","SOYBEANS - PRICE RECEIVED, MEASURED IN $ / BU","TOTAL","NOT SPECIFIED","9.55",""
"SURVEY","2018","MAR","","STATE","NEBRASKA","31","","","","","","","00000000","","SOYBEANS","SOYBEANS - PRICE RECEIVED, MEASURED IN $ / BU","TOTAL","NOT SPECIFIED","9.58",""
"SURVEY","2018","MARKETING YEAR","","STATE","NEBRASKA","31","","","","","","","00000000","","SOYBEANS","SOYBEANS - PRICE RECEIVED, MEASURED IN $ / BU","TOTAL","NOT SPECIFIED","8.2",""
"SURVEY","2018","MAY","","STATE","NEBRASKA","31","","","","","","","00000000","","SOYBEANS","SOYBEANS - PRICE RECEIVED, MEASURED IN $ / BU","TOTAL","NOT SPECIFIED","9.63",""
"SURVEY","2018","NOV","","STATE","NEBRASKA","31","","","","","","","00000000","","SOYBEANS","SOYBEANS - PRICE RECEIVED, MEASURED IN $ / BU","TOTAL","NOT SPECIFIED","8",""
"SURVEY","2018","OCT","","STATE","NEBRASKA","31","","","","","","","00000000","","SOYBEANS","SOYBEANS - PRICE RECEIVED, MEASURED IN $ / BU","TOTAL","NOT SPECIFIED","8.33",""
"SURVEY","2018","SEP","","STATE","NEBRASKA","31","","","","","","","00000000","","SOYBEANS","SOYBEANS - PRICE RECEIVED, MEASURED IN $ / BU","TOTAL","NOT SPECIFIED","8.63",""
"SURVEY","2017","APR","","STATE","NEBRASKA","31","","","","","","","00000000","","SOYBEANS","SOYBEANS - PRICE RECEIVED, MEASURED IN $ / BU","TOTAL","NOT SPECIFIED","8.87",""
"SURVEY","2017","AUG","","STATE","NEBRASKA","31","","","","","","","00000000","","SOYBEANS","SOYBEANS - PRICE RECEIVED, MEASURED IN $ / BU","TOTAL","NOT SPECIFIED","9",""
"SURVEY","2017","DEC","","STATE","NEBRASKA","31","","","","","","","00000000","","SOYBEANS","SOYBEANS - PRICE RECEIVED, MEASURED IN $ / BU","TOTAL","NOT SPECIFIED","9",""
"SURVEY","2017","FEB","","STATE","NEBRASKA","31","","","","","","","00000000","","SOYBEANS","SOYBEANS - PRICE RECEIVED, MEASURED IN $ / BU","TOTAL","NOT SPECIFIED","9.62",""
"SURVEY","2017","JAN","","STATE","NEBRASKA","31","","","","","","","00000000","","SOYBEANS","SOYBEANS - PRICE RECEIVED, MEASURED IN $ / BU","TOTAL","NOT SPECIFIED","9.33",""
"SURVEY","2017","JUL","","STATE","NEBRASKA","31","","","","","","","00000000","","SOYBEANS","SOYBEANS - PRICE RECEIVED, MEASURED IN $ / BU","TOTAL","NOT SPECIFIED","9.19",""
"SURVEY","2017","JUN","","STATE","NEBRASKA","31","","","","","","","00000000","","SOYBEANS","SOYBEANS - PRICE RECEIVED, MEASURED IN $ / BU","TOTAL","NOT SPECIFIED","8.77",""
"SURVEY","2017","MAR","","STATE","NEBRASKA","31","","","","","","","00000000","","SOYBEANS","SOYBEANS - PRICE RECEIVED, MEASURED IN $ / BU","TOTAL","NOT SPECIFIED","9.36",""
"SURVEY","2017","MARKETING YEAR","","STATE","NEBRASKA","31","","","","","","","00000000","","SOYBEANS","SOYBEANS - PRICE RECEIVED, MEASURED IN $ / BU","TOTAL","NOT SPECIFIED","9.08",""
"SURVEY","2017","MAY","","STATE","NEBRASKA","31","","","","","","","00000000","","SOYBEANS","SOYBEANS - PRICE RECEIVED, MEASURED IN $ / BU","TOTAL","NOT SPECIFIED","8.9",""
"SURVEY","2017","NOV","","STATE","NEBRASKA","31","","","","","","","00000000","","SOYBEANS","SOYBEANS - PRICE RECEIVED, MEASURED IN $ / BU","TOTAL","NOT SPECIFIED","8.83",""
"SURVEY","2017","OCT","","STATE","NEBRASKA","31","","","","","","","00000000","","SOYBEANS","SOYBEANS - PRICE RECEIVED, MEASURED IN $ / BU","TOTAL","NOT SPECIFIED","9.03",""
"SURVEY","2017","SEP","","STATE","NEBRASKA","31","","","","","","","00000000","","SOYBEANS","SOYBEANS - PRICE RECEIVED, MEASURED IN $ / BU","TOTAL","NOT SPECIFIED","8.98",""
"SURVEY","2016","APR","","STATE","NEBRASKA","31","","","","","","","00000000","","SOYBEANS","SOYBEANS - PRICE RECEIVED, MEASURED IN $ / BU","TOTAL","NOT SPECIFIED","8.73",""
"SURVEY","2016","AUG","","STATE","NEBRASKA","31","","","","","","","00000000","","SOYBEANS","SOYBEANS - PRICE RECEIVED, MEASURED IN $ / BU","TOTAL","NOT SPECIFIED","9.65",""
"SURVEY","2016","DEC","","STATE","NEBRASKA","31","","","","","","","00000000","","SOYBEANS","SOYBEANS - PRICE RECEIVED, MEASURED IN $ / BU","TOTAL","NOT SPECIFIED","9.37",""
"SURVEY","2016","FEB","","STATE","NEBRASKA","31","","","","","","","00000000","","SOYBEANS","SOYBEANS - PRICE RECEIVED, MEASURED IN $ / BU","TOTAL","NOT SPECIFIED","8.28",""
"SURVEY","2016","JAN","","STATE","NEBRASKA","31","","","","","","","00000000","","SOYBEANS","SOYBEANS - PRICE RECEIVED, MEASURED IN $ / BU","TOTAL","NOT SPECIFIED","8.42",""
"SURVEY","2016","JUL","","STATE","NEBRASKA","31","","","","","","","00000000","","SOYBEANS","SOYBEANS - PRICE RECEIVED, MEASURED IN $ / BU","TOTAL","NOT SPECIFIED","10.1",""
"SURVEY","2016","JUN","","STATE","NEBRASKA","31","","","","","","","00000000","","SOYBEANS","SOYBEANS - PRICE RECEIVED, MEASURED IN $ / BU","TOTAL","NOT SPECIFIED","10.1",""
"SURVEY","2016","MAR","","STATE","NEBRASKA","31","","","","","","","00000000","","SOYBEANS","SOYBEANS - PRICE RECEIVED, MEASURED IN $ / BU","TOTAL","NOT SPECIFIED","8.3",""
"SURVEY","2016","MARKETING YEAR","","STATE","NEBRASKA","31","","","","","","","00000000","","SOYBEANS","SOYBEANS - PRICE RECEIVED, MEASURED IN $ / BU","TOTAL","NOT SPECIFIED","9.18",""
"SURVEY","2016","MAY","","STATE","NEBRASKA","31","","","","","","","00000000","","SOYBEANS","SOYBEANS - PRICE RECEIVED, MEASURED IN $ / BU","TOTAL","NOT SPECIFIED","9.51",""
"SURVEY","2016","NOV","","STATE","NEBRASKA","31","","","","","","","00000000","","SOYBEANS","SOYBEANS - PRICE RECEIVED, MEASURED IN $ / BU","TOTAL","NOT SPECIFIED","9.18",""
"SURVEY","2016","OCT","","STATE","NEBRASKA","31","","","","","","","00000000","","SOYBEANS","SOYBEANS - PRICE RECEIVED, MEASURED IN $ / BU","TOTAL","NOT SPECIFIED","9.07",""
"SURVEY","2016","SEP","","STATE","NEBRASKA","31","","","","","","","00000000","","SOYBEANS","SOYBEANS - PRICE RECEIVED, MEASURED IN $ / BU","TOTAL","NOT SPECIFIED","9.14",""
"SURVEY","2015","APR","","STATE","NEBRASKA","31","","","","","","","00000000","","SOYBEANS","SOYBEANS - PRICE RECEIVED, MEASURED IN $ / BU","TOTAL","NOT SPECIFIED","9.35",""
"SURVEY","2015","AUG","","STATE","NEBRASKA","31","","","","","","","00000000","","SOYBEANS","SOYBEANS - PRICE RECEIVED, MEASURED IN $ / BU","TOTAL","NOT SPECIFIED","9.37",""
"SURVEY","2015","DEC","","STATE","NEBRASKA","31","","","","","","","00000000","","SOYBEANS","SOYBEANS - PRICE RECEIVED, MEASURED IN $ / BU","TOTAL","NOT SPECIFIED","8.36",""
"SURVEY","2015","FEB","","STATE","NEBRASKA","31","","","","","","","00000000","","SOYBEANS","SOYBEANS - PRICE RECEIVED, MEASURED IN $ / BU","TOTAL","NOT SPECIFIED","9.6",""
"SURVEY","2015","JAN","","STATE","NEBRASKA","31","","","","","","","00000000","","SOYBEANS","SOYBEANS - PRICE RECEIVED, MEASURED IN $ / BU","TOTAL","NOT SPECIFIED","9.98",""
"SURVEY","2015","JUL","","STATE","NEBRASKA","31","","","","","","","00000000","","SOYBEANS","SOYBEANS - PRICE RECEIVED, MEASURED IN $ / BU","TOTAL","NOT SPECIFIED","9.62",""
"SURVEY","2015","JUN","","STATE","NEBRASKA","31","","","","","","","00000000","","SOYBEANS","SOYBEANS - PRICE RECEIVED, MEASURED IN $ / BU","TOTAL","NOT SPECIFIED","9.26",""
"SURVEY","2015","MAR","","STATE","NEBRASKA","31","","","","","","","00000000","","SOYBEANS","SOYBEANS - PRICE RECEIVED, MEASURED IN $ / BU","TOTAL","NOT SPECIFIED","9.53",""
"SURVEY","2015","MARKETING YEAR","","STATE","NEBRASKA","31","","","","","","","00000000","","SOYBEANS","SOYBEANS - PRICE RECEIVED, MEASURED IN $ / BU","TOTAL","NOT SPECIFIED","8.66",""
"SURVEY","2015","MAY","","STATE","NEBRASKA","31","","","","","","","00000000","","SOYBEANS","SOYBEANS - PRICE RECEIVED, MEASURED IN $ / BU","TOTAL","NOT SPECIFIED","9.34",""
"SURVEY","2015","NOV","","STATE","NEBRASKA","31","","","","","","","00000000","","SOYBEANS","SOYBEANS - PRICE RECEIVED, MEASURED IN $ / BU","TOTAL","NOT SPECIFIED","8.33",""
"SURVEY","2015","OCT","","STATE","NEBRASKA","31","","","","","","","00000000","","SOYBEANS","SOYBEANS - PRICE RECEIVED, MEASURED IN $ / BU","TOTAL","NOT SPECIFIED","8.67",""
"SURVEY","2015","SEP","","STATE","NEBRASKA","31","","","","","","","00000000","","SOYBEANS","SOYBEANS - PRICE RECEIVED, MEASURED IN $ / BU","TOTAL","NOT SPECIFIED","8.78",""
"SURVEY","2014","APR","","STATE","NEBRASKA","31","","","","","","","00000000","","SOYBEANS","SOYBEANS - PRICE RECEIVED, MEASURED IN $ / BU","TOTAL","NOT SPECIFIED","14.2",""
"SURVEY","2014","AUG","","STATE","NEBRASKA","31","","","","","","","00000000","","SOYBEANS","SOYBEANS - PRICE RECEIVED, MEASURED IN $ / BU","TOTAL","NOT SPECIFIED","12",""
"SURVEY","2014","DEC","","STATE","NEBRASKA","31","","","","","","","00000000","","SOYBEANS","SOYBEANS - PRICE RECEIVED, MEASURED IN $ / BU","TOTAL","NOT SPECIFIED","9.88",""
"SURVEY","2014","FEB","","STATE","NEBRASKA","31","","","","","","","00000000","","SOYBEANS","SOYBEANS - PRICE RECEIVED, MEASURED IN $ / BU","TOTAL","NOT SPECIFIED","13",""
"SURVEY","2014","JAN","","STATE","NEBRASKA","31","","","","","","","00000000","","SOYBEANS","SOYBEANS - PRICE RECEIVED, MEASURED IN $ / BU","TOTAL","NOT SPECIFIED","12.7",""
"SURVEY","2014","JUL","","STATE","NEBRASKA","31","","","","","","","00000000","","SOYBEANS","SOYBEANS - PRICE RECEIVED, MEASURED IN $ / BU","TOTAL","NOT SPECIFIED","13",""
"SURVEY","2014","JUN","","STATE","NEBRASKA","31","","","","","","","00000000","","SOYBEANS","SOYBEANS - PRICE RECEIVED, MEASURED IN $ / BU","TOTAL","NOT SPECIFIED","14.2",""
"SURVEY","2014","MAR","","STATE","NEBRASKA","31","","","","","","","00000000","","SOYBEANS","SOYBEANS - PRICE RECEIVED, MEASURED IN $ / BU","TOTAL","NOT SPECIFIED","13.7",""
"SURVEY","2014","MARKETING YEAR","","STATE","NEBRASKA","31","","","","","","","00000000","","SOYBEANS","SOYBEANS - PRICE RECEIVED, MEASURED IN $ / BU","TOTAL","NOT SPECIFIED","9.73",""
"SURVEY","2014","MAY","","STATE","NEBRASKA","31","","","","","","","00000000","","SOYBEANS","SOYBEANS - PRICE RECEIVED, MEASURED IN $ / BU","TOTAL","NOT SPECIFIED","14.5",""
"SURVEY","2014","NOV","","STATE","NEBRASKA","31","","","","","","","00000000","","SOYBEANS","SOYBEANS - PRICE RECEIVED, MEASURED IN $ / BU","TOTAL","NOT SPECIFIED","9.93",""
"SURVEY","2014","OCT","","STATE","NEBRASKA","31","","","","","","","00000000","","SOYBEANS","SOYBEANS - PRICE RECEIVED, MEASURED IN $ / BU","TOTAL","NOT SPECIFIED","9.54",""
"SURVEY","2014","SEP","","STATE","NEBRASKA","31","","","","","","","00000000","","SOYBEANS","SOYBEANS - PRICE RECEIVED, MEASURED IN $ / BU","TOTAL","NOT SPECIFIED","11",""
"SURVEY","2013","APR","","STATE","NEBRASKA","31","","","","","","","00000000","","SOYBEANS","SOYBEANS - PRICE RECEIVED, MEASURED IN $ / BU","TOTAL","NOT SPECIFIED","14.1",""
"SURVEY","2013","AUG","","STATE","NEBRASKA","31","","","","","","","00000000","","SOYBEANS","SOYBEANS - PRICE RECEIVED, MEASURED IN $ / BU","TOTAL","NOT SPECIFIED","13.5",""
"SURVEY","2013","DEC","","STATE","NEBRASKA","31","","","","","","","00000000","","SOYBEANS","SOYBEANS - PRICE RECEIVED, MEASURED IN $ / BU","TOTAL","NOT SPECIFIED","12.8",""
"SURVEY","2013","FEB","","STATE","NEBRASKA","31","","","","","","","00000000","","SOYBEANS","SOYBEANS - PRICE RECEIVED, MEASURED IN $ / BU","TOTAL","NOT SPECIFIED","14.4",""
"SURVEY","2013","JAN","","STATE","NEBRASKA","31","","","","","","","00000000","","SOYBEANS","SOYBEANS - PRICE RECEIVED, MEASURED IN $ / BU","TOTAL","NOT SPECIFIED","13.9",""
"SURVEY","2013","JUL","","STATE","NEBRASKA","31","","","","","","","00000000","","SOYBEANS","SOYBEANS - PRICE RECEIVED, MEASURED IN $ / BU","TOTAL","NOT SPECIFIED","15.1",""
"SURVEY","2013","JUN","","STATE","NEBRASKA","31","","","","","","","00000000","","SOYBEANS","SOYBEANS - PRICE RECEIVED, MEASURED IN $ / BU","TOTAL","NOT SPECIFIED","15",""
"SURVEY","2013","MAR","","STATE","NEBRASKA","31","","","","","","","00000000","","SOYBEANS","SOYBEANS - PRICE RECEIVED, MEASURED IN $ / BU","TOTAL","NOT SPECIFIED","14.4",""
"SURVEY","2013","MARKETING YEAR","","STATE","NEBRASKA","31","","","","","","","00000000","","SOYBEANS","SOYBEANS - PRICE RECEIVED, MEASURED IN $ / BU","TOTAL","NOT SPECIFIED","12.7",""
"SURVEY","2013","MAY","","STATE","NEBRASKA","31","","","","","","","00000000","","SOYBEANS","SOYBEANS - PRICE RECEIVED, MEASURED IN $ / BU","TOTAL","NOT SPECIFIED","14.7",""
"SURVEY","2013","NOV","","STATE","NEBRASKA","31","","","","","","","00000000","","SOYBEANS","SOYBEANS - PRICE RECEIVED, MEASURED IN $ / BU","TOTAL","NOT SPECIFIED","12.5",""
"SURVEY","2013","OCT","","STATE","NEBRASKA","31","","","","","","","00000000","","SOYBEANS","SOYBEANS - PRICE RECEIVED, MEASURED IN $ / BU","TOTAL","NOT SPECIFIED","12.4",""
"SURVEY","2013","SEP","","STATE","NEBRASKA","31","","","","","","","00000000","","SOYBEANS","SOYBEANS - PRICE RECEIVED, MEASURED IN $ / BU","TOTAL","NOT SPECIFIED","13",""
"SURVEY","2012","APR","","STATE","NEBRASKA","31","","","","","","","00000000","","SOYBEANS","SOYBEANS - PRICE RECEIVED, MEASURED IN $ / BU","TOTAL","NOT SPECIFIED","13.6",""
"SURVEY","2012","AUG","","STATE","NEBRASKA","31","","","","","","","00000000","","SOYBEANS","SOYBEANS - PRICE RECEIVED, MEASURED IN $ / BU","TOTAL","NOT SPECIFIED","16.6",""
"SURVEY","2012","DEC","","STATE","NEBRASKA","31","","","","","","","00000000","","SOYBEANS","SOYBEANS - PRICE RECEIVED, MEASURED IN $ / BU","TOTAL","NOT SPECIFIED","14.2",""
"SURVEY","2012","FEB","","STATE","NEBRASKA","31","","","","","","","00000000","","SOYBEANS","SOYBEANS - PRICE RECEIVED, MEASURED IN $ / BU","TOTAL","NOT SPECIFIED","11.9",""
"SURVEY","2012","JAN","","STATE","NEBRASKA","31","","","","","","","00000000","","SOYBEANS","SOYBEANS - PRICE RECEIVED, MEASURED IN $ / BU","TOTAL","NOT SPECIFIED","11.4",""
"SURVEY","2012","JUL","","STATE","NEBRASKA","31","","","","","","","00000000","","SOYBEANS","SOYBEANS - PRICE RECEIVED, MEASURED IN $ / BU","TOTAL","NOT SPECIFIED","15.3",""
"SURVEY","2012","JUN","","STATE","NEBRASKA","31","","","","","","","00000000","","SOYBEANS","SOYBEANS - PRICE RECEIVED, MEASURED IN $ / BU","TOTAL","NOT SPECIFIED","13.6",""
"SURVEY","2012","MAR","","STATE","NEBRASKA","31","","","","","","","00000000","","SOYBEANS","SOYBEANS - PRICE RECEIVED, MEASURED IN $ / BU","TOTAL","NOT SPECIFIED","12.7",""
"SURVEY","2012","MARKETING YEAR","","STATE","NEBRASKA","31","","","","","","","00000000","","SOYBEANS","SOYBEANS - PRICE RECEIVED, MEASURED IN $ / BU","TOTAL","NOT SPECIFIED","14.1",""
"SURVEY","2012","MAY","","STATE","NEBRASKA","31","","","","","","","00000000","","SOYBEANS","SOYBEANS - PRICE RECEIVED, MEASURED IN $ / BU","TOTAL","NOT SPECIFIED","13.8",""
"SURVEY","2012","NOV","","STATE","NEBRASKA","31","","","","","","","00000000","","SOYBEANS","SOYBEANS - PRICE RECEIVED, MEASURED IN $ / BU","TOTAL","NOT SPECIFIED","14",""
"SURVEY","2012","OCT","","STATE","NEBRASKA","31","","","","","","","00000000","","SOYBEANS","SOYBEANS - PRICE RECEIVED, MEASURED IN $ / BU","TOTAL","NOT SPECIFIED","14",""
"SURVEY","2012","SEP","","STATE","NEBRASKA","31","","","","","","","00000000","","SOYBEANS","SOYBEANS - PRICE RECEIVED, MEASURED IN $ / BU","TOTAL","NOT SPECIFIED","13.7",""
"SURVEY","2011","APR","","STATE","NEBRASKA","31","","","","","","","00000000","","SOYBEANS","SOYBEANS - PRICE RECEIVED, MEASURED IN $ / BU","TOTAL","NOT SPECIFIED","12.9",""
"SURVEY","2011","AUG","","STATE","NEBRASKA","31","","","","","","","00000000","","SOYBEANS","SOYBEANS - PRICE RECEIVED, MEASURED IN $ / BU","TOTAL","NOT SPECIFIED","13.3",""
"SURVEY","2011","DEC","","STATE","NEBRASKA","31","","","","","","","00000000","","SOYBEANS","SOYBEANS - PRICE RECEIVED, MEASURED IN $ / BU","TOTAL","NOT SPECIFIED","11.2",""
"SURVEY","2011","FEB","","STATE","NEBRASKA","31","","","","","","","00000000","","SOYBEANS","SOYBEANS - PRICE RECEIVED, MEASURED IN $ / BU","TOTAL","NOT SPECIFIED","12.4",""
"SURVEY","2011","JAN","","STATE","NEBRASKA","31","","","","","","","00000000","","SOYBEANS","SOYBEANS - PRICE RECEIVED, MEASURED IN $ / BU","TOTAL","NOT SPECIFIED","11.4",""
"SURVEY","2011","JUL","","STATE","NEBRASKA","31","","","","","","","00000000","","SOYBEANS","SOYBEANS - PRICE RECEIVED, MEASURED IN $ / BU","TOTAL","NOT SPECIFIED","13.1",""
"SURVEY","2011","JUN","","STATE","NEBRASKA","31","","","","","","","00000000","","SOYBEANS","SOYBEANS - PRICE RECEIVED, MEASURED IN $ / BU","TOTAL","NOT SPECIFIED","13",""
"SURVEY","2011","MAR","","STATE","NEBRASKA","31","","","","","","","00000000","","SOYBEANS","SOYBEANS - PRICE RECEIVED, MEASURED IN $ / BU","TOTAL","NOT SPECIFIED","12.6",""
"SURVEY","2011","MARKETING YEAR","","STATE","NEBRASKA","31","","","","","","","00000000","","SOYBEANS","SOYBEANS - PRICE RECEIVED, MEASURED IN $ / BU","TOTAL","NOT SPECIFIED","12",""
"SURVEY","2011","MAY","","STATE","NEBRASKA","31","","","","","","","00000000","","SOYBEANS","SOYBEANS - PRICE RECEIVED, MEASURED IN $ / BU","TOTAL","NOT SPECIFIED","13.1",""
"SURVEY","2011","NOV","","STATE","NEBRASKA","31","","","","","","","00000000","","SOYBEANS","SOYBEANS - PRICE RECEIVED, MEASURED IN $ / BU","TOTAL","NOT SPECIFIED","11.5",""
"SURVEY","2011","OCT","","STATE","NEBRASKA","31","","","","","","","00000000","","SOYBEANS","SOYBEANS - PRICE RECEIVED, MEASURED IN $ / BU","TOTAL","NOT SPECIFIED","11.7",""
"SURVEY","2011","SEP","","STATE","NEBRASKA","31","","","","","","","00000000","","SOYBEANS","SOYBEANS - PRICE RECEIVED, MEASURED IN $ / BU","TOTAL","NOT SPECIFIED","11.7",""
"SURVEY","2010","APR","","STATE","NEBRASKA","31","","","","","","","00000000","","SOYBEANS","SOYBEANS - PRICE RECEIVED, MEASURED IN $ / BU","TOTAL","NOT SPECIFIED","9.33",""
"SURVEY","2010","AUG","","STATE","NEBRASKA","31","","","","","","","00000000","","SOYBEANS","SOYBEANS - PRICE RECEIVED, MEASURED IN $ / BU","TOTAL","NOT SPECIFIED","9.93",""
"SURVEY","2010","DEC","","STATE","NEBRASKA","31","","","","","","","00000000","","SOYBEANS","SOYBEANS - PRICE RECEIVED, MEASURED IN $ / BU","TOTAL","NOT SPECIFIED","11.8",""
"SURVEY","2010","FEB","","STATE","NEBRASKA","31","","","","","","","00000000","","SOYBEANS","SOYBEANS - PRICE RECEIVED, MEASURED IN $ / BU","TOTAL","NOT SPECIFIED","9.21",""
"SURVEY","2010","JAN","","STATE","NEBRASKA","31","","","","","","","00000000","","SOYBEANS","SOYBEANS - PRICE RECEIVED, MEASURED IN $ / BU","TOTAL","NOT SPECIFIED","9.73",""
"SURVEY","2010","JUL","","STATE","NEBRASKA","31","","","","","","","00000000","","SOYBEANS","SOYBEANS - PRICE RECEIVED, MEASURED IN $ / BU","TOTAL","NOT SPECIFIED","9.46",""
"SURVEY","2010","JUN","","STATE","NEBRASKA","31","","","","","","","00000000","","SOYBEANS","SOYBEANS - PRICE RECEIVED, MEASURED IN $ / BU","TOTAL","NOT SPECIFIED","9.31",""
"SURVEY","2010","MAR","","STATE","NEBRASKA","31","","","","","","","00000000","","SOYBEANS","SOYBEANS - PRICE RECEIVED, MEASURED IN $ / BU","TOTAL","NOT SPECIFIED","9.22",""
"SURVEY","2010","MARKETING YEAR","","STATE","NEBRASKA","31","","","","","","","00000000","","SOYBEANS","SOYBEANS - PRICE RECEIVED, MEASURED IN $ / BU","TOTAL","NOT SPECIFIED","11",""
"SURVEY","2010","MAY","","STATE","NEBRASKA","31","","","","","","","00000000","","SOYBEANS","SOYBEANS - PRICE RECEIVED, MEASURED IN $ / BU","TOTAL","NOT SPECIFIED","9.27",""
"SURVEY","2010","NOV","","STATE","NEBRASKA","31","","","","","","","00000000","","SOYBEANS","SOYBEANS - PRICE RECEIVED, MEASURED IN $ / BU","TOTAL","NOT SPECIFIED","10.9",""
"SURVEY","2010","OCT","","STATE","NEBRASKA","31","","","","","","","00000000","","SOYBEANS","SOYBEANS - PRICE RECEIVED, MEASURED IN $ / BU","TOTAL","NOT SPECIFIED","9.98",""
"SURVEY","2010","SEP","","STATE","NEBRASKA","31","","","","","","","00000000","","SOYBEANS","SOYBEANS - PRICE RECEIVED, MEASURED IN $ / BU","TOTAL","NOT SPECIFIED","9.71",""
"SURVEY","2009","APR","","STATE","NEBRASKA","31","","","","","","","00000000","","SOYBEANS","SOYBEANS - PRICE RECEIVED, MEASURED IN $ / BU","TOTAL","NOT SPECIFIED","9.65",""
"SURVEY","2009","AUG","","STATE","NEBRASKA","31","","","","","","","00000000","","SOYBEANS","SOYBEANS - PRICE RECEIVED, MEASURED IN $ / BU","TOTAL","NOT SPECIFIED","10.8",""
"SURVEY","2009","DEC","","STATE","NEBRASKA","31","","","","","","","00000000","","SOYBEANS","SOYBEANS - PRICE RECEIVED, MEASURED IN $ / BU","TOTAL","NOT SPECIFIED","9.82",""
"SURVEY","2009","FEB","","STATE","NEBRASKA","31","","","","","","","00000000","","SOYBEANS","SOYBEANS - PRICE RECEIVED, MEASURED IN $ / BU","TOTAL","NOT SPECIFIED","9.27",""
"SURVEY","2009","JAN","","STATE","NEBRASKA","31","","","","","","","00000000","","SOYBEANS","SOYBEANS - PRICE RECEIVED, MEASURED IN $ / BU","TOTAL","NOT SPECIFIED","9.54",""
"SURVEY","2009","JUL","","STATE","NEBRASKA","31","","","","","","","00000000","","SOYBEANS","SOYBEANS - PRICE RECEIVED, MEASURED IN $ / BU","TOTAL","NOT SPECIFIED","10.7",""
"SURVEY","2009","JUN","","STATE","NEBRASKA","31","","","","","","","00000000","","SOYBEANS","SOYBEANS - PRICE RECEIVED, MEASURED IN $ / BU","TOTAL","NOT SPECIFIED","11.2",""
"SURVEY","2009","MAR","","STATE","NEBRASKA","31","","","","","","","00000000","","SOYBEANS","SOYBEANS - PRICE RECEIVED, MEASURED IN $ / BU","TOTAL","NOT SPECIFIED","8.85",""
"SURVEY","2009","MARKETING YEAR","","STATE","NEBRASKA","31","","","","","","","00000000","","SOYBEANS","SOYBEANS - PRICE RECEIVED, MEASURED IN $ / BU","TOTAL","NOT SPECIFIED","9.48",""
"SURVEY","2009","MAY","","STATE","NEBRASKA","31","","","","","","","00000000","","SOYBEANS","SOYBEANS - PRICE RECEIVED, MEASURED IN $ / BU","TOTAL","NOT SPECIFIED","10.5",""
"SURVEY","2009","NOV","","STATE","NEBRASKA","31","","","","","","","00000000","","SOYBEANS","SOYBEANS - PRICE RECEIVED, MEASURED IN $ / BU","TOTAL","NOT SPECIFIED","9.59",""
"SURVEY","2009","OCT","","STATE","NEBRASKA","31","","","","","","","00000000","","SOYBEANS","SOYBEANS - PRICE RECEIVED, MEASURED IN $ / BU","TOTAL","NOT SPECIFIED","9.32",""
"SURVEY","2009","SEP","","STATE","NEBRASKA","31","","","","","","","00000000","","SOYBEANS","SOYBEANS - PRICE RECEIVED, MEASURED IN $ / BU","TOTAL","NOT SPECIFIED","9.47",""
"SURVEY","2008","APR","","STATE","NEBRASKA","31","","","","","","","00000000","","SOYBEANS","SOYBEANS - PRICE RECEIVED, MEASURED IN $ / BU","TOTAL","NOT SPECIFIED","11.9",""
"SURVEY","2008","AUG","","STATE","NEBRASKA","31","","","","","","","00000000","","SOYBEANS","SOYBEANS - PRICE RECEIVED, MEASURED IN $ / BU","TOTAL","NOT SPECIFIED","12.8",""
"SURVEY","2008","DEC","","STATE","NEBRASKA","31","","","","","","","00000000","","SOYBEANS","SOYBEANS - PRICE RECEIVED, MEASURED IN $ / BU","TOTAL","NOT SPECIFIED","8.85",""
"SURVEY","2008","FEB","","STATE","NEBRASKA","31","","","","","","","00000000","","SOYBEANS","SOYBEANS - PRICE RECEIVED, MEASURED IN $ / BU","TOTAL","NOT SPECIFIED","11.9",""
"SURVEY","2008","JAN","","STATE","NEBRASKA","31","","","","","","","00000000","","SOYBEANS","SOYBEANS - PRICE RECEIVED, MEASURED IN $ / BU","TOTAL","NOT SPECIFIED","10.1",""
"SURVEY","2008","JUL","","STATE","NEBRASKA","31","","","","","","","00000000","","SOYBEANS","SOYBEANS - PRICE RECEIVED, MEASURED IN $ / BU","TOTAL","NOT SPECIFIED","13.3",""
"SURVEY","2008","JUN","","STATE","NEBRASKA","31","","","","","","","00000000","","SOYBEANS","SOYBEANS - PRICE RECEIVED, MEASURED IN $ / BU","TOTAL","NOT SPECIFIED","12.9",""
"SURVEY","2008","MAR","","STATE","NEBRASKA","31","","","","","","","00000000","","SOYBEANS","SOYBEANS - PRICE RECEIVED, MEASURED IN $ / BU","TOTAL","NOT SPECIFIED","11.5",""
"SURVEY","2008","MARKETING YEAR","","STATE","NEBRASKA","31","","","","","","","00000000","","SOYBEANS","SOYBEANS - PRICE RECEIVED, MEASURED IN $ / BU","TOTAL","NOT SPECIFIED","9.79",""
"SURVEY","2008","MAY","","STATE","NEBRASKA","31","","","","","","","00000000","","SOYBEANS","SOYBEANS - PRICE RECEIVED, MEASURED IN $ / BU","TOTAL","NOT SPECIFIED","12.5",""
"SURVEY","2008","NOV","","STATE","NEBRASKA","31","","","","","","","00000000","","SOYBEANS","SOYBEANS - PRICE RECEIVED, MEASURED IN $ / BU","TOTAL","NOT SPECIFIED","9.59",""
"SURVEY","2008","OCT","","STATE","NEBRASKA","31","","","","","","","00000000","","SOYBEANS","SOYBEANS - PRICE RECEIVED, MEASURED IN $ / BU","TOTAL","NOT SPECIFIED","10.2",""
"SURVEY","2008","SEP","","STATE","NEBRASKA","31","","","","","","","00000000","","SOYBEANS","SOYBEANS - PRICE RECEIVED, MEASURED IN $ / BU","TOTAL","NOT SPECIFIED","10.4",""
"SURVEY","2007","APR","","STATE","NEBRASKA","31","","","","","","","00000000","","SOYBEANS","SOYBEANS - PRICE RECEIVED, MEASURED IN $ / BU","TOTAL","NOT SPECIFIED","6.63",""
"SURVEY","2007","AUG","","STATE","NEBRASKA","31","","","","","","","00000000","","SOYBEANS","SOYBEANS - PRICE RECEIVED, MEASURED IN $ / BU","TOTAL","NOT SPECIFIED","7.33",""
"SURVEY","2007","DEC","","STATE","NEBRASKA","31","","","","","","","00000000","","SOYBEANS","SOYBEANS - PRICE RECEIVED, MEASURED IN $ / BU","TOTAL","NOT SPECIFIED","10.3",""
"SURVEY","2007","FEB","","STATE","NEBRASKA","31","","","","","","","00000000","","SOYBEANS","SOYBEANS - PRICE RECEIVED, MEASURED IN $ / BU","TOTAL","NOT SPECIFIED","6.66",""
"SURVEY","2007","JAN","","STATE","NEBRASKA","31","","","","","","","00000000","","SOYBEANS","SOYBEANS - PRICE RECEIVED, MEASURED IN $ / BU","TOTAL","NOT SPECIFIED","6.21",""
"SURVEY","2007","JUL","","STATE","NEBRASKA","31","","","","","","","00000000","","SOYBEANS","SOYBEANS - PRICE RECEIVED, MEASURED IN $ / BU","TOTAL","NOT SPECIFIED","7.38",""
"SURVEY","2007","JUN","","STATE","NEBRASKA","31","","","","","","","00000000","","SOYBEANS","SOYBEANS - PRICE RECEIVED, MEASURED IN $ / BU","TOTAL","NOT SPECIFIED","7.18",""
"SURVEY","2007","MAR","","STATE","NEBRASKA","31","","","","","","","00000000","","SOYBEANS","SOYBEANS - PRICE RECEIVED, MEASURED IN $ / BU","TOTAL","NOT SPECIFIED","6.75",""
"SURVEY","2007","MARKETING YEAR","","STATE","NEBRASKA","31","","","","","","","00000000","","SOYBEANS","SOYBEANS - PRICE RECEIVED, MEASURED IN $ / BU","TOTAL","NOT SPECIFIED","9.92",""
"SURVEY","2007","MAY","","STATE","NEBRASKA","31","","","","","","","00000000","","SOYBEANS","SOYBEANS - PRICE RECEIVED, MEASURED IN $ / BU","TOTAL","NOT SPECIFIED","6.94",""
"SURVEY","2007","NOV","","STATE","NEBRASKA","31","","","","","","","00000000","","SOYBEANS","SOYBEANS - PRICE RECEIVED, MEASURED IN $ / BU","TOTAL","NOT SPECIFIED","9.02",""
"SURVEY","2007","OCT","","STATE","NEBRASKA","31","","","","","","","00000000","","SOYBEANS","SOYBEANS - PRICE RECEIVED, MEASURED IN $ / BU","TOTAL","NOT SPECIFIED","8.13",""
"SURVEY","2007","SEP","","STATE","NEBRASKA","31","","","","","","","00000000","","SOYBEANS","SOYBEANS - PRICE RECEIVED, MEASURED IN $ / BU","TOTAL","NOT SPECIFIED","7.96",""
"SURVEY","2006","APR","","STATE","NEBRASKA","31","","","","","","","00000000","","SOYBEANS","SOYBEANS - PRICE RECEIVED, MEASURED IN $ / BU","TOTAL","NOT SPECIFIED","5.34",""
"SURVEY","2006","AUG","","STATE","NEBRASKA","31","","","","","","","00000000","","SOYBEANS","SOYBEANS - PRICE RECEIVED, MEASURED IN $ / BU","TOTAL","NOT SPECIFIED","5.05",""
"SURVEY","2006","DEC","","STATE","NEBRASKA","31","","","","","","","00000000","","SOYBEANS","SOYBEANS - PRICE RECEIVED, MEASURED IN $ / BU","TOTAL","NOT SPECIFIED","5.98",""
"SURVEY","2006","FEB","","STATE","NEBRASKA","31","","","","","","","00000000","","SOYBEANS","SOYBEANS - PRICE RECEIVED, MEASURED IN $ / BU","TOTAL","NOT SPECIFIED","5.42",""
"SURVEY","2006","JAN","","STATE","NEBRASKA","31","","","","","","","00000000","","SOYBEANS","SOYBEANS - PRICE RECEIVED, MEASURED IN $ / BU","TOTAL","NOT SPECIFIED","5.61",""
"SURVEY","2006","JUL","","STATE","NEBRASKA","31","","","","","","","00000000","","SOYBEANS","SOYBEANS - PRICE RECEIVED, MEASURED IN $ / BU","TOTAL","NOT SPECIFIED","5.38",""
"SURVEY","2006","JUN","","STATE","NEBRASKA","31","","","","","","","00000000","","SOYBEANS","SOYBEANS - PRICE RECEIVED, MEASURED IN $ / BU","TOTAL","NOT SPECIFIED","5.42",""
"SURVEY","2006","MAR","","STATE","NEBRASKA","31","","","","","","","00000000","","SOYBEANS","SOYBEANS - PRICE RECEIVED, MEASURED IN $ / BU","TOTAL","NOT SPECIFIED","5.36",""
"SURVEY","2006","MARKETING YEAR","","STATE","NEBRASKA","31","","","","","","","00000000","","SOYBEANS","SOYBEANS - PRICE RECEIVED, MEASURED IN $ / BU","TOTAL","NOT SPECIFIED","6.05",""
"SURVEY","2006","MAY","","STATE","NEBRASKA","31","","","","","","","00000000","","SOYBEANS","SOYBEANS - PRICE RECEIVED, MEASURED IN $ / BU","TOTAL","NOT SPECIFIED","5.45",""
"SURVEY","2006","NOV","","STATE","NEBRASKA","31","","","","","","","00000000","","SOYBEANS","SOYBEANS - PRICE RECEIVED, MEASURED IN $ / BU","TOTAL","NOT SPECIFIED","5.9",""
"SURVEY","2006","OCT","","STATE","NEBRASKA","31","","","","","","","00000000","","SOYBEANS","SOYBEANS - PRICE RECEIVED, MEASURED IN $ / BU","TOTAL","NOT SPECIFIED","5.38",""
"SURVEY","2006","SEP","","STATE","NEBRASKA","31","","","","","","","00000000","","SOYBEANS","SOYBEANS - PRICE RECEIVED, MEASURED IN $ / BU","TOTAL","NOT SPECIFIED","5.14",""
"SURVEY","2005","APR","","STATE","NEBRASKA","31","","","","","","","00000000","","SOYBEANS","SOYBEANS - PRICE RECEIVED, MEASURED IN $ / BU","TOTAL","NOT SPECIFIED","5.97",""
"SURVEY","2005","AUG","","STATE","NEBRASKA","31","","","","","","","00000000","","SOYBEANS","SOYBEANS - PRICE RECEIVED, MEASURED IN $ / BU","TOTAL","NOT SPECIFIED","6.04",""
"SURVEY","2005","DEC","","STATE","NEBRASKA","31","","","","","","","00000000","","SOYBEANS","SOYBEANS - PRICE RECEIVED, MEASURED IN $ / BU","TOTAL","NOT SPECIFIED","5.55",""
"SURVEY","2005","FEB","","STATE","NEBRASKA","31","","","","","","","00000000","","SOYBEANS","SOYBEANS - PRICE RECEIVED, MEASURED IN $ / BU","TOTAL","NOT SPECIFIED","5.29",""
"SURVEY","2005","JAN","","STATE","NEBRASKA","31","","","","","","","00000000","","SOYBEANS","SOYBEANS - PRICE RECEIVED, MEASURED IN $ / BU","TOTAL","NOT SPECIFIED","5.24",""
"SURVEY","2005","JUL","","STATE","NEBRASKA","31","","","","","","","00000000","","SOYBEANS","SOYBEANS - PRICE RECEIVED, MEASURED IN $ / BU","TOTAL","NOT SPECIFIED","6.6",""
"SURVEY","2005","JUN","","STATE","NEBRASKA","31","","","","","","","00000000","","SOYBEANS","SOYBEANS - PRICE RECEIVED, MEASURED IN $ / BU","TOTAL","NOT SPECIFIED","6.59",""
"SURVEY","2005","MAR","","STATE","NEBRASKA","31","","","","","","","00000000","","SOYBEANS","SOYBEANS - PRICE RECEIVED, MEASURED IN $ / BU","TOTAL","NOT SPECIFIED","5.88",""
"SURVEY","2005","MARKETING YEAR","","STATE","NEBRASKA","31","","","","","","","00000000","","SOYBEANS","SOYBEANS - PRICE RECEIVED, MEASURED IN $ / BU","TOTAL","NOT SPECIFIED","5.55",""
"SURVEY","2005","MAY","","STATE","NEBRASKA","31","","","","","","","00000000","","SOYBEANS","SOYBEANS - PRICE RECEIVED, MEASURED IN $ / BU","TOTAL","NOT SPECIFIED","6.17",""
"SURVEY","2005","NOV","","STATE","NEBRASKA","31","","","","","","","00000000","","SOYBEANS","SOYBEANS - PRICE RECEIVED, MEASURED IN $ / BU","TOTAL","NOT SPECIFIED","5.57",""
"SURVEY","2005","OCT","","STATE","NEBRASKA","31","","","","","","","00000000","","SOYBEANS","SOYBEANS - PRICE RECEIVED, MEASURED IN $ / BU","TOTAL","NOT SPECIFIED","5.72",""
"SURVEY","2005","SEP","","STATE","NEBRASKA","31","","","","","","","00000000","","SOYBEANS","SOYBEANS - PRICE RECEIVED, MEASURED IN $ / BU","TOTAL","NOT SPECIFIED","5.63",""
"SURVEY","2004","APR","","STATE","NEBRASKA","31","","","","","","","00000000","","SOYBEANS","SOYBEANS - PRICE RECEIVED, MEASURED IN $ / BU","TOTAL","NOT SPECIFIED","9.58",""
"SURVEY","2004","AUG","","STATE","NEBRASKA","31","","","","","","","00000000","","SOYBEANS","SOYBEANS - PRICE RECEIVED, MEASURED IN $ / BU","TOTAL","NOT SPECIFIED","6.56",""
"SURVEY","2004","DEC","","STATE","NEBRASKA","31","","","","","","","00000000","","SOYBEANS","SOYBEANS - PRICE RECEIVED, MEASURED IN $ / BU","TOTAL","NOT SPECIFIED","5.24",""
"SURVEY","2004","FEB","","STATE","NEBRASKA","31","","","","","","","00000000","","SOYBEANS","SOYBEANS - PRICE RECEIVED, MEASURED IN $ / BU","TOTAL","NOT SPECIFIED","8.19",""
"SURVEY","2004","JAN","","STATE","NEBRASKA","31","","","","","","","00000000","","SOYBEANS","SOYBEANS - PRICE RECEIVED, MEASURED IN $ / BU","TOTAL","NOT SPECIFIED","7.26",""
"SURVEY","2004","JUL","","STATE","NEBRASKA","31","","","","","","","00000000","","SOYBEANS","SOYBEANS - PRICE RECEIVED, MEASURED IN $ / BU","TOTAL","NOT SPECIFIED","7.91",""
"SURVEY","2004","JUN","","STATE","NEBRASKA","31","","","","","","","00000000","","SOYBEANS","SOYBEANS - PRICE RECEIVED, MEASURED IN $ / BU","TOTAL","NOT SPECIFIED","9.03",""
"SURVEY","2004","MAR","","STATE","NEBRASKA","31","","","","","","","00000000","","SOYBEANS","SOYBEANS - PRICE RECEIVED, MEASURED IN $ / BU","TOTAL","NOT SPECIFIED","9.15",""
"SURVEY","2004","MARKETING YEAR","","STATE","NEBRASKA","31","","","","","","","00000000","","SOYBEANS","SOYBEANS - PRICE RECEIVED, MEASURED IN $ / BU","TOTAL","NOT SPECIFIED","5.54",""
"SURVEY","2004","MAY","","STATE","NEBRASKA","31","","","","","","","00000000","","SOYBEANS","SOYBEANS - PRICE RECEIVED, MEASURED IN $ / BU","TOTAL","NOT SPECIFIED","9.72",""
"SURVEY","2004","NOV","","STATE","NEBRASKA","31","","","","","","","00000000","","SOYBEANS","SOYBEANS - PRICE RECEIVED, MEASURED IN $ / BU","TOTAL","NOT SPECIFIED","5.18",""
"SURVEY","2004","OCT","","STATE","NEBRASKA","31","","","","","","","00000000","","SOYBEANS","SOYBEANS - PRICE RECEIVED, MEASURED IN $ / BU","TOTAL","NOT SPECIFIED","5.5",""
"SURVEY","2004","SEP","","STATE","NEBRASKA","31","","","","","","","00000000","","SOYBEANS","SOYBEANS - PRICE RECEIVED, MEASURED IN $ / BU","TOTAL","NOT SPECIFIED","5.81",""
"SURVEY","2003","APR","","STATE","NEBRASKA","31","","","","","","","00000000","","SOYBEANS","SOYBEANS - PRICE RECEIVED, MEASURED IN $ / BU","TOTAL","NOT SPECIFIED","5.76",""
"SURVEY","2003","AUG","","STATE","NEBRASKA","31","","","","","","","00000000","","SOYBEANS","SOYBEANS - PRICE RECEIVED, MEASURED IN $ / BU","TOTAL","NOT SPECIFIED","5.59",""
"SURVEY","2003","DEC","","STATE","NEBRASKA","31","","","","","","","00000000","","SOYBEANS","SOYBEANS - PRICE RECEIVED, MEASURED IN $ / BU","TOTAL","NOT SPECIFIED","7.14",""
"SURVEY","2003","FEB","","STATE","NEBRASKA","31","","","","","","","00000000","","SOYBEANS","SOYBEANS - PRICE RECEIVED, MEASURED IN $ / BU","TOTAL","NOT SPECIFIED","5.45",""
"SURVEY","2003","JAN","","STATE","NEBRASKA","31","","","","","","","00000000","","SOYBEANS","SOYBEANS - PRICE RECEIVED, MEASURED IN $ / BU","TOTAL","NOT SPECIFIED","5.39",""
"SURVEY","2003","JUL","","STATE","NEBRASKA","31","","","","","","","00000000","","SOYBEANS","SOYBEANS - PRICE RECEIVED, MEASURED IN $ / BU","TOTAL","NOT SPECIFIED","5.81",""
"SURVEY","2003","JUN","","STATE","NEBRASKA","31","","","","","","","00000000","","SOYBEANS","SOYBEANS - PRICE RECEIVED, MEASURED IN $ / BU","TOTAL","NOT SPECIFIED","6.01",""
"SURVEY","2003","MAR","","STATE","NEBRASKA","31","","","","","","","00000000","","SOYBEANS","SOYBEANS - PRICE RECEIVED, MEASURED IN $ / BU","TOTAL","NOT SPECIFIED","5.5",""
"SURVEY","2003","MARKETING YEAR","","STATE","NEBRASKA","31","","","","","","","00000000","","SOYBEANS","SOYBEANS - PRICE RECEIVED, MEASURED IN $ / BU","TOTAL","NOT SPECIFIED","7.02",""
"SURVEY","2003","MAY","","STATE","NEBRASKA","31","","","","","","","00000000","","SOYBEANS","SOYBEANS - PRICE RECEIVED, MEASURED IN $ / BU","TOTAL","NOT SPECIFIED","6.04",""
"SURVEY","2003","NOV","","STATE","NEBRASKA","31","","","","","","","00000000","","SOYBEANS","SOYBEANS - PRICE RECEIVED, MEASURED IN $ / BU","TOTAL","NOT SPECIFIED","7.11",""
"SURVEY","2003","OCT","","STATE","NEBRASKA","31","","","","","","","00000000","","SOYBEANS","SOYBEANS - PRICE RECEIVED, MEASURED IN $ / BU","TOTAL","NOT SPECIFIED","6.47",""
"SURVEY","2003","SEP","","STATE","NEBRASKA","31","","","","","","","00000000","","SOYBEANS","SOYBEANS - PRICE RECEIVED, MEASURED IN $ / BU","TOTAL","NOT SPECIFIED","5.91",""
"SURVEY","2002","APR","","STATE","NEBRASKA","31","","","","","","","00000000","","SOYBEANS","SOYBEANS - PRICE RECEIVED, MEASURED IN $ / BU","TOTAL","NOT SPECIFIED","4.38",""
"SURVEY","2002","AUG","","STATE","NEBRASKA","31","","","","","","","00000000","","SOYBEANS","SOYBEANS - PRICE RECEIVED, MEASURED IN $ / BU","TOTAL","NOT SPECIFIED","5.43",""
"SURVEY","2002","DEC","","STATE","NEBRASKA","31","","","","","","","00000000","","SOYBEANS","SOYBEANS - PRICE RECEIVED, MEASURED IN $ / BU","TOTAL","NOT SPECIFIED","5.36",""
"SURVEY","2002","FEB","","STATE","NEBRASKA","31","","","","","","","00000000","","SOYBEANS","SOYBEANS - PRICE RECEIVED, MEASURED IN $ / BU","TOTAL","NOT SPECIFIED","4.13",""
"SURVEY","2002","JAN","","STATE","NEBRASKA","31","","","","","","","00000000","","SOYBEANS","SOYBEANS - PRICE RECEIVED, MEASURED IN $ / BU","TOTAL","NOT SPECIFIED","4.11",""
"SURVEY","2002","JUL","","STATE","NEBRASKA","31","","","","","","","00000000","","SOYBEANS","SOYBEANS - PRICE RECEIVED, MEASURED IN $ / BU","TOTAL","NOT SPECIFIED","5.23",""
"SURVEY","2002","JUN","","STATE","NEBRASKA","31","","","","","","","00000000","","SOYBEANS","SOYBEANS - PRICE RECEIVED, MEASURED IN $ / BU","TOTAL","NOT SPECIFIED","4.73",""
"SURVEY","2002","MAR","","STATE","NEBRASKA","31","","","","","","","00000000","","SOYBEANS","SOYBEANS - PRICE RECEIVED, MEASURED IN $ / BU","TOTAL","NOT SPECIFIED","4.27",""
"SURVEY","2002","MARKETING YEAR","","STATE","NEBRASKA","31","","","","","","","00000000","","SOYBEANS","SOYBEANS - PRICE RECEIVED, MEASURED IN $ / BU","TOTAL","NOT SPECIFIED","5.43",""
"SURVEY","2002","MAY","","STATE","NEBRASKA","31","","","","","","","00000000","","SOYBEANS","SOYBEANS - PRICE RECEIVED, MEASURED IN $ / BU","TOTAL","NOT SPECIFIED","4.52",""
"SURVEY","2002","NOV","","STATE","NEBRASKA","31","","","","","","","00000000","","SOYBEANS","SOYBEANS - PRICE RECEIVED, MEASURED IN $ / BU","TOTAL","NOT SPECIFIED","5.41",""
"SURVEY","2002","OCT","","STATE","NEBRASKA","31","","","","","","","00000000","","SOYBEANS","SOYBEANS - PRICE RECEIVED, MEASURED IN $ / BU","TOTAL","NOT SPECIFIED","5.16",""
"SURVEY","2002","SEP","","STATE","NEBRASKA","31","","","","","","","00000000","","SOYBEANS","SOYBEANS - PRICE RECEIVED, MEASURED IN $ / BU","TOTAL","NOT SPECIFIED","5.23",""
"SURVEY","2001","APR","","STATE","NEBRASKA","31","","","","","","","00000000","","SOYBEANS","SOYBEANS - PRICE RECEIVED, MEASURED IN $ / BU","TOTAL","NOT SPECIFIED","4.1",""
"SURVEY","2001","AUG","","STATE","NEBRASKA","31","","","","","","","00000000","","SOYBEANS","SOYBEANS - PRICE RECEIVED, MEASURED IN $ / BU","TOTAL","NOT SPECIFIED","4.8",""
"SURVEY","2001","DEC","","STATE","NEBRASKA","31","","","","","","","00000000","","SOYBEANS","SOYBEANS - PRICE RECEIVED, MEASURED IN $ / BU","TOTAL","NOT SPECIFIED","4.06",""
"SURVEY","2001","FEB","","STATE","NEBRASKA","31","","","","","","","00000000","","SOYBEANS","SOYBEANS - PRICE RECEIVED, MEASURED IN $ / BU","TOTAL","NOT SPECIFIED","4.29",""
"SURVEY","2001","JAN","","STATE","NEBRASKA","31","","","","","","","00000000","","SOYBEANS","SOYBEANS - PRICE RECEIVED, MEASURED IN $ / BU","TOTAL","NOT SPECIFIED","4.54",""
"SURVEY","2001","JUL","","STATE","NEBRASKA","31","","","","","","","00000000","","SOYBEANS","SOYBEANS - PRICE RECEIVED, MEASURED IN $ / BU","TOTAL","NOT SPECIFIED","4.67",""
"SURVEY","2001","JUN","","STATE","NEBRASKA","31","","","","","","","00000000","","SOYBEANS","SOYBEANS - PRICE RECEIVED, MEASURED IN $ / BU","TOTAL","NOT SPECIFIED","4.33",""
"SURVEY","2001","MAR","","STATE","NEBRASKA","31","","","","","","","00000000","","SOYBEANS","SOYBEANS - PRICE RECEIVED, MEASURED IN $ / BU","TOTAL","NOT SPECIFIED","4.25",""
"SURVEY","2001","MARKETING YEAR","","STATE","NEBRASKA","31","","","","","","","00000000","","SOYBEANS","SOYBEANS - PRICE RECEIVED, MEASURED IN $ / BU","TOTAL","NOT SPECIFIED","4.19",""
"SURVEY","2001","MAY","","STATE","NEBRASKA","31","","","","","","","00000000","","SOYBEANS","SOYBEANS - PRICE RECEIVED, MEASURED IN $ / BU","TOTAL","NOT SPECIFIED","4.16",""
"SURVEY","2001","NOV","","STATE","NEBRASKA","31","","","","","","","00000000","","SOYBEANS","SOYBEANS - PRICE RECEIVED, MEASURED IN $ / BU","TOTAL","NOT SPECIFIED","4.09",""
"SURVEY","2001","OCT","","STATE","NEBRASKA","31","","","","","","","00000000","","SOYBEANS","SOYBEANS - PRICE RECEIVED, MEASURED IN $ / BU","TOTAL","NOT SPECIFIED","4",""
"SURVEY","2001","SEP","","STATE","NEBRASKA","31","","","","","","","00000000","","SOYBEANS","SOYBEANS - PRICE RECEIVED, MEASURED IN $ / BU","TOTAL","NOT SPECIFIED","4.39",""
"SURVEY","2000","APR","","STATE","NEBRASKA","31","","","","","","","00000000","","SOYBEANS","SOYBEANS - PRICE RECEIVED, MEASURED IN $ / BU","TOTAL","NOT SPECIFIED","5",""
"SURVEY","2000","AUG","","STATE","NEBRASKA","31","","","","","","","00000000","","SOYBEANS","SOYBEANS - PRICE RECEIVED, MEASURED IN $ / BU","TOTAL","NOT SPECIFIED","4.34",""
"SURVEY","2000","DEC","","STATE","NEBRASKA","31","","","","","","","00000000","","SOYBEANS","SOYBEANS - PRICE RECEIVED, MEASURED IN $ / BU","TOTAL","NOT SPECIFIED","4.68",""
"SURVEY","2000","FEB","","STATE","NEBRASKA","31","","","","","","","00000000","","SOYBEANS","SOYBEANS - PRICE RECEIVED, MEASURED IN $ / BU","TOTAL","NOT SPECIFIED","4.61",""
"SURVEY","2000","JAN","","STATE","NEBRASKA","31","","","","","","","00000000","","SOYBEANS","SOYBEANS - PRICE RECEIVED, MEASURED IN $ / BU","TOTAL","NOT SPECIFIED","4.42",""
"SURVEY","2000","JUL","","STATE","NEBRASKA","31","","","","","","","00000000","","SOYBEANS","SOYBEANS - PRICE RECEIVED, MEASURED IN $ / BU","TOTAL","NOT SPECIFIED","4.42",""
"SURVEY","2000","JUN","","STATE","NEBRASKA","31","","","","","","","00000000","","SOYBEANS","SOYBEANS - PRICE RECEIVED, MEASURED IN $ / BU","TOTAL","NOT SPECIFIED","4.94",""
"SURVEY","2000","MAR","","STATE","NEBRASKA","31","","","","","","","00000000","","SOYBEANS","SOYBEANS - PRICE RECEIVED, MEASURED IN $ / BU","TOTAL","NOT SPECIFIED","4.79",""
"SURVEY","2000","MARKETING YEAR","","STATE","NEBRASKA","31","","","","","","","00000000","","SOYBEANS","SOYBEANS - PRICE RECEIVED, MEASURED IN $ / BU","TOTAL","NOT SPECIFIED","4.44",""
"SURVEY","2000","MAY","","STATE","NEBRASKA","31","","","","","","","00000000","","SOYBEANS","SOYBEANS - PRICE RECEIVED, MEASURED IN $ / BU","TOTAL","NOT SPECIFIED","5.2",""
"SURVEY","2000","NOV","","STATE","NEBRASKA","31","","","","","","","00000000","","SOYBEANS","SOYBEANS - PRICE RECEIVED, MEASURED IN $ / BU","TOTAL","NOT SPECIFIED","4.46",""
"SURVEY","2000","OCT","","STATE","NEBRASKA","31","","","","","","","00000000","","SOYBEANS","SOYBEANS - PRICE RECEIVED, MEASURED IN $ / BU","TOTAL","NOT SPECIFIED","4.37",""
"SURVEY","2000","SEP","","STATE","NEBRASKA","31","","","","","","","00000000","","SOYBEANS","SOYBEANS - PRICE RECEIVED, MEASURED IN $ / BU","TOTAL","NOT SPECIFIED","4.55",""
"SURVEY","1999","APR","","STATE","NEBRASKA","31","","","","","","","00000000","","SOYBEANS","SOYBEANS - PRICE RECEIVED, MEASURED IN $ / BU","TOTAL","NOT SPECIFIED","4.46",""
"SURVEY","1999","AUG","","STATE","NEBRASKA","31","","","","","","","00000000","","SOYBEANS","SOYBEANS - PRICE RECEIVED, MEASURED IN $ / BU","TOTAL","NOT SPECIFIED","4.29",""
"SURVEY","1999","DEC","","STATE","NEBRASKA","31","","","","","","","00000000","","SOYBEANS","SOYBEANS - PRICE RECEIVED, MEASURED IN $ / BU","TOTAL","NOT SPECIFIED","4.25",""
"SURVEY","1999","FEB","","STATE","NEBRASKA","31","","","","","","","00000000","","SOYBEANS","SOYBEANS - PRICE RECEIVED, MEASURED IN $ / BU","TOTAL","NOT SPECIFIED","4.67",""
"SURVEY","1999","JAN","","STATE","NEBRASKA","31","","","","","","","00000000","","SOYBEANS","SOYBEANS - PRICE RECEIVED, MEASURED IN $ / BU","TOTAL","NOT SPECIFIED","5.09",""
"SURVEY","1999","JUL","","STATE","NEBRASKA","31","","","","","","","00000000","","SOYBEANS","SOYBEANS - PRICE RECEIVED, MEASURED IN $ / BU","TOTAL","NOT SPECIFIED","4.04",""
"SURVEY","1999","JUN","","STATE","NEBRASKA","31","","","","","","","00000000","","SOYBEANS","SOYBEANS - PRICE RECEIVED, MEASURED IN $ / BU","TOTAL","NOT SPECIFIED","4.62",""
"SURVEY","1999","MAR","","STATE","NEBRASKA","31","","","","","","","00000000","","SOYBEANS","SOYBEANS - PRICE RECEIVED, MEASURED IN $ / BU","TOTAL","NOT SPECIFIED","4.46",""
"SURVEY","1999","MARKETING YEAR","","STATE","NEBRASKA","31","","","","","","","00000000","","SOYBEANS","SOYBEANS - PRICE RECEIVED, MEASURED IN $ / BU","TOTAL","NOT SPECIFIED","4.47",""
"SURVEY","1999","MAY","","STATE","NEBRASKA","31","","","","","","","00000000","","SOYBEANS","SOYBEANS - PRICE RECEIVED, MEASURED IN $ / BU","TOTAL","NOT SPECIFIED","4.34",""
"SURVEY","1999","NOV","","STATE","NEBRASKA","31","","","","","","","00000000","","SOYBEANS","SOYBEANS - PRICE RECEIVED, MEASURED IN $ / BU","TOTAL","NOT SPECIFIED","4.26",""
"SURVEY","1999","OCT","","STATE","NEBRASKA","31","","","","","","","00000000","","SOYBEANS","SOYBEANS - PRICE RECEIVED, MEASURED IN $ / BU","TOTAL","NOT SPECIFIED","4.34",""
"SURVEY","1999","SEP","","STATE","NEBRASKA","31","","","","","","","00000000","","SOYBEANS","SOYBEANS - PRICE RECEIVED, MEASURED IN $ / BU","TOTAL","NOT SPECIFIED","4.42",""
"SURVEY","1998","APR","","STATE","NEBRASKA","31","","","","","","","00000000","","SOYBEANS","SOYBEANS - PRICE RECEIVED, MEASURED IN $ / BU","TOTAL","NOT SPECIFIED","6.09",""
"SURVEY","1998","AUG","","STATE","NEBRASKA","31","","","","","","","00000000","","SOYBEANS","SOYBEANS - PRICE RECEIVED, MEASURED IN $ / BU","TOTAL","NOT SPECIFIED","5.18",""
"SURVEY","1998","DEC","","STATE","NEBRASKA","31","","","","","","","00000000","","SOYBEANS","SOYBEANS - PRICE RECEIVED, MEASURED IN $ / BU","TOTAL","NOT SPECIFIED","5.18",""
"SURVEY","1998","FEB","","STATE","NEBRASKA","31","","","","","","","00000000","","SOYBEANS","SOYBEANS - PRICE RECEIVED, MEASURED IN $ / BU","TOTAL","NOT SPECIFIED","6.4",""
"SURVEY","1998","JAN","","STATE","NEBRASKA","31","","","","","","","00000000","","SOYBEANS","SOYBEANS - PRICE RECEIVED, MEASURED IN $ / BU","TOTAL","NOT SPECIFIED","6.46",""
"SURVEY","1998","JUL","","STATE","NEBRASKA","31","","","","","","","00000000","","SOYBEANS","SOYBEANS - PRICE RECEIVED, MEASURED IN $ / BU","TOTAL","NOT SPECIFIED","5.94",""
"SURVEY","1998","JUN","","STATE","NEBRASKA","31","","","","","","","00000000","","SOYBEANS","SOYBEANS - PRICE RECEIVED, MEASURED IN $ / BU","TOTAL","NOT SPECIFIED","5.99",""
"SURVEY","1998","MAR","","STATE","NEBRASKA","31","","","","","","","00000000","","SOYBEANS","SOYBEANS - PRICE RECEIVED, MEASURED IN $ / BU","TOTAL","NOT SPECIFIED","6.23",""
"SURVEY","1998","MARKETING YEAR","","STATE","NEBRASKA","31","","","","","","","00000000","","SOYBEANS","SOYBEANS - PRICE RECEIVED, MEASURED IN $ / BU","TOTAL","NOT SPECIFIED","4.83",""
"SURVEY","1998","MAY","","STATE","NEBRASKA","31","","","","","","","00000000","","SOYBEANS","SOYBEANS - PRICE RECEIVED, MEASURED IN $ / BU","TOTAL","NOT SPECIFIED","6.1",""
"SURVEY","1998","NOV","","STATE","NEBRASKA","31","","","","","","","00000000","","SOYBEANS","SOYBEANS - PRICE RECEIVED, MEASURED IN $ / BU","TOTAL","NOT SPECIFIED","5.2",""
"SURVEY","1998","OCT","","STATE","NEBRASKA","31","","","","","","","00000000","","SOYBEANS","SOYBEANS - PRICE RECEIVED, MEASURED IN $ / BU","TOTAL","NOT SPECIFIED","5.05",""
"SURVEY","1998","SEP","","STATE","NEBRASKA","31","","","","","","","00000000","","SOYBEANS","SOYBEANS - PRICE RECEIVED, MEASURED IN $ / BU","TOTAL","NOT SPECIFIED","4.89",""
"SURVEY","1997","APR","","STATE","NEBRASKA","31","","","","","","","00000000","","SOYBEANS","SOYBEANS - PRICE RECEIVED, MEASURED IN $ / BU","TOTAL","NOT SPECIFIED","7.84",""
"SURVEY","1997","AUG","","STATE","NEBRASKA","31","","","","","","","00000000","","SOYBEANS","SOYBEANS - PRICE RECEIVED, MEASURED IN $ / BU","TOTAL","NOT SPECIFIED","6.9",""
"SURVEY","1997","DEC","","STATE","NEBRASKA","31","","","","","","","00000000","","SOYBEANS","SOYBEANS - PRICE RECEIVED, MEASURED IN $ / BU","TOTAL","NOT SPECIFIED","6.6",""
"SURVEY","1997","FEB","","STATE","NEBRASKA","31","","","","","","","00000000","","SOYBEANS","SOYBEANS - PRICE RECEIVED, MEASURED IN $ / BU","TOTAL","NOT SPECIFIED","7.24",""
"SURVEY","1997","JAN","","STATE","NEBRASKA","31","","","","","","","00000000","","SOYBEANS","SOYBEANS - PRICE RECEIVED, MEASURED IN $ / BU","TOTAL","NOT SPECIFIED","6.96",""
"SURVEY","1997","JUL","","STATE","NEBRASKA","31","","","","","","","00000000","","SOYBEANS","SOYBEANS - PRICE RECEIVED, MEASURED IN $ / BU","TOTAL","NOT SPECIFIED","7.42",""
"SURVEY","1997","JUN","","STATE","NEBRASKA","31","","","","","","","00000000","","SOYBEANS","SOYBEANS - PRICE RECEIVED, MEASURED IN $ / BU","TOTAL","NOT SPECIFIED","7.7",""
"SURVEY","1997","MAR","","STATE","NEBRASKA","31","","","","","","","00000000","","SOYBEANS","SOYBEANS - PRICE RECEIVED, MEASURED IN $ / BU","TOTAL","NOT SPECIFIED","7.71",""
"SURVEY","1997","MARKETING YEAR","","STATE","NEBRASKA","31","","","","","","","00000000","","SOYBEANS","SOYBEANS - PRICE RECEIVED, MEASURED IN $ / BU","TOTAL","NOT SPECIFIED","6.28",""
"SURVEY","1997","MAY","","STATE","NEBRASKA","31","","","","","","","00000000","","SOYBEANS","SOYBEANS - PRICE RECEIVED, MEASURED IN $ / BU","TOTAL","NOT SPECIFIED","7.85",""
"SURVEY","1997","NOV","","STATE","NEBRASKA","31","","","","","","","00000000","","SOYBEANS","SOYBEANS - PRICE RECEIVED, MEASURED IN $ / BU","TOTAL","NOT SPECIFIED","6.72",""
"SURVEY","1997","OCT","","STATE","NEBRASKA","31","","","","","","","00000000","","SOYBEANS","SOYBEANS - PRICE RECEIVED, MEASURED IN $ / BU","TOTAL","NOT SPECIFIED","6.35",""
"SURVEY","1997","SEP","","STATE","NEBRASKA","31","","","","","","","00000000","","SOYBEANS","SOYBEANS - PRICE RECEIVED, MEASURED IN $ / BU","TOTAL","NOT SPECIFIED","6.64",""
"SURVEY","1996","APR","","STATE","NEBRASKA","31","","","","","","","00000000","","SOYBEANS","SOYBEANS - PRICE RECEIVED, MEASURED IN $ / BU","TOTAL","NOT SPECIFIED","7.31",""
"SURVEY","1996","AUG","","STATE","NEBRASKA","31","","","","","","","00000000","","SOYBEANS","SOYBEANS - PRICE RECEIVED, MEASURED IN $ / BU","TOTAL","NOT SPECIFIED","7.66",""
"SURVEY","1996","DEC","","STATE","NEBRASKA","31","","","","","","","00000000","","SOYBEANS","SOYBEANS - PRICE RECEIVED, MEASURED IN $ / BU","TOTAL","NOT SPECIFIED","6.78",""
"SURVEY","1996","FEB","","STATE","NEBRASKA","31","","","","","","","00000000","","SOYBEANS","SOYBEANS - PRICE RECEIVED, MEASURED IN $ / BU","TOTAL","NOT SPECIFIED","6.83",""
"SURVEY","1996","JAN","","STATE","NEBRASKA","31","","","","","","","00000000","","SOYBEANS","SOYBEANS - PRICE RECEIVED, MEASURED IN $ / BU","TOTAL","NOT SPECIFIED","6.64",""
"SURVEY","1996","JUL","","STATE","NEBRASKA","31","","","","","","","00000000","","SOYBEANS","SOYBEANS - PRICE RECEIVED, MEASURED IN $ / BU","TOTAL","NOT SPECIFIED","7.57",""
"SURVEY","1996","JUN","","STATE","NEBRASKA","31","","","","","","","00000000","","SOYBEANS","SOYBEANS - PRICE RECEIVED, MEASURED IN $ / BU","TOTAL","NOT SPECIFIED","7.35",""
"SURVEY","1996","MAR","","STATE","NEBRASKA","31","","","","","","","00000000","","SOYBEANS","SOYBEANS - PRICE RECEIVED, MEASURED IN $ / BU","TOTAL","NOT SPECIFIED","6.87",""
"SURVEY","1996","MARKETING YEAR","","STATE","NEBRASKA","31","","","","","","","00000000","","SOYBEANS","SOYBEANS - PRICE RECEIVED, MEASURED IN $ / BU","TOTAL","NOT SPECIFIED","7.19",""
"SURVEY","1996","MAY","","STATE","NEBRASKA","31","","","","","","","00000000","","SOYBEANS","SOYBEANS - PRICE RECEIVED, MEASURED IN $ / BU","TOTAL","NOT SPECIFIED","7.66",""
"SURVEY","1996","NOV","","STATE","NEBRASKA","31","","","","","","","00000000","","SOYBEANS","SOYBEANS - PRICE RECEIVED, MEASURED IN $ / BU","TOTAL","NOT SPECIFIED","6.78",""
"SURVEY","1996","OCT","","STATE","NEBRASKA","31","","","","","","","00000000","","SOYBEANS","SOYBEANS - PRICE RECEIVED, MEASURED IN $ / BU","TOTAL","NOT SPECIFIED","6.82",""
"SURVEY","1996","SEP","","STATE","NEBRASKA","31","","","","","","","00000000","","SOYBEANS","SOYBEANS - PRICE RECEIVED, MEASURED IN $ / BU","TOTAL","NOT SPECIFIED","7.53",""
"SURVEY","1995","APR","","STATE","NEBRASKA","31","","","","","","","00000000","","SOYBEANS","SOYBEANS - PRICE RECEIVED, MEASURED IN $ / BU","TOTAL","NOT SPECIFIED","5.41",""
"SURVEY","1995","AUG","","STATE","NEBRASKA","31","","","","","","","00000000","","SOYBEANS","SOYBEANS - PRICE RECEIVED, MEASURED IN $ / BU","TOTAL","NOT SPECIFIED","5.7",""
"SURVEY","1995","DEC","","STATE","NEBRASKA","31","","","","","","","00000000","","SOYBEANS","SOYBEANS - PRICE RECEIVED, MEASURED IN $ / BU","TOTAL","NOT SPECIFIED","6.57",""
"SURVEY","1995","FEB","","STATE","NEBRASKA","31","","","","","","","00000000","","SOYBEANS","SOYBEANS - PRICE RECEIVED, MEASURED IN $ / BU","TOTAL","NOT SPECIFIED","5.2",""
"SURVEY","1995","JAN","","STATE","NEBRASKA","31","","","","","","","00000000","","SOYBEANS","SOYBEANS - PRICE RECEIVED, MEASURED IN $ / BU","TOTAL","NOT SPECIFIED","5.21",""
"SURVEY","1995","JUL","","STATE","NEBRASKA","31","","","","","","","00000000","","SOYBEANS","SOYBEANS - PRICE RECEIVED, MEASURED IN $ / BU","TOTAL","NOT SPECIFIED","5.86",""
"SURVEY","1995","JUN","","STATE","NEBRASKA","31","","","","","","","00000000","","SOYBEANS","SOYBEANS - PRICE RECEIVED, MEASURED IN $ / BU","TOTAL","NOT SPECIFIED","5.54",""
"SURVEY","1995","MAR","","STATE","NEBRASKA","31","","","","","","","00000000","","SOYBEANS","SOYBEANS - PRICE RECEIVED, MEASURED IN $ / BU","TOTAL","NOT SPECIFIED","5.37",""
"SURVEY","1995","MARKETING YEAR","","STATE","NEBRASKA","31","","","","","","","00000000","","SOYBEANS","SOYBEANS - PRICE RECEIVED, MEASURED IN $ / BU","TOTAL","NOT SPECIFIED","6.56",""
"SURVEY","1995","MAY","","STATE","NEBRASKA","31","","","","","","","00000000","","SOYBEANS","SOYBEANS - PRICE RECEIVED, MEASURED IN $ / BU","TOTAL","NOT SPECIFIED","5.46",""
"SURVEY","1995","NOV","","STATE","NEBRASKA","31","","","","","","","00000000","","SOYBEANS","SOYBEANS - PRICE RECEIVED, MEASURED IN $ / BU","TOTAL","NOT SPECIFIED","6.25",""
"SURVEY","1995","OCT","","STATE","NEBRASKA","31","","","","","","","00000000","","SOYBEANS","SOYBEANS - PRICE RECEIVED, MEASURED IN $ / BU","TOTAL","NOT SPECIFIED","5.99",""
"SURVEY","1995","SEP","","STATE","NEBRASKA","31","","","","","","","00000000","","SOYBEANS","SOYBEANS - PRICE RECEIVED, MEASURED IN $ / BU","TOTAL","NOT SPECIFIED","5.9",""
"SURVEY","1994","APR","","STATE","NEBRASKA","31","","","","","","","00000000","","SOYBEANS","SOYBEANS - PRICE RECEIVED, MEASURED IN $ / BU","TOTAL","NOT SPECIFIED","6.44",""
"SURVEY","1994","AUG","","STATE","NEBRASKA","31","","","","","","","00000000","","SOYBEANS","SOYBEANS - PRICE RECEIVED, MEASURED IN $ / BU","TOTAL","NOT SPECIFIED","5.36",""
"SURVEY","1994","DEC","","STATE","NEBRASKA","31","","","","","","","00000000","","SOYBEANS","SOYBEANS - PRICE RECEIVED, MEASURED IN $ / BU","TOTAL","NOT SPECIFIED","5.24",""
"SURVEY","1994","FEB","","STATE","NEBRASKA","31","","","","","","","00000000","","SOYBEANS","SOYBEANS - PRICE RECEIVED, MEASURED IN $ / BU","TOTAL","NOT SPECIFIED","6.56",""
"SURVEY","1994","JAN","","STATE","NEBRASKA","31","","","","","","","00000000","","SOYBEANS","SOYBEANS - PRICE RECEIVED, MEASURED IN $ / BU","TOTAL","NOT SPECIFIED","6.57",""
"SURVEY","1994","JUL","","STATE","NEBRASKA","31","","","","","","","00000000","","SOYBEANS","SOYBEANS - PRICE RECEIVED, MEASURED IN $ / BU","TOTAL","NOT SPECIFIED","5.79",""
"SURVEY","1994","JUN","","STATE","NEBRASKA","31","","","","","","","00000000","","SOYBEANS","SOYBEANS - PRICE RECEIVED, MEASURED IN $ / BU","TOTAL","NOT SPECIFIED","6.66",""
"SURVEY","1994","MAR","","STATE","NEBRASKA","31","","","","","","","00000000","","SOYBEANS","SOYBEANS - PRICE RECEIVED, MEASURED IN $ / BU","TOTAL","NOT SPECIFIED","6.64",""
"SURVEY","1994","MARKETING YEAR","","STATE","NEBRASKA","31","","","","","","","00000000","","SOYBEANS","SOYBEANS - PRICE RECEIVED, MEASURED IN $ / BU","TOTAL","NOT SPECIFIED","5.29",""
"SURVEY","1994","MAY","","STATE","NEBRASKA","31","","","","","","","00000000","","SOYBEANS","SOYBEANS - PRICE RECEIVED, MEASURED IN $ / BU","TOTAL","NOT SPECIFIED","6.64",""
"SURVEY","1994","NOV","","STATE","NEBRASKA","31","","","","","","","00000000","","SOYBEANS","SOYBEANS - PRICE RECEIVED, MEASURED IN $ / BU","TOTAL","NOT SPECIFIED","5.17",""
"SURVEY","1994","OCT","","STATE","NEBRASKA","31","","","","","","","00000000","","SOYBEANS","SOYBEANS - PRICE RECEIVED, MEASURED IN $ / BU","TOTAL","NOT SPECIFIED","5.02",""
"SURVEY","1994","SEP","","STATE","NEBRASKA","31","","","","","","","00000000","","SOYBEANS","SOYBEANS - PRICE RECEIVED, MEASURED IN $ / BU","TOTAL","NOT SPECIFIED","5.21",""
"SURVEY","1993","APR","","STATE","NEBRASKA","31","","","","","","","00000000","","SOYBEANS","SOYBEANS - PRICE RECEIVED, MEASURED IN $ / BU","TOTAL","NOT SPECIFIED","5.54",""
"SURVEY","1993","AUG","","STATE","NEBRASKA","31","","","","","","","00000000","","SOYBEANS","SOYBEANS - PRICE RECEIVED, MEASURED IN $ / BU","TOTAL","NOT SPECIFIED","6.47",""
"SURVEY","1993","DEC","","STATE","NEBRASKA","31","","","","","","","00000000","","SOYBEANS","SOYBEANS - PRICE RECEIVED, MEASURED IN $ / BU","TOTAL","NOT SPECIFIED","6.52",""
"SURVEY","1993","FEB","","STATE","NEBRASKA","31","","","","","","","00000000","","SOYBEANS","SOYBEANS - PRICE RECEIVED, MEASURED IN $ / BU","TOTAL","NOT SPECIFIED","5.39",""
"SURVEY","1993","JAN","","STATE","NEBRASKA","31","","","","","","","00000000","","SOYBEANS","SOYBEANS - PRICE RECEIVED, MEASURED IN $ / BU","TOTAL","NOT SPECIFIED","5.34",""
"SURVEY","1993","JUL","","STATE","NEBRASKA","31","","","","","","","00000000","","SOYBEANS","SOYBEANS - PRICE RECEIVED, MEASURED IN $ / BU","TOTAL","NOT SPECIFIED","6.44",""
"SURVEY","1993","JUN","","STATE","NEBRASKA","31","","","","","","","00000000","","SOYBEANS","SOYBEANS - PRICE RECEIVED, MEASURED IN $ / BU","TOTAL","NOT SPECIFIED","5.73",""
"SURVEY","1993","MAR","","STATE","NEBRASKA","31","","","","","","","00000000","","SOYBEANS","SOYBEANS - PRICE RECEIVED, MEASURED IN $ / BU","TOTAL","NOT SPECIFIED","5.46",""
"SURVEY","1993","MARKETING YEAR","","STATE","NEBRASKA","31","","","","","","","00000000","","SOYBEANS","SOYBEANS - PRICE RECEIVED, MEASURED IN $ / BU","TOTAL","NOT SPECIFIED","6.2",""
"SURVEY","1993","MAY","","STATE","NEBRASKA","31","","","","","","","00000000","","SOYBEANS","SOYBEANS - PRICE RECEIVED, MEASURED IN $ / BU","TOTAL","NOT SPECIFIED","5.63",""
"SURVEY","1993","NOV","","STATE","NEBRASKA","31","","","","","","","00000000","","SOYBEANS","SOYBEANS - PRICE RECEIVED, MEASURED IN $ / BU","TOTAL","NOT SPECIFIED","6.22",""
"SURVEY","1993","OCT","","STATE","NEBRASKA","31","","","","","","","00000000","","SOYBEANS","SOYBEANS - PRICE RECEIVED, MEASURED IN $ / BU","TOTAL","NOT SPECIFIED","5.81",""
"SURVEY","1993","SEP","","STATE","NEBRASKA","31","","","","","","","00000000","","SOYBEANS","SOYBEANS - PRICE RECEIVED, MEASURED IN $ / BU","TOTAL","NOT SPECIFIED","6.05",""
"SURVEY","1992","APR","","STATE","NEBRASKA","31","","","","","","","00000000","","SOYBEANS","SOYBEANS - PRICE RECEIVED, MEASURED IN $ / BU","TOTAL","NOT SPECIFIED","5.55",""
"SURVEY","1992","AUG","","STATE","NEBRASKA","31","","","","","","","00000000","","SOYBEANS","SOYBEANS - PRICE RECEIVED, MEASURED IN $ / BU","TOTAL","NOT SPECIFIED","5.25",""
"SURVEY","1992","DEC","","STATE","NEBRASKA","31","","","","","","","00000000","","SOYBEANS","SOYBEANS - PRICE RECEIVED, MEASURED IN $ / BU","TOTAL","NOT SPECIFIED","5.3",""
"SURVEY","1992","FEB","","STATE","NEBRASKA","31","","","","","","","00000000","","SOYBEANS","SOYBEANS - PRICE RECEIVED, MEASURED IN $ / BU","TOTAL","NOT SPECIFIED","5.45",""
"SURVEY","1992","JAN","","STATE","NEBRASKA","31","","","","","","","00000000","","SOYBEANS","SOYBEANS - PRICE RECEIVED, MEASURED IN $ / BU","TOTAL","NOT SPECIFIED","5.4",""
"SURVEY","1992","JUL","","STATE","NEBRASKA","31","","","","","","","00000000","","SOYBEANS","SOYBEANS - PRICE RECEIVED, MEASURED IN $ / BU","TOTAL","NOT SPECIFIED","5.5",""
"SURVEY","1992","JUN","","STATE","NEBRASKA","31","","","","","","","00000000","","SOYBEANS","SOYBEANS - PRICE RECEIVED, MEASURED IN $ / BU","TOTAL","NOT SPECIFIED","5.81",""
"SURVEY","1992","MAR","","STATE","NEBRASKA","31","","","","","","","00000000","","SOYBEANS","SOYBEANS - PRICE RECEIVED, MEASURED IN $ / BU","TOTAL","NOT SPECIFIED","5.51",""
"SURVEY","1992","MARKETING YEAR","","STATE","NEBRASKA","31","","","","","","","00000000","","SOYBEANS","SOYBEANS - PRICE RECEIVED, MEASURED IN $ / BU","TOTAL","NOT SPECIFIED","5.37",""
"SURVEY","1992","MAY","","STATE","NEBRASKA","31","","","","","","","00000000","","SOYBEANS","SOYBEANS - PRICE RECEIVED, MEASURED IN $ / BU","TOTAL","NOT SPECIFIED","5.74",""
"SURVEY","1992","NOV","","STATE","NEBRASKA","31","","","","","","","00000000","","SOYBEANS","SOYBEANS - PRICE RECEIVED, MEASURED IN $ / BU","TOTAL","NOT SPECIFIED","5.15",""
"SURVEY","1992","OCT","","STATE","NEBRASKA","31","","","","","","","00000000","","SOYBEANS","SOYBEANS - PRICE RECEIVED, MEASURED IN $ / BU","TOTAL","NOT SPECIFIED","5.06",""
"SURVEY","1992","SEP","","STATE","NEBRASKA","31","","","","","","","00000000","","SOYBEANS","SOYBEANS - PRICE RECEIVED, MEASURED IN $ / BU","TOTAL","NOT SPECIFIED","5.16",""
"SURVEY","1991","APR","","STATE","NEBRASKA","31","","","","","","","00000000","","SOYBEANS","SOYBEANS - PRICE RECEIVED, MEASURED IN $ / BU","TOTAL","NOT SPECIFIED","5.65",""
"SURVEY","1991","AUG","","STATE","NEBRASKA","31","","","","","","","00000000","","SOYBEANS","SOYBEANS - PRICE RECEIVED, MEASURED IN $ / BU","TOTAL","NOT SPECIFIED","5.62",""
"SURVEY","1991","DEC","","STATE","NEBRASKA","31","","","","","","","00000000","","SOYBEANS","SOYBEANS - PRICE RECEIVED, MEASURED IN $ / BU","TOTAL","NOT SPECIFIED","5.32",""
"SURVEY","1991","FEB","","STATE","NEBRASKA","31","","","","","","","00000000","","SOYBEANS","SOYBEANS - PRICE RECEIVED, MEASURED IN $ / BU","TOTAL","NOT SPECIFIED","5.44",""
"SURVEY","1991","JAN","","STATE","NEBRASKA","31","","","","","","","00000000","","SOYBEANS","SOYBEANS - PRICE RECEIVED, MEASURED IN $ / BU","TOTAL","NOT SPECIFIED","5.45",""
"SURVEY","1991","JUL","","STATE","NEBRASKA","31","","","","","","","00000000","","SOYBEANS","SOYBEANS - PRICE RECEIVED, MEASURED IN $ / BU","TOTAL","NOT SPECIFIED","5.32",""
"SURVEY","1991","JUN","","STATE","NEBRASKA","31","","","","","","","00000000","","SOYBEANS","SOYBEANS - PRICE RECEIVED, MEASURED IN $ / BU","TOTAL","NOT SPECIFIED","5.49",""
"SURVEY","1991","MAR","","STATE","NEBRASKA","31","","","","","","","00000000","","SOYBEANS","SOYBEANS - PRICE RECEIVED, MEASURED IN $ / BU","TOTAL","NOT SPECIFIED","5.55",""
"SURVEY","1991","MARKETING YEAR","","STATE","NEBRASKA","31","","","","","","","00000000","","SOYBEANS","SOYBEANS - PRICE RECEIVED, MEASURED IN $ / BU","TOTAL","NOT SPECIFIED","5.47",""
"SURVEY","1991","MAY","","STATE","NEBRASKA","31","","","","","","","00000000","","SOYBEANS","SOYBEANS - PRICE RECEIVED, MEASURED IN $ / BU","TOTAL","NOT SPECIFIED","5.57",""
"SURVEY","1991","NOV","","STATE","NEBRASKA","31","","","","","","","00000000","","SOYBEANS","SOYBEANS - PRICE RECEIVED, MEASURED IN $ / BU","TOTAL","NOT SPECIFIED","5.37",""
"SURVEY","1991","OCT","","STATE","NEBRASKA","31","","","","","","","00000000","","SOYBEANS","SOYBEANS - PRICE RECEIVED, MEASURED IN $ / BU","TOTAL","NOT SPECIFIED","5.41",""
"SURVEY","1991","SEP","","STATE","NEBRASKA","31","","","","","","","00000000","","SOYBEANS","SOYBEANS - PRICE RECEIVED, MEASURED IN $ / BU","TOTAL","NOT SPECIFIED","5.61",""
"SURVEY","1990","APR","","STATE","NEBRASKA","31","","","","","","","00000000","","SOYBEANS","SOYBEANS - PRICE RECEIVED, MEASURED IN $ / BU","TOTAL","NOT SPECIFIED","5.66",""
"SURVEY","1990","AUG","","STATE","NEBRASKA","31","","","","","","","00000000","","SOYBEANS","SOYBEANS - PRICE RECEIVED, MEASURED IN $ / BU","TOTAL","NOT SPECIFIED","5.87",""
"SURVEY","1990","DEC","","STATE","NEBRASKA","31","","","","","","","00000000","","SOYBEANS","SOYBEANS - PRICE RECEIVED, MEASURED IN $ / BU","TOTAL","NOT SPECIFIED","5.54",""
"SURVEY","1990","FEB","","STATE","NEBRASKA","31","","","","","","","00000000","","SOYBEANS","SOYBEANS - PRICE RECEIVED, MEASURED IN $ / BU","TOTAL","NOT SPECIFIED","5.33",""
"SURVEY","1990","JAN","","STATE","NEBRASKA","31","","","","","","","00000000","","SOYBEANS","SOYBEANS - PRICE RECEIVED, MEASURED IN $ / BU","TOTAL","NOT SPECIFIED","5.33",""
"SURVEY","1990","JUL","","STATE","NEBRASKA","31","","","","","","","00000000","","SOYBEANS","SOYBEANS - PRICE RECEIVED, MEASURED IN $ / BU","TOTAL","NOT SPECIFIED","5.81",""
"SURVEY","1990","JUN","","STATE","NEBRASKA","31","","","","","","","00000000","","SOYBEANS","SOYBEANS - PRICE RECEIVED, MEASURED IN $ / BU","TOTAL","NOT SPECIFIED","5.77",""
"SURVEY","1990","MAR","","STATE","NEBRASKA","31","","","","","","","00000000","","SOYBEANS","SOYBEANS - PRICE RECEIVED, MEASURED IN $ / BU","TOTAL","NOT SPECIFIED","5.43",""
"SURVEY","1990","MARKETING YEAR","","STATE","NEBRASKA","31","","","","","","","00000000","","SOYBEANS","SOYBEANS - PRICE RECEIVED, MEASURED IN $ / BU","TOTAL","NOT SPECIFIED","5.59",""
"SURVEY","1990","MAY","","STATE","NEBRASKA","31","","","","","","","00000000","","SOYBEANS","SOYBEANS - PRICE RECEIVED, MEASURED IN $ / BU","TOTAL","NOT SPECIFIED","5.82",""
"SURVEY","1990","NOV","","STATE","NEBRASKA","31","","","","","","","00000000","","SOYBEANS","SOYBEANS - PRICE RECEIVED, MEASURED IN $ / BU","TOTAL","NOT SPECIFIED","5.57",""
"SURVEY","1990","OCT","","STATE","NEBRASKA","31","","","","","","","00000000","","SOYBEANS","SOYBEANS - PRICE RECEIVED, MEASURED IN $ / BU","TOTAL","NOT SPECIFIED","5.77",""
"SURVEY","1990","SEP","","STATE","NEBRASKA","31","","","","","","","00000000","","SOYBEANS","SOYBEANS - PRICE RECEIVED, MEASURED IN $ / BU","TOTAL","NOT SPECIFIED","5.77",""
"SURVEY","1989","APR","","STATE","NEBRASKA","31","","","","","","","00000000","","SOYBEANS","SOYBEANS - PRICE RECEIVED, MEASURED IN $ / BU","TOTAL","NOT SPECIFIED","7.23",""
"SURVEY","1989","AUG","","STATE","NEBRASKA","31","","","","","","","00000000","","SOYBEANS","SOYBEANS - PRICE RECEIVED, MEASURED IN $ / BU","TOTAL","NOT SPECIFIED","5.9",""
"SURVEY","1989","DEC","","STATE","NEBRASKA","31","","","","","","","00000000","","SOYBEANS","SOYBEANS - PRICE RECEIVED, MEASURED IN $ / BU","TOTAL","NOT SPECIFIED","5.42",""
"SURVEY","1989","FEB","","STATE","NEBRASKA","31","","","","","","","00000000","","SOYBEANS","SOYBEANS - PRICE RECEIVED, MEASURED IN $ / BU","TOTAL","NOT SPECIFIED","7.26",""
"SURVEY","1989","JAN","","STATE","NEBRASKA","31","","","","","","","00000000","","SOYBEANS","SOYBEANS - PRICE RECEIVED, MEASURED IN $ / BU","TOTAL","NOT SPECIFIED","7.53",""
"SURVEY","1989","JUL","","STATE","NEBRASKA","31","","","","","","","00000000","","SOYBEANS","SOYBEANS - PRICE RECEIVED, MEASURED IN $ / BU","TOTAL","NOT SPECIFIED","6.76",""
"SURVEY","1989","JUN","","STATE","NEBRASKA","31","","","","","","","00000000","","SOYBEANS","SOYBEANS - PRICE RECEIVED, MEASURED IN $ / BU","TOTAL","NOT SPECIFIED","6.85",""
"SURVEY","1989","MAR","","STATE","NEBRASKA","31","","","","","","","00000000","","SOYBEANS","SOYBEANS - PRICE RECEIVED, MEASURED IN $ / BU","TOTAL","NOT SPECIFIED","7.38",""
"SURVEY","1989","MARKETING YEAR","","STATE","NEBRASKA","31","","","","","","","00000000","","SOYBEANS","SOYBEANS - PRICE RECEIVED, MEASURED IN $ / BU","TOTAL","NOT SPECIFIED","5.45",""
"SURVEY","1989","MAY","","STATE","NEBRASKA","31","","","","","","","00000000","","SOYBEANS","SOYBEANS - PRICE RECEIVED, MEASURED IN $ / BU","TOTAL","NOT SPECIFIED","7.11",""
"SURVEY","1989","NOV","","STATE","NEBRASKA","31","","","","","","","00000000","","SOYBEANS","SOYBEANS - PRICE RECEIVED, MEASURED IN $ / BU","TOTAL","NOT SPECIFIED","5.38",""
"SURVEY","1989","OCT","","STATE","NEBRASKA","31","","","","","","","00000000","","SOYBEANS","SOYBEANS - PRICE RECEIVED, MEASURED IN $ / BU","TOTAL","NOT SPECIFIED","5.33",""
"SURVEY","1989","SEP","","STATE","NEBRASKA","31","","","","","","","00000000","","SOYBEANS","SOYBEANS - PRICE RECEIVED, MEASURED IN $ / BU","TOTAL","NOT SPECIFIED","5.57",""
"SURVEY","1988","APR","","STATE","NEBRASKA","31","","","","","","","00000000","","SOYBEANS","SOYBEANS - PRICE RECEIVED, MEASURED IN $ / BU","TOTAL","NOT SPECIFIED","6.21",""
"SURVEY","1988","AUG","","STATE","NEBRASKA","31","","","","","","","00000000","","SOYBEANS","SOYBEANS - PRICE RECEIVED, MEASURED IN $ / BU","TOTAL","NOT SPECIFIED","8.39",""
"SURVEY","1988","DEC","","STATE","NEBRASKA","31","","","","","","","00000000","","SOYBEANS","SOYBEANS - PRICE RECEIVED, MEASURED IN $ / BU","TOTAL","NOT SPECIFIED","7.41",""
"SURVEY","1988","FEB","","STATE","NEBRASKA","31","","","","","","","00000000","","SOYBEANS","SOYBEANS - PRICE RECEIVED, MEASURED IN $ / BU","TOTAL","NOT SPECIFIED","5.74",""
"SURVEY","1988","JAN","","STATE","NEBRASKA","31","","","","","","","00000000","","SOYBEANS","SOYBEANS - PRICE RECEIVED, MEASURED IN $ / BU","TOTAL","NOT SPECIFIED","5.4",""
"SURVEY","1988","JUL","","STATE","NEBRASKA","31","","","","","","","00000000","","SOYBEANS","SOYBEANS - PRICE RECEIVED, MEASURED IN $ / BU","TOTAL","NOT SPECIFIED","8.73",""
"SURVEY","1988","JUN","","STATE","NEBRASKA","31","","","","","","","00000000","","SOYBEANS","SOYBEANS - PRICE RECEIVED, MEASURED IN $ / BU","TOTAL","NOT SPECIFIED","7.87",""
"SURVEY","1988","MAR","","STATE","NEBRASKA","31","","","","","","","00000000","","SOYBEANS","SOYBEANS - PRICE RECEIVED, MEASURED IN $ / BU","TOTAL","NOT SPECIFIED","5.91",""
"SURVEY","1988","MARKETING YEAR","","STATE","NEBRASKA","31","","","","","","","00000000","","SOYBEANS","SOYBEANS - PRICE RECEIVED, MEASURED IN $ / BU","TOTAL","NOT SPECIFIED","7.31",""
"SURVEY","1988","MAY","","STATE","NEBRASKA","31","","","","","","","00000000","","SOYBEANS","SOYBEANS - PRICE RECEIVED, MEASURED IN $ / BU","TOTAL","NOT SPECIFIED","6.75",""
"SURVEY","1988","NOV","","STATE","NEBRASKA","31","","","","","","","00000000","","SOYBEANS","SOYBEANS - PRICE RECEIVED, MEASURED IN $ / BU","TOTAL","NOT SPECIFIED","7.37",""
"SURVEY","1988","OCT","","STATE","NEBRASKA","31","","","","","","","00000000","","SOYBEANS","SOYBEANS - PRICE RECEIVED, MEASURED IN $ / BU","TOTAL","NOT SPECIFIED","7.47",""
"SURVEY","1988","SEP","","STATE","NEBRASKA","31","","","","","","","00000000","","SOYBEANS","SOYBEANS - PRICE RECEIVED, MEASURED IN $ / BU","TOTAL","NOT SPECIFIED","7.91",""
"SURVEY","1987","APR","","STATE","NEBRASKA","31","","","","","","","00000000","","SOYBEANS","SOYBEANS - PRICE RECEIVED, MEASURED IN $ / BU","TOTAL","NOT SPECIFIED","4.77",""
"SURVEY","1987","AUG","","STATE","NEBRASKA","31","","","","","","","00000000","","SOYBEANS","SOYBEANS - PRICE RECEIVED, MEASURED IN $ / BU","TOTAL","NOT SPECIFIED","4.94",""
"SURVEY","1987","DEC","","STATE","NEBRASKA","31","","","","","","","00000000","","SOYBEANS","SOYBEANS - PRICE RECEIVED, MEASURED IN $ / BU","TOTAL","NOT SPECIFIED","5.47",""
"SURVEY","1987","FEB","","STATE","NEBRASKA","31","","","","","","","00000000","","SOYBEANS","SOYBEANS - PRICE RECEIVED, MEASURED IN $ / BU","TOTAL","NOT SPECIFIED","4.52",""
"SURVEY","1987","JAN","","STATE","NEBRASKA","31","","","","","","","00000000","","SOYBEANS","SOYBEANS - PRICE RECEIVED, MEASURED IN $ / BU","TOTAL","NOT SPECIFIED","4.51",""
"SURVEY","1987","JUL","","STATE","NEBRASKA","31","","","","","","","00000000","","SOYBEANS","SOYBEANS - PRICE RECEIVED, MEASURED IN $ / BU","TOTAL","NOT SPECIFIED","5.17",""
"SURVEY","1987","JUN","","STATE","NEBRASKA","31","","","","","","","00000000","","SOYBEANS","SOYBEANS - PRICE RECEIVED, MEASURED IN $ / BU","TOTAL","NOT SPECIFIED","5.28",""
"SURVEY","1987","MAR","","STATE","NEBRASKA","31","","","","","","","00000000","","SOYBEANS","SOYBEANS - PRICE RECEIVED, MEASURED IN $ / BU","TOTAL","NOT SPECIFIED","4.58",""
"SURVEY","1987","MARKETING YEAR","","STATE","NEBRASKA","31","","","","","","","00000000","","SOYBEANS","SOYBEANS - PRICE RECEIVED, MEASURED IN $ / BU","TOTAL","NOT SPECIFIED","5.82",""
"SURVEY","1987","MAY","","STATE","NEBRASKA","31","","","","","","","00000000","","SOYBEANS","SOYBEANS - PRICE RECEIVED, MEASURED IN $ / BU","TOTAL","NOT SPECIFIED","5.09",""
"SURVEY","1987","NOV","","STATE","NEBRASKA","31","","","","","","","00000000","","SOYBEANS","SOYBEANS - PRICE RECEIVED, MEASURED IN $ / BU","TOTAL","NOT SPECIFIED","5.11",""
"SURVEY","1987","OCT","","STATE","NEBRASKA","31","","","","","","","00000000","","SOYBEANS","SOYBEANS - PRICE RECEIVED, MEASURED IN $ / BU","TOTAL","NOT SPECIFIED","4.89",""
"SURVEY","1987","SEP","","STATE","NEBRASKA","31","","","","","","","00000000","","SOYBEANS","SOYBEANS - PRICE RECEIVED, MEASURED IN $ / BU","TOTAL","NOT SPECIFIED","4.88",""
"SURVEY","1986","APR","","STATE","NEBRASKA","31","","","","","","","00000000","","SOYBEANS","SOYBEANS - PRICE RECEIVED, MEASURED IN $ / BU","TOTAL","NOT SPECIFIED","5.01",""
"SURVEY","1986","AUG","","STATE","NEBRASKA","31","","","","","","","00000000","","SOYBEANS","SOYBEANS - PRICE RECEIVED, MEASURED IN $ / BU","TOTAL","NOT SPECIFIED","4.86",""
"SURVEY","1986","DEC","","STATE","NEBRASKA","31","","","","","","","00000000","","SOYBEANS","SOYBEANS - PRICE RECEIVED, MEASURED IN $ / BU","TOTAL","NOT SPECIFIED","4.5",""
"SURVEY","1986","FEB","","STATE","NEBRASKA","31","","","","","","","00000000","","SOYBEANS","SOYBEANS - PRICE RECEIVED, MEASURED IN $ / BU","TOTAL","NOT SPECIFIED","4.96",""
"SURVEY","1986","JAN","","STATE","NEBRASKA","31","","","","","","","00000000","","SOYBEANS","SOYBEANS - PRICE RECEIVED, MEASURED IN $ / BU","TOTAL","NOT SPECIFIED","4.94",""
"SURVEY","1986","JUL","","STATE","NEBRASKA","31","","","","","","","00000000","","SOYBEANS","SOYBEANS - PRICE RECEIVED, MEASURED IN $ / BU","TOTAL","NOT SPECIFIED","5",""
"SURVEY","1986","JUN","","STATE","NEBRASKA","31","","","","","","","00000000","","SOYBEANS","SOYBEANS - PRICE RECEIVED, MEASURED IN $ / BU","TOTAL","NOT SPECIFIED","5.08",""
"SURVEY","1986","MAR","","STATE","NEBRASKA","31","","","","","","","00000000","","SOYBEANS","SOYBEANS - PRICE RECEIVED, MEASURED IN $ / BU","TOTAL","NOT SPECIFIED","5.02",""
"SURVEY","1986","MARKETING YEAR","","STATE","NEBRASKA","31","","","","","","","00000000","","SOYBEANS","SOYBEANS - PRICE RECEIVED, MEASURED IN $ / BU","TOTAL","NOT SPECIFIED","4.56",""
"SURVEY","1986","MAY","","STATE","NEBRASKA","31","","","","","","","00000000","","SOYBEANS","SOYBEANS - PRICE RECEIVED, MEASURED IN $ / BU","TOTAL","NOT SPECIFIED","5.06",""
"SURVEY","1986","NOV","","STATE","NEBRASKA","31","","","","","","","00000000","","SOYBEANS","SOYBEANS - PRICE RECEIVED, MEASURED IN $ / BU","TOTAL","NOT SPECIFIED","4.51",""
"SURVEY","1986","OCT","","STATE","NEBRASKA","31","","","","","","","00000000","","SOYBEANS","SOYBEANS - PRICE RECEIVED, MEASURED IN $ / BU","TOTAL","NOT SPECIFIED","4.4",""
"SURVEY","1986","SEP","","STATE","NEBRASKA","31","","","","","","","00000000","","SOYBEANS","SOYBEANS - PRICE RECEIVED, MEASURED IN $ / BU","TOTAL","NOT SPECIFIED","4.64",""
"SURVEY","1985","APR","","STATE","NEBRASKA","31","","","","","","","00000000","","SOYBEANS","SOYBEANS - PRICE RECEIVED, MEASURED IN $ / BU","TOTAL","NOT SPECIFIED","5.72",""
"SURVEY","1985","AUG","","STATE","NEBRASKA","31","","","","","","","00000000","","SOYBEANS","SOYBEANS - PRICE RECEIVED, MEASURED IN $ / BU","TOTAL","NOT SPECIFIED","4.94",""
"SURVEY","1985","DEC","","STATE","NEBRASKA","31","","","","","","","00000000","","SOYBEANS","SOYBEANS - PRICE RECEIVED, MEASURED IN $ / BU","TOTAL","NOT SPECIFIED","4.84",""
"SURVEY","1985","FEB","","STATE","NEBRASKA","31","","","","","","","00000000","","SOYBEANS","SOYBEANS - PRICE RECEIVED, MEASURED IN $ / BU","TOTAL","NOT SPECIFIED","5.64",""
"SURVEY","1985","JAN","","STATE","NEBRASKA","31","","","","","","","00000000","","SOYBEANS","SOYBEANS - PRICE RECEIVED, MEASURED IN $ / BU","TOTAL","NOT SPECIFIED","5.64",""
"SURVEY","1985","JUL","","STATE","NEBRASKA","31","","","","","","","00000000","","SOYBEANS","SOYBEANS - PRICE RECEIVED, MEASURED IN $ / BU","TOTAL","NOT SPECIFIED","5.36",""
"SURVEY","1985","JUN","","STATE","NEBRASKA","31","","","","","","","00000000","","SOYBEANS","SOYBEANS - PRICE RECEIVED, MEASURED IN $ / BU","TOTAL","NOT SPECIFIED","5.55",""
"SURVEY","1985","MAR","","STATE","NEBRASKA","31","","","","","","","00000000","","SOYBEANS","SOYBEANS - PRICE RECEIVED, MEASURED IN $ / BU","TOTAL","NOT SPECIFIED","5.68",""
"SURVEY","1985","MARKETING YEAR","","STATE","NEBRASKA","31","","","","","","","00000000","","SOYBEANS","SOYBEANS - PRICE RECEIVED, MEASURED IN $ / BU","TOTAL","NOT SPECIFIED","4.86",""
"SURVEY","1985","MAY","","STATE","NEBRASKA","31","","","","","","","00000000","","SOYBEANS","SOYBEANS - PRICE RECEIVED, MEASURED IN $ / BU","TOTAL","NOT SPECIFIED","5.51",""
"SURVEY","1985","NOV","","STATE","NEBRASKA","31","","","","","","","00000000","","SOYBEANS","SOYBEANS - PRICE RECEIVED, MEASURED IN $ / BU","TOTAL","NOT SPECIFIED","4.72",""
"SURVEY","1985","OCT","","STATE","NEBRASKA","31","","","","","","","00000000","","SOYBEANS","SOYBEANS - PRICE RECEIVED, MEASURED IN $ / BU","TOTAL","NOT SPECIFIED","4.7",""
"SURVEY","1985","SEP","","STATE","NEBRASKA","31","","","","","","","00000000","","SOYBEANS","SOYBEANS - PRICE RECEIVED, MEASURED IN $ / BU","TOTAL","NOT SPECIFIED","4.82",""
"SURVEY","1984","APR","","STATE","NEBRASKA","31","","","","","","","00000000","","SOYBEANS","SOYBEANS - PRICE RECEIVED, MEASURED IN $ / BU","TOTAL","NOT SPECIFIED","7.67",""
"SURVEY","1984","AUG","","STATE","NEBRASKA","31","","","","","","","00000000","","SOYBEANS","SOYBEANS - PRICE RECEIVED, MEASURED IN $ / BU","TOTAL","NOT SPECIFIED","6.49",""
"SURVEY","1984","DEC","","STATE","NEBRASKA","31","","","","","","","00000000","","SOYBEANS","SOYBEANS - PRICE RECEIVED, MEASURED IN $ / BU","TOTAL","NOT SPECIFIED","5.57",""
"SURVEY","1984","FEB","","STATE","NEBRASKA","31","","","","","","","00000000","","SOYBEANS","SOYBEANS - PRICE RECEIVED, MEASURED IN $ / BU","TOTAL","NOT SPECIFIED","7.06",""
"SURVEY","1984","JAN","","STATE","NEBRASKA","31","","","","","","","00000000","","SOYBEANS","SOYBEANS - PRICE RECEIVED, MEASURED IN $ / BU","TOTAL","NOT SPECIFIED","7.78",""
"SURVEY","1984","JUL","","STATE","NEBRASKA","31","","","","","","","00000000","","SOYBEANS","SOYBEANS - PRICE RECEIVED, MEASURED IN $ / BU","TOTAL","NOT SPECIFIED","7.17",""
"SURVEY","1984","JUN","","STATE","NEBRASKA","31","","","","","","","00000000","","SOYBEANS","SOYBEANS - PRICE RECEIVED, MEASURED IN $ / BU","TOTAL","NOT SPECIFIED","7.92",""
"SURVEY","1984","MAR","","STATE","NEBRASKA","31","","","","","","","00000000","","SOYBEANS","SOYBEANS - PRICE RECEIVED, MEASURED IN $ / BU","TOTAL","NOT SPECIFIED","7.42",""
"SURVEY","1984","MARKETING YEAR","","STATE","NEBRASKA","31","","","","","","","00000000","","SOYBEANS","SOYBEANS - PRICE RECEIVED, MEASURED IN $ / BU","TOTAL","NOT SPECIFIED","5.63",""
"SURVEY","1984","MAY","","STATE","NEBRASKA","31","","","","","","","00000000","","SOYBEANS","SOYBEANS - PRICE RECEIVED, MEASURED IN $ / BU","TOTAL","NOT SPECIFIED","8",""
"SURVEY","1984","NOV","","STATE","NEBRASKA","31","","","","","","","00000000","","SOYBEANS","SOYBEANS - PRICE RECEIVED, MEASURED IN $ / BU","TOTAL","NOT SPECIFIED","5.78",""
"SURVEY","1984","OCT","","STATE","NEBRASKA","31","","","","","","","00000000","","SOYBEANS","SOYBEANS - PRICE RECEIVED, MEASURED IN $ / BU","TOTAL","NOT SPECIFIED","5.85",""
"SURVEY","1984","SEP","","STATE","NEBRASKA","31","","","","","","","00000000","","SOYBEANS","SOYBEANS - PRICE RECEIVED, MEASURED IN $ / BU","TOTAL","NOT SPECIFIED","5.91",""
"SURVEY","1983","APR","","STATE","NEBRASKA","31","","","","","","","00000000","","SOYBEANS","SOYBEANS - PRICE RECEIVED, MEASURED IN $ / BU","TOTAL","NOT SPECIFIED","5.95",""
"SURVEY","1983","AUG","","STATE","NEBRASKA","31","","","","","","","00000000","","SOYBEANS","SOYBEANS - PRICE RECEIVED, MEASURED IN $ / BU","TOTAL","NOT SPECIFIED","7.36",""
"SURVEY","1983","DEC","","STATE","NEBRASKA","31","","","","","","","00000000","","SOYBEANS","SOYBEANS - PRICE RECEIVED, MEASURED IN $ / BU","TOTAL","NOT SPECIFIED","7.45",""
"SURVEY","1983","FEB","","STATE","NEBRASKA","31","","","","","","","00000000","","SOYBEANS","SOYBEANS - PRICE RECEIVED, MEASURED IN $ / BU","TOTAL","NOT SPECIFIED","5.39",""
"SURVEY","1983","JAN","","STATE","NEBRASKA","31","","","","","","","00000000","","SOYBEANS","SOYBEANS - PRICE RECEIVED, MEASURED IN $ / BU","TOTAL","NOT SPECIFIED","5.29",""
"SURVEY","1983","JUL","","STATE","NEBRASKA","31","","","","","","","00000000","","SOYBEANS","SOYBEANS - PRICE RECEIVED, MEASURED IN $ / BU","TOTAL","NOT SPECIFIED","6.07",""
"SURVEY","1983","JUN","","STATE","NEBRASKA","31","","","","","","","00000000","","SOYBEANS","SOYBEANS - PRICE RECEIVED, MEASURED IN $ / BU","TOTAL","NOT SPECIFIED","5.71",""
"SURVEY","1983","MAR","","STATE","NEBRASKA","31","","","","","","","00000000","","SOYBEANS","SOYBEANS - PRICE RECEIVED, MEASURED IN $ / BU","TOTAL","NOT SPECIFIED","5.56",""
"SURVEY","1983","MARKETING YEAR","","STATE","NEBRASKA","31","","","","","","","00000000","","SOYBEANS","SOYBEANS - PRICE RECEIVED, MEASURED IN $ / BU","TOTAL","NOT SPECIFIED","7.67",""
"SURVEY","1983","MAY","","STATE","NEBRASKA","31","","","","","","","00000000","","SOYBEANS","SOYBEANS - PRICE RECEIVED, MEASURED IN $ / BU","TOTAL","NOT SPECIFIED","5.8",""
"SURVEY","1983","NOV","","STATE","NEBRASKA","31","","","","","","","00000000","","SOYBEANS","SOYBEANS - PRICE RECEIVED, MEASURED IN $ / BU","TOTAL","NOT SPECIFIED","7.56",""
"SURVEY","1983","OCT","","STATE","NEBRASKA","31","","","","","","","00000000","","SOYBEANS","SOYBEANS - PRICE RECEIVED, MEASURED IN $ / BU","TOTAL","NOT SPECIFIED","7.93",""
"SURVEY","1983","SEP","","STATE","NEBRASKA","31","","","","","","","00000000","","SOYBEANS","SOYBEANS - PRICE RECEIVED, MEASURED IN $ / BU","TOTAL","NOT SPECIFIED","8.07",""
"SURVEY","1982","APR","","STATE","NEBRASKA","31","","","","","","","00000000","","SOYBEANS","SOYBEANS - PRICE RECEIVED, MEASURED IN $ / BU","TOTAL","NOT SPECIFIED","5.92",""
"SURVEY","1982","AUG","","STATE","NEBRASKA","31","","","","","","","00000000","","SOYBEANS","SOYBEANS - PRICE RECEIVED, MEASURED IN $ / BU","TOTAL","NOT SPECIFIED","5.55",""
"SURVEY","1982","DEC","","STATE","NEBRASKA","31","","","","","","","00000000","","SOYBEANS","SOYBEANS - PRICE RECEIVED, MEASURED IN $ / BU","TOTAL","NOT SPECIFIED","5.24",""
"SURVEY","1982","FEB","","STATE","NEBRASKA","31","","","","","","","00000000","","SOYBEANS","SOYBEANS - PRICE RECEIVED, MEASURED IN $ / BU","TOTAL","NOT SPECIFIED","5.74",""
"SURVEY","1982","JAN","","STATE","NEBRASKA","31","","","","","","","00000000","","SOYBEANS","SOYBEANS - PRICE RECEIVED, MEASURED IN $ / BU","TOTAL","NOT SPECIFIED","5.77",""
"SURVEY","1982","JUL","","STATE","NEBRASKA","31","","","","","","","00000000","","SOYBEANS","SOYBEANS - PRICE RECEIVED, MEASURED IN $ / BU","TOTAL","NOT SPECIFIED","5.89",""
"SURVEY","1982","JUN","","STATE","NEBRASKA","31","","","","","","","00000000","","SOYBEANS","SOYBEANS - PRICE RECEIVED, MEASURED IN $ / BU","TOTAL","NOT SPECIFIED","6.01",""
"SURVEY","1982","MAR","","STATE","NEBRASKA","31","","","","","","","00000000","","SOYBEANS","SOYBEANS - PRICE RECEIVED, MEASURED IN $ / BU","TOTAL","NOT SPECIFIED","5.68",""
"SURVEY","1982","MARKETING YEAR","","STATE","NEBRASKA","31","","","","","","","00000000","","SOYBEANS","SOYBEANS - PRICE RECEIVED, MEASURED IN $ / BU","TOTAL","NOT SPECIFIED","5.52",""
"SURVEY","1982","MAY","","STATE","NEBRASKA","31","","","","","","","00000000","","SOYBEANS","SOYBEANS - PRICE RECEIVED, MEASURED IN $ / BU","TOTAL","NOT SPECIFIED","6.07",""
"SURVEY","1982","NOV","","STATE","NEBRASKA","31","","","","","","","00000000","","SOYBEANS","SOYBEANS - PRICE RECEIVED, MEASURED IN $ / BU","TOTAL","NOT SPECIFIED","5.11",""
"SURVEY","1982","OCT","","STATE","NEBRASKA","31","","","","","","","00000000","","SOYBEANS","SOYBEANS - PRICE RECEIVED, MEASURED IN $ / BU","TOTAL","NOT SPECIFIED","4.87",""
"SURVEY","1982","SEP","","STATE","NEBRASKA","31","","","","","","","00000000","","SOYBEANS","SOYBEANS - PRICE RECEIVED, MEASURED IN $ / BU","TOTAL","NOT SPECIFIED","5.23",""
"SURVEY","1981","APR","","STATE","NEBRASKA","31","","","","","","","00000000","","SOYBEANS","SOYBEANS - PRICE RECEIVED, MEASURED IN $ / BU","TOTAL","NOT SPECIFIED","7.18",""
"SURVEY","1981","AUG","","STATE","NEBRASKA","31","","","","","","","00000000","","SOYBEANS","SOYBEANS - PRICE RECEIVED, MEASURED IN $ / BU","TOTAL","NOT SPECIFIED","6.53",""
"SURVEY","1981","DEC","","STATE","NEBRASKA","31","","","","","","","00000000","","SOYBEANS","SOYBEANS - PRICE RECEIVED, MEASURED IN $ / BU","TOTAL","NOT SPECIFIED","5.69",""
"SURVEY","1981","FEB","","STATE","NEBRASKA","31","","","","","","","00000000","","SOYBEANS","SOYBEANS - PRICE RECEIVED, MEASURED IN $ / BU","TOTAL","NOT SPECIFIED","7.32",""
"SURVEY","1981","JAN","","STATE","NEBRASKA","31","","","","","","","00000000","","SOYBEANS","SOYBEANS - PRICE RECEIVED, MEASURED IN $ / BU","TOTAL","NOT SPECIFIED","7.5",""
"SURVEY","1981","JUL","","STATE","NEBRASKA","31","","","","","","","00000000","","SOYBEANS","SOYBEANS - PRICE RECEIVED, MEASURED IN $ / BU","TOTAL","NOT SPECIFIED","6.82",""
"SURVEY","1981","JUN","","STATE","NEBRASKA","31","","","","","","","00000000","","SOYBEANS","SOYBEANS - PRICE RECEIVED, MEASURED IN $ / BU","TOTAL","NOT SPECIFIED","6.94",""
"SURVEY","1981","MAR","","STATE","NEBRASKA","31","","","","","","","00000000","","SOYBEANS","SOYBEANS - PRICE RECEIVED, MEASURED IN $ / BU","TOTAL","NOT SPECIFIED","7.32",""
"SURVEY","1981","MARKETING YEAR","","STATE","NEBRASKA","31","","","","","","","00000000","","SOYBEANS","SOYBEANS - PRICE RECEIVED, MEASURED IN $ / BU","TOTAL","NOT SPECIFIED","5.79",""
"SURVEY","1981","MAY","","STATE","NEBRASKA","31","","","","","","","00000000","","SOYBEANS","SOYBEANS - PRICE RECEIVED, MEASURED IN $ / BU","TOTAL","NOT SPECIFIED","7.15",""
"SURVEY","1981","NOV","","STATE","NEBRASKA","31","","","","","","","00000000","","SOYBEANS","SOYBEANS - PRICE RECEIVED, MEASURED IN $ / BU","TOTAL","NOT SPECIFIED","5.73",""
"SURVEY","1981","OCT","","STATE","NEBRASKA","31","","","","","","","00000000","","SOYBEANS","SOYBEANS - PRICE RECEIVED, MEASURED IN $ / BU","TOTAL","NOT SPECIFIED","5.71",""
"SURVEY","1981","SEP","","STATE","NEBRASKA","31","","","","","","","00000000","","SOYBEANS","SOYBEANS - PRICE RECEIVED, MEASURED IN $ / BU","TOTAL","NOT SPECIFIED","5.84",""
"SURVEY","1980","APR","","STATE","NEBRASKA","31","","","","","","","00000000","","SOYBEANS","SOYBEANS - PRICE RECEIVED, MEASURED IN $ / BU","TOTAL","NOT SPECIFIED","5.28",""
"SURVEY","1980","AUG","","STATE","NEBRASKA","31","","","","","","","00000000","","SOYBEANS","SOYBEANS - PRICE RECEIVED, MEASURED IN $ / BU","TOTAL","NOT SPECIFIED","6.9",""
"SURVEY","1980","DEC","","STATE","NEBRASKA","31","","","","","","","00000000","","SOYBEANS","SOYBEANS - PRICE RECEIVED, MEASURED IN $ / BU","TOTAL","NOT SPECIFIED","7.54",""
"SURVEY","1980","FEB","","STATE","NEBRASKA","31","","","","","","","00000000","","SOYBEANS","SOYBEANS - PRICE RECEIVED, MEASURED IN $ / BU","TOTAL","NOT SPECIFIED","5.77",""
"SURVEY","1980","JAN","","STATE","NEBRASKA","31","","","","","","","00000000","","SOYBEANS","SOYBEANS - PRICE RECEIVED, MEASURED IN $ / BU","TOTAL","NOT SPECIFIED","5.86",""
"SURVEY","1980","JUL","","STATE","NEBRASKA","31","","","","","","","00000000","","SOYBEANS","SOYBEANS - PRICE RECEIVED, MEASURED IN $ / BU","TOTAL","NOT SPECIFIED","6.62",""
"SURVEY","1980","JUN","","STATE","NEBRASKA","31","","","","","","","00000000","","SOYBEANS","SOYBEANS - PRICE RECEIVED, MEASURED IN $ / BU","TOTAL","NOT SPECIFIED","5.48",""
"SURVEY","1980","MAR","","STATE","NEBRASKA","31","","","","","","","00000000","","SOYBEANS","SOYBEANS - PRICE RECEIVED, MEASURED IN $ / BU","TOTAL","NOT SPECIFIED","5.44",""
"SURVEY","1980","MARKETING YEAR","","STATE","NEBRASKA","31","","","","","","","00000000","","SOYBEANS","SOYBEANS - PRICE RECEIVED, MEASURED IN $ / BU","TOTAL","NOT SPECIFIED","7.25",""
"SURVEY","1980","MAY","","STATE","NEBRASKA","31","","","","","","","00000000","","SOYBEANS","SOYBEANS - PRICE RECEIVED, MEASURED IN $ / BU","TOTAL","NOT SPECIFIED","5.47",""
"SURVEY","1980","NOV","","STATE","NEBRASKA","31","","","","","","","00000000","","SOYBEANS","SOYBEANS - PRICE RECEIVED, MEASURED IN $ / BU","TOTAL","NOT SPECIFIED","7.93",""
"SURVEY","1980","OCT","","STATE","NEBRASKA","31","","","","","","","00000000","","SOYBEANS","SOYBEANS - PRICE RECEIVED, MEASURED IN $ / BU","TOTAL","NOT SPECIFIED","7.42",""
"SURVEY","1980","SEP","","STATE","NEBRASKA","31","","","","","","","00000000","","SOYBEANS","SOYBEANS - PRICE RECEIVED, MEASURED IN $ / BU","TOTAL","NOT SPECIFIED","7.29",""
"SURVEY","1979","APR","","STATE","NEBRASKA","31","","","","","","","00000000","","SOYBEANS","SOYBEANS - PRICE RECEIVED, MEASURED IN $ / BU","TOTAL","NOT SPECIFIED","6.83",""
"SURVEY","1979","AUG","","STATE","NEBRASKA","31","","","","","","","00000000","","SOYBEANS","SOYBEANS - PRICE RECEIVED, MEASURED IN $ / BU","TOTAL","NOT SPECIFIED","6.93",""
"SURVEY","1979","DEC","","STATE","NEBRASKA","31","","","","","","","00000000","","SOYBEANS","SOYBEANS - PRICE RECEIVED, MEASURED IN $ / BU","TOTAL","NOT SPECIFIED","5.98",""
"SURVEY","1979","FEB","","STATE","NEBRASKA","31","","","","","","","00000000","","SOYBEANS","SOYBEANS - PRICE RECEIVED, MEASURED IN $ / BU","TOTAL","NOT SPECIFIED","6.78",""
"SURVEY","1979","JAN","","STATE","NEBRASKA","31","","","","","","","00000000","","SOYBEANS","SOYBEANS - PRICE RECEIVED, MEASURED IN $ / BU","TOTAL","NOT SPECIFIED","6.38",""
"SURVEY","1979","JUL","","STATE","NEBRASKA","31","","","","","","","00000000","","SOYBEANS","SOYBEANS - PRICE RECEIVED, MEASURED IN $ / BU","TOTAL","NOT SPECIFIED","7.17",""
"SURVEY","1979","JUN","","STATE","NEBRASKA","31","","","","","","","00000000","","SOYBEANS","SOYBEANS - PRICE RECEIVED, MEASURED IN $ / BU","TOTAL","NOT SPECIFIED","7.16",""
"SURVEY","1979","MAR","","STATE","NEBRASKA","31","","","","","","","00000000","","SOYBEANS","SOYBEANS - PRICE RECEIVED, MEASURED IN $ / BU","TOTAL","NOT SPECIFIED","6.92",""
"SURVEY","1979","MARKETING YEAR","","STATE","NEBRASKA","31","","","","","","","00000000","","SOYBEANS","SOYBEANS - PRICE RECEIVED, MEASURED IN $ / BU","TOTAL","NOT SPECIFIED","5.95",""
"SURVEY","1979","MAY","","STATE","NEBRASKA","31","","","","","","","00000000","","SOYBEANS","SOYBEANS - PRICE RECEIVED, MEASURED IN $ / BU","TOTAL","NOT SPECIFIED","6.86",""
"SURVEY","1979","NOV","","STATE","NEBRASKA","31","","","","","","","00000000","","SOYBEANS","SOYBEANS - PRICE RECEIVED, MEASURED IN $ / BU","TOTAL","NOT SPECIFIED","5.96",""
"SURVEY","1979","OCT","","STATE","NEBRASKA","31","","","","","","","00000000","","SOYBEANS","SOYBEANS - PRICE RECEIVED, MEASURED IN $ / BU","TOTAL","NOT SPECIFIED","6.21",""
"SURVEY","1979","SEP","","STATE","NEBRASKA","31","","","","","","","00000000","","SOYBEANS","SOYBEANS - PRICE RECEIVED, MEASURED IN $ / BU","TOTAL","NOT SPECIFIED","6.45",""
"SURVEY","1978","APR","","STATE","NEBRASKA","31","","","","","","","00000000","","SOYBEANS","SOYBEANS - PRICE RECEIVED, MEASURED IN $ / BU","TOTAL","NOT SPECIFIED","6.27",""
"SURVEY","1978","AUG","","STATE","NEBRASKA","31","","","","","","","00000000","","SOYBEANS","SOYBEANS - PRICE RECEIVED, MEASURED IN $ / BU","TOTAL","NOT SPECIFIED","6.07",""
"SURVEY","1978","DEC","","STATE","NEBRASKA","31","","","","","","","00000000","","SOYBEANS","SOYBEANS - PRICE RECEIVED, MEASURED IN $ / BU","TOTAL","NOT SPECIFIED","6.23",""
"SURVEY","1978","FEB","","STATE","NEBRASKA","31","","","","","","","00000000","","SOYBEANS","SOYBEANS - PRICE RECEIVED, MEASURED IN $ / BU","TOTAL","NOT SPECIFIED","5.28",""
"SURVEY","1978","JAN","","STATE","NEBRASKA","31","","","","","","","00000000","","SOYBEANS","SOYBEANS - PRICE RECEIVED, MEASURED IN $ / BU","TOTAL","NOT SPECIFIED","5.36",""
"SURVEY","1978","JUL","","STATE","NEBRASKA","31","","","","","","","00000000","","SOYBEANS","SOYBEANS - PRICE RECEIVED, MEASURED IN $ / BU","TOTAL","NOT SPECIFIED","6.21",""
"SURVEY","1978","JUN","","STATE","NEBRASKA","31","","","","","","","00000000","","SOYBEANS","SOYBEANS - PRICE RECEIVED, MEASURED IN $ / BU","TOTAL","NOT SPECIFIED","6.5",""
"SURVEY","1978","MAR","","STATE","NEBRASKA","31","","","","","","","00000000","","SOYBEANS","SOYBEANS - PRICE RECEIVED, MEASURED IN $ / BU","TOTAL","NOT SPECIFIED","6.02",""
"SURVEY","1978","MARKETING YEAR","","STATE","NEBRASKA","31","","","","","","","00000000","","SOYBEANS","SOYBEANS - PRICE RECEIVED, MEASURED IN $ / BU","TOTAL","NOT SPECIFIED","6.5",""
"SURVEY","1978","MAY","","STATE","NEBRASKA","31","","","","","","","00000000","","SOYBEANS","SOYBEANS - PRICE RECEIVED, MEASURED IN $ / BU","TOTAL","NOT SPECIFIED","6.65",""
"SURVEY","1978","NOV","","STATE","NEBRASKA","31","","","","","","","00000000","","SOYBEANS","SOYBEANS - PRICE RECEIVED, MEASURED IN $ / BU","TOTAL","NOT SPECIFIED","6.13",""
"SURVEY","1978","OCT","","STATE","NEBRASKA","31","","","","","","","00000000","","SOYBEANS","SOYBEANS - PRICE RECEIVED, MEASURED IN $ / BU","TOTAL","NOT SPECIFIED","6.09",""
"SURVEY","1978","SEP","","STATE","NEBRASKA","31","","","","","","","00000000","","SOYBEANS","SOYBEANS - PRICE RECEIVED, MEASURED IN $ / BU","TOTAL","NOT SPECIFIED","6.07",""
"SURVEY","1977","APR","","STATE","NEBRASKA","31","","","","","","","00000000","","SOYBEANS","SOYBEANS - PRICE RECEIVED, MEASURED IN $ / BU","TOTAL","NOT SPECIFIED","8.85",""
"SURVEY","1977","AUG","","STATE","NEBRASKA","31","","","","","","","00000000","","SOYBEANS","SOYBEANS - PRICE RECEIVED, MEASURED IN $ / BU","TOTAL","NOT SPECIFIED","5.31",""
"SURVEY","1977","DEC","","STATE","NEBRASKA","31","","","","","","","00000000","","SOYBEANS","SOYBEANS - PRICE RECEIVED, MEASURED IN $ / BU","TOTAL","NOT SPECIFIED","5.49",""
"SURVEY","1977","FEB","","STATE","NEBRASKA","31","","","","","","","00000000","","SOYBEANS","SOYBEANS - PRICE RECEIVED, MEASURED IN $ / BU","TOTAL","NOT SPECIFIED","6.99",""
"SURVEY","1977","JAN","","STATE","NEBRASKA","31","","","","","","","00000000","","SOYBEANS","SOYBEANS - PRICE RECEIVED, MEASURED IN $ / BU","TOTAL","NOT SPECIFIED","6.78",""
"SURVEY","1977","JUL","","STATE","NEBRASKA","31","","","","","","","00000000","","SOYBEANS","SOYBEANS - PRICE RECEIVED, MEASURED IN $ / BU","TOTAL","NOT SPECIFIED","6.93",""
"SURVEY","1977","JUN","","STATE","NEBRASKA","31","","","","","","","00000000","","SOYBEANS","SOYBEANS - PRICE RECEIVED, MEASURED IN $ / BU","TOTAL","NOT SPECIFIED","8.22",""
"SURVEY","1977","MAR","","STATE","NEBRASKA","31","","","","","","","00000000","","SOYBEANS","SOYBEANS - PRICE RECEIVED, MEASURED IN $ / BU","TOTAL","NOT SPECIFIED","7.82",""
"SURVEY","1977","MARKETING YEAR","","STATE","NEBRASKA","31","","","","","","","00000000","","SOYBEANS","SOYBEANS - PRICE RECEIVED, MEASURED IN $ / BU","TOTAL","NOT SPECIFIED","5.74",""
"SURVEY","1977","MAY","","STATE","NEBRASKA","31","","","","","","","00000000","","SOYBEANS","SOYBEANS - PRICE RECEIVED, MEASURED IN $ / BU","TOTAL","NOT SPECIFIED","9",""
"SURVEY","1977","NOV","","STATE","NEBRASKA","31","","","","","","","00000000","","SOYBEANS","SOYBEANS - PRICE RECEIVED, MEASURED IN $ / BU","TOTAL","NOT SPECIFIED","5.42",""
"SURVEY","1977","OCT","","STATE","NEBRASKA","31","","","","","","","00000000","","SOYBEANS","SOYBEANS - PRICE RECEIVED, MEASURED IN $ / BU","TOTAL","NOT SPECIFIED","5.06",""
"SURVEY","1977","SEP","","STATE","NEBRASKA","31","","","","","","","00000000","","SOYBEANS","SOYBEANS - PRICE RECEIVED, MEASURED IN $ / BU","TOTAL","NOT SPECIFIED","5.29",""
"SURVEY","1976","APR","","STATE","NEBRASKA","31","","","","","","","00000000","","SOYBEANS","SOYBEANS - PRICE RECEIVED, MEASURED IN $ / BU","TOTAL","NOT SPECIFIED","4.33",""
"SURVEY","1976","AUG","","STATE","NEBRASKA","31","","","","","","","00000000","","SOYBEANS","SOYBEANS - PRICE RECEIVED, MEASURED IN $ / BU","TOTAL","NOT SPECIFIED","5.91",""
"SURVEY","1976","DEC","","STATE","NEBRASKA","31","","","","","","","00000000","","SOYBEANS","SOYBEANS - PRICE RECEIVED, MEASURED IN $ / BU","TOTAL","NOT SPECIFIED","6.46",""
"SURVEY","1976","FEB","","STATE","NEBRASKA","31","","","","","","","00000000","","SOYBEANS","SOYBEANS - PRICE RECEIVED, MEASURED IN $ / BU","TOTAL","NOT SPECIFIED","4.29",""
"SURVEY","1976","JAN","","STATE","NEBRASKA","31","","","","","","","00000000","","SOYBEANS","SOYBEANS - PRICE RECEIVED, MEASURED IN $ / BU","TOTAL","NOT SPECIFIED","4.3",""
"SURVEY","1976","JUL","","STATE","NEBRASKA","31","","","","","","","00000000","","SOYBEANS","SOYBEANS - PRICE RECEIVED, MEASURED IN $ / BU","TOTAL","NOT SPECIFIED","6.56",""
"SURVEY","1976","JUN","","STATE","NEBRASKA","31","","","","","","","00000000","","SOYBEANS","SOYBEANS - PRICE RECEIVED, MEASURED IN $ / BU","TOTAL","NOT SPECIFIED","5.97",""
"SURVEY","1976","MAR","","STATE","NEBRASKA","31","","","","","","","00000000","","SOYBEANS","SOYBEANS - PRICE RECEIVED, MEASURED IN $ / BU","TOTAL","NOT SPECIFIED","4.24",""
"SURVEY","1976","MARKETING YEAR","","STATE","NEBRASKA","31","","","","","","","00000000","","SOYBEANS","SOYBEANS - PRICE RECEIVED, MEASURED IN $ / BU","TOTAL","NOT SPECIFIED","6.48",""
"SURVEY","1976","MAY","","STATE","NEBRASKA","31","","","","","","","00000000","","SOYBEANS","SOYBEANS - PRICE RECEIVED, MEASURED IN $ / BU","TOTAL","NOT SPECIFIED","4.64",""
"SURVEY","1976","NOV","","STATE","NEBRASKA","31","","","","","","","00000000","","SOYBEANS","SOYBEANS - PRICE RECEIVED, MEASURED IN $ / BU","TOTAL","NOT SPECIFIED","5.98",""
"SURVEY","1976","OCT","","STATE","NEBRASKA","31","","","","","","","00000000","","SOYBEANS","SOYBEANS - PRICE RECEIVED, MEASURED IN $ / BU","TOTAL","NOT SPECIFIED","5.75",""
"SURVEY","1976","SEP","","STATE","NEBRASKA","31","","","","","","","00000000","","SOYBEANS","SOYBEANS - PRICE RECEIVED, MEASURED IN $ / BU","TOTAL","NOT SPECIFIED","6.51",""
"SURVEY","1975","APR","","STATE","NEBRASKA","31","","","","","","","00000000","","SOYBEANS","SOYBEANS - PRICE RECEIVED, MEASURED IN $ / BU","TOTAL","NOT SPECIFIED","5.45",""
"SURVEY","1975","AUG","","STATE","NEBRASKA","31","","","","","","","00000000","","SOYBEANS","SOYBEANS - PRICE RECEIVED, MEASURED IN $ / BU","TOTAL","NOT SPECIFIED","5.53",""
"SURVEY","1975","DEC","","STATE","NEBRASKA","31","","","","","","","00000000","","SOYBEANS","SOYBEANS - PRICE RECEIVED, MEASURED IN $ / BU","TOTAL","NOT SPECIFIED","4.23",""
"SURVEY","1975","FEB","","STATE","NEBRASKA","31","","","","","","","00000000","","SOYBEANS","SOYBEANS - PRICE RECEIVED, MEASURED IN $ / BU","TOTAL","NOT SPECIFIED","5.59",""
"SURVEY","1975","JAN","","STATE","NEBRASKA","31","","","","","","","00000000","","SOYBEANS","SOYBEANS - PRICE RECEIVED, MEASURED IN $ / BU","TOTAL","NOT SPECIFIED","6.24",""
"SURVEY","1975","JUL","","STATE","NEBRASKA","31","","","","","","","00000000","","SOYBEANS","SOYBEANS - PRICE RECEIVED, MEASURED IN $ / BU","TOTAL","NOT SPECIFIED","5.11",""
"SURVEY","1975","JUN","","STATE","NEBRASKA","31","","","","","","","00000000","","SOYBEANS","SOYBEANS - PRICE RECEIVED, MEASURED IN $ / BU","TOTAL","NOT SPECIFIED","4.8",""
"SURVEY","1975","MAR","","STATE","NEBRASKA","31","","","","","","","00000000","","SOYBEANS","SOYBEANS - PRICE RECEIVED, MEASURED IN $ / BU","TOTAL","NOT SPECIFIED","5.2",""
"SURVEY","1975","MARKETING YEAR","","STATE","NEBRASKA","31","","","","","","","00000000","","SOYBEANS","SOYBEANS - PRICE RECEIVED, MEASURED IN $ / BU","TOTAL","NOT SPECIFIED","4.81",""
"SURVEY","1975","MAY","","STATE","NEBRASKA","31","","","","","","","00000000","","SOYBEANS","SOYBEANS - PRICE RECEIVED, MEASURED IN $ / BU","TOTAL","NOT SPECIFIED","4.86",""
"SURVEY","1975","NOV","","STATE","NEBRASKA","31","","","","","","","00000000","","SOYBEANS","SOYBEANS - PRICE RECEIVED, MEASURED IN $ / BU","TOTAL","NOT SPECIFIED","4.37",""
"SURVEY","1975","OCT","","STATE","NEBRASKA","31","","","","","","","00000000","","SOYBEANS","SOYBEANS - PRICE RECEIVED, MEASURED IN $ / BU","TOTAL","NOT SPECIFIED","4.84",""
"SURVEY","1975","SEP","","STATE","NEBRASKA","31","","","","","","","00000000","","SOYBEANS","SOYBEANS - PRICE RECEIVED, MEASURED IN $ / BU","TOTAL","NOT SPECIFIED","5.18",""
"SURVEY","1974","APR","","STATE","NEBRASKA","31","","","","","","","00000000","","SOYBEANS","SOYBEANS - PRICE RECEIVED, MEASURED IN $ / BU","TOTAL","NOT SPECIFIED","4.82",""
"SURVEY","1974","AUG","","STATE","NEBRASKA","31","","","","","","","00000000","","SOYBEANS","SOYBEANS - PRICE RECEIVED, MEASURED IN $ / BU","TOTAL","NOT SPECIFIED","7.37",""
"SURVEY","1974","DEC","","STATE","NEBRASKA","31","","","","","","","00000000","","SOYBEANS","SOYBEANS - PRICE RECEIVED, MEASURED IN $ / BU","TOTAL","NOT SPECIFIED","6.95",""
"SURVEY","1974","FEB","","STATE","NEBRASKA","31","","","","","","","00000000","","SOYBEANS","SOYBEANS - PRICE RECEIVED, MEASURED IN $ / BU","TOTAL","NOT SPECIFIED","5.79",""
"SURVEY","1974","JAN","","STATE","NEBRASKA","31","","","","","","","00000000","","SOYBEANS","SOYBEANS - PRICE RECEIVED, MEASURED IN $ / BU","TOTAL","NOT SPECIFIED","5.57",""
"SURVEY","1974","JUL","","STATE","NEBRASKA","31","","","","","","","00000000","","SOYBEANS","SOYBEANS - PRICE RECEIVED, MEASURED IN $ / BU","TOTAL","NOT SPECIFIED","5.86",""
"SURVEY","1974","JUN","","STATE","NEBRASKA","31","","","","","","","00000000","","SOYBEANS","SOYBEANS - PRICE RECEIVED, MEASURED IN $ / BU","TOTAL","NOT SPECIFIED","4.87",""
"SURVEY","1974","MAR","","STATE","NEBRASKA","31","","","","","","","00000000","","SOYBEANS","SOYBEANS - PRICE RECEIVED, MEASURED IN $ / BU","TOTAL","NOT SPECIFIED","5.64",""
"SURVEY","1974","MARKETING YEAR","","STATE","NEBRASKA","31","","","","","","","00000000","","SOYBEANS","SOYBEANS - PRICE RECEIVED, MEASURED IN $ / BU","TOTAL","NOT SPECIFIED","6.22",""
"SURVEY","1974","MAY","","STATE","NEBRASKA","31","","","","","","","00000000","","SOYBEANS","SOYBEANS - PRICE RECEIVED, MEASURED IN $ / BU","TOTAL","NOT SPECIFIED","4.96",""
"SURVEY","1974","NOV","","STATE","NEBRASKA","31","","","","","","","00000000","","SOYBEANS","SOYBEANS - PRICE RECEIVED, MEASURED IN $ / BU","TOTAL","NOT SPECIFIED","7.34",""
"SURVEY","1974","OCT","","STATE","NEBRASKA","31","","","","","","","00000000","","SOYBEANS","SOYBEANS - PRICE RECEIVED, MEASURED IN $ / BU","TOTAL","NOT SPECIFIED","7.94",""
"SURVEY","1974","SEP","","STATE","NEBRASKA","31","","","","","","","00000000","","SOYBEANS","SOYBEANS - PRICE RECEIVED, MEASURED IN $ / BU","TOTAL","NOT SPECIFIED","7.08",""
"SURVEY","1973","APR","","STATE","NEBRASKA","31","","","","","","","00000000","","SOYBEANS","SOYBEANS - PRICE RECEIVED, MEASURED IN $ / BU","TOTAL","NOT SPECIFIED","5.8",""
"SURVEY","1973","AUG","","STATE","NEBRASKA","31","","","","","","","00000000","","SOYBEANS","SOYBEANS - PRICE RECEIVED, MEASURED IN $ / BU","TOTAL","NOT SPECIFIED","8.8",""
"SURVEY","1973","DEC","","STATE","NEBRASKA","31","","","","","","","00000000","","SOYBEANS","SOYBEANS - PRICE RECEIVED, MEASURED IN $ / BU","TOTAL","NOT SPECIFIED","5.42",""
"SURVEY","1973","FEB","","STATE","NEBRASKA","31","","","","","","","00000000","","SOYBEANS","SOYBEANS - PRICE RECEIVED, MEASURED IN $ / BU","TOTAL","NOT SPECIFIED","5.15",""
"SURVEY","1973","JAN","","STATE","NEBRASKA","31","","","","","","","00000000","","SOYBEANS","SOYBEANS - PRICE RECEIVED, MEASURED IN $ / BU","TOTAL","NOT SPECIFIED","3.96",""
"SURVEY","1973","JUL","","STATE","NEBRASKA","31","","","","","","","00000000","","SOYBEANS","SOYBEANS - PRICE RECEIVED, MEASURED IN $ / BU","TOTAL","NOT SPECIFIED","6.3",""
"SURVEY","1973","JUN","","STATE","NEBRASKA","31","","","","","","","00000000","","SOYBEANS","SOYBEANS - PRICE RECEIVED, MEASURED IN $ / BU","TOTAL","NOT SPECIFIED","9.9",""
"SURVEY","1973","MAR","","STATE","NEBRASKA","31","","","","","","","00000000","","SOYBEANS","SOYBEANS - PRICE RECEIVED, MEASURED IN $ / BU","TOTAL","NOT SPECIFIED","5.93",""
"SURVEY","1973","MARKETING YEAR","","STATE","NEBRASKA","31","","","","","","","00000000","","SOYBEANS","SOYBEANS - PRICE RECEIVED, MEASURED IN $ / BU","TOTAL","NOT SPECIFIED","5.37",""
"SURVEY","1973","MAY","","STATE","NEBRASKA","31","","","","","","","00000000","","SOYBEANS","SOYBEANS - PRICE RECEIVED, MEASURED IN $ / BU","TOTAL","NOT SPECIFIED","8.15",""
"SURVEY","1973","NOV","","STATE","NEBRASKA","31","","","","","","","00000000","","SOYBEANS","SOYBEANS - PRICE RECEIVED, MEASURED IN $ / BU","TOTAL","NOT SPECIFIED","4.88",""
"SURVEY","1973","OCT","","STATE","NEBRASKA","31","","","","","","","00000000","","SOYBEANS","SOYBEANS - PRICE RECEIVED, MEASURED IN $ / BU","TOTAL","NOT SPECIFIED","5.28",""
"SURVEY","1973","SEP","","STATE","NEBRASKA","31","","","","","","","00000000","","SOYBEANS","SOYBEANS - PRICE RECEIVED, MEASURED IN $ / BU","TOTAL","NOT SPECIFIED","5.4",""
"SURVEY","1972","APR","","STATE","NEBRASKA","31","","","","","","","00000000","","SOYBEANS","SOYBEANS - PRICE RECEIVED, MEASURED IN $ / BU","TOTAL","NOT SPECIFIED","3.28",""
"SURVEY","1972","AUG","","STATE","NEBRASKA","31","","","","","","","00000000","","SOYBEANS","SOYBEANS - PRICE RECEIVED, MEASURED IN $ / BU","TOTAL","NOT SPECIFIED","3.31",""
"SURVEY","1972","DEC","","STATE","NEBRASKA","31","","","","","","","00000000","","SOYBEANS","SOYBEANS - PRICE RECEIVED, MEASURED IN $ / BU","TOTAL","NOT SPECIFIED","3.87",""
"SURVEY","1972","FEB","","STATE","NEBRASKA","31","","","","","","","00000000","","SOYBEANS","SOYBEANS - PRICE RECEIVED, MEASURED IN $ / BU","TOTAL","NOT SPECIFIED","2.95",""
"SURVEY","1972","JAN","","STATE","NEBRASKA","31","","","","","","","00000000","","SOYBEANS","SOYBEANS - PRICE RECEIVED, MEASURED IN $ / BU","TOTAL","NOT SPECIFIED","2.88",""
"SURVEY","1972","JUL","","STATE","NEBRASKA","31","","","","","","","00000000","","SOYBEANS","SOYBEANS - PRICE RECEIVED, MEASURED IN $ / BU","TOTAL","NOT SPECIFIED","3.29",""
"SURVEY","1972","JUN","","STATE","NEBRASKA","31","","","","","","","00000000","","SOYBEANS","SOYBEANS - PRICE RECEIVED, MEASURED IN $ / BU","TOTAL","NOT SPECIFIED","3.3",""
"SURVEY","1972","MAR","","STATE","NEBRASKA","31","","","","","","","00000000","","SOYBEANS","SOYBEANS - PRICE RECEIVED, MEASURED IN $ / BU","TOTAL","NOT SPECIFIED","3.09",""
"SURVEY","1972","MARKETING YEAR","","STATE","NEBRASKA","31","","","","","","","00000000","","SOYBEANS","SOYBEANS - PRICE RECEIVED, MEASURED IN $ / BU","TOTAL","NOT SPECIFIED","4.47",""
"SURVEY","1972","MAY","","STATE","NEBRASKA","31","","","","","","","00000000","","SOYBEANS","SOYBEANS - PRICE RECEIVED, MEASURED IN $ / BU","TOTAL","NOT SPECIFIED","3.27",""
"SURVEY","1972","NOV","","STATE","NEBRASKA","31","","","","","","","00000000","","SOYBEANS","SOYBEANS - PRICE RECEIVED, MEASURED IN $ / BU","TOTAL","NOT SPECIFIED","3.33",""
"SURVEY","1972","OCT","","STATE","NEBRASKA","31","","","","","","","00000000","","SOYBEANS","SOYBEANS - PRICE RECEIVED, MEASURED IN $ / BU","TOTAL","NOT SPECIFIED","3.06",""
"SURVEY","1972","SEP","","STATE","NEBRASKA","31","","","","","","","00000000","","SOYBEANS","SOYBEANS - PRICE RECEIVED, MEASURED IN $ / BU","TOTAL","NOT SPECIFIED","3.26",""
"SURVEY","1971","APR","","STATE","NEBRASKA","31","","","","","","","00000000","","SOYBEANS","SOYBEANS - PRICE RECEIVED, MEASURED IN $ / BU","TOTAL","NOT SPECIFIED","2.74",""
"SURVEY","1971","AUG","","STATE","NEBRASKA","31","","","","","","","00000000","","SOYBEANS","SOYBEANS - PRICE RECEIVED, MEASURED IN $ / BU","TOTAL","NOT SPECIFIED","3.02",""
"SURVEY","1971","DEC","","STATE","NEBRASKA","31","","","","","","","00000000","","SOYBEANS","SOYBEANS - PRICE RECEIVED, MEASURED IN $ / BU","TOTAL","NOT SPECIFIED","2.89",""
"SURVEY","1971","FEB","","STATE","NEBRASKA","31","","","","","","","00000000","","SOYBEANS","SOYBEANS - PRICE RECEIVED, MEASURED IN $ / BU","TOTAL","NOT SPECIFIED","2.83",""
"SURVEY","1971","JAN","","STATE","NEBRASKA","31","","","","","","","00000000","","SOYBEANS","SOYBEANS - PRICE RECEIVED, MEASURED IN $ / BU","TOTAL","NOT SPECIFIED","2.76",""
"SURVEY","1971","JUL","","STATE","NEBRASKA","31","","","","","","","00000000","","SOYBEANS","SOYBEANS - PRICE RECEIVED, MEASURED IN $ / BU","TOTAL","NOT SPECIFIED","3.03",""
"SURVEY","1971","JUN","","STATE","NEBRASKA","31","","","","","","","00000000","","SOYBEANS","SOYBEANS - PRICE RECEIVED, MEASURED IN $ / BU","TOTAL","NOT SPECIFIED","2.86",""
"SURVEY","1971","MAR","","STATE","NEBRASKA","31","","","","","","","00000000","","SOYBEANS","SOYBEANS - PRICE RECEIVED, MEASURED IN $ / BU","TOTAL","NOT SPECIFIED","2.83",""
"SURVEY","1971","MARKETING YEAR","","STATE","NEBRASKA","31","","","","","","","00000000","","SOYBEANS","SOYBEANS - PRICE RECEIVED, MEASURED IN $ / BU","TOTAL","NOT SPECIFIED","2.99",""
"SURVEY","1971","MAY","","STATE","NEBRASKA","31","","","","","","","00000000","","SOYBEANS","SOYBEANS - PRICE RECEIVED, MEASURED IN $ / BU","TOTAL","NOT SPECIFIED","2.78",""
"SURVEY","1971","NOV","","STATE","NEBRASKA","31","","","","","","","00000000","","SOYBEANS","SOYBEANS - PRICE RECEIVED, MEASURED IN $ / BU","TOTAL","NOT SPECIFIED","2.8",""
"SURVEY","1971","OCT","","STATE","NEBRASKA","31","","","","","","","00000000","","SOYBEANS","SOYBEANS - PRICE RECEIVED, MEASURED IN $ / BU","TOTAL","NOT SPECIFIED","2.86",""
"SURVEY","1971","SEP","","STATE","NEBRASKA","31","","","","","","","00000000","","SOYBEANS","SOYBEANS - PRICE RECEIVED, MEASURED IN $ / BU","TOTAL","NOT SPECIFIED","2.87",""
"SURVEY","1970","APR","","STATE","NEBRASKA","31","","","","","","","00000000","","SOYBEANS","SOYBEANS - PRICE RECEIVED, MEASURED IN $ / BU","TOTAL","NOT SPECIFIED","2.39",""
"SURVEY","1970","AUG","","STATE","NEBRASKA","31","","","","","","","00000000","","SOYBEANS","SOYBEANS - PRICE RECEIVED, MEASURED IN $ / BU","TOTAL","NOT SPECIFIED","2.56",""
"SURVEY","1970","DEC","","STATE","NEBRASKA","31","","","","","","","00000000","","SOYBEANS","SOYBEANS - PRICE RECEIVED, MEASURED IN $ / BU","TOTAL","NOT SPECIFIED","2.68",""
"SURVEY","1970","FEB","","STATE","NEBRASKA","31","","","","","","","00000000","","SOYBEANS","SOYBEANS - PRICE RECEIVED, MEASURED IN $ / BU","TOTAL","NOT SPECIFIED","2.3",""
"SURVEY","1970","JAN","","STATE","NEBRASKA","31","","","","","","","00000000","","SOYBEANS","SOYBEANS - PRICE RECEIVED, MEASURED IN $ / BU","TOTAL","NOT SPECIFIED","2.22",""
"SURVEY","1970","JUL","","STATE","NEBRASKA","31","","","","","","","00000000","","SOYBEANS","SOYBEANS - PRICE RECEIVED, MEASURED IN $ / BU","TOTAL","NOT SPECIFIED","2.61",""
"SURVEY","1970","JUN","","STATE","NEBRASKA","31","","","","","","","00000000","","SOYBEANS","SOYBEANS - PRICE RECEIVED, MEASURED IN $ / BU","TOTAL","NOT SPECIFIED","2.49",""
"SURVEY","1970","MAR","","STATE","NEBRASKA","31","","","","","","","00000000","","SOYBEANS","SOYBEANS - PRICE RECEIVED, MEASURED IN $ / BU","TOTAL","NOT SPECIFIED","2.31",""
"SURVEY","1970","MARKETING YEAR","","STATE","NEBRASKA","31","","","","","","","00000000","","SOYBEANS","SOYBEANS - PRICE RECEIVED, MEASURED IN $ / BU","TOTAL","NOT SPECIFIED","2.78",""
"SURVEY","1970","MAY","","STATE","NEBRASKA","31","","","","","","","00000000","","SOYBEANS","SOYBEANS - PRICE RECEIVED, MEASURED IN $ / BU","TOTAL","NOT SPECIFIED","2.44",""
"SURVEY","1970","NOV","","STATE","NEBRASKA","31","","","","","","","00000000","","SOYBEANS","SOYBEANS - PRICE RECEIVED, MEASURED IN $ / BU","TOTAL","NOT SPECIFIED","2.77",""
"SURVEY","1970","OCT","","STATE","NEBRASKA","31","","","","","","","00000000","","SOYBEANS","SOYBEANS - PRICE RECEIVED, MEASURED IN $ / BU","TOTAL","NOT SPECIFIED","2.67",""
"SURVEY","1970","SEP","","STATE","NEBRASKA","31","","","","","","","00000000","","SOYBEANS","SOYBEANS - PRICE RECEIVED, MEASURED IN $ / BU","TOTAL","NOT SPECIFIED","2.55",""
"SURVEY","1969","APR","","STATE","NEBRASKA","31","","","","","","","00000000","","SOYBEANS","SOYBEANS - PRICE RECEIVED, MEASURED IN $ / BU","TOTAL","NOT SPECIFIED","2.43",""
"SURVEY","1969","AUG","","STATE","NEBRASKA","31","","","","","","","00000000","","SOYBEANS","SOYBEANS - PRICE RECEIVED, MEASURED IN $ / BU","TOTAL","NOT SPECIFIED","2.46",""
"SURVEY","1969","DEC","","STATE","NEBRASKA","31","","","","","","","00000000","","SOYBEANS","SOYBEANS - PRICE RECEIVED, MEASURED IN $ / BU","TOTAL","NOT SPECIFIED","2.16",""
"SURVEY","1969","FEB","","STATE","NEBRASKA","31","","","","","","","00000000","","SOYBEANS","SOYBEANS - PRICE RECEIVED, MEASURED IN $ / BU","TOTAL","NOT SPECIFIED","2.41",""
"SURVEY","1969","JAN","","STATE","NEBRASKA","31","","","","","","","00000000","","SOYBEANS","SOYBEANS - PRICE RECEIVED, MEASURED IN $ / BU","TOTAL","NOT SPECIFIED","2.41",""
"SURVEY","1969","JUL","","STATE","NEBRASKA","31","","","","","","","00000000","","SOYBEANS","SOYBEANS - PRICE RECEIVED, MEASURED IN $ / BU","TOTAL","NOT SPECIFIED","2.46",""
"SURVEY","1969","JUN","","STATE","NEBRASKA","31","","","","","","","00000000","","SOYBEANS","SOYBEANS - PRICE RECEIVED, MEASURED IN $ / BU","TOTAL","NOT SPECIFIED","2.47",""
"SURVEY","1969","MAR","","STATE","NEBRASKA","31","","","","","","","00000000","","SOYBEANS","SOYBEANS - PRICE RECEIVED, MEASURED IN $ / BU","TOTAL","NOT SPECIFIED","2.41",""
"SURVEY","1969","MARKETING YEAR","","STATE","NEBRASKA","31","","","","","","","00000000","","SOYBEANS","SOYBEANS - PRICE RECEIVED, MEASURED IN $ / BU","TOTAL","NOT SPECIFIED","2.24",""
"SURVEY","1969","MAY","","STATE","NEBRASKA","31","","","","","","","00000000","","SOYBEANS","SOYBEANS - PRICE RECEIVED, MEASURED IN $ / BU","TOTAL","NOT SPECIFIED","2.49",""
"SURVEY","1969","NOV","","STATE","NEBRASKA","31","","","","","","","00000000","","SOYBEANS","SOYBEANS - PRICE RECEIVED, MEASURED IN $ / BU","TOTAL","NOT SPECIFIED","2.15",""
"SURVEY","1969","OCT","","STATE","NEBRASKA","31","","","","","","","00000000","","SOYBEANS","SOYBEANS - PRICE RECEIVED, MEASURED IN $ / BU","TOTAL","NOT SPECIFIED","2.15",""
"SURVEY","1969","SEP","","STATE","NEBRASKA","31","","","","","","","00000000","","SOYBEANS","SOYBEANS - PRICE RECEIVED, MEASURED IN $ / BU","TOTAL","NOT SPECIFIED","2.3",""
"SURVEY","1968","APR","","STATE","NEBRASKA","31","","","","","","","00000000","","SOYBEANS","SOYBEANS - PRICE RECEIVED, MEASURED IN $ / BU","TOTAL","NOT SPECIFIED","2.51",""
"SURVEY","1968","AUG","","STATE","NEBRASKA","31","","","","","","","00000000","","SOYBEANS","SOYBEANS - PRICE RECEIVED, MEASURED IN $ / BU","TOTAL","NOT SPECIFIED","2.49",""
"SURVEY","1968","DEC","","STATE","NEBRASKA","31","","","","","","","00000000","","SOYBEANS","SOYBEANS - PRICE RECEIVED, MEASURED IN $ / BU","TOTAL","NOT SPECIFIED","2.37",""
"SURVEY","1968","FEB","","STATE","NEBRASKA","31","","","","","","","00000000","","SOYBEANS","SOYBEANS - PRICE RECEIVED, MEASURED IN $ / BU","TOTAL","NOT SPECIFIED","2.5",""
"SURVEY","1968","JAN","","STATE","NEBRASKA","31","","","","","","","00000000","","SOYBEANS","SOYBEANS - PRICE RECEIVED, MEASURED IN $ / BU","TOTAL","NOT SPECIFIED","2.43",""
"SURVEY","1968","JUL","","STATE","NEBRASKA","31","","","","","","","00000000","","SOYBEANS","SOYBEANS - PRICE RECEIVED, MEASURED IN $ / BU","TOTAL","NOT SPECIFIED","2.5",""
"SURVEY","1968","JUN","","STATE","NEBRASKA","31","","","","","","","00000000","","SOYBEANS","SOYBEANS - PRICE RECEIVED, MEASURED IN $ / BU","TOTAL","NOT SPECIFIED","2.52",""
"SURVEY","1968","MAR","","STATE","NEBRASKA","31","","","","","","","00000000","","SOYBEANS","SOYBEANS - PRICE RECEIVED, MEASURED IN $ / BU","TOTAL","NOT SPECIFIED","2.51",""
"SURVEY","1968","MARKETING YEAR","","STATE","NEBRASKA","31","","","","","","","00000000","","SOYBEANS","SOYBEANS - PRICE RECEIVED, MEASURED IN $ / BU","TOTAL","NOT SPECIFIED","2.38",""
"SURVEY","1968","MAY","","STATE","NEBRASKA","31","","","","","","","00000000","","SOYBEANS","SOYBEANS - PRICE RECEIVED, MEASURED IN $ / BU","TOTAL","NOT SPECIFIED","2.54",""
"SURVEY","1968","NOV","","STATE","NEBRASKA","31","","","","","","","00000000","","SOYBEANS","SOYBEANS - PRICE RECEIVED, MEASURED IN $ / BU","TOTAL","NOT SPECIFIED","2.33",""
"SURVEY","1968","OCT","","STATE","NEBRASKA","31","","","","","","","00000000","","SOYBEANS","SOYBEANS - PRICE RECEIVED, MEASURED IN $ / BU","TOTAL","NOT SPECIFIED","2.29",""
"SURVEY","1968","SEP","","STATE","NEBRASKA","31","","","","","","","00000000","","SOYBEANS","SOYBEANS - PRICE RECEIVED, MEASURED IN $ / BU","TOTAL","NOT SPECIFIED","2.41",""
"SURVEY","1967","APR","","STATE","NEBRASKA","31","","","","","","","00000000","","SOYBEANS","SOYBEANS - PRICE RECEIVED, MEASURED IN $ / BU","TOTAL","NOT SPECIFIED","2.62",""
"SURVEY","1967","AUG","","STATE","NEBRASKA","31","","","","","","","00000000","","SOYBEANS","SOYBEANS - PRICE RECEIVED, MEASURED IN $ / BU","TOTAL","NOT SPECIFIED","2.43",""
"SURVEY","1967","DEC","","STATE","NEBRASKA","31","","","","","","","00000000","","SOYBEANS","SOYBEANS - PRICE RECEIVED, MEASURED IN $ / BU","TOTAL","NOT SPECIFIED","2.4",""
"SURVEY","1967","FEB","","STATE","NEBRASKA","31","","","","","","","00000000","","SOYBEANS","SOYBEANS - PRICE RECEIVED, MEASURED IN $ / BU","TOTAL","NOT SPECIFIED","2.64",""
"SURVEY","1967","JAN","","STATE","NEBRASKA","31","","","","","","","00000000","","SOYBEANS","SOYBEANS - PRICE RECEIVED, MEASURED IN $ / BU","TOTAL","NOT SPECIFIED","2.68",""
"SURVEY","1967","JUL","","STATE","NEBRASKA","31","","","","","","","00000000","","SOYBEANS","SOYBEANS - PRICE RECEIVED, MEASURED IN $ / BU","TOTAL","NOT SPECIFIED","2.55",""
"SURVEY","1967","JUN","","STATE","NEBRASKA","31","","","","","","","00000000","","SOYBEANS","SOYBEANS - PRICE RECEIVED, MEASURED IN $ / BU","TOTAL","NOT SPECIFIED","2.62",""
"SURVEY","1967","MAR","","STATE","NEBRASKA","31","","","","","","","00000000","","SOYBEANS","SOYBEANS - PRICE RECEIVED, MEASURED IN $ / BU","TOTAL","NOT SPECIFIED","2.66",""
"SURVEY","1967","MARKETING YEAR","","STATE","NEBRASKA","31","","","","","","","00000000","","SOYBEANS","SOYBEANS - PRICE RECEIVED, MEASURED IN $ / BU","TOTAL","NOT SPECIFIED","2.44",""
"SURVEY","1967","MAY","","STATE","NEBRASKA","31","","","","","","","00000000","","SOYBEANS","SOYBEANS - PRICE RECEIVED, MEASURED IN $ / BU","TOTAL","NOT SPECIFIED","2.6",""
"SURVEY","1967","NOV","","STATE","NEBRASKA","31","","","","","","","00000000","","SOYBEANS","SOYBEANS - PRICE RECEIVED, MEASURED IN $ / BU","TOTAL","NOT SPECIFIED","2.38",""
"SURVEY","1967","OCT","","STATE","NEBRASKA","31","","","","","","","00000000","","SOYBEANS","SOYBEANS - PRICE RECEIVED, MEASURED IN $ / BU","TOTAL","NOT SPECIFIED","2.4",""
"SURVEY","1967","SEP","","STATE","NEBRASKA","31","","","","","","","00000000","","SOYBEANS","SOYBEANS - PRICE RECEIVED, MEASURED IN $ / BU","TOTAL","NOT SPECIFIED","2.43",""
"SURVEY","1966","APR","","STATE","NEBRASKA","31","","","","","","","00000000","","SOYBEANS","SOYBEANS - PRICE RECEIVED, MEASURED IN $ / BU","TOTAL","NOT SPECIFIED","2.67",""
"SURVEY","1966","AUG","","STATE","NEBRASKA","31","","","","","","","00000000","","SOYBEANS","SOYBEANS - PRICE RECEIVED, MEASURED IN $ / BU","TOTAL","NOT SPECIFIED","3.29",""
"SURVEY","1966","DEC","","STATE","NEBRASKA","31","","","","","","","00000000","","SOYBEANS","SOYBEANS - PRICE RECEIVED, MEASURED IN $ / BU","TOTAL","NOT SPECIFIED","2.75",""
"SURVEY","1966","FEB","","STATE","NEBRASKA","31","","","","","","","00000000","","SOYBEANS","SOYBEANS - PRICE RECEIVED, MEASURED IN $ / BU","TOTAL","NOT SPECIFIED","2.64",""
"SURVEY","1966","JAN","","STATE","NEBRASKA","31","","","","","","","00000000","","SOYBEANS","SOYBEANS - PRICE RECEIVED, MEASURED IN $ / BU","TOTAL","NOT SPECIFIED","2.51",""
"SURVEY","1966","JUL","","STATE","NEBRASKA","31","","","","","","","00000000","","SOYBEANS","SOYBEANS - PRICE RECEIVED, MEASURED IN $ / BU","TOTAL","NOT SPECIFIED","3.27",""
"SURVEY","1966","JUN","","STATE","NEBRASKA","31","","","","","","","00000000","","SOYBEANS","SOYBEANS - PRICE RECEIVED, MEASURED IN $ / BU","TOTAL","NOT SPECIFIED","2.93",""
"SURVEY","1966","MAR","","STATE","NEBRASKA","31","","","","","","","00000000","","SOYBEANS","SOYBEANS - PRICE RECEIVED, MEASURED IN $ / BU","TOTAL","NOT SPECIFIED","2.6",""
"SURVEY","1966","MARKETING YEAR","","STATE","NEBRASKA","31","","","","","","","00000000","","SOYBEANS","SOYBEANS - PRICE RECEIVED, MEASURED IN $ / BU","TOTAL","NOT SPECIFIED","2.64",""
"SURVEY","1966","MAY","","STATE","NEBRASKA","31","","","","","","","00000000","","SOYBEANS","SOYBEANS - PRICE RECEIVED, MEASURED IN $ / BU","TOTAL","NOT SPECIFIED","2.77",""
"SURVEY","1966","NOV","","STATE","NEBRASKA","31","","","","","","","00000000","","SOYBEANS","SOYBEANS - PRICE RECEIVED, MEASURED IN $ / BU","TOTAL","NOT SPECIFIED","2.69",""
"SURVEY","1966","OCT","","STATE","NEBRASKA","31","","","","","","","00000000","","SOYBEANS","SOYBEANS - PRICE RECEIVED, MEASURED IN $ / BU","TOTAL","NOT SPECIFIED","2.68",""
"SURVEY","1966","SEP","","STATE","NEBRASKA","31","","","","","","","00000000","","SOYBEANS","SOYBEANS - PRICE RECEIVED, MEASURED IN $ / BU","TOTAL","NOT SPECIFIED","2.88",""
"SURVEY","1965","APR","","STATE","NEBRASKA","31","","","","","","","00000000","","SOYBEANS","SOYBEANS - PRICE RECEIVED, MEASURED IN $ / BU","TOTAL","NOT SPECIFIED","2.71",""
"SURVEY","1965","AUG","","STATE","NEBRASKA","31","","","","","","","00000000","","SOYBEANS","SOYBEANS - PRICE RECEIVED, MEASURED IN $ / BU","TOTAL","NOT SPECIFIED","2.47",""
"SURVEY","1965","DEC","","STATE","NEBRASKA","31","","","","","","","00000000","","SOYBEANS","SOYBEANS - PRICE RECEIVED, MEASURED IN $ / BU","TOTAL","NOT SPECIFIED","2.37",""
"SURVEY","1965","FEB","","STATE","NEBRASKA","31","","","","","","","00000000","","SOYBEANS","SOYBEANS - PRICE RECEIVED, MEASURED IN $ / BU","TOTAL","NOT SPECIFIED","2.67",""
"SURVEY","1965","JAN","","STATE","NEBRASKA","31","","","","","","","00000000","","SOYBEANS","SOYBEANS - PRICE RECEIVED, MEASURED IN $ / BU","TOTAL","NOT SPECIFIED","2.57",""
"SURVEY","1965","JUL","","STATE","NEBRASKA","31","","","","","","","00000000","","SOYBEANS","SOYBEANS - PRICE RECEIVED, MEASURED IN $ / BU","TOTAL","NOT SPECIFIED","2.55",""
"SURVEY","1965","JUN","","STATE","NEBRASKA","31","","","","","","","00000000","","SOYBEANS","SOYBEANS - PRICE RECEIVED, MEASURED IN $ / BU","TOTAL","NOT SPECIFIED","2.61",""
"SURVEY","1965","MAR","","STATE","NEBRASKA","31","","","","","","","00000000","","SOYBEANS","SOYBEANS - PRICE RECEIVED, MEASURED IN $ / BU","TOTAL","NOT SPECIFIED","2.71",""
"SURVEY","1965","MARKETING YEAR","","STATE","NEBRASKA","31","","","","","","","00000000","","SOYBEANS","SOYBEANS - PRICE RECEIVED, MEASURED IN $ / BU","TOTAL","NOT SPECIFIED","2.42",""
"SURVEY","1965","MAY","","STATE","NEBRASKA","31","","","","","","","00000000","","SOYBEANS","SOYBEANS - PRICE RECEIVED, MEASURED IN $ / BU","TOTAL","NOT SPECIFIED","2.59",""
"SURVEY","1965","NOV","","STATE","NEBRASKA","31","","","","","","","00000000","","SOYBEANS","SOYBEANS - PRICE RECEIVED, MEASURED IN $ / BU","TOTAL","NOT SPECIFIED","2.24",""
"SURVEY","1965","OCT","","STATE","NEBRASKA","31","","","","","","","00000000","","SOYBEANS","SOYBEANS - PRICE RECEIVED, MEASURED IN $ / BU","TOTAL","NOT SPECIFIED","2.19",""
"SURVEY","1965","SEP","","STATE","NEBRASKA","31","","","","","","","00000000","","SOYBEANS","SOYBEANS - PRICE RECEIVED, MEASURED IN $ / BU","TOTAL","NOT SPECIFIED","2.25",""
"SURVEY","1964","APR","","STATE","NEBRASKA","31","","","","","","","00000000","","SOYBEANS","SOYBEANS - PRICE RECEIVED, MEASURED IN $ / BU","TOTAL","NOT SPECIFIED","2.41",""
"SURVEY","1964","AUG","","STATE","NEBRASKA","31","","","","","","","00000000","","SOYBEANS","SOYBEANS - PRICE RECEIVED, MEASURED IN $ / BU","TOTAL","NOT SPECIFIED","2.29",""
"SURVEY","1964","DEC","","STATE","NEBRASKA","31","","","","","","","00000000","","SOYBEANS","SOYBEANS - PRICE RECEIVED, MEASURED IN $ / BU","TOTAL","NOT SPECIFIED","2.58",""
"SURVEY","1964","FEB","","STATE","NEBRASKA","31","","","","","","","00000000","","SOYBEANS","SOYBEANS - PRICE RECEIVED, MEASURED IN $ / BU","TOTAL","NOT SPECIFIED","2.46",""
"SURVEY","1964","JAN","","STATE","NEBRASKA","31","","","","","","","00000000","","SOYBEANS","SOYBEANS - PRICE RECEIVED, MEASURED IN $ / BU","TOTAL","NOT SPECIFIED","2.53",""
"SURVEY","1964","JUL","","STATE","NEBRASKA","31","","","","","","","00000000","","SOYBEANS","SOYBEANS - PRICE RECEIVED, MEASURED IN $ / BU","TOTAL","NOT SPECIFIED","2.28",""
"SURVEY","1964","JUN","","STATE","NEBRASKA","31","","","","","","","00000000","","SOYBEANS","SOYBEANS - PRICE RECEIVED, MEASURED IN $ / BU","TOTAL","NOT SPECIFIED","2.28",""
"SURVEY","1964","MAR","","STATE","NEBRASKA","31","","","","","","","00000000","","SOYBEANS","SOYBEANS - PRICE RECEIVED, MEASURED IN $ / BU","TOTAL","NOT SPECIFIED","2.45",""
"SURVEY","1964","MARKETING YEAR","","STATE","NEBRASKA","31","","","","","","","00000000","","SOYBEANS","SOYBEANS - PRICE RECEIVED, MEASURED IN $ / BU","TOTAL","NOT SPECIFIED","2.48",""
"SURVEY","1964","MAY","","STATE","NEBRASKA","31","","","","","","","00000000","","SOYBEANS","SOYBEANS - PRICE RECEIVED, MEASURED IN $ / BU","TOTAL","NOT SPECIFIED","2.3",""
"SURVEY","1964","NOV","","STATE","NEBRASKA","31","","","","","","","00000000","","SOYBEANS","SOYBEANS - PRICE RECEIVED, MEASURED IN $ / BU","TOTAL","NOT SPECIFIED","2.47",""
"SURVEY","1964","OCT","","STATE","NEBRASKA","31","","","","","","","00000000","","SOYBEANS","SOYBEANS - PRICE RECEIVED, MEASURED IN $ / BU","TOTAL","NOT SPECIFIED","2.45",""
"SURVEY","1964","SEP","","STATE","NEBRASKA","31","","","","","","","00000000","","SOYBEANS","SOYBEANS - PRICE RECEIVED, MEASURED IN $ / BU","TOTAL","NOT SPECIFIED","2.36",""
"SURVEY","1963","APR","","STATE","NEBRASKA","31","","","","","","","00000000","","SOYBEANS","SOYBEANS - PRICE RECEIVED, MEASURED IN $ / BU","TOTAL","NOT SPECIFIED","2.32",""
"SURVEY","1963","AUG","","STATE","NEBRASKA","31","","","","","","","00000000","","SOYBEANS","SOYBEANS - PRICE RECEIVED, MEASURED IN $ / BU","TOTAL","NOT SPECIFIED","2.28",""
"SURVEY","1963","DEC","","STATE","NEBRASKA","31","","","","","","","00000000","","SOYBEANS","SOYBEANS - PRICE RECEIVED, MEASURED IN $ / BU","TOTAL","NOT SPECIFIED","2.44",""
"SURVEY","1963","FEB","","STATE","NEBRASKA","31","","","","","","","00000000","","SOYBEANS","SOYBEANS - PRICE RECEIVED, MEASURED IN $ / BU","TOTAL","NOT SPECIFIED","2.29",""
"SURVEY","1963","JAN","","STATE","NEBRASKA","31","","","","","","","00000000","","SOYBEANS","SOYBEANS - PRICE RECEIVED, MEASURED IN $ / BU","TOTAL","NOT SPECIFIED","2.22",""
"SURVEY","1963","JUL","","STATE","NEBRASKA","31","","","","","","","00000000","","SOYBEANS","SOYBEANS - PRICE RECEIVED, MEASURED IN $ / BU","TOTAL","NOT SPECIFIED","2.28",""
"SURVEY","1963","JUN","","STATE","NEBRASKA","31","","","","","","","00000000","","SOYBEANS","SOYBEANS - PRICE RECEIVED, MEASURED IN $ / BU","TOTAL","NOT SPECIFIED","2.33",""
"SURVEY","1963","MAR","","STATE","NEBRASKA","31","","","","","","","00000000","","SOYBEANS","SOYBEANS - PRICE RECEIVED, MEASURED IN $ / BU","TOTAL","NOT SPECIFIED","2.35",""
"SURVEY","1963","MARKETING YEAR","","STATE","NEBRASKA","31","","","","","","","00000000","","SOYBEANS","SOYBEANS - PRICE RECEIVED, MEASURED IN $ / BU","TOTAL","NOT SPECIFIED","2.42",""
"SURVEY","1963","MAY","","STATE","NEBRASKA","31","","","","","","","00000000","","SOYBEANS","SOYBEANS - PRICE RECEIVED, MEASURED IN $ / BU","TOTAL","NOT SPECIFIED","2.33",""
"SURVEY","1963","NOV","","STATE","NEBRASKA","31","","","","","","","00000000","","SOYBEANS","SOYBEANS - PRICE RECEIVED, MEASURED IN $ / BU","TOTAL","NOT SPECIFIED","2.55",""
"SURVEY","1963","OCT","","STATE","NEBRASKA","31","","","","","","","00000000","","SOYBEANS","SOYBEANS - PRICE RECEIVED, MEASURED IN $ / BU","TOTAL","NOT SPECIFIED","2.44",""
"SURVEY","1963","SEP","","STATE","NEBRASKA","31","","","","","","","00000000","","SOYBEANS","SOYBEANS - PRICE RECEIVED, MEASURED IN $ / BU","TOTAL","NOT SPECIFIED","2.31",""
"SURVEY","1962","APR","","STATE","NEBRASKA","31","","","","","","","00000000","","SOYBEANS","SOYBEANS - PRICE RECEIVED, MEASURED IN $ / BU","TOTAL","NOT SPECIFIED","2.25",""
"SURVEY","1962","AUG","","STATE","NEBRASKA","31","","","","","","","00000000","","SOYBEANS","SOYBEANS - PRICE RECEIVED, MEASURED IN $ / BU","TOTAL","NOT SPECIFIED","2.19",""
"SURVEY","1962","DEC","","STATE","NEBRASKA","31","","","","","","","00000000","","SOYBEANS","SOYBEANS - PRICE RECEIVED, MEASURED IN $ / BU","TOTAL","NOT SPECIFIED","2.18",""
"SURVEY","1962","FEB","","STATE","NEBRASKA","31","","","","","","","00000000","","SOYBEANS","SOYBEANS - PRICE RECEIVED, MEASURED IN $ / BU","TOTAL","NOT SPECIFIED","2.23",""
"SURVEY","1962","JAN","","STATE","NEBRASKA","31","","","","","","","00000000","","SOYBEANS","SOYBEANS - PRICE RECEIVED, MEASURED IN $ / BU","TOTAL","NOT SPECIFIED","2.22",""
"SURVEY","1962","JUL","","STATE","NEBRASKA","31","","","","","","","00000000","","SOYBEANS","SOYBEANS - PRICE RECEIVED, MEASURED IN $ / BU","TOTAL","NOT SPECIFIED","2.21",""
"SURVEY","1962","JUN","","STATE","NEBRASKA","31","","","","","","","00000000","","SOYBEANS","SOYBEANS - PRICE RECEIVED, MEASURED IN $ / BU","TOTAL","NOT SPECIFIED","2.21",""
"SURVEY","1962","MAR","","STATE","NEBRASKA","31","","","","","","","00000000","","SOYBEANS","SOYBEANS - PRICE RECEIVED, MEASURED IN $ / BU","TOTAL","NOT SPECIFIED","2.22",""
"SURVEY","1962","MARKETING YEAR","","STATE","NEBRASKA","31","","","","","","","00000000","","SOYBEANS","SOYBEANS - PRICE RECEIVED, MEASURED IN $ / BU","TOTAL","NOT SPECIFIED","2.23",""
"SURVEY","1962","MAY","","STATE","NEBRASKA","31","","","","","","","00000000","","SOYBEANS","SOYBEANS - PRICE RECEIVED, MEASURED IN $ / BU","TOTAL","NOT SPECIFIED","2.24",""
"SURVEY","1962","NOV","","STATE","NEBRASKA","31","","","","","","","00000000","","SOYBEANS","SOYBEANS - PRICE RECEIVED, MEASURED IN $ / BU","TOTAL","NOT SPECIFIED","2.16",""
"SURVEY","1962","OCT","","STATE","NEBRASKA","31","","","","","","","00000000","","SOYBEANS","SOYBEANS - PRICE RECEIVED, MEASURED IN $ / BU","TOTAL","NOT SPECIFIED","2.13",""
"SURVEY","1962","SEP","","STATE","NEBRASKA","31","","","","","","","00000000","","SOYBEANS","SOYBEANS - PRICE RECEIVED, MEASURED IN $ / BU","TOTAL","NOT SPECIFIED","2.15",""
"SURVEY","1961","APR","","STATE","NEBRASKA","31","","","","","","","00000000","","SOYBEANS","SOYBEANS - PRICE RECEIVED, MEASURED IN $ / BU","TOTAL","NOT SPECIFIED","2.82",""
"SURVEY","1961","AUG","","STATE","NEBRASKA","31","","","","","","","00000000","","SOYBEANS","SOYBEANS - PRICE RECEIVED, MEASURED IN $ / BU","TOTAL","NOT SPECIFIED","2.36",""
"SURVEY","1961","DEC","","STATE","NEBRASKA","31","","","","","","","00000000","","SOYBEANS","SOYBEANS - PRICE RECEIVED, MEASURED IN $ / BU","TOTAL","NOT SPECIFIED","2.19",""
"SURVEY","1961","FEB","","STATE","NEBRASKA","31","","","","","","","00000000","","SOYBEANS","SOYBEANS - PRICE RECEIVED, MEASURED IN $ / BU","TOTAL","NOT SPECIFIED","2.28",""
"SURVEY","1961","JAN","","STATE","NEBRASKA","31","","","","","","","00000000","","SOYBEANS","SOYBEANS - PRICE RECEIVED, MEASURED IN $ / BU","TOTAL","NOT SPECIFIED","2.07",""
"SURVEY","1961","JUL","","STATE","NEBRASKA","31","","","","","","","00000000","","SOYBEANS","SOYBEANS - PRICE RECEIVED, MEASURED IN $ / BU","TOTAL","NOT SPECIFIED","2.39",""
"SURVEY","1961","JUN","","STATE","NEBRASKA","31","","","","","","","00000000","","SOYBEANS","SOYBEANS - PRICE RECEIVED, MEASURED IN $ / BU","TOTAL","NOT SPECIFIED","2.43",""
"SURVEY","1961","MAR","","STATE","NEBRASKA","31","","","","","","","00000000","","SOYBEANS","SOYBEANS - PRICE RECEIVED, MEASURED IN $ / BU","TOTAL","NOT SPECIFIED","2.46",""
"SURVEY","1961","MARKETING YEAR","","STATE","NEBRASKA","31","","","","","","","00000000","","SOYBEANS","SOYBEANS - PRICE RECEIVED, MEASURED IN $ / BU","TOTAL","NOT SPECIFIED","2.17",""
"SURVEY","1961","MAY","","STATE","NEBRASKA","31","","","","","","","00000000","","SOYBEANS","SOYBEANS - PRICE RECEIVED, MEASURED IN $ / BU","TOTAL","NOT SPECIFIED","2.82",""
"SURVEY","1961","NOV","","STATE","NEBRASKA","31","","","","","","","00000000","","SOYBEANS","SOYBEANS - PRICE RECEIVED, MEASURED IN $ / BU","TOTAL","NOT SPECIFIED","2.14",""
"SURVEY","1961","OCT","","STATE","NEBRASKA","31","","","","","","","00000000","","SOYBEANS","SOYBEANS - PRICE RECEIVED, MEASURED IN $ / BU","TOTAL","NOT SPECIFIED","2.09",""
"SURVEY","1961","SEP","","STATE","NEBRASKA","31","","","","","","","00000000","","SOYBEANS","SOYBEANS - PRICE RECEIVED, MEASURED IN $ / BU","TOTAL","NOT SPECIFIED","2.12",""
"SURVEY","1960","APR","","STATE","NEBRASKA","31","","","","","","","00000000","","SOYBEANS","SOYBEANS - PRICE RECEIVED, MEASURED IN $ / BU","TOTAL","NOT SPECIFIED","1.87",""
"SURVEY","1960","AUG","","STATE","NEBRASKA","31","","","","","","","00000000","","SOYBEANS","SOYBEANS - PRICE RECEIVED, MEASURED IN $ / BU","TOTAL","NOT SPECIFIED","1.85",""
"SURVEY","1960","DEC","","STATE","NEBRASKA","31","","","","","","","00000000","","SOYBEANS","SOYBEANS - PRICE RECEIVED, MEASURED IN $ / BU","TOTAL","NOT SPECIFIED","1.85",""
"SURVEY","1960","FEB","","STATE","NEBRASKA","31","","","","","","","00000000","","SOYBEANS","SOYBEANS - PRICE RECEIVED, MEASURED IN $ / BU","TOTAL","NOT SPECIFIED","1.84",""
"SURVEY","1960","JAN","","STATE","NEBRASKA","31","","","","","","","00000000","","SOYBEANS","SOYBEANS - PRICE RECEIVED, MEASURED IN $ / BU","TOTAL","NOT SPECIFIED","1.85",""
"SURVEY","1960","JUL","","STATE","NEBRASKA","31","","","","","","","00000000","","SOYBEANS","SOYBEANS - PRICE RECEIVED, MEASURED IN $ / BU","TOTAL","NOT SPECIFIED","1.83",""
"SURVEY","1960","JUN","","STATE","NEBRASKA","31","","","","","","","00000000","","SOYBEANS","SOYBEANS - PRICE RECEIVED, MEASURED IN $ / BU","TOTAL","NOT SPECIFIED","1.85",""
"SURVEY","1960","MAR","","STATE","NEBRASKA","31","","","","","","","00000000","","SOYBEANS","SOYBEANS - PRICE RECEIVED, MEASURED IN $ / BU","TOTAL","NOT SPECIFIED","1.82",""
"SURVEY","1960","MARKETING YEAR","","STATE","NEBRASKA","31","","","","","","","00000000","","SOYBEANS","SOYBEANS - PRICE RECEIVED, MEASURED IN $ / BU","TOTAL","NOT SPECIFIED","1.94",""
"SURVEY","1960","MAY","","STATE","NEBRASKA","31","","","","","","","00000000","","SOYBEANS","SOYBEANS - PRICE RECEIVED, MEASURED IN $ / BU","TOTAL","NOT SPECIFIED","1.86",""
"SURVEY","1960","NOV","","STATE","NEBRASKA","31","","","","","","","00000000","","SOYBEANS","SOYBEANS - PRICE RECEIVED, MEASURED IN $ / BU","TOTAL","NOT SPECIFIED","1.83",""
"SURVEY","1960","OCT","","STATE","NEBRASKA","31","","","","","","","00000000","","SOYBEANS","SOYBEANS - PRICE RECEIVED, MEASURED IN $ / BU","TOTAL","NOT SPECIFIED","1.81",""
"SURVEY","1960","SEP","","STATE","NEBRASKA","31","","","","","","","00000000","","SOYBEANS","SOYBEANS - PRICE RECEIVED, MEASURED IN $ / BU","TOTAL","NOT SPECIFIED","1.82",""
"SURVEY","1959","APR","","STATE","NEBRASKA","31","","","","","","","00000000","","SOYBEANS","SOYBEANS - PRICE RECEIVED, MEASURED IN $ / BU","TOTAL","NOT SPECIFIED","2.01",""
"SURVEY","1959","AUG","","STATE","NEBRASKA","31","","","","","","","00000000","","SOYBEANS","SOYBEANS - PRICE RECEIVED, MEASURED IN $ / BU","TOTAL","NOT SPECIFIED","1.89",""
"SURVEY","1959","DEC","","STATE","NEBRASKA","31","","","","","","","00000000","","SOYBEANS","SOYBEANS - PRICE RECEIVED, MEASURED IN $ / BU","TOTAL","NOT SPECIFIED","1.81",""
"SURVEY","1959","FEB","","STATE","NEBRASKA","31","","","","","","","00000000","","SOYBEANS","SOYBEANS - PRICE RECEIVED, MEASURED IN $ / BU","TOTAL","NOT SPECIFIED","1.95",""
"SURVEY","1959","JAN","","STATE","NEBRASKA","31","","","","","","","00000000","","SOYBEANS","SOYBEANS - PRICE RECEIVED, MEASURED IN $ / BU","TOTAL","NOT SPECIFIED","1.94",""
"SURVEY","1959","JUL","","STATE","NEBRASKA","31","","","","","","","00000000","","SOYBEANS","SOYBEANS - PRICE RECEIVED, MEASURED IN $ / BU","TOTAL","NOT SPECIFIED","1.97",""
"SURVEY","1959","JUN","","STATE","NEBRASKA","31","","","","","","","00000000","","SOYBEANS","SOYBEANS - PRICE RECEIVED, MEASURED IN $ / BU","TOTAL","NOT SPECIFIED","2.01",""
"SURVEY","1959","MAR","","STATE","NEBRASKA","31","","","","","","","00000000","","SOYBEANS","SOYBEANS - PRICE RECEIVED, MEASURED IN $ / BU","TOTAL","NOT SPECIFIED","1.97",""
"SURVEY","1959","MARKETING YEAR","","STATE","NEBRASKA","31","","","","","","","00000000","","SOYBEANS","SOYBEANS - PRICE RECEIVED, MEASURED IN $ / BU","TOTAL","NOT SPECIFIED","1.85",""
"SURVEY","1959","MAY","","STATE","NEBRASKA","31","","","","","","","00000000","","SOYBEANS","SOYBEANS - PRICE RECEIVED, MEASURED IN $ / BU","TOTAL","NOT SPECIFIED","2.04",""
"SURVEY","1959","NOV","","STATE","NEBRASKA","31","","","","","","","00000000","","SOYBEANS","SOYBEANS - PRICE RECEIVED, MEASURED IN $ / BU","TOTAL","NOT SPECIFIED","1.9",""
"SURVEY","1959","OCT","","STATE","NEBRASKA","31","","","","","","","00000000","","SOYBEANS","SOYBEANS - PRICE RECEIVED, MEASURED IN $ / BU","TOTAL","NOT SPECIFIED","1.84",""
"SURVEY","1959","SEP","","STATE","NEBRASKA","31","","","","","","","00000000","","SOYBEANS","SOYBEANS - PRICE RECEIVED, MEASURED IN $ / BU","TOTAL","NOT SPECIFIED","1.81",""
"SURVEY","1958","APR","","STATE","NEBRASKA","31","","","","","","","00000000","","SOYBEANS","SOYBEANS - PRICE RECEIVED, MEASURED IN $ / BU","TOTAL","NOT SPECIFIED","2.05",""
"SURVEY","1958","AUG","","STATE","NEBRASKA","31","","","","","","","00000000","","SOYBEANS","SOYBEANS - PRICE RECEIVED, MEASURED IN $ / BU","TOTAL","NOT SPECIFIED","1.97",""
"SURVEY","1958","DEC","","STATE","NEBRASKA","31","","","","","","","00000000","","SOYBEANS","SOYBEANS - PRICE RECEIVED, MEASURED IN $ / BU","TOTAL","NOT SPECIFIED","1.93",""
"SURVEY","1958","FEB","","STATE","NEBRASKA","31","","","","","","","00000000","","SOYBEANS","SOYBEANS - PRICE RECEIVED, MEASURED IN $ / BU","TOTAL","NOT SPECIFIED","1.94",""
"SURVEY","1958","JAN","","STATE","NEBRASKA","31","","","","","","","00000000","","SOYBEANS","SOYBEANS - PRICE RECEIVED, MEASURED IN $ / BU","TOTAL","NOT SPECIFIED","1.93",""
"SURVEY","1958","JUL","","STATE","NEBRASKA","31","","","","","","","00000000","","SOYBEANS","SOYBEANS - PRICE RECEIVED, MEASURED IN $ / BU","TOTAL","NOT SPECIFIED","2.02",""
"SURVEY","1958","JUN","","STATE","NEBRASKA","31","","","","","","","00000000","","SOYBEANS","SOYBEANS - PRICE RECEIVED, MEASURED IN $ / BU","TOTAL","NOT SPECIFIED","2.05",""
"SURVEY","1958","MAR","","STATE","NEBRASKA","31","","","","","","","00000000","","SOYBEANS","SOYBEANS - PRICE RECEIVED, MEASURED IN $ / BU","TOTAL","NOT SPECIFIED","2.02",""
"SURVEY","1958","MARKETING YEAR","","STATE","NEBRASKA","31","","","","","","","00000000","","SOYBEANS","SOYBEANS - PRICE RECEIVED, MEASURED IN $ / BU","TOTAL","NOT SPECIFIED","1.94",""
"SURVEY","1958","MAY","","STATE","NEBRASKA","31","","","","","","","00000000","","SOYBEANS","SOYBEANS - PRICE RECEIVED, MEASURED IN $ / BU","TOTAL","NOT SPECIFIED","2.05",""
"SURVEY","1958","NOV","","STATE","NEBRASKA","31","","","","","","","00000000","","SOYBEANS","SOYBEANS - PRICE RECEIVED, MEASURED IN $ / BU","TOTAL","NOT SPECIFIED","1.78",""
"SURVEY","1958","OCT","","STATE","NEBRASKA","31","","","","","","","00000000","","SOYBEANS","SOYBEANS - PRICE RECEIVED, MEASURED IN $ / BU","TOTAL","NOT SPECIFIED","1.8",""
"SURVEY","1958","SEP","","STATE","NEBRASKA","31","","","","","","","00000000","","SOYBEANS","SOYBEANS - PRICE RECEIVED, MEASURED IN $ / BU","TOTAL","NOT SPECIFIED","1.93",""
"SURVEY","1957","APR","","STATE","NEBRASKA","31","","","","","","","00000000","","SOYBEANS","SOYBEANS - PRICE RECEIVED, MEASURED IN $ / BU","TOTAL","NOT SPECIFIED","2.14",""
"SURVEY","1957","AUG","","STATE","NEBRASKA","31","","","","","","","00000000","","SOYBEANS","SOYBEANS - PRICE RECEIVED, MEASURED IN $ / BU","TOTAL","NOT SPECIFIED","2.12",""
"SURVEY","1957","DEC","","STATE","NEBRASKA","31","","","","","","","00000000","","SOYBEANS","SOYBEANS - PRICE RECEIVED, MEASURED IN $ / BU","TOTAL","NOT SPECIFIED","1.93",""
"SURVEY","1957","FEB","","STATE","NEBRASKA","31","","","","","","","00000000","","SOYBEANS","SOYBEANS - PRICE RECEIVED, MEASURED IN $ / BU","TOTAL","NOT SPECIFIED","2.16",""
"SURVEY","1957","JAN","","STATE","NEBRASKA","31","","","","","","","00000000","","SOYBEANS","SOYBEANS - PRICE RECEIVED, MEASURED IN $ / BU","TOTAL","NOT SPECIFIED","2.22",""
"SURVEY","1957","JUL","","STATE","NEBRASKA","31","","","","","","","00000000","","SOYBEANS","SOYBEANS - PRICE RECEIVED, MEASURED IN $ / BU","TOTAL","NOT SPECIFIED","2.12",""
"SURVEY","1957","JUN","","STATE","NEBRASKA","31","","","","","","","00000000","","SOYBEANS","SOYBEANS - PRICE RECEIVED, MEASURED IN $ / BU","TOTAL","NOT SPECIFIED","2.08",""
"SURVEY","1957","MAR","","STATE","NEBRASKA","31","","","","","","","00000000","","SOYBEANS","SOYBEANS - PRICE RECEIVED, MEASURED IN $ / BU","TOTAL","NOT SPECIFIED","2.14",""
"SURVEY","1957","MARKETING YEAR","","STATE","NEBRASKA","31","","","","","","","00000000","","SOYBEANS","SOYBEANS - PRICE RECEIVED, MEASURED IN $ / BU","TOTAL","NOT SPECIFIED","1.95",""
"SURVEY","1957","MAY","","STATE","NEBRASKA","31","","","","","","","00000000","","SOYBEANS","SOYBEANS - PRICE RECEIVED, MEASURED IN $ / BU","TOTAL","NOT SPECIFIED","2.17",""
"SURVEY","1957","NOV","","STATE","NEBRASKA","31","","","","","","","00000000","","SOYBEANS","SOYBEANS - PRICE RECEIVED, MEASURED IN $ / BU","TOTAL","NOT SPECIFIED","1.91",""
"SURVEY","1957","OCT","","STATE","NEBRASKA","31","","","","","","","00000000","","SOYBEANS","SOYBEANS - PRICE RECEIVED, MEASURED IN $ / BU","TOTAL","NOT SPECIFIED","1.93",""
"SURVEY","1957","SEP","","STATE","NEBRASKA","31","","","","","","","00000000","","SOYBEANS","SOYBEANS - PRICE RECEIVED, MEASURED IN $ / BU","TOTAL","NOT SPECIFIED","1.98",""
"SURVEY","1956","APR","","STATE","NEBRASKA","31","","","","","","","00000000","","SOYBEANS","SOYBEANS - PRICE RECEIVED, MEASURED IN $ / BU","TOTAL","NOT SPECIFIED","2.5",""
"SURVEY","1956","AUG","","STATE","NEBRASKA","31","","","","","","","00000000","","SOYBEANS","SOYBEANS - PRICE RECEIVED, MEASURED IN $ / BU","TOTAL","NOT SPECIFIED","2.17",""
"SURVEY","1956","DEC","","STATE","NEBRASKA","31","","","","","","","00000000","","SOYBEANS","SOYBEANS - PRICE RECEIVED, MEASURED IN $ / BU","TOTAL","NOT SPECIFIED","2.17",""
"SURVEY","1956","FEB","","STATE","NEBRASKA","31","","","","","","","00000000","","SOYBEANS","SOYBEANS - PRICE RECEIVED, MEASURED IN $ / BU","TOTAL","NOT SPECIFIED","2.17",""
"SURVEY","1956","JAN","","STATE","NEBRASKA","31","","","","","","","00000000","","SOYBEANS","SOYBEANS - PRICE RECEIVED, MEASURED IN $ / BU","TOTAL","NOT SPECIFIED","2.05",""
"SURVEY","1956","JUL","","STATE","NEBRASKA","31","","","","","","","00000000","","SOYBEANS","SOYBEANS - PRICE RECEIVED, MEASURED IN $ / BU","TOTAL","NOT SPECIFIED","2.34",""
"SURVEY","1956","JUN","","STATE","NEBRASKA","31","","","","","","","00000000","","SOYBEANS","SOYBEANS - PRICE RECEIVED, MEASURED IN $ / BU","TOTAL","NOT SPECIFIED","2.71",""
"SURVEY","1956","MAR","","STATE","NEBRASKA","31","","","","","","","00000000","","SOYBEANS","SOYBEANS - PRICE RECEIVED, MEASURED IN $ / BU","TOTAL","NOT SPECIFIED","2.26",""
"SURVEY","1956","MARKETING YEAR","","STATE","NEBRASKA","31","","","","","","","00000000","","SOYBEANS","SOYBEANS - PRICE RECEIVED, MEASURED IN $ / BU","TOTAL","NOT SPECIFIED","2.1",""
"SURVEY","1956","MAY","","STATE","NEBRASKA","31","","","","","","","00000000","","SOYBEANS","SOYBEANS - PRICE RECEIVED, MEASURED IN $ / BU","TOTAL","NOT SPECIFIED","2.85",""
"SURVEY","1956","NOV","","STATE","NEBRASKA","31","","","","","","","00000000","","SOYBEANS","SOYBEANS - PRICE RECEIVED, MEASURED IN $ / BU","TOTAL","NOT SPECIFIED","2.17",""
"SURVEY","1956","OCT","","STATE","NEBRASKA","31","","","","","","","00000000","","SOYBEANS","SOYBEANS - PRICE RECEIVED, MEASURED IN $ / BU","TOTAL","NOT SPECIFIED","2.02",""
"SURVEY","1956","SEP","","STATE","NEBRASKA","31","","","","","","","00000000","","SOYBEANS","SOYBEANS - PRICE RECEIVED, MEASURED IN $ / BU","TOTAL","NOT SPECIFIED","1.99",""
"SURVEY","1955","APR","","STATE","NEBRASKA","31","","","","","","","00000000","","SOYBEANS","SOYBEANS - PRICE RECEIVED, MEASURED IN $ / BU","TOTAL","NOT SPECIFIED","2.23",""
"SURVEY","1955","AUG","","STATE","NEBRASKA","31","","","","","","","00000000","","SOYBEANS","SOYBEANS - PRICE RECEIVED, MEASURED IN $ / BU","TOTAL","NOT SPECIFIED","2.09",""
"SURVEY","1955","DEC","","STATE","NEBRASKA","31","","","","","","","00000000","","SOYBEANS","SOYBEANS - PRICE RECEIVED, MEASURED IN $ / BU","TOTAL","NOT SPECIFIED","1.98",""
"SURVEY","1955","FEB","","STATE","NEBRASKA","31","","","","","","","00000000","","SOYBEANS","SOYBEANS - PRICE RECEIVED, MEASURED IN $ / BU","TOTAL","NOT SPECIFIED","2.5",""
"SURVEY","1955","JAN","","STATE","NEBRASKA","31","","","","","","","00000000","","SOYBEANS","SOYBEANS - PRICE RECEIVED, MEASURED IN $ / BU","TOTAL","NOT SPECIFIED","2.47",""
"SURVEY","1955","JUL","","STATE","NEBRASKA","31","","","","","","","00000000","","SOYBEANS","SOYBEANS - PRICE RECEIVED, MEASURED IN $ / BU","TOTAL","NOT SPECIFIED","2.11",""
"SURVEY","1955","JUN","","STATE","NEBRASKA","31","","","","","","","00000000","","SOYBEANS","SOYBEANS - PRICE RECEIVED, MEASURED IN $ / BU","TOTAL","NOT SPECIFIED","2.22",""
"SURVEY","1955","MAR","","STATE","NEBRASKA","31","","","","","","","00000000","","SOYBEANS","SOYBEANS - PRICE RECEIVED, MEASURED IN $ / BU","TOTAL","NOT SPECIFIED","2.4",""
"SURVEY","1955","MARKETING YEAR","","STATE","NEBRASKA","31","","","","","","","00000000","","SOYBEANS","SOYBEANS - PRICE RECEIVED, MEASURED IN $ / BU","TOTAL","NOT SPECIFIED","2.11",""
"SURVEY","1955","MAY","","STATE","NEBRASKA","31","","","","","","","00000000","","SOYBEANS","SOYBEANS - PRICE RECEIVED, MEASURED IN $ / BU","TOTAL","NOT SPECIFIED","2.23",""
"SURVEY","1955","NOV","","STATE","NEBRASKA","31","","","","","","","00000000","","SOYBEANS","SOYBEANS - PRICE RECEIVED, MEASURED IN $ / BU","TOTAL","NOT SPECIFIED","1.97",""
"SURVEY","1955","OCT","","STATE","NEBRASKA","31","","","","","","","00000000","","SOYBEANS","SOYBEANS - PRICE RECEIVED, MEASURED IN $ / BU","TOTAL","NOT SPECIFIED","1.98",""
"SURVEY","1955","SEP","","STATE","NEBRASKA","31","","","","","","","00000000","","SOYBEANS","SOYBEANS - PRICE RECEIVED, MEASURED IN $ / BU","TOTAL","NOT SPECIFIED","1.95",""
"SURVEY","1954","APR","","STATE","NEBRASKA","31","","","","","","","00000000","","SOYBEANS","SOYBEANS - PRICE RECEIVED, MEASURED IN $ / BU","TOTAL","NOT SPECIFIED","3.3",""
"SURVEY","1954","AUG","","STATE","NEBRASKA","31","","","","","","","00000000","","SOYBEANS","SOYBEANS - PRICE RECEIVED, MEASURED IN $ / BU","TOTAL","NOT SPECIFIED","2.98",""
"SURVEY","1954","DEC","","STATE","NEBRASKA","31","","","","","","","00000000","","SOYBEANS","SOYBEANS - PRICE RECEIVED, MEASURED IN $ / BU","TOTAL","NOT SPECIFIED","2.47",""
"SURVEY","1954","FEB","","STATE","NEBRASKA","31","","","","","","","00000000","","SOYBEANS","SOYBEANS - PRICE RECEIVED, MEASURED IN $ / BU","TOTAL","NOT SPECIFIED","2.81",""
"SURVEY","1954","JAN","","STATE","NEBRASKA","31","","","","","","","00000000","","SOYBEANS","SOYBEANS - PRICE RECEIVED, MEASURED IN $ / BU","TOTAL","NOT SPECIFIED","2.68",""
"SURVEY","1954","JUL","","STATE","NEBRASKA","31","","","","","","","00000000","","SOYBEANS","SOYBEANS - PRICE RECEIVED, MEASURED IN $ / BU","TOTAL","NOT SPECIFIED","3.32",""
"SURVEY","1954","JUN","","STATE","NEBRASKA","31","","","","","","","00000000","","SOYBEANS","SOYBEANS - PRICE RECEIVED, MEASURED IN $ / BU","TOTAL","NOT SPECIFIED","3.27",""
"SURVEY","1954","MAR","","STATE","NEBRASKA","31","","","","","","","00000000","","SOYBEANS","SOYBEANS - PRICE RECEIVED, MEASURED IN $ / BU","TOTAL","NOT SPECIFIED","3.05",""
"SURVEY","1954","MARKETING YEAR","","STATE","NEBRASKA","31","","","","","","","00000000","","SOYBEANS","SOYBEANS - PRICE RECEIVED, MEASURED IN $ / BU","TOTAL","NOT SPECIFIED","2.34",""
"SURVEY","1954","MAY","","STATE","NEBRASKA","31","","","","","","","00000000","","SOYBEANS","SOYBEANS - PRICE RECEIVED, MEASURED IN $ / BU","TOTAL","NOT SPECIFIED","3.4",""
"SURVEY","1954","NOV","","STATE","NEBRASKA","31","","","","","","","00000000","","SOYBEANS","SOYBEANS - PRICE RECEIVED, MEASURED IN $ / BU","TOTAL","NOT SPECIFIED","2.48",""
"SURVEY","1954","OCT","","STATE","NEBRASKA","31","","","","","","","00000000","","SOYBEANS","SOYBEANS - PRICE RECEIVED, MEASURED IN $ / BU","TOTAL","NOT SPECIFIED","2.43",""
"SURVEY","1954","SEP","","STATE","NEBRASKA","31","","","","","","","00000000","","SOYBEANS","SOYBEANS - PRICE RECEIVED, MEASURED IN $ / BU","TOTAL","NOT SPECIFIED","2.36",""
"SURVEY","1953","APR","","STATE","NEBRASKA","31","","","","","","","00000000","","SOYBEANS","SOYBEANS - PRICE RECEIVED, MEASURED IN $ / BU","TOTAL","NOT SPECIFIED","2.7",""
"SURVEY","1953","AUG","","STATE","NEBRASKA","31","","","","","","","00000000","","SOYBEANS","SOYBEANS - PRICE RECEIVED, MEASURED IN $ / BU","TOTAL","NOT SPECIFIED","2.2",""
"SURVEY","1953","DEC","","STATE","NEBRASKA","31","","","","","","","00000000","","SOYBEANS","SOYBEANS - PRICE RECEIVED, MEASURED IN $ / BU","TOTAL","NOT SPECIFIED","2.63",""
"SURVEY","1953","FEB","","STATE","NEBRASKA","31","","","","","","","00000000","","SOYBEANS","SOYBEANS - PRICE RECEIVED, MEASURED IN $ / BU","TOTAL","NOT SPECIFIED","2.45",""
"SURVEY","1953","JAN","","STATE","NEBRASKA","31","","","","","","","00000000","","SOYBEANS","SOYBEANS - PRICE RECEIVED, MEASURED IN $ / BU","TOTAL","NOT SPECIFIED","2.53",""
"SURVEY","1953","JUL","","STATE","NEBRASKA","31","","","","","","","00000000","","SOYBEANS","SOYBEANS - PRICE RECEIVED, MEASURED IN $ / BU","TOTAL","NOT SPECIFIED","2.27",""
"SURVEY","1953","JUN","","STATE","NEBRASKA","31","","","","","","","00000000","","SOYBEANS","SOYBEANS - PRICE RECEIVED, MEASURED IN $ / BU","TOTAL","NOT SPECIFIED","2.46",""
"SURVEY","1953","MAR","","STATE","NEBRASKA","31","","","","","","","00000000","","SOYBEANS","SOYBEANS - PRICE RECEIVED, MEASURED IN $ / BU","TOTAL","NOT SPECIFIED","2.68",""
"SURVEY","1953","MARKETING YEAR","","STATE","NEBRASKA","31","","","","","","","00000000","","SOYBEANS","SOYBEANS - PRICE RECEIVED, MEASURED IN $ / BU","TOTAL","NOT SPECIFIED","2.57",""
"SURVEY","1953","MAY","","STATE","NEBRASKA","31","","","","","","","00000000","","SOYBEANS","SOYBEANS - PRICE RECEIVED, MEASURED IN $ / BU","TOTAL","NOT SPECIFIED","2.63",""
"SURVEY","1953","NOV","","STATE","NEBRASKA","31","","","","","","","00000000","","SOYBEANS","SOYBEANS - PRICE RECEIVED, MEASURED IN $ / BU","TOTAL","NOT SPECIFIED","2.45",""
"SURVEY","1953","OCT","","STATE","NEBRASKA","31","","","","","","","00000000","","SOYBEANS","SOYBEANS - PRICE RECEIVED, MEASURED IN $ / BU","TOTAL","NOT SPECIFIED","2.34",""
"SURVEY","1953","SEP","","STATE","NEBRASKA","31","","","","","","","00000000","","SOYBEANS","SOYBEANS - PRICE RECEIVED, MEASURED IN $ / BU","TOTAL","NOT SPECIFIED","2.2",""
"SURVEY","1952","APR","","STATE","NEBRASKA","31","","","","","","","00000000","","SOYBEANS","SOYBEANS - PRICE RECEIVED, MEASURED IN $ / BU","TOTAL","NOT SPECIFIED","2.62",""
"SURVEY","1952","AUG","","STATE","NEBRASKA","31","","","","","","","00000000","","SOYBEANS","SOYBEANS - PRICE RECEIVED, MEASURED IN $ / BU","TOTAL","NOT SPECIFIED","2.92",""
"SURVEY","1952","DEC","","STATE","NEBRASKA","31","","","","","","","00000000","","SOYBEANS","SOYBEANS - PRICE RECEIVED, MEASURED IN $ / BU","TOTAL","NOT SPECIFIED","2.65",""
"SURVEY","1952","FEB","","STATE","NEBRASKA","31","","","","","","","00000000","","SOYBEANS","SOYBEANS - PRICE RECEIVED, MEASURED IN $ / BU","TOTAL","NOT SPECIFIED","2.71",""
"SURVEY","1952","JAN","","STATE","NEBRASKA","31","","","","","","","00000000","","SOYBEANS","SOYBEANS - PRICE RECEIVED, MEASURED IN $ / BU","TOTAL","NOT SPECIFIED","2.71",""
"SURVEY","1952","JUL","","STATE","NEBRASKA","31","","","","","","","00000000","","SOYBEANS","SOYBEANS - PRICE RECEIVED, MEASURED IN $ / BU","TOTAL","NOT SPECIFIED","2.84",""
"SURVEY","1952","JUN","","STATE","NEBRASKA","31","","","","","","","00000000","","SOYBEANS","SOYBEANS - PRICE RECEIVED, MEASURED IN $ / BU","TOTAL","NOT SPECIFIED","2.87",""
"SURVEY","1952","MAR","","STATE","NEBRASKA","31","","","","","","","00000000","","SOYBEANS","SOYBEANS - PRICE RECEIVED, MEASURED IN $ / BU","TOTAL","NOT SPECIFIED","2.7",""
"SURVEY","1952","MARKETING YEAR","","STATE","NEBRASKA","31","","","","","","","00000000","","SOYBEANS","SOYBEANS - PRICE RECEIVED, MEASURED IN $ / BU","TOTAL","NOT SPECIFIED","2.66",""
"SURVEY","1952","MAY","","STATE","NEBRASKA","31","","","","","","","00000000","","SOYBEANS","SOYBEANS - PRICE RECEIVED, MEASURED IN $ / BU","TOTAL","NOT SPECIFIED","2.67",""
"SURVEY","1952","NOV","","STATE","NEBRASKA","31","","","","","","","00000000","","SOYBEANS","SOYBEANS - PRICE RECEIVED, MEASURED IN $ / BU","TOTAL","NOT SPECIFIED","2.64",""
"SURVEY","1952","OCT","","STATE","NEBRASKA","31","","","","","","","00000000","","SOYBEANS","SOYBEANS - PRICE RECEIVED, MEASURED IN $ / BU","TOTAL","NOT SPECIFIED","2.68",""
"SURVEY","1952","SEP","","STATE","NEBRASKA","31","","","","","","","00000000","","SOYBEANS","SOYBEANS - PRICE RECEIVED, MEASURED IN $ / BU","TOTAL","NOT SPECIFIED","2.8",""
"SURVEY","1951","APR","","STATE","NEBRASKA","31","","","","","","","00000000","","SOYBEANS","SOYBEANS - PRICE RECEIVED, MEASURED IN $ / BU","TOTAL","NOT SPECIFIED","3.13",""
"SURVEY","1951","AUG","","STATE","NEBRASKA","31","","","","","","","00000000","","SOYBEANS","SOYBEANS - PRICE RECEIVED, MEASURED IN $ / BU","TOTAL","NOT SPECIFIED","2.67",""
"SURVEY","1951","DEC","","STATE","NEBRASKA","31","","","","","","","00000000","","SOYBEANS","SOYBEANS - PRICE RECEIVED, MEASURED IN $ / BU","TOTAL","NOT SPECIFIED","2.78",""
"SURVEY","1951","FEB","","STATE","NEBRASKA","31","","","","","","","00000000","","SOYBEANS","SOYBEANS - PRICE RECEIVED, MEASURED IN $ / BU","TOTAL","NOT SPECIFIED","3.04",""
"SURVEY","1951","JAN","","STATE","NEBRASKA","31","","","","","","","00000000","","SOYBEANS","SOYBEANS - PRICE RECEIVED, MEASURED IN $ / BU","TOTAL","NOT SPECIFIED","2.78",""
"SURVEY","1951","JUL","","STATE","NEBRASKA","31","","","","","","","00000000","","SOYBEANS","SOYBEANS - PRICE RECEIVED, MEASURED IN $ / BU","TOTAL","NOT SPECIFIED","2.78",""
"SURVEY","1951","JUN","","STATE","NEBRASKA","31","","","","","","","00000000","","SOYBEANS","SOYBEANS - PRICE RECEIVED, MEASURED IN $ / BU","TOTAL","NOT SPECIFIED","2.92",""
"SURVEY","1951","MAR","","STATE","NEBRASKA","31","","","","","","","00000000","","SOYBEANS","SOYBEANS - PRICE RECEIVED, MEASURED IN $ / BU","TOTAL","NOT SPECIFIED","3.09",""
"SURVEY","1951","MARKETING YEAR","","STATE","NEBRASKA","31","","","","","","","00000000","","SOYBEANS","SOYBEANS - PRICE RECEIVED, MEASURED IN $ / BU","TOTAL","NOT SPECIFIED","2.66",""
"SURVEY","1951","MAY","","STATE","NEBRASKA","31","","","","","","","00000000","","SOYBEANS","SOYBEANS - PRICE RECEIVED, MEASURED IN $ / BU","TOTAL","NOT SPECIFIED","3.13",""
"SURVEY","1951","NOV","","STATE","NEBRASKA","31","","","","","","","00000000","","SOYBEANS","SOYBEANS - PRICE RECEIVED, MEASURED IN $ / BU","TOTAL","NOT SPECIFIED","2.75",""
"SURVEY","1951","OCT","","STATE","NEBRASKA","31","","","","","","","00000000","","SOYBEANS","SOYBEANS - PRICE RECEIVED, MEASURED IN $ / BU","TOTAL","NOT SPECIFIED","2.59",""
"SURVEY","1951","SEP","","STATE","NEBRASKA","31","","","","","","","00000000","","SOYBEANS","SOYBEANS - PRICE RECEIVED, MEASURED IN $ / BU","TOTAL","NOT SPECIFIED","2.7",""
"SURVEY","1950","APR","","STATE","NEBRASKA","31","","","","","","","00000000","","SOYBEANS","SOYBEANS - PRICE RECEIVED, MEASURED IN $ / BU","TOTAL","NOT SPECIFIED","2.48",""
"SURVEY","1950","AUG","","STATE","NEBRASKA","31","","","","","","","00000000","","SOYBEANS","SOYBEANS - PRICE RECEIVED, MEASURED IN $ / BU","TOTAL","NOT SPECIFIED","2.5",""
"SURVEY","1950","DEC","","STATE","NEBRASKA","31","","","","","","","00000000","","SOYBEANS","SOYBEANS - PRICE RECEIVED, MEASURED IN $ / BU","TOTAL","NOT SPECIFIED","2.58",""
"SURVEY","1950","FEB","","STATE","NEBRASKA","31","","","","","","","00000000","","SOYBEANS","SOYBEANS - PRICE RECEIVED, MEASURED IN $ / BU","TOTAL","NOT SPECIFIED","2.09",""
"SURVEY","1950","JAN","","STATE","NEBRASKA","31","","","","","","","00000000","","SOYBEANS","SOYBEANS - PRICE RECEIVED, MEASURED IN $ / BU","TOTAL","NOT SPECIFIED","2.11",""
"SURVEY","1950","JUL","","STATE","NEBRASKA","31","","","","","","","00000000","","SOYBEANS","SOYBEANS - PRICE RECEIVED, MEASURED IN $ / BU","TOTAL","NOT SPECIFIED","2.7",""
"SURVEY","1950","JUN","","STATE","NEBRASKA","31","","","","","","","00000000","","SOYBEANS","SOYBEANS - PRICE RECEIVED, MEASURED IN $ / BU","TOTAL","NOT SPECIFIED","2.65",""
"SURVEY","1950","MAR","","STATE","NEBRASKA","31","","","","","","","00000000","","SOYBEANS","SOYBEANS - PRICE RECEIVED, MEASURED IN $ / BU","TOTAL","NOT SPECIFIED","2.24",""
"SURVEY","1950","MARKETING YEAR","","STATE","NEBRASKA","31","","","","","","","00000000","","SOYBEANS","SOYBEANS - PRICE RECEIVED, MEASURED IN $ / BU","TOTAL","NOT SPECIFIED","2.4",""
"SURVEY","1950","MAY","","STATE","NEBRASKA","31","","","","","","","00000000","","SOYBEANS","SOYBEANS - PRICE RECEIVED, MEASURED IN $ / BU","TOTAL","NOT SPECIFIED","2.6",""
"SURVEY","1950","NOV","","STATE","NEBRASKA","31","","","","","","","00000000","","SOYBEANS","SOYBEANS - PRICE RECEIVED, MEASURED IN $ / BU","TOTAL","NOT SPECIFIED","2.42",""
"SURVEY","1950","OCT","","STATE","NEBRASKA","31","","","","","","","00000000","","SOYBEANS","SOYBEANS - PRICE RECEIVED, MEASURED IN $ / BU","TOTAL","NOT SPECIFIED","2",""
"SURVEY","1950","SEP","","STATE","NEBRASKA","31","","","","","","","00000000","","SOYBEANS","SOYBEANS - PRICE RECEIVED, MEASURED IN $ / BU","TOTAL","NOT SPECIFIED","2.33",""
"SURVEY","1949","APR","","STATE","NEBRASKA","31","","","","","","","00000000","","SOYBEANS","SOYBEANS - PRICE RECEIVED, MEASURED IN $ / BU","TOTAL","NOT SPECIFIED","2.05",""
"SURVEY","1949","AUG","","STATE","NEBRASKA","31","","","","","","","00000000","","SOYBEANS","SOYBEANS - PRICE RECEIVED, MEASURED IN $ / BU","TOTAL","NOT SPECIFIED","2.4",""
"SURVEY","1949","DEC","","STATE","NEBRASKA","31","","","","","","","00000000","","SOYBEANS","SOYBEANS - PRICE RECEIVED, MEASURED IN $ / BU","TOTAL","NOT SPECIFIED","2.07",""
"SURVEY","1949","FEB","","STATE","NEBRASKA","31","","","","","","","00000000","","SOYBEANS","SOYBEANS - PRICE RECEIVED, MEASURED IN $ / BU","TOTAL","NOT SPECIFIED","2.06",""
"SURVEY","1949","JAN","","STATE","NEBRASKA","31","","","","","","","00000000","","SOYBEANS","SOYBEANS - PRICE RECEIVED, MEASURED IN $ / BU","TOTAL","NOT SPECIFIED","2.24",""
"SURVEY","1949","JUL","","STATE","NEBRASKA","31","","","","","","","00000000","","SOYBEANS","SOYBEANS - PRICE RECEIVED, MEASURED IN $ / BU","TOTAL","NOT SPECIFIED","2.25",""
"SURVEY","1949","JUN","","STATE","NEBRASKA","31","","","","","","","00000000","","SOYBEANS","SOYBEANS - PRICE RECEIVED, MEASURED IN $ / BU","TOTAL","NOT SPECIFIED","2.1",""
"SURVEY","1949","MAR","","STATE","NEBRASKA","31","","","","","","","00000000","","SOYBEANS","SOYBEANS - PRICE RECEIVED, MEASURED IN $ / BU","TOTAL","NOT SPECIFIED","2.11",""
"SURVEY","1949","MARKETING YEAR","","STATE","NEBRASKA","31","","","","","","","00000000","","SOYBEANS","SOYBEANS - PRICE RECEIVED, MEASURED IN $ / BU","TOTAL","NOT SPECIFIED","2.16",""
"SURVEY","1949","MAY","","STATE","NEBRASKA","31","","","","","","","00000000","","SOYBEANS","SOYBEANS - PRICE RECEIVED, MEASURED IN $ / BU","TOTAL","NOT SPECIFIED","2.15",""
"SURVEY","1949","NOV","","STATE","NEBRASKA","31","","","","","","","00000000","","SOYBEANS","SOYBEANS - PRICE RECEIVED, MEASURED IN $ / BU","TOTAL","NOT SPECIFIED","2.03",""
"SURVEY","1949","OCT","","STATE","NEBRASKA","31","","","","","","","00000000","","SOYBEANS","SOYBEANS - PRICE RECEIVED, MEASURED IN $ / BU","TOTAL","NOT SPECIFIED","2.1",""
"SURVEY","1949","SEP","","STATE","NEBRASKA","31","","","","","","","00000000","","SOYBEANS","SOYBEANS - PRICE RECEIVED, MEASURED IN $ / BU","TOTAL","NOT SPECIFIED","2.15",""
"SURVEY","1948","APR","","STATE","NEBRASKA","31","","","","","","","00000000","","SOYBEANS","SOYBEANS - PRICE RECEIVED, MEASURED IN $ / BU","TOTAL","NOT SPECIFIED","3.65",""
"SURVEY","1948","AUG","","STATE","NEBRASKA","31","","","","","","","00000000","","SOYBEANS","SOYBEANS - PRICE RECEIVED, MEASURED IN $ / BU","TOTAL","NOT SPECIFIED","2.9",""
"SURVEY","1948","DEC","","STATE","NEBRASKA","31","","","","","","","00000000","","SOYBEANS","SOYBEANS - PRICE RECEIVED, MEASURED IN $ / BU","TOTAL","NOT SPECIFIED","2.31",""
"SURVEY","1948","FEB","","STATE","NEBRASKA","31","","","","","","","00000000","","SOYBEANS","SOYBEANS - PRICE RECEIVED, MEASURED IN $ / BU","TOTAL","NOT SPECIFIED","2.85",""
"SURVEY","1948","JAN","","STATE","NEBRASKA","31","","","","","","","00000000","","SOYBEANS","SOYBEANS - PRICE RECEIVED, MEASURED IN $ / BU","TOTAL","NOT SPECIFIED","4.05",""
"SURVEY","1948","JUL","","STATE","NEBRASKA","31","","","","","","","00000000","","SOYBEANS","SOYBEANS - PRICE RECEIVED, MEASURED IN $ / BU","TOTAL","NOT SPECIFIED","3.6",""
"SURVEY","1948","JUN","","STATE","NEBRASKA","31","","","","","","","00000000","","SOYBEANS","SOYBEANS - PRICE RECEIVED, MEASURED IN $ / BU","TOTAL","NOT SPECIFIED","3.75",""
"SURVEY","1948","MAR","","STATE","NEBRASKA","31","","","","","","","00000000","","SOYBEANS","SOYBEANS - PRICE RECEIVED, MEASURED IN $ / BU","TOTAL","NOT SPECIFIED","3.1",""
"SURVEY","1948","MARKETING YEAR","","STATE","NEBRASKA","31","","","","","","","00000000","","SOYBEANS","SOYBEANS - PRICE RECEIVED, MEASURED IN $ / BU","TOTAL","NOT SPECIFIED","2.23",""
"SURVEY","1948","MAY","","STATE","NEBRASKA","31","","","","","","","00000000","","SOYBEANS","SOYBEANS - PRICE RECEIVED, MEASURED IN $ / BU","TOTAL","NOT SPECIFIED","3.65",""
"SURVEY","1948","NOV","","STATE","NEBRASKA","31","","","","","","","00000000","","SOYBEANS","SOYBEANS - PRICE RECEIVED, MEASURED IN $ / BU","TOTAL","NOT SPECIFIED","2.31",""
"SURVEY","1948","OCT","","STATE","NEBRASKA","31","","","","","","","00000000","","SOYBEANS","SOYBEANS - PRICE RECEIVED, MEASURED IN $ / BU","TOTAL","NOT SPECIFIED","2.24",""
"SURVEY","1948","SEP","","STATE","NEBRASKA","31","","","","","","","00000000","","SOYBEANS","SOYBEANS - PRICE RECEIVED, MEASURED IN $ / BU","TOTAL","NOT SPECIFIED","2.55",""
"SURVEY","1947","APR","","STATE","NEBRASKA","31","","","","","","","00000000","","SOYBEANS","SOYBEANS - PRICE RECEIVED, MEASURED IN $ / BU","TOTAL","NOT SPECIFIED","3.5",""
"SURVEY","1947","AUG","","STATE","NEBRASKA","31","","","","","","","00000000","","SOYBEANS","SOYBEANS - PRICE RECEIVED, MEASURED IN $ / BU","TOTAL","NOT SPECIFIED","2.75",""
"SURVEY","1947","DEC","","STATE","NEBRASKA","31","","","","","","","00000000","","SOYBEANS","SOYBEANS - PRICE RECEIVED, MEASURED IN $ / BU","TOTAL","NOT SPECIFIED","3.65",""
"SURVEY","1947","FEB","","STATE","NEBRASKA","31","","","","","","","00000000","","SOYBEANS","SOYBEANS - PRICE RECEIVED, MEASURED IN $ / BU","TOTAL","NOT SPECIFIED","2.95",""
"SURVEY","1947","JAN","","STATE","NEBRASKA","31","","","","","","","00000000","","SOYBEANS","SOYBEANS - PRICE RECEIVED, MEASURED IN $ / BU","TOTAL","NOT SPECIFIED","2.85",""
"SURVEY","1947","JUL","","STATE","NEBRASKA","31","","","","","","","00000000","","SOYBEANS","SOYBEANS - PRICE RECEIVED, MEASURED IN $ / BU","TOTAL","NOT SPECIFIED","2.75",""
"SURVEY","1947","JUN","","STATE","NEBRASKA","31","","","","","","","00000000","","SOYBEANS","SOYBEANS - PRICE RECEIVED, MEASURED IN $ / BU","TOTAL","NOT SPECIFIED","2.8",""
"SURVEY","1947","MAR","","STATE","NEBRASKA","31","","","","","","","00000000","","SOYBEANS","SOYBEANS - PRICE RECEIVED, MEASURED IN $ / BU","TOTAL","NOT SPECIFIED","3.45",""
"SURVEY","1947","MARKETING YEAR","","STATE","NEBRASKA","31","","","","","","","00000000","","SOYBEANS","SOYBEANS - PRICE RECEIVED, MEASURED IN $ / BU","TOTAL","NOT SPECIFIED","3.36",""
"SURVEY","1947","MAY","","STATE","NEBRASKA","31","","","","","","","00000000","","SOYBEANS","SOYBEANS - PRICE RECEIVED, MEASURED IN $ / BU","TOTAL","NOT SPECIFIED","3",""
"SURVEY","1947","NOV","","STATE","NEBRASKA","31","","","","","","","00000000","","SOYBEANS","SOYBEANS - PRICE RECEIVED, MEASURED IN $ / BU","TOTAL","NOT SPECIFIED","3.35",""
"SURVEY","1947","OCT","","STATE","NEBRASKA","31","","","","","","","00000000","","SOYBEANS","SOYBEANS - PRICE RECEIVED, MEASURED IN $ / BU","TOTAL","NOT SPECIFIED","3.05",""
"SURVEY","1947","SEP","","STATE","NEBRASKA","31","","","","","","","00000000","","SOYBEANS","SOYBEANS - PRICE RECEIVED, MEASURED IN $ / BU","TOTAL","NOT SPECIFIED","2.8",""
"SURVEY","1946","APR","","STATE","NEBRASKA","31","","","","","","","00000000","","SOYBEANS","SOYBEANS - PRICE RECEIVED, MEASURED IN $ / BU","TOTAL","NOT SPECIFIED","2.1",""
"SURVEY","1946","AUG","","STATE","NEBRASKA","31","","","","","","","00000000","","SOYBEANS","SOYBEANS - PRICE RECEIVED, MEASURED IN $ / BU","TOTAL","NOT SPECIFIED","2.2",""
"SURVEY","1946","DEC","","STATE","NEBRASKA","31","","","","","","","00000000","","SOYBEANS","SOYBEANS - PRICE RECEIVED, MEASURED IN $ / BU","TOTAL","NOT SPECIFIED","2.85",""
"SURVEY","1946","FEB","","STATE","NEBRASKA","31","","","","","","","00000000","","SOYBEANS","SOYBEANS - PRICE RECEIVED, MEASURED IN $ / BU","TOTAL","NOT SPECIFIED","2.05",""
"SURVEY","1946","JAN","","STATE","NEBRASKA","31","","","","","","","00000000","","SOYBEANS","SOYBEANS - PRICE RECEIVED, MEASURED IN $ / BU","TOTAL","NOT SPECIFIED","2.05",""
"SURVEY","1946","JUL","","STATE","NEBRASKA","31","","","","","","","00000000","","SOYBEANS","SOYBEANS - PRICE RECEIVED, MEASURED IN $ / BU","TOTAL","NOT SPECIFIED","2.2",""
"SURVEY","1946","JUN","","STATE","NEBRASKA","31","","","","","","","00000000","","SOYBEANS","SOYBEANS - PRICE RECEIVED, MEASURED IN $ / BU","TOTAL","NOT SPECIFIED","2.1",""
"SURVEY","1946","MAR","","STATE","NEBRASKA","31","","","","","","","00000000","","SOYBEANS","SOYBEANS - PRICE RECEIVED, MEASURED IN $ / BU","TOTAL","NOT SPECIFIED","2.05",""
"SURVEY","1946","MARKETING YEAR","","STATE","NEBRASKA","31","","","","","","","00000000","","SOYBEANS","SOYBEANS - PRICE RECEIVED, MEASURED IN $ / BU","TOTAL","NOT SPECIFIED","2.55",""
"SURVEY","1946","MAY","","STATE","NEBRASKA","31","","","","","","","00000000","","SOYBEANS","SOYBEANS - PRICE RECEIVED, MEASURED IN $ / BU","TOTAL","NOT SPECIFIED","2.1",""
"SURVEY","1946","NOV","","STATE","NEBRASKA","31","","","","","","","00000000","","SOYBEANS","SOYBEANS - PRICE RECEIVED, MEASURED IN $ / BU","TOTAL","NOT SPECIFIED","3",""
"SURVEY","1946","OCT","","STATE","NEBRASKA","31","","","","","","","00000000","","SOYBEANS","SOYBEANS - PRICE RECEIVED, MEASURED IN $ / BU","TOTAL","NOT SPECIFIED","2.25",""
"SURVEY","1946","SEP","","STATE","NEBRASKA","31","","","","","","","00000000","","SOYBEANS","SOYBEANS - PRICE RECEIVED, MEASURED IN $ / BU","TOTAL","NOT SPECIFIED","2.1",""
"SURVEY","1945","APR","","STATE","NEBRASKA","31","","","","","","","00000000","","SOYBEANS","SOYBEANS - PRICE RECEIVED, MEASURED IN $ / BU","TOTAL","NOT SPECIFIED","2.05",""
"SURVEY","1945","AUG","","STATE","NEBRASKA","31","","","","","","","00000000","","SOYBEANS","SOYBEANS - PRICE RECEIVED, MEASURED IN $ / BU","TOTAL","NOT SPECIFIED","2.05",""
"SURVEY","1945","DEC","","STATE","NEBRASKA","31","","","","","","","00000000","","SOYBEANS","SOYBEANS - PRICE RECEIVED, MEASURED IN $ / BU","TOTAL","NOT SPECIFIED","2.05",""
"SURVEY","1945","FEB","","STATE","NEBRASKA","31","","","","","","","00000000","","SOYBEANS","SOYBEANS - PRICE RECEIVED, MEASURED IN $ / BU","TOTAL","NOT SPECIFIED","2",""
"SURVEY","1945","JAN","","STATE","NEBRASKA","31","","","","","","","00000000","","SOYBEANS","SOYBEANS - PRICE RECEIVED, MEASURED IN $ / BU","TOTAL","NOT SPECIFIED","1.9",""
"SURVEY","1945","JUL","","STATE","NEBRASKA","31","","","","","","","00000000","","SOYBEANS","SOYBEANS - PRICE RECEIVED, MEASURED IN $ / BU","TOTAL","NOT SPECIFIED","2.05",""
"SURVEY","1945","JUN","","STATE","NEBRASKA","31","","","","","","","00000000","","SOYBEANS","SOYBEANS - PRICE RECEIVED, MEASURED IN $ / BU","TOTAL","NOT SPECIFIED","2.05",""
"SURVEY","1945","MAR","","STATE","NEBRASKA","31","","","","","","","00000000","","SOYBEANS","SOYBEANS - PRICE RECEIVED, MEASURED IN $ / BU","TOTAL","NOT SPECIFIED","2.05",""
"SURVEY","1945","MARKETING YEAR","","STATE","NEBRASKA","31","","","","","","","00000000","","SOYBEANS","SOYBEANS - PRICE RECEIVED, MEASURED IN $ / BU","TOTAL","NOT SPECIFIED","2.05",""
"SURVEY","1945","MAY","","STATE","NEBRASKA","31","","","","","","","00000000","","SOYBEANS","SOYBEANS - PRICE RECEIVED, MEASURED IN $ / BU","TOTAL","NOT SPECIFIED","2.05",""
"SURVEY","1945","NOV","","STATE","NEBRASKA","31","","","","","","","00000000","","SOYBEANS","SOYBEANS - PRICE RECEIVED, MEASURED IN $ / BU","TOTAL","NOT SPECIFIED","2.05",""
"SURVEY","1945","OCT","","STATE","NEBRASKA","31","","","","","","","00000000","","SOYBEANS","SOYBEANS - PRICE RECEIVED, MEASURED IN $ / BU","TOTAL","NOT SPECIFIED","2.05",""
"SURVEY","1945","SEP","","STATE","NEBRASKA","31","","","","","","","00000000","","SOYBEANS","SOYBEANS - PRICE RECEIVED, MEASURED IN $ / BU","TOTAL","NOT SPECIFIED","2.05",""
"SURVEY","1944","APR","","STATE","NEBRASKA","31","","","","","","","00000000","","SOYBEANS","SOYBEANS - PRICE RECEIVED, MEASURED IN $ / BU","TOTAL","NOT SPECIFIED","1.9",""
"SURVEY","1944","AUG","","STATE","NEBRASKA","31","","","","","","","00000000","","SOYBEANS","SOYBEANS - PRICE RECEIVED, MEASURED IN $ / BU","TOTAL","NOT SPECIFIED","1.9",""
"SURVEY","1944","DEC","","STATE","NEBRASKA","31","","","","","","","00000000","","SOYBEANS","SOYBEANS - PRICE RECEIVED, MEASURED IN $ / BU","TOTAL","NOT SPECIFIED","1.9",""
"SURVEY","1944","FEB","","STATE","NEBRASKA","31","","","","","","","00000000","","SOYBEANS","SOYBEANS - PRICE RECEIVED, MEASURED IN $ / BU","TOTAL","NOT SPECIFIED","1.8",""
"SURVEY","1944","JAN","","STATE","NEBRASKA","31","","","","","","","00000000","","SOYBEANS","SOYBEANS - PRICE RECEIVED, MEASURED IN $ / BU","TOTAL","NOT SPECIFIED","1.8",""
"SURVEY","1944","JUL","","STATE","NEBRASKA","31","","","","","","","00000000","","SOYBEANS","SOYBEANS - PRICE RECEIVED, MEASURED IN $ / BU","TOTAL","NOT SPECIFIED","1.9",""
"SURVEY","1944","JUN","","STATE","NEBRASKA","31","","","","","","","00000000","","SOYBEANS","SOYBEANS - PRICE RECEIVED, MEASURED IN $ / BU","TOTAL","NOT SPECIFIED","1.9",""
"SURVEY","1944","MAR","","STATE","NEBRASKA","31","","","","","","","00000000","","SOYBEANS","SOYBEANS - PRICE RECEIVED, MEASURED IN $ / BU","TOTAL","NOT SPECIFIED","1.8",""
"SURVEY","1944","MARKETING YEAR","","STATE","NEBRASKA","31","","","","","","","00000000","","SOYBEANS","SOYBEANS - PRICE RECEIVED, MEASURED IN $ / BU","TOTAL","NOT SPECIFIED","1.92",""
"SURVEY","1944","MAY","","STATE","NEBRASKA","31","","","","","","","00000000","","SOYBEANS","SOYBEANS - PRICE RECEIVED, MEASURED IN $ / BU","TOTAL","NOT SPECIFIED","1.9",""
"SURVEY","1944","NOV","","STATE","NEBRASKA","31","","","","","","","00000000","","SOYBEANS","SOYBEANS - PRICE RECEIVED, MEASURED IN $ / BU","TOTAL","NOT SPECIFIED","1.95",""
"SURVEY","1944","OCT","","STATE","NEBRASKA","31","","","","","","","00000000","","SOYBEANS","SOYBEANS - PRICE RECEIVED, MEASURED IN $ / BU","TOTAL","NOT SPECIFIED","1.9",""
"SURVEY","1944","SEP","","STATE","NEBRASKA","31","","","","","","","00000000","","SOYBEANS","SOYBEANS - PRICE RECEIVED, MEASURED IN $ / BU","TOTAL","NOT SPECIFIED","1.9",""
"SURVEY","1943","APR","","STATE","NEBRASKA","31","","","","","","","00000000","","SOYBEANS","SOYBEANS - PRICE RECEIVED, MEASURED IN $ / BU","TOTAL","NOT SPECIFIED","1.6",""
"SURVEY","1943","AUG","","STATE","NEBRASKA","31","","","","","","","00000000","","SOYBEANS","SOYBEANS - PRICE RECEIVED, MEASURED IN $ / BU","TOTAL","NOT SPECIFIED","1.8",""
"SURVEY","1943","DEC","","STATE","NEBRASKA","31","","","","","","","00000000","","SOYBEANS","SOYBEANS - PRICE RECEIVED, MEASURED IN $ / BU","TOTAL","NOT SPECIFIED","1.8",""
"SURVEY","1943","FEB","","STATE","NEBRASKA","31","","","","","","","00000000","","SOYBEANS","SOYBEANS - PRICE RECEIVED, MEASURED IN $ / BU","TOTAL","NOT SPECIFIED","1.6",""
"SURVEY","1943","JAN","","STATE","NEBRASKA","31","","","","","","","00000000","","SOYBEANS","SOYBEANS - PRICE RECEIVED, MEASURED IN $ / BU","TOTAL","NOT SPECIFIED","1.55",""
"SURVEY","1943","JUL","","STATE","NEBRASKA","31","","","","","","","00000000","","SOYBEANS","SOYBEANS - PRICE RECEIVED, MEASURED IN $ / BU","TOTAL","NOT SPECIFIED","1.8",""
"SURVEY","1943","JUN","","STATE","NEBRASKA","31","","","","","","","00000000","","SOYBEANS","SOYBEANS - PRICE RECEIVED, MEASURED IN $ / BU","TOTAL","NOT SPECIFIED","1.9",""
"SURVEY","1943","MAR","","STATE","NEBRASKA","31","","","","","","","00000000","","SOYBEANS","SOYBEANS - PRICE RECEIVED, MEASURED IN $ / BU","TOTAL","NOT SPECIFIED","1.6",""
"SURVEY","1943","MARKETING YEAR","","STATE","NEBRASKA","31","","","","","","","00000000","","SOYBEANS","SOYBEANS - PRICE RECEIVED, MEASURED IN $ / BU","TOTAL","NOT SPECIFIED","1.81",""
"SURVEY","1943","MAY","","STATE","NEBRASKA","31","","","","","","","00000000","","SOYBEANS","SOYBEANS - PRICE RECEIVED, MEASURED IN $ / BU","TOTAL","NOT SPECIFIED","1.9",""
"SURVEY","1943","NOV","","STATE","NEBRASKA","31","","","","","","","00000000","","SOYBEANS","SOYBEANS - PRICE RECEIVED, MEASURED IN $ / BU","TOTAL","NOT SPECIFIED","1.8",""
"SURVEY","1943","OCT","","STATE","NEBRASKA","31","","","","","","","00000000","","SOYBEANS","SOYBEANS - PRICE RECEIVED, MEASURED IN $ / BU","TOTAL","NOT SPECIFIED","1.8",""
"SURVEY","1943","SEP","","STATE","NEBRASKA","31","","","","","","","00000000","","SOYBEANS","SOYBEANS - PRICE RECEIVED, MEASURED IN $ / BU","TOTAL","NOT SPECIFIED","1.8",""
"SURVEY","1942","APR","","STATE","NEBRASKA","31","","","","","","","00000000","","SOYBEANS","SOYBEANS - PRICE RECEIVED, MEASURED IN $ / BU","TOTAL","NOT SPECIFIED","1.75",""
"SURVEY","1942","AUG","","STATE","NEBRASKA","31","","","","","","","00000000","","SOYBEANS","SOYBEANS - PRICE RECEIVED, MEASURED IN $ / BU","TOTAL","NOT SPECIFIED","1.65",""
"SURVEY","1942","DEC","","STATE","NEBRASKA","31","","","","","","","00000000","","SOYBEANS","SOYBEANS - PRICE RECEIVED, MEASURED IN $ / BU","TOTAL","NOT SPECIFIED","1.5",""
"SURVEY","1942","FEB","","STATE","NEBRASKA","31","","","","","","","00000000","","SOYBEANS","SOYBEANS - PRICE RECEIVED, MEASURED IN $ / BU","TOTAL","NOT SPECIFIED","1.55",""
"SURVEY","1942","JAN","","STATE","NEBRASKA","31","","","","","","","00000000","","SOYBEANS","SOYBEANS - PRICE RECEIVED, MEASURED IN $ / BU","TOTAL","NOT SPECIFIED","1.5",""
"SURVEY","1942","JUL","","STATE","NEBRASKA","31","","","","","","","00000000","","SOYBEANS","SOYBEANS - PRICE RECEIVED, MEASURED IN $ / BU","TOTAL","NOT SPECIFIED","1.65",""
"SURVEY","1942","JUN","","STATE","NEBRASKA","31","","","","","","","00000000","","SOYBEANS","SOYBEANS - PRICE RECEIVED, MEASURED IN $ / BU","TOTAL","NOT SPECIFIED","1.65",""
"SURVEY","1942","MAR","","STATE","NEBRASKA","31","","","","","","","00000000","","SOYBEANS","SOYBEANS - PRICE RECEIVED, MEASURED IN $ / BU","TOTAL","NOT SPECIFIED","1.6",""
"SURVEY","1942","MARKETING YEAR","","STATE","NEBRASKA","31","","","","","","","00000000","","SOYBEANS","SOYBEANS - PRICE RECEIVED, MEASURED IN $ / BU","TOTAL","NOT SPECIFIED","1.59",""
"SURVEY","1942","MAY","","STATE","NEBRASKA","31","","","","","","","00000000","","SOYBEANS","SOYBEANS - PRICE RECEIVED, MEASURED IN $ / BU","TOTAL","NOT SPECIFIED","1.75",""
"SURVEY","1942","NOV","","STATE","NEBRASKA","31","","","","","","","00000000","","SOYBEANS","SOYBEANS - PRICE RECEIVED, MEASURED IN $ / BU","TOTAL","NOT SPECIFIED","1.5",""
"SURVEY","1942","OCT","","STATE","NEBRASKA","31","","","","","","","00000000","","SOYBEANS","SOYBEANS - PRICE RECEIVED, MEASURED IN $ / BU","TOTAL","NOT SPECIFIED","1.5",""
"SURVEY","1942","SEP","","STATE","NEBRASKA","31","","","","","","","00000000","","SOYBEANS","SOYBEANS - PRICE RECEIVED, MEASURED IN $ / BU","TOTAL","NOT SPECIFIED","1.6",""
"SURVEY","1941","APR","","STATE","NEBRASKA","31","","","","","","","00000000","","SOYBEANS","SOYBEANS - PRICE RECEIVED, MEASURED IN $ / BU","TOTAL","NOT SPECIFIED","1.1",""
"SURVEY","1941","AUG","","STATE","NEBRASKA","31","","","","","","","00000000","","SOYBEANS","SOYBEANS - PRICE RECEIVED, MEASURED IN $ / BU","TOTAL","NOT SPECIFIED","1.35",""
"SURVEY","1941","DEC","","STATE","NEBRASKA","31","","","","","","","00000000","","SOYBEANS","SOYBEANS - PRICE RECEIVED, MEASURED IN $ / BU","TOTAL","NOT SPECIFIED","1.35",""
"SURVEY","1941","FEB","","STATE","NEBRASKA","31","","","","","","","00000000","","SOYBEANS","SOYBEANS - PRICE RECEIVED, MEASURED IN $ / BU","TOTAL","NOT SPECIFIED","0.8",""
"SURVEY","1941","JAN","","STATE","NEBRASKA","31","","","","","","","00000000","","SOYBEANS","SOYBEANS - PRICE RECEIVED, MEASURED IN $ / BU","TOTAL","NOT SPECIFIED","0.8",""
"SURVEY","1941","JUL","","STATE","NEBRASKA","31","","","","","","","00000000","","SOYBEANS","SOYBEANS - PRICE RECEIVED, MEASURED IN $ / BU","TOTAL","NOT SPECIFIED","1.3",""
"SURVEY","1941","JUN","","STATE","NEBRASKA","31","","","","","","","00000000","","SOYBEANS","SOYBEANS - PRICE RECEIVED, MEASURED IN $ / BU","TOTAL","NOT SPECIFIED","1.2",""
"SURVEY","1941","MAR","","STATE","NEBRASKA","31","","","","","","","00000000","","SOYBEANS","SOYBEANS - PRICE RECEIVED, MEASURED IN $ / BU","TOTAL","NOT SPECIFIED","0.8",""
"SURVEY","1941","MARKETING YEAR","","STATE","NEBRASKA","31","","","","","","","00000000","","SOYBEANS","SOYBEANS - PRICE RECEIVED, MEASURED IN $ / BU","TOTAL","NOT SPECIFIED","1.51",""
"SURVEY","1941","MAY","","STATE","NEBRASKA","31","","","","","","","00000000","","SOYBEANS","SOYBEANS - PRICE RECEIVED, MEASURED IN $ / BU","TOTAL","NOT SPECIFIED","1.2",""
"SURVEY","1941","NOV","","STATE","NEBRASKA","31","","","","","","","00000000","","SOYBEANS","SOYBEANS - PRICE RECEIVED, MEASURED IN $ / BU","TOTAL","NOT SPECIFIED","1.35",""
"SURVEY","1941","OCT","","STATE","NEBRASKA","31","","","","","","","00000000","","SOYBEANS","SOYBEANS - PRICE RECEIVED, MEASURED IN $ / BU","TOTAL","NOT SPECIFIED","1.45",""
"SURVEY","1941","SEP","","STATE","NEBRASKA","31","","","","","","","00000000","","SOYBEANS","SOYBEANS - PRICE RECEIVED, MEASURED IN $ / BU","TOTAL","NOT SPECIFIED","1.6",""
"SURVEY","1940","APR","","STATE","NEBRASKA","31","","","","","","","00000000","","SOYBEANS","SOYBEANS - PRICE RECEIVED, MEASURED IN $ / BU","TOTAL","NOT SPECIFIED","1.2",""
"SURVEY","1940","AUG","","STATE","NEBRASKA","31","","","","","","","00000000","","SOYBEANS","SOYBEANS - PRICE RECEIVED, MEASURED IN $ / BU","TOTAL","NOT SPECIFIED","1.25",""
"SURVEY","1940","DEC","","STATE","NEBRASKA","31","","","","","","","00000000","","SOYBEANS","SOYBEANS - PRICE RECEIVED, MEASURED IN $ / BU","TOTAL","NOT SPECIFIED","0.75",""
"SURVEY","1940","FEB","","STATE","NEBRASKA","31","","","","","","","00000000","","SOYBEANS","SOYBEANS - PRICE RECEIVED, MEASURED IN $ / BU","TOTAL","NOT SPECIFIED","1.05",""
"SURVEY","1940","JAN","","STATE","NEBRASKA","31","","","","","","","00000000","","SOYBEANS","SOYBEANS - PRICE RECEIVED, MEASURED IN $ / BU","TOTAL","NOT SPECIFIED","1",""
"SURVEY","1940","JUL","","STATE","NEBRASKA","31","","","","","","","00000000","","SOYBEANS","SOYBEANS - PRICE RECEIVED, MEASURED IN $ / BU","TOTAL","NOT SPECIFIED","1.25",""
"SURVEY","1940","JUN","","STATE","NEBRASKA","31","","","","","","","00000000","","SOYBEANS","SOYBEANS - PRICE RECEIVED, MEASURED IN $ / BU","TOTAL","NOT SPECIFIED","1.25",""
"SURVEY","1940","MAR","","STATE","NEBRASKA","31","","","","","","","00000000","","SOYBEANS","SOYBEANS - PRICE RECEIVED, MEASURED IN $ / BU","TOTAL","NOT SPECIFIED","1.2",""
"SURVEY","1940","MARKETING YEAR","","STATE","NEBRASKA","31","","","","","","","00000000","","SOYBEANS","SOYBEANS - PRICE RECEIVED, MEASURED IN $ / BU","TOTAL","NOT SPECIFIED","0.92",""
"SURVEY","1940","MAY","","STATE","NEBRASKA","31","","","","","","","00000000","","SOYBEANS","SOYBEANS - PRICE RECEIVED, MEASURED IN $ / BU","TOTAL","NOT SPECIFIED","1.25",""
"SURVEY","1940","NOV","","STATE","NEBRASKA","31","","","","","","","00000000","","SOYBEANS","SOYBEANS - PRICE RECEIVED, MEASURED IN $ / BU","TOTAL","NOT SPECIFIED","0.7",""
"SURVEY","1940","OCT","","STATE","NEBRASKA","31","","","","","","","00000000","","SOYBEANS","SOYBEANS - PRICE RECEIVED, MEASURED IN $ / BU","TOTAL","NOT SPECIFIED","0.65",""
"SURVEY","1940","SEP","","STATE","NEBRASKA","31","","","","","","","00000000","","SOYBEANS","SOYBEANS - PRICE RECEIVED, MEASURED IN $ / BU","TOTAL","NOT SPECIFIED","0.8",""
"SURVEY","1939","APR","","STATE","NEBRASKA","31","","","","","","","00000000","","SOYBEANS","SOYBEANS - PRICE RECEIVED, MEASURED IN $ / BU","TOTAL","NOT SPECIFIED","1.05",""
"SURVEY","1939","AUG","","STATE","NEBRASKA","31","","","","","","","00000000","","SOYBEANS","SOYBEANS - PRICE RECEIVED, MEASURED IN $ / BU","TOTAL","NOT SPECIFIED","1.1",""
"SURVEY","1939","DEC","","STATE","NEBRASKA","31","","","","","","","00000000","","SOYBEANS","SOYBEANS - PRICE RECEIVED, MEASURED IN $ / BU","TOTAL","NOT SPECIFIED","1",""
"SURVEY","1939","FEB","","STATE","NEBRASKA","31","","","","","","","00000000","","SOYBEANS","SOYBEANS - PRICE RECEIVED, MEASURED IN $ / BU","TOTAL","NOT SPECIFIED","0.9",""
"SURVEY","1939","JAN","","STATE","NEBRASKA","31","","","","","","","00000000","","SOYBEANS","SOYBEANS - PRICE RECEIVED, MEASURED IN $ / BU","TOTAL","NOT SPECIFIED","0.85",""
"SURVEY","1939","JUL","","STATE","NEBRASKA","31","","","","","","","00000000","","SOYBEANS","SOYBEANS - PRICE RECEIVED, MEASURED IN $ / BU","TOTAL","NOT SPECIFIED","1.15",""
"SURVEY","1939","JUN","","STATE","NEBRASKA","31","","","","","","","00000000","","SOYBEANS","SOYBEANS - PRICE RECEIVED, MEASURED IN $ / BU","TOTAL","NOT SPECIFIED","1.2",""
"SURVEY","1939","MAR","","STATE","NEBRASKA","31","","","","","","","00000000","","SOYBEANS","SOYBEANS - PRICE RECEIVED, MEASURED IN $ / BU","TOTAL","NOT SPECIFIED","0.95",""
"SURVEY","1939","MARKETING YEAR","","STATE","NEBRASKA","31","","","","","","","00000000","","SOYBEANS","SOYBEANS - PRICE RECEIVED, MEASURED IN $ / BU","TOTAL","NOT SPECIFIED","0.99",""
"SURVEY","1939","MAY","","STATE","NEBRASKA","31","","","","","","","00000000","","SOYBEANS","SOYBEANS - PRICE RECEIVED, MEASURED IN $ / BU","TOTAL","NOT SPECIFIED","1.1",""
"SURVEY","1939","NOV","","STATE","NEBRASKA","31","","","","","","","00000000","","SOYBEANS","SOYBEANS - PRICE RECEIVED, MEASURED IN $ / BU","TOTAL","NOT SPECIFIED","0.8",""
"SURVEY","1939","OCT","","STATE","NEBRASKA","31","","","","","","","00000000","","SOYBEANS","SOYBEANS - PRICE RECEIVED, MEASURED IN $ / BU","TOTAL","NOT SPECIFIED","0.75",""
"SURVEY","1939","SEP","","STATE","NEBRASKA","31","","","","","","","00000000","","SOYBEANS","SOYBEANS - PRICE RECEIVED, MEASURED IN $ / BU","TOTAL","NOT SPECIFIED","1.25",""
"SURVEY","1938","AUG","","STATE","NEBRASKA","31","","","","","","","00000000","","SOYBEANS","SOYBEANS - PRICE RECEIVED, MEASURED IN $ / BU","TOTAL","NOT SPECIFIED","1.1",""
"SURVEY","1938","DEC","","STATE","NEBRASKA","31","","","","","","","00000000","","SOYBEANS","SOYBEANS - PRICE RECEIVED, MEASURED IN $ / BU","TOTAL","NOT SPECIFIED","0.8",""
"SURVEY","1938","MARKETING YEAR","","STATE","NEBRASKA","31","","","","","","","00000000","","SOYBEANS","SOYBEANS - PRICE RECEIVED, MEASURED IN $ / BU","TOTAL","NOT SPECIFIED","0.93",""
"SURVEY","1938","NOV","","STATE","NEBRASKA","31","","","","","","","00000000","","SOYBEANS","SOYBEANS - PRICE RECEIVED, MEASURED IN $ / BU","TOTAL","NOT SPECIFIED","0.8",""
"SURVEY","1938","OCT","","STATE","NEBRASKA","31","","","","","","","00000000","","SOYBEANS","SOYBEANS - PRICE RECEIVED, MEASURED IN $ / BU","TOTAL","NOT SPECIFIED","0.85",""
"SURVEY","1938","SEP","","STATE","NEBRASKA","31","","","","","","","00000000","","SOYBEANS","SOYBEANS - PRICE RECEIVED, MEASURED IN $ / BU","TOTAL","NOT SPECIFIED","1.1",""
